failed_logins,event_risk_weight,is_privilege_escalation,is_powershell,is_lateral_movement,is_data_exfiltration,is_abnormal_process,is_usb_insertion,is_ssh_attempt,off_hours,high_volume,sensitive_resource,impossible_travel,anonymous_network,high_risk_geo,vpn_network,device_trust,location_risk,label
0,0.85,1,0,0,0,0,0,0,0,0,1,0,0,0,1,57.76347286911704,15.0,malicious
1,0.25,0,0,0,0,0,0,1,0,1,0,0,0,0,0,75.8288454671527,0.0,malicious
1,0.9,0,0,1,0,0,0,0,0,1,1,0,0,0,0,58.23472726102547,0.0,malicious
0,0.05,0,0,0,0,0,0,0,0,0,0,0,0,0,0,76.01388351253567,0.0,normal
0,0.08,0,0,0,0,0,0,0,0,0,0,1,0,0,0,80.16394540371239,70.0,normal
0,0.1,0,0,0,0,0,0,0,0,0,0,0,0,0,0,92.53471895751426,0.0,normal
0,0.05,0,0,0,0,0,0,0,0,0,0,0,1,0,0,92.28582424881321,60.0,normal
1,0.45,0,0,0,0,0,1,0,0,1,1,0,0,0,1,84.14992942473225,15.0,malicious
2,0.35,0,0,0,0,0,0,0,0,0,1,0,0,0,0,63.46204935152733,0.0,malicious
1,0.45,0,0,0,0,0,1,0,1,1,0,0,0,0,0,76.87020053163846,0.0,malicious
1,0.85,1,0,0,0,0,0,0,0,0,0,0,0,1,0,78.02133495097495,30.0,malicious
0,0.05,0,0,0,0,0,0,0,0,0,0,0,0,1,0,71.81305102550951,30.0,normal
0,0.05,0,0,0,0,0,0,0,0,0,0,0,0,0,0,76.6548384112823,0.0,normal
1,0.55,0,0,0,0,1,0,0,0,1,0,0,0,0,0,79.7928741322767,0.0,malicious
0,0.08,0,0,0,0,0,0,0,0,0,0,0,0,0,0,82.12034522810292,0.0,normal
0,0.25,0,0,0,0,0,0,1,1,0,0,0,0,0,0,87.42991367523051,0.0,normal
1,0.85,1,0,0,0,0,0,0,1,0,1,0,0,0,0,65.84576944060879,0.0,malicious
1,0.1,0,0,0,0,0,0,0,0,0,0,0,0,1,0,85.08701888282094,30.0,normal
0,0.05,0,0,0,0,0,0,0,0,0,0,0,0,0,1,78.18996679999705,15.0,normal
2,0.1,0,0,0,0,0,0,0,0,1,0,0,0,0,0,100.0,0.0,suspicious
1,0.25,0,0,0,0,0,0,1,0,1,1,0,0,0,0,71.25102705768523,0.0,malicious
0,0.08,0,0,0,0,0,0,0,0,0,0,0,0,0,0,100.0,0.0,normal
0,0.1,0,0,0,0,0,0,0,0,1,0,0,0,0,1,67.50125029956021,15.0,normal
0,0.05,0,0,0,0,0,0,0,1,0,0,0,0,0,0,75.34130359748583,0.0,normal
0,0.05,0,0,0,0,0,0,0,0,0,0,0,0,0,1,98.29371543706638,15.0,normal
0,0.25,0,0,0,0,0,0,1,0,0,0,0,0,0,0,82.75814078320847,0.0,normal
1,0.1,0,0,0,0,0,0,0,0,0,0,0,0,0,0,65.59366314100635,0.0,normal
0,0.08,0,0,0,0,0,0,0,0,0,0,0,0,0,0,100.0,0.0,normal
0,0.55,0,0,0,0,1,0,0,0,1,0,0,0,0,1,82.05496512160784,15.0,malicious
2,0.35,0,0,0,0,0,0,0,0,0,0,0,0,0,0,53.401278207426465,0.0,malicious
0,0.1,0,0,0,0,0,0,0,0,0,0,0,0,0,0,59.241140678343086,0.0,normal
0,0.05,0,0,0,0,0,0,0,1,0,0,0,0,0,0,86.81281071238435,0.0,normal
0,0.08,0,0,0,0,0,0,0,0,0,0,0,0,0,0,74.13299979251616,0.0,normal
0,0.1,0,0,0,0,0,0,0,0,0,0,0,0,0,1,100.0,15.0,normal
0,0.05,0,0,0,0,0,0,0,0,0,0,0,0,0,0,67.0468093932916,0.0,normal
0,0.9,0,0,1,0,0,0,0,0,1,0,0,0,0,0,74.3607764672176,0.0,malicious
1,0.05,0,0,0,0,0,0,0,0,0,1,1,1,0,0,66.21377523068615,100.0,malicious
2,0.05,0,0,0,0,0,0,0,0,0,1,0,0,0,0,85.1055199012093,0.0,suspicious
1,0.05,0,0,0,0,0,0,0,0,0,0,0,1,0,1,82.42696019174728,75.0,normal
0,0.05,0,0,0,0,0,0,0,0,0,0,0,0,0,1,99.84793986633801,15.0,normal
1,0.1,0,0,0,0,0,0,0,0,1,0,0,0,0,1,85.9222871198049,15.0,suspicious
1,0.08,0,0,0,0,0,0,0,0,0,0,0,0,1,0,100.0,30.0,normal
0,0.1,0,0,0,0,0,0,0,0,0,0,0,0,0,0,84.07606874834723,0.0,normal
2,0.1,0,0,0,0,0,0,0,0,0,0,0,0,0,1,91.98702283576115,15.0,suspicious
0,0.05,0,0,0,0,0,0,0,0,0,0,0,1,0,0,100.0,60.0,normal
0,0.1,0,0,0,0,0,0,0,0,0,0,0,0,0,0,80.43211964762837,0.0,normal
0,0.05,0,0,0,0,0,0,0,0,0,0,0,0,0,0,100.0,0.0,normal
0,0.1,0,0,0,0,0,0,0,1,0,0,0,0,0,0,89.42800740771766,0.0,normal
0,0.08,0,0,0,0,0,0,0,0,0,0,0,0,0,0,80.95946917262383,0.0,normal
0,0.05,0,0,0,0,0,0,0,0,0,0,0,0,0,0,80.31500137998508,0.0,normal
0,0.5,0,1,0,0,0,0,0,0,0,1,0,0,0,1,78.80221476823957,15.0,malicious
1,0.05,0,0,0,0,0,0,0,0,0,1,0,0,0,0,100.0,0.0,normal
3,0.85,1,0,0,0,0,0,0,0,1,0,0,0,0,0,53.331508249521164,0.0,malicious
2,0.35,0,0,0,0,0,0,0,1,0,0,0,0,0,0,61.06953335173219,0.0,malicious
3,0.1,0,0,0,0,0,0,0,0,1,0,0,0,0,0,68.60838419687374,0.0,malicious
0,0.05,0,0,0,0,0,0,0,0,0,1,0,0,1,0,79.06034013340549,30.0,suspicious
1,0.08,0,0,0,0,0,0,0,0,0,0,0,0,0,0,90.95473370971773,0.0,normal
4,0.35,0,0,0,0,0,0,0,0,0,0,0,0,0,0,65.90992719434051,0.0,malicious
0,0.05,0,0,0,0,0,0,0,1,0,0,0,0,0,0,73.17092286248985,0.0,normal
0,1.0,0,0,0,1,0,0,0,1,0,0,0,0,0,0,52.198037467301106,0.0,malicious
1,0.05,0,0,0,0,0,0,0,0,0,0,0,0,0,0,78.77511032467245,0.0,normal
0,0.1,0,0,0,0,0,0,0,0,0,0,0,1,0,1,74.61100399246266,75.0,normal
0,0.05,0,0,0,0,0,0,0,0,0,1,0,0,0,0,73.07310139294262,0.0,normal
0,0.08,0,0,0,0,0,0,0,1,0,0,1,0,0,0,92.22898842329595,70.0,normal
0,0.5,0,1,0,0,0,0,0,1,1,0,0,0,0,0,54.318068970485236,0.0,malicious
1,0.35,0,0,0,0,0,0,0,1,0,1,0,1,0,0,80.02094477181808,60.0,malicious
1,0.1,0,0,0,0,0,0,0,0,0,0,0,0,0,0,71.8191851312542,0.0,suspicious
0,0.3,0,0,0,0,0,0,0,0,1,0,0,0,0,0,91.64287540046652,0.0,normal
0,0.08,0,0,0,0,0,0,0,0,0,0,0,0,0,0,84.14463816722191,0.0,normal
3,0.35,0,0,0,0,0,0,0,1,0,0,0,0,0,0,55.01087363134056,0.0,malicious
0,0.05,0,0,0,0,0,0,0,0,0,0,1,0,0,0,84.46695848281752,70.0,normal
0,0.1,0,0,0,0,0,0,0,0,0,0,0,0,0,0,81.57500105532715,0.0,normal
0,0.1,0,0,0,0,0,0,0,1,0,0,0,0,0,1,100.0,15.0,normal
2,0.1,0,0,0,0,0,0,0,0,0,0,0,0,0,0,74.96529699325654,0.0,normal
0,0.05,0,0,0,0,0,0,0,0,1,0,0,0,0,0,88.38569367171401,0.0,normal
0,0.1,0,0,0,0,0,0,0,0,0,0,0,0,0,1,88.03899751926522,15.0,normal
1,0.08,0,0,0,0,0,0,0,1,0,0,0,0,0,0,76.981510380804,0.0,normal
0,0.05,0,0,0,0,0,0,0,0,0,0,0,0,0,0,83.66421052163739,0.0,normal
2,0.3,0,0,0,0,0,0,0,1,1,0,0,0,0,0,79.09933647294328,0.0,malicious
1,0.05,0,0,0,0,0,0,0,0,0,0,0,0,0,0,76.53351065646339,0.0,normal
0,1.0,0,0,0,1,0,0,0,1,0,1,0,0,0,0,81.89009309625361,0.0,malicious
0,0.1,0,0,0,0,0,0,0,0,1,0,0,0,0,0,81.96336244295546,0.0,normal
0,0.08,0,0,0,0,0,0,0,0,0,0,0,0,0,0,82.94547909101256,0.0,normal
1,0.05,0,0,0,0,0,0,0,0,0,0,0,0,0,0,40.2190460974226,0.0,normal
1,0.05,0,0,0,0,0,0,0,1,0,0,0,0,0,0,85.57232539432104,0.0,normal
0,0.1,0,0,0,0,0,0,0,0,1,1,0,0,0,0,86.67746422087399,0.0,normal
1,0.08,0,0,0,0,0,0,0,0,0,0,0,0,0,0,88.49263742047516,0.0,normal
3,0.1,0,0,0,0,0,0,0,0,1,0,0,0,0,0,93.20187446141092,0.0,malicious
0,0.25,0,0,0,0,0,0,1,0,1,1,0,0,0,0,79.50190244522868,0.0,malicious
0,0.05,0,0,0,0,0,0,0,0,0,0,0,0,0,0,79.95801638831288,0.0,normal
1,0.1,0,0,0,0,0,0,0,0,0,0,0,0,0,0,98.25161271265345,0.0,normal
0,0.35,0,0,0,0,0,0,0,0,0,0,0,0,0,0,79.68672953860882,0.0,normal
0,0.1,0,0,0,0,0,0,0,0,0,0,0,0,0,0,85.3157730548881,0.0,normal
0,0.1,0,0,0,0,0,0,0,0,1,0,0,0,0,0,97.58681486615097,0.0,normal
0,0.05,0,0,0,0,0,0,0,0,0,0,0,0,0,0,73.04546415937408,0.0,normal
1,0.08,0,0,0,0,0,0,0,0,1,0,0,0,0,0,67.22268408241379,0.0,normal
0,0.05,0,0,0,0,0,0,0,0,0,0,0,0,0,0,100.0,0.0,normal
0,0.3,0,0,0,0,0,0,0,0,0,1,0,0,0,0,74.46480653849935,0.0,suspicious
1,0.08,0,0,0,0,0,0,0,0,0,0,0,0,0,0,72.13647420678473,0.0,normal
0,0.05,0,0,0,0,0,0,0,0,1,0,0,0,0,0,73.26951177624628,0.0,suspicious
0,0.55,0,0,0,0,1,0,0,0,0,1,0,0,0,0,40.16467127898538,0.0,malicious
1,0.05,0,0,0,0,0,0,0,1,0,0,0,0,0,1,77.2622036786054,15.0,suspicious
3,0.08,0,0,0,0,0,0,0,0,0,0,0,0,0,0,100.0,0.0,suspicious
0,0.05,0,0,0,0,0,0,0,0,0,0,0,0,0,0,88.39451517340724,0.0,normal
0,0.08,0,0,0,0,0,0,0,0,1,1,0,0,0,1,82.30814523066698,15.0,suspicious
1,0.1,0,0,0,0,0,0,0,0,0,0,0,0,0,0,78.16567043161143,0.0,normal
1,0.05,0,0,0,0,0,0,0,0,1,0,0,0,0,0,75.43735222355573,0.0,normal
0,0.05,0,0,0,0,0,0,0,0,0,0,0,0,0,0,73.1892360563451,0.0,normal
1,0.08,0,0,0,0,0,0,0,0,0,0,0,0,0,0,87.92411842547178,0.0,normal
0,0.05,0,0,0,0,0,0,0,0,0,0,0,0,0,0,84.81583951261307,0.0,normal
0,0.25,0,0,0,0,0,0,1,1,0,0,0,0,0,0,93.29393644638446,0.0,normal
0,0.05,0,0,0,0,0,0,0,0,0,0,0,0,0,0,91.94497841498104,0.0,normal
0,0.1,0,0,0,0,0,0,0,0,0,0,0,1,1,0,88.36437780411555,90.0,normal
3,0.35,0,0,0,0,0,0,0,0,1,0,0,0,0,1,63.26512577756728,15.0,malicious
3,0.1,0,0,0,0,0,0,0,0,0,0,0,0,0,0,54.2314978801855,0.0,malicious
0,0.08,0,0,0,0,0,0,0,0,0,0,0,0,0,0,81.56469667589556,0.0,normal
1,0.1,0,0,0,0,0,0,0,0,0,0,0,0,0,0,82.51428846804409,0.0,normal
0,0.08,0,0,0,0,0,0,0,0,0,0,0,0,0,0,81.43434530291411,0.0,normal
0,0.08,0,0,0,0,0,0,0,0,0,0,0,0,0,0,80.96542264418602,0.0,normal
0,0.5,0,1,0,0,0,0,0,1,0,1,0,0,0,0,63.466321606900735,0.0,malicious
0,0.3,0,0,0,0,0,0,0,1,1,0,0,0,0,0,93.94945285279263,0.0,normal
0,0.25,0,0,0,0,0,0,1,0,0,0,0,0,0,0,80.19073734194781,0.0,normal
0,0.08,0,0,0,0,0,0,0,1,1,0,0,0,0,1,89.5465498681275,15.0,suspicious
0,0.3,0,0,0,0,0,0,0,0,0,0,0,1,0,1,77.03218316705298,75.0,suspicious
0,0.25,0,0,0,0,0,0,1,0,1,0,0,0,0,0,73.77409432841287,0.0,suspicious
1,0.08,0,0,0,0,0,0,0,0,0,0,0,0,0,0,95.05380895673751,0.0,normal
1,0.05,0,0,0,0,0,0,0,0,0,0,0,0,0,0,97.450087816838,0.0,normal
0,0.05,0,0,0,0,0,0,0,0,0,1,0,0,0,0,80.09345986176562,0.0,normal
1,0.1,0,0,0,0,0,0,0,0,0,0,0,0,0,0,73.75488932895107,0.0,normal
0,0.55,0,0,0,0,1,0,0,0,0,1,0,0,0,0,40.87502291194577,0.0,malicious
0,0.08,0,0,0,0,0,0,0,0,0,0,0,0,0,0,93.33131436334243,0.0,normal
0,0.08,0,0,0,0,0,0,0,0,0,0,0,0,0,1,70.75213637554006,15.0,normal
4,0.35,0,0,0,0,0,0,0,1,0,1,0,0,0,0,68.81495803003203,0.0,malicious
0,0.08,0,0,0,0,0,0,0,0,0,0,0,0,0,0,51.003887764433095,0.0,normal
1,0.25,0,0,0,0,0,0,1,1,1,0,0,0,0,0,70.02206284246752,0.0,malicious
3,0.08,0,0,0,0,0,0,0,0,0,0,0,0,0,0,74.36111889657954,0.0,malicious
0,0.05,0,0,0,0,0,0,0,1,0,0,0,0,0,1,93.70945573188293,15.0,normal
0,0.25,0,0,0,0,0,0,1,0,0,1,0,0,0,0,64.9548203904211,0.0,suspicious
1,0.85,1,0,0,0,0,0,0,0,1,1,0,0,1,0,66.16368948552544,30.0,malicious
0,0.05,0,0,0,0,0,0,0,0,0,0,0,0,0,0,81.91394759886461,0.0,normal
0,0.3,0,0,0,0,0,0,0,0,0,1,0,0,0,0,66.93883620786512,0.0,normal
0,0.1,0,0,0,0,0,0,0,0,0,0,0,0,0,1,75.863141658078,15.0,normal
1,0.08,0,0,0,0,0,0,0,1,0,0,0,0,0,0,55.86842527453587,0.0,malicious
1,0.05,0,0,0,0,0,0,0,0,0,0,0,0,0,0,84.09938291949513,0.0,normal
3,0.35,0,0,0,0,0,0,0,1,0,0,0,0,0,0,83.27459322505597,0.0,malicious
0,0.1,0,0,0,0,0,0,0,0,0,0,0,0,0,0,82.76805490751241,0.0,normal
0,0.3,0,0,0,0,0,0,0,0,0,1,0,0,0,0,89.40024808106199,0.0,normal
0,0.08,0,0,0,0,0,0,0,0,0,1,0,0,0,0,76.3259593093503,0.0,normal
0,0.5,0,1,0,0,0,0,0,0,0,1,0,0,0,0,70.14110237028923,0.0,suspicious
1,0.1,0,0,0,0,0,0,0,0,1,0,0,0,0,0,100.0,0.0,normal
0,0.1,0,0,0,0,0,0,0,0,0,0,0,0,0,0,76.99583571832582,0.0,normal
0,0.05,0,0,0,0,0,0,0,1,0,1,0,1,0,0,77.64873231960128,60.0,malicious
1,0.1,0,0,0,0,0,0,0,0,0,0,0,0,0,0,85.33620515277734,0.0,normal
1,0.08,0,0,0,0,0,0,0,0,0,1,0,0,0,0,76.57264136890365,0.0,normal
0,0.1,0,0,0,0,0,0,0,0,0,0,0,0,0,0,76.43900987693196,0.0,suspicious
0,0.08,0,0,0,0,0,0,0,1,0,0,0,0,0,0,84.86421170300463,0.0,normal
1,0.1,0,0,0,0,0,0,0,0,0,0,0,1,0,0,72.19900825609163,60.0,suspicious
1,0.1,0,0,0,0,0,0,0,0,1,0,1,0,0,0,80.09162267911526,70.0,malicious
1,0.05,0,0,0,0,0,0,0,0,0,0,0,0,0,0,83.9932428345245,0.0,normal
1,0.5,0,1,0,0,0,0,0,1,1,1,0,0,0,0,64.870058499145,0.0,malicious
0,0.25,0,0,0,0,0,0,1,0,0,1,0,0,0,0,92.96726461372145,0.0,normal
0,0.08,0,0,0,0,0,0,0,0,0,0,0,0,0,0,84.13182616233031,0.0,normal
0,0.5,0,1,0,0,0,0,0,1,0,0,1,0,0,0,64.40794510697934,70.0,malicious
0,0.05,0,0,0,0,0,0,0,1,0,0,0,0,0,1,96.2891860780923,15.0,normal
0,0.05,0,0,0,0,0,0,0,0,0,0,0,0,0,0,71.22632704648593,0.0,normal
0,0.08,0,0,0,0,0,0,0,0,0,1,0,0,1,0,87.20083401571969,30.0,normal
1,0.45,0,0,0,0,0,1,0,1,0,0,0,1,0,0,89.43622507574607,60.0,malicious
1,0.55,0,0,0,0,1,0,0,0,1,0,0,1,0,0,73.22550003148902,60.0,malicious
0,0.1,0,0,0,0,0,0,0,0,0,0,0,0,0,0,70.87515525939995,0.0,normal
0,0.5,0,1,0,0,0,0,0,0,1,0,0,0,0,0,63.15689457776799,0.0,suspicious
3,0.35,0,0,0,0,0,0,0,1,0,0,0,0,0,1,46.36572564298541,15.0,malicious
0,0.08,0,0,0,0,0,0,0,0,0,0,0,0,0,0,94.89675412221582,0.0,normal
0,0.1,0,0,0,0,0,0,0,0,0,0,0,0,1,0,82.93663265696199,30.0,normal
0,0.08,0,0,0,0,0,0,0,0,1,0,0,0,0,1,100.0,15.0,normal
1,0.08,0,0,0,0,0,0,0,0,0,1,0,0,0,1,88.68870031306675,15.0,suspicious
0,0.05,0,0,0,0,0,0,0,0,0,0,0,0,0,1,76.00946746655477,15.0,normal
0,0.05,0,0,0,0,0,0,0,0,1,0,0,0,0,0,91.90556842039432,0.0,normal
0,0.25,0,0,0,0,0,0,1,0,1,1,0,0,0,0,83.16241457085435,0.0,normal
0,0.1,0,0,0,0,0,0,0,0,0,0,0,0,0,1,85.36497784183372,15.0,normal
0,0.1,0,0,0,0,0,0,0,0,1,0,0,0,0,0,72.06797869805857,0.0,normal
1,0.08,0,0,0,0,0,0,0,1,0,0,0,0,0,0,78.08568277325328,0.0,normal
3,0.35,0,0,0,0,0,0,0,0,0,1,0,1,0,0,63.89416531121543,60.0,malicious
0,0.08,0,0,0,0,0,0,0,1,0,0,0,0,0,0,88.88716672482562,0.0,normal
3,0.05,0,0,0,0,0,0,0,0,0,0,0,0,0,0,85.1351103954924,0.0,malicious
1,0.08,0,0,0,0,0,0,0,0,0,0,0,1,0,0,100.0,60.0,normal
0,0.05,0,0,0,0,0,0,0,0,1,0,0,0,0,0,85.29041016064362,0.0,normal
0,0.08,0,0,0,0,0,0,0,0,0,0,0,0,0,0,89.06746822950431,0.0,normal
4,0.08,0,0,0,0,0,0,0,0,0,0,0,0,0,1,88.73085179330437,15.0,malicious
0,0.05,0,0,0,0,0,0,0,0,1,0,0,0,0,0,86.69156768617913,0.0,normal
0,0.08,0,0,0,0,0,0,0,0,0,0,0,0,0,0,91.60105849232819,0.0,normal
0,0.05,0,0,0,0,0,0,0,0,0,0,0,0,0,0,88.02050841044895,0.0,normal
1,0.35,0,0,0,0,0,0,0,0,1,0,0,0,0,0,66.53833731136,0.0,suspicious
0,0.08,0,0,0,0,0,0,0,0,1,0,0,0,0,0,84.16886499448206,0.0,normal
0,0.08,0,0,0,0,0,0,0,0,0,0,0,0,0,0,91.33013899693024,0.0,normal
2,0.35,0,0,0,0,0,0,0,0,1,0,0,0,0,0,58.77973208542505,0.0,malicious
1,0.5,0,1,0,0,0,0,0,0,1,0,0,0,0,0,86.99395336128,0.0,malicious
2,0.05,0,0,0,0,0,0,0,0,0,0,0,0,0,1,65.01399580647698,15.0,suspicious
2,0.05,0,0,0,0,0,0,0,0,0,0,0,0,0,0,90.61109257072249,0.0,normal
0,0.05,0,0,0,0,0,0,0,0,0,0,0,0,0,0,88.99641777766746,0.0,normal
0,0.08,0,0,0,0,0,0,0,0,0,0,0,0,0,0,84.16026709852407,0.0,normal
0,0.05,0,0,0,0,0,0,0,0,0,0,0,1,0,1,98.43240967843376,75.0,normal
1,0.35,0,0,0,0,0,0,0,0,1,1,0,0,0,0,72.43229671639885,0.0,malicious
0,0.1,0,0,0,0,0,0,0,0,1,0,0,0,0,0,88.39599520380052,0.0,normal
0,0.08,0,0,0,0,0,0,0,0,0,0,0,0,0,1,57.366308896523364,15.0,normal
1,0.05,0,0,0,0,0,0,0,0,0,1,0,0,0,1,96.59398327035983,15.0,suspicious
1,0.1,0,0,0,0,0,0,0,1,0,0,0,0,0,0,91.8184874477275,0.0,normal
2,0.85,1,0,0,0,0,0,0,0,1,1,0,0,0,0,73.76401155057656,0.0,malicious
0,0.05,0,0,0,0,0,0,0,0,1,0,0,0,0,1,79.74363236448387,15.0,normal
1,0.05,0,0,0,0,0,0,0,0,0,0,0,0,0,0,64.69431948876034,0.0,normal
2,0.08,0,0,0,0,0,0,0,0,0,0,0,1,0,0,91.0644393385818,60.0,suspicious
5,0.35,0,0,0,0,0,0,0,1,0,0,0,0,0,0,50.703790403191356,0.0,malicious
0,0.1,0,0,0,0,0,0,0,0,0,0,0,0,0,1,85.21124150082186,15.0,normal
1,0.08,0,0,0,0,0,0,0,0,0,0,0,0,0,0,72.2027768681007,0.0,normal
2,0.05,0,0,0,0,0,0,0,0,0,0,0,1,0,0,93.82925002694566,60.0,suspicious
2,0.05,0,0,0,0,0,0,0,0,0,0,0,0,0,0,82.1446708965611,0.0,normal
0,0.1,0,0,0,0,0,0,0,0,0,0,0,0,0,0,91.01002888022748,0.0,normal
1,0.1,0,0,0,0,0,0,0,0,1,0,0,0,0,1,82.62813398394303,15.0,suspicious
0,0.08,0,0,0,0,0,0,0,0,0,0,0,0,0,0,97.08791923305759,0.0,normal
1,0.1,0,0,0,0,0,0,0,0,1,0,0,1,0,0,100.0,60.0,suspicious
0,0.1,0,0,0,0,0,0,0,1,1,0,0,1,0,0,100.0,60.0,suspicious
1,0.1,0,0,0,0,0,0,0,0,0,1,0,1,0,1,79.54298716701518,75.0,malicious
0,0.05,0,0,0,0,0,0,0,0,0,0,0,0,0,0,64.53689847803749,0.0,normal
1,0.25,0,0,0,0,0,0,1,0,0,0,0,0,0,0,89.99745725154959,0.0,normal
1,0.9,0,0,1,0,0,0,0,0,1,0,0,0,0,0,68.55269766292538,0.0,malicious
1,0.08,0,0,0,0,0,0,0,0,0,0,0,0,0,0,86.19497676154447,0.0,normal
0,0.1,0,0,0,0,0,0,0,0,1,0,0,0,0,0,89.52262367322076,0.0,normal
1,0.9,0,0,1,0,0,0,0,0,0,0,0,0,0,0,82.85460425502477,0.0,malicious
0,0.1,0,0,0,0,0,0,0,0,0,0,0,0,0,0,81.64201895522271,0.0,normal
0,0.1,0,0,0,0,0,0,0,0,0,0,0,0,0,0,74.74523800518433,0.0,normal
2,0.08,0,0,0,0,0,0,0,0,0,0,0,0,0,0,72.16511867380083,0.0,suspicious
2,0.9,0,0,1,0,0,0,0,0,1,1,0,0,0,0,56.36721706713655,0.0,malicious
1,0.1,0,0,0,0,0,0,0,0,0,0,0,0,0,0,74.07829073528312,0.0,normal
0,0.3,0,0,0,0,0,0,0,0,0,0,0,0,0,0,78.92926820641505,0.0,normal
1,0.08,0,0,0,0,0,0,0,0,0,0,0,0,0,0,100.0,0.0,normal
1,0.05,0,0,0,0,0,0,0,0,0,0,0,0,0,1,99.44210715174603,15.0,normal
0,0.5,0,1,0,0,0,0,0,0,0,0,0,0,0,0,57.6562117362395,0.0,malicious
0,0.08,0,0,0,0,0,0,0,0,0,0,0,0,0,0,83.39246264331611,0.0,normal
0,0.85,1,0,0,0,0,0,0,0,0,1,0,0,0,0,83.4791563834189,0.0,malicious
5,0.35,0,0,0,0,0,0,0,0,0,0,0,0,0,0,65.17819224062677,0.0,malicious
0,0.1,0,0,0,0,0,0,0,0,1,0,0,0,0,1,81.99869119197616,15.0,normal
0,0.05,0,0,0,0,0,0,0,0,0,0,0,0,0,0,94.46370599662808,0.0,normal
1,0.3,0,0,0,0,0,0,0,1,0,0,0,0,0,0,90.92050033852082,0.0,normal
0,0.1,0,0,0,0,0,0,0,0,1,0,0,0,0,0,90.0130251914696,0.0,normal
1,0.05,0,0,0,0,0,0,0,0,0,0,0,0,0,0,97.20444816836668,0.0,normal
0,0.08,0,0,0,0,0,0,0,0,0,0,0,0,0,0,85.30442583376092,0.0,normal
0,0.1,0,0,0,0,0,0,0,0,1,0,0,0,0,1,77.57693320043306,15.0,normal
0,0.1,0,0,0,0,0,0,0,0,1,1,0,0,0,1,100.0,15.0,suspicious
1,0.1,0,0,0,0,0,0,0,0,1,0,0,0,0,1,98.35607382444296,15.0,normal
1,0.1,0,0,0,0,0,0,0,0,0,0,0,0,0,0,82.1384365256112,0.0,normal
0,0.5,0,1,0,0,0,0,0,0,0,1,0,0,1,0,75.59441988268746,30.0,malicious
1,0.08,0,0,0,0,0,0,0,0,0,0,0,0,0,1,61.259449800625426,15.0,suspicious
0,0.3,0,0,0,0,0,0,0,0,1,1,0,0,0,0,83.97697919989135,0.0,suspicious
0,0.45,0,0,0,0,0,1,0,0,0,1,0,1,0,0,76.04191499235883,60.0,malicious
0,0.05,0,0,0,0,0,0,0,0,0,0,0,0,0,0,79.09321091749453,0.0,normal
0,0.25,0,0,0,0,0,0,1,0,0,0,0,0,0,0,100.0,0.0,normal
0,0.05,0,0,0,0,0,0,0,1,0,0,0,0,0,0,93.60862946003587,0.0,normal
1,0.1,0,0,0,0,0,0,0,0,1,0,0,0,0,1,79.18494072816212,15.0,normal
0,0.05,0,0,0,0,0,0,0,0,0,0,0,0,0,0,98.03124130884206,0.0,normal
0,0.08,0,0,0,0,0,0,0,0,0,0,0,0,0,0,100.0,0.0,normal
1,0.08,0,0,0,0,0,0,0,0,0,0,0,0,1,0,83.36036557210615,30.0,normal
1,0.25,0,0,0,0,0,0,1,0,0,0,0,0,0,0,100.0,0.0,normal
1,0.45,0,0,0,0,0,1,0,0,1,1,0,0,0,0,83.29149339233933,0.0,malicious
0,0.08,0,0,0,0,0,0,0,0,0,0,1,0,0,0,65.42600600712106,70.0,suspicious
1,0.08,0,0,0,0,0,0,0,0,0,0,0,0,0,0,77.1994436962782,0.0,normal
4,0.1,0,0,0,0,0,0,0,0,1,0,0,0,0,0,67.70083926169453,0.0,suspicious
1,0.85,1,0,0,0,0,0,0,1,0,1,0,0,0,0,67.13601689072254,0.0,malicious
0,0.1,0,0,0,0,0,0,0,0,1,0,0,0,0,0,95.95030469246834,0.0,normal
0,0.1,0,0,0,0,0,0,0,0,0,0,0,0,1,0,86.39085649499087,30.0,normal
1,0.05,0,0,0,0,0,0,0,0,0,0,0,0,0,0,93.24838538513715,0.0,normal
0,0.05,0,0,0,0,0,0,0,0,0,0,0,0,0,1,78.35014010669357,15.0,normal
1,0.3,0,0,0,0,0,0,0,0,0,0,0,0,0,0,99.94174572950077,0.0,normal
2,0.35,0,0,0,0,0,0,0,0,0,1,0,0,0,0,58.24431170431783,0.0,malicious
2,0.05,0,0,0,0,0,0,0,0,0,1,0,0,0,0,92.25182981410815,0.0,suspicious
3,0.05,0,0,0,0,0,0,0,0,0,0,1,1,0,1,99.18929910199867,100.0,malicious
0,0.45,0,0,0,0,0,1,0,1,0,1,1,0,0,0,94.02737913463494,70.0,malicious
3,0.35,0,0,0,0,0,0,0,0,0,1,0,0,0,1,67.38118592628544,15.0,malicious
0,0.08,0,0,0,0,0,0,0,0,0,0,0,0,0,0,92.26334041174665,0.0,normal
0,0.9,0,0,1,0,0,0,0,0,0,1,0,1,0,1,59.45535000580444,75.0,malicious
0,0.05,0,0,0,0,0,0,0,0,1,0,0,0,0,0,69.83286792295812,0.0,normal
0,0.3,0,0,0,0,0,0,0,0,0,0,0,0,0,0,89.14758469352638,0.0,normal
0,0.05,0,0,0,0,0,0,0,1,0,0,0,0,0,0,89.59594526604499,0.0,normal
0,0.1,0,0,0,0,0,0,0,0,0,0,0,0,1,0,73.02508466007178,30.0,normal
1,0.3,0,0,0,0,0,0,0,1,1,0,0,0,0,0,97.16793008643441,0.0,suspicious
1,0.05,0,0,0,0,0,0,0,1,0,1,0,0,0,0,94.46818415954122,0.0,suspicious
0,0.5,0,1,0,0,0,0,0,1,0,1,1,0,0,0,63.95084295072591,70.0,malicious
0,0.08,0,0,0,0,0,0,0,0,0,0,0,0,0,0,96.97740563554238,0.0,normal
0,0.08,0,0,0,0,0,0,0,0,1,0,0,0,0,0,93.22324518595643,0.0,normal
0,0.08,0,0,0,0,0,0,0,0,0,0,0,0,0,1,78.06301883369146,15.0,normal
1,0.05,0,0,0,0,0,0,0,0,0,1,0,0,0,0,100.0,0.0,normal
0,0.1,0,0,0,0,0,0,0,0,0,0,0,0,0,0,94.35780886444967,0.0,normal
2,0.35,0,0,0,0,0,0,0,0,0,1,0,0,0,0,59.913779741833274,0.0,malicious
0,0.08,0,0,0,0,0,0,0,0,0,0,0,1,0,0,64.46349343258547,60.0,normal
2,0.05,0,0,0,0,0,0,0,0,0,0,0,0,0,0,93.90805143964391,0.0,normal
1,0.1,0,0,0,0,0,0,0,1,0,0,0,1,0,0,72.86011043053168,60.0,malicious
1,0.08,0,0,0,0,0,0,0,0,0,0,0,0,0,1,76.7010246336106,15.0,normal
2,0.45,0,0,0,0,0,1,0,0,0,0,1,0,0,0,65.40891388386908,70.0,malicious
1,0.08,0,0,0,0,0,0,0,0,0,0,0,0,0,0,88.78778280842815,0.0,normal
1,0.08,0,0,0,0,0,0,0,0,0,0,0,0,0,0,65.45171675303729,0.0,normal
1,0.5,0,1,0,0,0,0,0,0,0,0,0,0,0,0,68.09592835458577,0.0,malicious
4,0.35,0,0,0,0,0,0,0,0,0,0,0,0,0,0,74.31442421748675,0.0,malicious
0,0.85,1,0,0,0,0,0,0,0,1,1,0,0,0,1,62.94395270425161,15.0,malicious
0,0.05,0,0,0,0,0,0,0,0,0,0,0,0,0,1,72.68208090756733,15.0,normal
1,0.1,0,0,0,0,0,0,0,0,0,0,0,0,0,0,95.23680500417576,0.0,normal
0,0.1,0,0,0,0,0,0,0,0,0,0,0,0,0,0,78.01274940045666,0.0,normal
2,0.3,0,0,0,0,0,0,0,0,1,0,0,0,0,0,86.89742591522915,0.0,malicious
1,0.08,0,0,0,0,0,0,0,0,0,0,0,0,0,0,100.0,0.0,normal
1,0.08,0,0,0,0,0,0,0,0,0,1,0,0,0,0,80.34626630704167,0.0,suspicious
0,0.05,0,0,0,0,0,0,0,0,0,1,0,0,0,0,88.6166797750228,0.0,normal
1,0.1,0,0,0,0,0,0,0,0,0,0,0,0,0,0,94.3571094433309,0.0,normal
0,0.1,0,0,0,0,0,0,0,0,0,0,0,0,0,0,90.82133166713535,0.0,normal
1,0.05,0,0,0,0,0,0,0,0,0,0,0,0,0,1,85.36044645630268,15.0,normal
0,0.08,0,0,0,0,0,0,0,0,0,0,0,0,0,1,88.35915695097037,15.0,normal
0,0.05,0,0,0,0,0,0,0,0,0,0,0,0,0,1,83.2600161695215,15.0,normal
1,0.08,0,0,0,0,0,0,0,0,0,0,0,0,0,1,100.0,15.0,normal
0,0.08,0,0,0,0,0,0,0,0,0,0,0,0,0,1,64.22667430674635,15.0,normal
1,0.1,0,0,0,0,0,0,0,0,1,1,0,0,0,0,98.2991233701908,0.0,normal
0,0.05,0,0,0,0,0,0,0,0,0,0,0,0,0,0,72.8870635157941,0.0,normal
6,0.35,0,0,0,0,0,0,0,0,0,0,0,0,0,0,64.71209882123597,0.0,malicious
0,0.1,0,0,0,0,0,0,0,0,1,0,0,0,0,0,88.17521372619252,0.0,normal
1,0.05,0,0,0,0,0,0,0,0,0,0,0,0,0,0,70.79321600363818,0.0,normal
0,0.08,0,0,0,0,0,0,0,0,0,0,0,0,0,1,75.75674854000985,15.0,normal
1,0.08,0,0,0,0,0,0,0,0,0,0,0,0,0,0,92.62017464272995,0.0,normal
0,0.3,0,0,0,0,0,0,0,0,0,1,0,0,0,1,73.30164654393556,15.0,normal
0,0.08,0,0,0,0,0,0,0,1,0,0,0,0,0,0,82.23511800589675,0.0,normal
0,0.05,0,0,0,0,0,0,0,0,1,0,0,0,0,0,94.93473606228777,0.0,normal
0,0.1,0,0,0,0,0,0,0,0,0,0,0,0,0,0,84.85193658509938,0.0,normal
1,0.05,0,0,0,0,0,0,0,0,0,0,0,0,0,0,63.99890480411715,0.0,normal
1,0.08,0,0,0,0,0,0,0,0,0,0,0,0,0,0,81.61402076425354,0.0,normal
2,0.35,0,0,0,0,0,0,0,1,0,1,0,0,0,0,77.00508265284292,0.0,malicious
0,0.1,0,0,0,0,0,0,0,0,1,0,0,0,0,0,88.50129796505028,0.0,normal
0,0.05,0,0,0,0,0,0,0,0,0,0,1,0,1,0,100.0,100.0,normal
2,0.35,0,0,0,0,0,0,0,0,0,0,0,0,0,0,71.61335800520833,0.0,malicious
0,0.1,0,0,0,0,0,0,0,0,1,0,0,0,0,0,97.78490819787291,0.0,normal
0,0.9,0,0,1,0,0,0,0,0,0,0,0,0,0,0,64.93012238908901,0.0,malicious
0,0.1,0,0,0,0,0,0,0,0,0,0,0,0,0,0,90.93785900237425,0.0,normal
0,0.25,0,0,0,0,0,0,1,0,0,1,0,0,0,0,100.0,0.0,normal
0,0.05,0,0,0,0,0,0,0,0,0,0,0,0,0,0,79.10192188813255,0.0,normal
2,0.3,0,0,0,0,0,0,0,0,0,0,0,0,0,1,71.68321855061768,15.0,malicious
0,0.08,0,0,0,0,0,0,0,0,0,0,0,0,0,0,100.0,0.0,normal
0,0.05,0,0,0,0,0,0,0,0,0,0,0,0,0,0,55.923022611511236,0.0,normal
0,0.08,0,0,0,0,0,0,0,0,0,0,0,0,0,0,81.22728384120612,0.0,normal
0,0.1,0,0,0,0,0,0,0,0,0,0,0,0,0,0,57.15689401528775,0.0,normal
1,0.05,0,0,0,0,0,0,0,0,0,1,0,0,0,0,93.48090659366677,0.0,normal
0,0.08,0,0,0,0,0,0,0,0,0,0,0,0,0,0,89.63672807682059,0.0,normal
1,0.08,0,0,0,0,0,0,0,0,0,0,0,0,0,0,83.33455950230503,0.0,normal
0,0.25,0,0,0,0,0,0,1,1,1,1,0,0,0,0,76.4526557408067,0.0,malicious
1,0.55,0,0,0,0,1,0,0,0,0,0,0,0,0,0,49.23553857748222,0.0,malicious
2,0.08,0,0,0,0,0,0,0,0,0,0,0,1,0,0,67.58695321443528,60.0,malicious
0,0.1,0,0,0,0,0,0,0,0,0,0,0,0,0,0,91.2227477832773,0.0,normal
2,0.05,0,0,0,0,0,0,0,0,0,0,0,0,0,0,89.63636063382424,0.0,normal
1,0.08,0,0,0,0,0,0,0,0,0,0,0,0,0,0,84.06223738390824,0.0,normal
0,0.08,0,0,0,0,0,0,0,0,0,0,0,0,0,0,69.30835907949286,0.0,normal
0,0.1,0,0,0,0,0,0,0,0,0,0,0,0,0,0,82.1859794317134,0.0,normal
1,0.5,0,1,0,0,0,0,0,0,0,1,0,0,0,1,61.50079638279295,15.0,malicious
0,0.08,0,0,0,0,0,0,0,0,0,0,0,1,0,1,76.17510516716646,75.0,normal
0,0.1,0,0,0,0,0,0,0,0,0,0,0,1,0,0,100.0,60.0,normal
6,0.35,0,0,0,0,0,0,0,0,0,1,0,0,0,0,95.31846427451708,0.0,malicious
0,0.05,0,0,0,0,0,0,0,1,0,0,0,0,0,1,86.0512604535396,15.0,normal
0,0.05,0,0,0,0,0,0,0,0,0,0,0,0,0,1,76.2865971643113,15.0,normal
2,0.35,0,0,0,0,0,0,0,0,1,0,0,0,0,0,66.9410545964828,0.0,malicious
0,0.05,0,0,0,0,0,0,0,0,0,0,0,0,0,1,100.0,15.0,normal
0,0.05,0,0,0,0,0,0,0,0,0,0,0,0,0,0,85.13184187657316,0.0,normal
1,0.08,0,0,0,0,0,0,0,0,0,0,0,0,0,0,96.62907615359005,0.0,normal
1,0.1,0,0,0,0,0,0,0,0,0,0,0,0,0,0,96.73822524496508,0.0,normal
1,0.85,1,0,0,0,0,0,0,0,0,1,0,0,0,0,82.45409061927387,0.0,malicious
1,0.08,0,0,0,0,0,0,0,0,0,0,0,0,0,1,90.91547030061852,15.0,normal
1,0.1,0,0,0,0,0,0,0,0,0,0,0,0,0,0,100.0,0.0,normal
0,0.05,0,0,0,0,0,0,0,0,0,0,0,0,0,0,84.61224047396621,0.0,normal
2,0.25,0,0,0,0,0,0,1,0,0,0,0,0,0,1,100.0,15.0,suspicious
0,0.25,0,0,0,0,0,0,1,0,1,0,0,1,1,1,83.05517049312746,100.0,malicious
0,0.05,0,0,0,0,0,0,0,0,0,0,0,0,0,0,90.00975760255334,0.0,normal
1,0.05,0,0,0,0,0,0,0,0,0,0,0,0,0,0,79.56653594611502,0.0,normal
1,0.3,0,0,0,0,0,0,0,0,0,1,0,0,0,0,68.74501008105116,0.0,suspicious
1,0.05,0,0,0,0,0,0,0,0,1,0,0,0,0,0,93.57431040335123,0.0,normal
1,0.05,0,0,0,0,0,0,0,0,0,0,0,0,0,0,84.89732146962614,0.0,normal
1,0.45,0,0,0,0,0,1,0,1,1,0,0,0,0,0,87.11533617483857,0.0,malicious
1,0.05,0,0,0,0,0,0,0,0,0,0,1,1,0,0,77.49503043366599,100.0,malicious
0,0.08,0,0,0,0,0,0,0,0,0,0,0,1,0,0,90.82091429489783,60.0,normal
0,0.1,0,0,0,0,0,0,0,0,1,0,0,1,0,0,81.00153289097328,60.0,normal
0,0.1,0,0,0,0,0,0,0,0,0,1,0,0,0,0,81.60441810386841,0.0,normal
0,0.05,0,0,0,0,0,0,0,1,0,0,0,0,0,1,88.06793412569792,15.0,normal
1,0.1,0,0,0,0,0,0,0,0,1,0,0,0,0,0,100.0,0.0,normal
0,0.3,0,0,0,0,0,0,0,0,0,1,0,0,0,1,92.66728976613604,15.0,normal
2,0.1,0,0,0,0,0,0,0,0,0,0,0,0,0,1,78.42705816922583,15.0,suspicious
0,0.1,0,0,0,0,0,0,0,0,0,0,0,0,0,0,83.33428780492397,0.0,normal
0,0.05,0,0,0,0,0,0,0,0,0,0,0,0,0,0,100.0,0.0,normal
1,0.1,0,0,0,0,0,0,0,0,0,0,0,0,0,0,64.13552995215377,0.0,normal
0,0.5,0,1,0,0,0,0,0,0,1,1,0,0,0,0,42.10100404702487,0.0,malicious
1,0.35,0,0,0,0,0,0,0,0,1,0,0,0,0,0,72.87364705646527,0.0,suspicious
0,0.3,0,0,0,0,0,0,0,1,0,1,0,0,1,0,95.83408857468855,30.0,suspicious
0,0.9,0,0,1,0,0,0,0,0,0,1,0,1,0,1,74.15113992117475,75.0,malicious
2,0.5,0,1,0,0,0,0,0,0,0,0,0,0,0,0,73.13163462655695,0.0,malicious
0,0.3,0,0,0,0,0,0,0,1,1,1,0,0,0,0,77.99742169492485,0.0,suspicious
0,0.5,0,1,0,0,0,0,0,1,0,0,0,0,0,0,64.851462431478,0.0,suspicious
0,0.1,0,0,0,0,0,0,0,0,1,0,0,0,0,0,93.42411789037747,0.0,normal
0,0.05,0,0,0,0,0,0,0,0,0,0,0,0,1,0,94.90304161935777,30.0,normal
0,0.08,0,0,0,0,0,0,0,1,0,1,0,0,0,0,87.26800081353994,0.0,normal
1,0.5,0,1,0,0,0,0,0,1,0,0,0,0,0,1,59.73857458874942,15.0,malicious
0,0.1,0,0,0,0,0,0,0,0,0,0,0,0,0,1,75.19111838227766,15.0,normal
1,0.08,0,0,0,0,0,0,0,0,0,1,0,0,1,0,100.0,30.0,suspicious
2,0.1,0,0,0,0,0,0,0,0,0,0,0,0,0,0,80.45739951455207,0.0,suspicious
0,0.3,0,0,0,0,0,0,0,1,0,1,0,0,0,1,93.08542042409334,15.0,suspicious
0,1.0,0,0,0,1,0,0,0,1,1,0,0,0,0,0,70.27568598826866,0.0,malicious
0,0.05,0,0,0,0,0,0,0,0,0,0,0,0,0,0,50.25183607792775,0.0,normal
1,0.35,0,0,0,0,0,0,0,1,0,1,0,0,0,1,59.62096763764566,15.0,malicious
1,0.1,0,0,0,0,0,0,0,0,0,0,0,0,0,0,100.0,0.0,normal
0,0.25,0,0,0,0,0,0,1,0,0,0,0,0,0,0,95.90273207640715,0.0,normal
0,0.1,0,0,0,0,0,0,0,1,0,1,0,0,0,0,90.80364791500467,0.0,normal
1,0.3,0,0,0,0,0,0,0,0,0,1,0,0,0,0,85.81820366097574,0.0,suspicious
0,0.3,0,0,0,0,0,0,0,1,1,0,0,0,0,0,76.2105225403409,0.0,normal
1,0.55,0,0,0,0,1,0,0,0,0,0,0,0,0,0,76.5943488765521,0.0,malicious
0,0.08,0,0,0,0,0,0,0,0,0,0,0,0,0,0,79.81695640854015,0.0,normal
2,0.08,0,0,0,0,0,0,0,0,0,0,0,0,0,1,51.052633620271465,15.0,malicious
0,0.9,0,0,1,0,0,0,0,1,0,1,0,0,0,1,64.49871537016305,15.0,malicious
2,0.35,0,0,0,0,0,0,0,0,0,0,1,0,0,0,65.74401078179841,70.0,malicious
0,0.1,0,0,0,0,0,0,0,0,1,0,0,0,0,0,76.6937891022557,0.0,normal
0,0.1,0,0,0,0,0,0,0,0,0,0,0,0,0,0,72.12965074043186,0.0,normal
1,0.05,0,0,0,0,0,0,0,0,0,0,0,0,0,0,68.32821152654871,0.0,normal
1,0.9,0,0,1,0,0,0,0,1,1,0,0,0,0,1,74.95123774278574,15.0,malicious
0,0.05,0,0,0,0,0,0,0,0,0,0,0,0,0,0,78.88697315722722,0.0,normal
1,0.08,0,0,0,0,0,0,0,0,0,0,0,0,0,0,79.35979629014061,0.0,normal
0,0.1,0,0,0,0,0,0,0,0,0,0,0,0,1,0,100.0,30.0,normal
0,0.55,0,0,0,0,1,0,0,0,0,0,0,0,0,0,58.26079938569471,0.0,normal
0,0.5,0,1,0,0,0,0,0,0,0,1,0,0,0,0,67.48148207724782,0.0,malicious
0,0.08,0,0,0,0,0,0,0,0,0,1,0,0,0,0,98.54098688635388,0.0,normal
2,0.55,0,0,0,0,1,0,0,1,1,1,0,0,0,0,93.84161512605053,0.0,malicious
1,0.5,0,1,0,0,0,0,0,0,1,1,0,0,0,0,61.504227734772215,0.0,malicious
0,0.05,0,0,0,0,0,0,0,0,0,0,0,0,0,0,66.3930960781588,0.0,normal
0,0.05,0,0,0,0,0,0,0,0,0,0,0,0,0,0,84.30924232433989,0.0,normal
0,0.1,0,0,0,0,0,0,0,0,0,1,1,0,1,0,70.94030648334369,100.0,malicious
0,1.0,0,0,0,1,0,0,0,0,0,1,0,0,0,0,51.01799871820984,0.0,malicious
0,0.55,0,0,0,0,1,0,0,0,1,1,0,0,0,0,59.980759936336426,0.0,malicious
0,0.1,0,0,0,0,0,0,0,0,1,0,0,0,0,0,100.0,0.0,normal
0,0.1,0,0,0,0,0,0,0,0,0,0,0,0,0,1,58.499878501163806,15.0,normal
0,0.05,0,0,0,0,0,0,0,0,1,0,0,0,0,0,80.00924182225968,0.0,normal
0,0.85,1,0,0,0,0,0,0,0,0,0,0,0,0,0,59.451141519774076,0.0,malicious
1,0.05,0,0,0,0,0,0,0,0,0,0,0,0,0,0,83.21005453591293,0.0,normal
1,0.05,0,0,0,0,0,0,0,0,1,0,0,0,0,0,89.14179514387,0.0,normal
0,0.08,0,0,0,0,0,0,0,0,0,0,0,0,0,0,83.9924671938393,0.0,normal
0,0.05,0,0,0,0,0,0,0,0,0,0,0,0,0,0,78.88438094383439,0.0,normal
0,1.0,0,0,0,1,0,0,0,0,1,0,0,1,1,0,50.34507158111714,90.0,malicious
2,0.08,0,0,0,0,0,0,0,0,0,0,0,0,0,0,71.40843796903431,0.0,suspicious
0,0.5,0,1,0,0,0,0,0,1,1,1,1,0,0,0,68.87441885394189,70.0,malicious
0,0.1,0,0,0,0,0,0,0,0,1,0,0,0,0,0,98.63955953732466,0.0,normal
1,0.9,0,0,1,0,0,0,0,1,0,0,0,0,0,0,60.33708571547574,0.0,malicious
1,0.05,0,0,0,0,0,0,0,1,0,0,0,0,0,0,83.98596013191751,0.0,normal
0,0.08,0,0,0,0,0,0,0,0,0,0,0,0,0,1,84.43871597281048,15.0,normal
2,0.08,0,0,0,0,0,0,0,0,0,0,0,0,0,0,81.6017512547865,0.0,normal
0,0.08,0,0,0,0,0,0,0,0,0,0,0,0,0,0,87.16110313982591,0.0,normal
2,0.55,0,0,0,0,1,0,0,0,0,1,0,0,0,0,33.56455970174052,0.0,malicious
2,0.08,0,0,0,0,0,0,0,0,0,0,0,0,0,0,91.93774073574578,0.0,normal
4,0.35,0,0,0,0,0,0,0,1,0,0,0,0,0,0,94.7814337459087,0.0,malicious
0,0.85,1,0,0,0,0,0,0,0,1,1,0,0,0,0,59.97145850991413,0.0,malicious
1,0.1,0,0,0,0,0,0,0,0,1,0,0,0,0,0,85.27783433523219,0.0,normal
0,0.25,0,0,0,0,0,0,1,1,1,0,0,1,0,1,78.26000686200726,75.0,malicious
0,0.08,0,0,0,0,0,0,0,0,0,0,0,0,0,0,77.40687576269522,0.0,normal
0,0.08,0,0,0,0,0,0,0,1,0,0,0,1,0,0,88.7047453990049,60.0,suspicious
1,0.25,0,0,0,0,0,0,1,0,0,0,0,0,0,0,81.13579532323827,0.0,normal
3,0.05,0,0,0,0,0,0,0,0,0,0,0,0,1,0,87.89853149288192,30.0,malicious
1,0.08,0,0,0,0,0,0,0,0,0,0,0,0,0,0,90.278393367237,0.0,normal
1,0.1,0,0,0,0,0,0,0,0,0,0,0,0,0,0,76.56819210452163,0.0,normal
0,0.1,0,0,0,0,0,0,0,0,1,0,0,0,0,0,94.89913691120789,0.0,normal
0,0.85,1,0,0,0,0,0,0,1,0,0,0,0,0,0,69.22907372862694,0.0,malicious
0,0.45,0,0,0,0,0,1,0,0,0,0,0,0,0,0,100.0,0.0,normal
1,0.08,0,0,0,0,0,0,0,0,0,0,0,0,0,0,99.95847898102119,0.0,normal
1,0.08,0,0,0,0,0,0,0,0,0,1,0,0,0,0,90.70557422570778,0.0,normal
0,0.1,0,0,0,0,0,0,0,1,0,0,0,0,1,0,86.25688841158845,30.0,normal
0,0.1,0,0,0,0,0,0,0,0,1,0,0,0,0,0,87.55403501554488,0.0,normal
0,0.3,0,0,0,0,0,0,0,1,0,1,0,0,0,1,85.65149526248754,15.0,malicious
1,0.08,0,0,0,0,0,0,0,0,0,0,0,0,1,0,76.51150272144947,30.0,suspicious
1,0.05,0,0,0,0,0,0,0,0,0,0,0,0,0,0,88.55230703600535,0.0,normal
1,0.05,0,0,0,0,0,0,0,0,0,0,0,0,0,0,87.44772723091191,0.0,suspicious
0,0.08,0,0,0,0,0,0,0,0,0,0,0,0,0,0,84.05948036410884,0.0,normal
0,0.1,0,0,0,0,0,0,0,1,0,0,0,0,0,0,100.0,0.0,normal
0,0.1,0,0,0,0,0,0,0,0,1,0,0,0,0,0,76.48042128584962,0.0,normal
1,0.05,0,0,0,0,0,0,0,0,0,0,0,0,0,0,83.08561273536235,0.0,normal
0,0.05,0,0,0,0,0,0,0,0,0,0,0,0,0,0,99.55143225941117,0.0,normal
1,0.08,0,0,0,0,0,0,0,0,0,0,0,0,0,0,90.69740414339584,0.0,normal
1,0.1,0,0,0,0,0,0,0,0,0,0,0,1,0,0,89.68406268980162,60.0,normal
0,0.05,0,0,0,0,0,0,0,0,0,1,0,0,0,0,100.0,0.0,normal
0,0.5,0,1,0,0,0,0,0,1,0,1,0,0,1,0,77.40511720877359,30.0,malicious
0,0.05,0,0,0,0,0,0,0,0,0,0,0,0,0,0,72.65540784768221,0.0,normal
0,0.1,0,0,0,0,0,0,0,0,0,0,0,0,0,1,79.11231993217818,15.0,normal
0,0.9,0,0,1,0,0,0,0,0,0,1,0,0,0,1,51.08055811982666,15.0,malicious
0,0.05,0,0,0,0,0,0,0,0,0,0,0,0,0,0,73.26860373741538,0.0,normal
0,0.08,0,0,0,0,0,0,0,0,0,0,0,0,0,0,95.8478771283234,0.0,normal
0,0.1,0,0,0,0,0,0,0,1,1,0,0,0,0,1,77.04966018570121,15.0,normal
1,0.35,0,0,0,0,0,0,0,0,0,1,0,0,0,0,70.35118477332763,0.0,malicious
1,1.0,0,0,0,1,0,0,0,0,0,0,0,0,0,0,73.8844231928226,0.0,malicious
0,0.05,0,0,0,0,0,0,0,0,1,1,0,0,0,0,95.21618475475597,0.0,normal
0,0.08,0,0,0,0,0,0,0,0,0,0,0,0,0,0,88.54160327151583,0.0,normal
4,0.35,0,0,0,0,0,0,0,1,0,0,0,1,0,0,68.3788894673766,60.0,malicious
0,0.1,0,0,0,0,0,0,0,0,1,1,0,0,0,0,62.679734786852244,0.0,suspicious
1,0.08,0,0,0,0,0,0,0,0,0,0,0,0,0,1,91.01793164471536,15.0,normal
3,0.35,0,0,0,0,0,0,0,0,1,0,0,0,0,0,75.21324732824017,0.0,malicious
0,0.05,0,0,0,0,0,0,0,0,0,0,0,0,0,0,96.02438391972298,0.0,normal
0,0.1,0,0,0,0,0,0,0,0,0,0,0,0,0,1,77.90254809101175,15.0,normal
1,0.1,0,0,0,0,0,0,0,0,0,0,0,0,0,1,100.0,15.0,normal
4,0.35,0,0,0,0,0,0,0,1,0,0,0,0,0,0,75.18601007187283,0.0,malicious
0,0.08,0,0,0,0,0,0,0,0,0,0,0,0,0,0,100.0,0.0,normal
0,0.05,0,0,0,0,0,0,0,1,0,0,0,0,0,0,85.81616320388089,0.0,normal
4,0.35,0,0,0,0,0,0,0,1,0,1,0,0,0,0,81.61438938436663,0.0,malicious
2,0.35,0,0,0,0,0,0,0,0,0,0,0,0,0,0,81.40526973747238,0.0,malicious
0,0.1,0,0,0,0,0,0,0,0,1,0,0,0,0,1,100.0,15.0,normal
1,0.05,0,0,0,0,0,0,0,0,0,0,0,0,0,1,87.80892538559306,15.0,normal
0,0.08,0,0,0,0,0,0,0,0,0,0,0,0,1,0,90.43191365910269,30.0,normal
2,0.05,0,0,0,0,0,0,0,1,0,0,0,0,0,0,74.69268624886075,0.0,malicious
1,0.1,0,0,0,0,0,0,0,0,1,0,0,0,1,0,100.0,30.0,suspicious
0,0.08,0,0,0,0,0,0,0,0,1,0,0,0,0,0,68.04841532493842,0.0,normal
0,0.05,0,0,0,0,0,0,0,0,0,0,0,0,0,0,86.42781816670026,0.0,normal
2,0.1,0,0,0,0,0,0,0,0,1,0,0,0,0,0,92.79253131323227,0.0,suspicious
0,0.08,0,0,0,0,0,0,0,0,0,0,0,0,0,0,93.35545224883079,0.0,normal
2,0.1,0,0,0,0,0,0,0,0,1,0,0,1,0,0,99.89684358752702,60.0,malicious
1,0.5,0,1,0,0,0,0,0,1,0,1,0,0,0,0,81.89867202555149,0.0,malicious
0,0.9,0,0,1,0,0,0,0,0,0,0,0,0,0,1,77.94453687354769,15.0,malicious
0,0.05,0,0,0,0,0,0,0,0,0,0,0,0,0,0,84.61677425180511,0.0,normal
0,0.3,0,0,0,0,0,0,0,0,0,1,0,0,0,0,100.0,0.0,normal
0,0.05,0,0,0,0,0,0,0,0,0,0,0,0,0,1,81.0900384950636,15.0,normal
0,0.5,0,1,0,0,0,0,0,1,1,1,0,1,1,0,59.69496612045957,90.0,malicious
0,0.1,0,0,0,0,0,0,0,1,0,0,0,0,0,1,91.95858528307795,15.0,normal
0,0.08,0,0,0,0,0,0,0,0,1,0,0,0,0,0,76.60883207109819,0.0,normal
0,0.1,0,0,0,0,0,0,0,0,1,0,0,0,0,0,83.19188816629017,0.0,normal
0,0.1,0,0,0,0,0,0,0,0,1,0,0,0,0,1,99.6551050281399,15.0,normal
0,0.05,0,0,0,0,0,0,0,0,0,1,0,0,1,0,54.254921785189985,30.0,malicious
1,0.1,0,0,0,0,0,0,0,0,1,0,0,0,0,0,86.6867124848167,0.0,suspicious
1,0.1,0,0,0,0,0,0,0,0,1,0,0,0,0,0,81.73831907551724,0.0,normal
0,0.05,0,0,0,0,0,0,0,1,1,0,0,0,0,0,82.01761009043476,0.0,normal
0,0.1,0,0,0,0,0,0,0,0,0,0,0,0,0,0,57.572918772257324,0.0,normal
0,0.08,0,0,0,0,0,0,0,0,1,0,0,0,0,0,100.0,0.0,normal
1,0.1,0,0,0,0,0,0,0,0,1,0,0,0,0,1,69.63534773492117,15.0,malicious
0,0.1,0,0,0,0,0,0,0,0,1,0,0,0,0,1,73.55361632724701,15.0,normal
2,0.35,0,0,0,0,0,0,0,1,0,0,0,0,0,0,77.54551849844484,0.0,malicious
0,0.1,0,0,0,0,0,0,0,0,1,0,0,0,0,0,70.78491815026521,0.0,normal
0,0.05,0,0,0,0,0,0,0,0,0,0,0,0,1,0,89.57339948994505,30.0,normal
1,0.25,0,0,0,0,0,0,1,0,0,1,0,0,0,0,80.85303769755664,0.0,malicious
0,0.1,0,0,0,0,0,0,0,0,1,1,0,0,0,1,70.4622391548952,15.0,suspicious
0,0.05,0,0,0,0,0,0,0,0,0,1,0,0,0,0,99.43196837613941,0.0,normal
0,0.08,0,0,0,0,0,0,0,1,0,0,0,0,0,0,100.0,0.0,normal
1,0.25,0,0,0,0,0,0,1,0,0,0,0,0,0,0,80.41253723306697,0.0,normal
2,0.35,0,0,0,0,0,0,0,1,0,1,0,0,0,0,68.87087696709223,0.0,malicious
3,0.35,0,0,0,0,0,0,0,0,1,0,0,0,0,0,58.78645328322277,0.0,malicious
1,0.1,0,0,0,0,0,0,0,0,1,0,0,0,0,0,100.0,0.0,normal
2,0.1,0,0,0,0,0,0,0,0,0,0,0,0,0,0,72.17019820920112,0.0,normal
0,0.1,0,0,0,0,0,0,0,0,0,0,0,0,0,0,96.3128636418424,0.0,normal
1,0.35,0,0,0,0,0,0,0,0,0,1,0,0,0,0,78.84877939160312,0.0,suspicious
1,0.9,0,0,1,0,0,0,0,1,0,1,0,0,0,1,68.1234407280497,15.0,malicious
0,0.05,0,0,0,0,0,0,0,0,0,0,0,0,0,0,83.60248728765588,0.0,normal
2,0.05,0,0,0,0,0,0,0,0,0,1,0,0,0,0,86.63327950343918,0.0,malicious
2,0.05,0,0,0,0,0,0,0,0,0,0,0,1,0,0,97.57664114349973,60.0,suspicious
0,0.08,0,0,0,0,0,0,0,0,0,0,0,0,0,0,95.69961413320962,0.0,normal
2,0.25,0,0,0,0,0,0,1,1,0,0,0,0,0,0,100.0,0.0,suspicious
1,0.1,0,0,0,0,0,0,0,0,0,0,0,0,0,0,71.04507935595298,0.0,normal
3,0.08,0,0,0,0,0,0,0,0,0,0,0,1,0,0,100.0,60.0,malicious
0,0.85,1,0,0,0,0,0,0,0,0,0,0,0,0,1,98.7741598195131,15.0,suspicious
1,0.1,0,0,0,0,0,0,0,0,1,0,0,0,0,0,67.65300624159049,0.0,malicious
1,0.9,0,0,1,0,0,0,0,0,1,0,0,0,0,1,68.10718247732838,15.0,suspicious
1,0.1,0,0,0,0,0,0,0,0,1,0,0,1,0,0,100.0,60.0,suspicious
0,0.1,0,0,0,0,0,0,0,0,0,0,0,0,0,1,78.59473634608976,15.0,normal
4,0.35,0,0,0,0,0,0,0,0,1,0,0,0,0,0,49.93846468795216,0.0,malicious
0,0.05,0,0,0,0,0,0,0,0,0,0,0,0,0,1,71.66388842524191,15.0,normal
5,0.35,0,0,0,0,0,0,0,0,0,1,0,0,0,0,64.2227366009841,0.0,malicious
1,0.1,0,0,0,0,0,0,0,0,1,1,0,0,0,0,100.0,0.0,suspicious
1,0.55,0,0,0,0,1,0,0,1,1,1,0,1,0,0,70.46790705063206,60.0,malicious
1,0.05,0,0,0,0,0,0,0,0,1,0,0,0,0,0,83.90189031692013,0.0,normal
0,0.5,0,1,0,0,0,0,0,1,0,1,1,0,1,0,63.49525919695723,100.0,malicious
1,0.05,0,0,0,0,0,0,0,1,0,0,0,0,0,0,92.5338018832143,0.0,normal
1,0.05,0,0,0,0,0,0,0,0,0,0,0,1,0,0,79.9018342274232,60.0,malicious
0,0.1,0,0,0,0,0,0,0,0,0,0,0,0,0,0,83.48231587116669,0.0,normal
0,0.5,0,1,0,0,0,0,0,0,0,0,0,0,0,0,69.95684249519242,0.0,suspicious
1,0.35,0,0,0,0,0,0,0,0,1,0,0,0,0,0,54.23280210246244,0.0,suspicious
1,0.25,0,0,0,0,0,0,1,0,0,1,0,0,0,0,99.25286245032171,0.0,normal
4,0.35,0,0,0,0,0,0,0,0,0,1,0,0,0,1,80.64849915396405,15.0,malicious
1,0.1,0,0,0,0,0,0,0,0,0,0,0,0,0,0,84.77362711323207,0.0,normal
0,0.08,0,0,0,0,0,0,0,0,0,0,0,0,0,0,98.04079685063586,0.0,normal
0,0.05,0,0,0,0,0,0,0,0,0,0,0,1,1,1,62.88227683756209,100.0,suspicious
0,0.1,0,0,0,0,0,0,0,0,1,0,0,0,0,1,76.23580053658247,15.0,normal
0,0.08,0,0,0,0,0,0,0,1,0,0,0,0,0,0,99.19120351868182,0.0,normal
0,0.08,0,0,0,0,0,0,0,0,0,0,0,0,0,0,54.00083131101125,0.0,normal
0,0.08,0,0,0,0,0,0,0,0,1,0,0,0,0,0,70.92890255834038,0.0,normal
4,0.35,0,0,0,0,0,0,0,0,1,1,0,0,0,0,64.14021981629642,0.0,malicious
0,0.25,0,0,0,0,0,0,1,0,1,1,0,0,0,0,85.15268566940931,0.0,normal
2,0.05,0,0,0,0,0,0,0,0,1,0,0,1,0,0,100.0,60.0,malicious
0,0.1,0,0,0,0,0,0,0,0,0,0,0,0,0,0,90.17741084354891,0.0,normal
2,0.35,0,0,0,0,0,0,0,1,0,1,0,0,0,0,63.212422696077,0.0,malicious
0,0.08,0,0,0,0,0,0,0,0,0,0,0,0,0,0,78.02169091878756,0.0,normal
0,0.1,0,0,0,0,0,0,0,0,0,0,0,0,0,0,83.98784120956061,0.0,normal
1,0.08,0,0,0,0,0,0,0,1,0,0,0,0,0,0,86.9952675721793,0.0,normal
1,0.1,0,0,0,0,0,0,0,1,1,0,0,0,1,0,63.276414173082415,30.0,malicious
1,0.1,0,0,0,0,0,0,0,0,0,0,0,0,0,0,100.0,0.0,normal
4,0.35,0,0,0,0,0,0,0,0,0,0,0,0,0,1,67.23217213245722,15.0,suspicious
1,0.08,0,0,0,0,0,0,0,0,0,0,0,0,0,0,100.0,0.0,normal
4,0.35,0,0,0,0,0,0,0,0,0,0,0,0,0,1,67.62098300944243,15.0,malicious
0,0.1,0,0,0,0,0,0,0,0,0,0,0,0,0,0,88.26832058536453,0.0,normal
0,0.1,0,0,0,0,0,0,0,0,0,0,0,0,0,0,82.52183645089313,0.0,normal
1,0.05,0,0,0,0,0,0,0,0,0,0,0,0,0,0,86.97068381626553,0.0,normal
0,0.05,0,0,0,0,0,0,0,0,0,0,0,0,0,0,98.06535512972034,0.0,normal
6,0.35,0,0,0,0,0,0,0,1,0,1,0,1,0,0,76.91392807946664,60.0,malicious
0,0.05,0,0,0,0,0,0,0,0,0,0,0,0,0,0,100.0,0.0,normal
1,0.1,0,0,0,0,0,0,0,0,1,0,0,0,0,0,84.91568173018855,0.0,normal
0,0.1,0,0,0,0,0,0,0,1,1,0,0,0,0,0,82.36560349459226,0.0,normal
0,0.08,0,0,0,0,0,0,0,0,0,0,0,0,0,0,81.30321894944014,0.0,normal
0,0.08,0,0,0,0,0,0,0,0,0,0,0,0,0,0,73.79760439672964,0.0,normal
0,0.45,0,0,0,0,0,1,0,1,0,1,0,0,0,0,71.68701598882421,0.0,malicious
1,0.85,1,0,0,0,0,0,0,1,1,0,0,0,0,0,64.0069196200415,0.0,malicious
0,0.08,0,0,0,0,0,0,0,1,0,0,0,1,0,1,86.46277310043574,75.0,normal
0,0.08,0,0,0,0,0,0,0,0,0,0,0,0,0,0,74.03162716077873,0.0,normal
0,0.1,0,0,0,0,0,0,0,1,0,0,0,0,0,0,100.0,0.0,normal
1,0.1,0,0,0,0,0,0,0,0,1,0,0,0,0,1,89.46696524803892,15.0,suspicious
0,0.85,1,0,0,0,0,0,0,0,0,1,0,0,0,0,85.33100475682855,0.0,malicious
1,0.1,0,0,0,0,0,0,0,0,0,0,0,0,0,0,70.65201702262374,0.0,normal
1,0.08,0,0,0,0,0,0,0,0,1,0,0,0,0,0,84.91313374707019,0.0,normal
1,0.3,0,0,0,0,0,0,0,1,0,0,0,1,0,0,66.54427352570275,60.0,malicious
0,0.1,0,0,0,0,0,0,0,0,0,0,0,0,0,0,98.57665769397337,0.0,normal
0,0.08,0,0,0,0,0,0,0,1,0,0,0,0,1,1,100.0,45.0,normal
1,0.45,0,0,0,0,0,1,0,0,1,0,0,0,0,0,100.0,0.0,suspicious
1,0.05,0,0,0,0,0,0,0,1,0,0,0,0,0,0,62.33099849078085,0.0,malicious
0,0.45,0,0,0,0,0,1,0,0,0,0,0,0,0,0,95.2313116956188,0.0,normal
0,0.9,0,0,1,0,0,0,0,0,0,0,0,0,0,0,63.99338208807736,0.0,malicious
1,0.25,0,0,0,0,0,0,1,0,0,0,1,0,1,0,83.49423823544771,100.0,malicious
2,0.08,0,0,0,0,0,0,0,0,0,0,0,0,0,0,90.8375753844692,0.0,suspicious
0,0.05,0,0,0,0,0,0,0,0,0,0,0,0,0,0,86.23299472428357,0.0,normal
2,0.05,0,0,0,0,0,0,0,1,0,0,0,0,0,0,79.30161079493487,0.0,suspicious
1,0.05,0,0,0,0,0,0,0,0,0,0,0,0,0,1,100.0,15.0,normal
0,0.1,0,0,0,0,0,0,0,1,1,0,0,0,0,0,89.21903615423936,0.0,normal
0,0.08,0,0,0,0,0,0,0,0,0,0,0,0,0,0,82.91913365029674,0.0,normal
0,0.1,0,0,0,0,0,0,0,0,1,0,0,0,0,0,83.02936255565842,0.0,normal
1,0.05,0,0,0,0,0,0,0,0,0,0,0,0,0,0,87.02717116804119,0.0,normal
0,0.55,0,0,0,0,1,0,0,1,1,0,0,0,0,0,59.613003951119936,0.0,suspicious
0,0.1,0,0,0,0,0,0,0,1,0,0,0,0,0,0,74.22036832000775,0.0,normal
0,0.45,0,0,0,0,0,1,0,1,1,1,0,1,0,0,65.23435799753194,60.0,malicious
0,0.08,0,0,0,0,0,0,0,0,0,0,0,0,0,0,85.36941085366337,0.0,normal
0,0.1,0,0,0,0,0,0,0,0,0,0,0,0,0,0,100.0,0.0,normal
0,0.1,0,0,0,0,0,0,0,0,1,0,0,0,0,0,89.12339532947021,0.0,normal
1,0.25,0,0,0,0,0,0,1,0,1,1,0,0,0,0,71.50512916425464,0.0,malicious
1,0.55,0,0,0,0,1,0,0,1,0,0,0,0,0,0,73.66040798075157,0.0,malicious
1,0.1,0,0,0,0,0,0,0,0,0,0,0,0,0,1,78.63097026972387,15.0,suspicious
0,0.05,0,0,0,0,0,0,0,0,0,0,0,0,0,0,81.68144375090169,0.0,normal
0,0.1,0,0,0,0,0,0,0,0,0,0,0,0,0,0,77.33793930780296,0.0,normal
0,0.05,0,0,0,0,0,0,0,1,0,0,0,0,0,0,100.0,0.0,normal
0,0.1,0,0,0,0,0,0,0,0,0,0,0,0,0,0,100.0,0.0,normal
0,0.1,0,0,0,0,0,0,0,0,1,0,0,0,0,0,100.0,0.0,normal
0,0.05,0,0,0,0,0,0,0,0,0,0,0,0,0,0,90.67486961967936,0.0,normal
0,0.05,0,0,0,0,0,0,0,1,0,0,0,0,0,0,71.58886969031859,0.0,normal
1,0.1,0,0,0,0,0,0,0,0,0,1,0,1,0,0,89.55440186705886,60.0,malicious
6,0.35,0,0,0,0,0,0,0,1,0,1,0,1,0,0,81.08688304848619,60.0,malicious
0,0.25,0,0,0,0,0,0,1,0,1,0,0,1,1,0,84.17642190335324,90.0,malicious
0,0.45,0,0,0,0,0,1,0,0,1,0,0,0,0,0,61.30807428116071,0.0,suspicious
1,0.1,0,0,0,0,0,0,0,0,0,0,0,0,0,0,80.47359723031694,0.0,normal
0,0.45,0,0,0,0,0,1,0,1,0,0,0,0,0,0,96.57917251668971,0.0,normal
4,0.35,0,0,0,0,0,0,0,1,0,1,0,0,1,0,66.6862290847152,30.0,malicious
0,0.9,0,0,1,0,0,0,0,1,1,0,0,0,0,1,72.06176736426839,15.0,malicious
2,0.35,0,0,0,0,0,0,0,0,1,0,0,0,0,1,78.0765192387196,15.0,malicious
1,0.45,0,0,0,0,0,1,0,0,0,0,0,0,0,0,77.112718035607,0.0,suspicious
0,0.1,0,0,0,0,0,0,0,0,1,0,0,0,0,0,68.01459084708165,0.0,normal
2,0.3,0,0,0,0,0,0,0,0,1,0,0,0,0,0,83.34462142979926,0.0,malicious
0,0.08,0,0,0,0,0,0,0,0,0,0,0,0,0,0,95.52546092966004,0.0,normal
0,0.08,0,0,0,0,0,0,0,0,0,0,0,0,0,0,100.0,0.0,normal
0,0.05,0,0,0,0,0,0,0,0,0,0,0,0,1,0,100.0,30.0,normal
0,0.05,0,0,0,0,0,0,0,0,0,0,0,0,0,0,81.29433558359715,0.0,normal
0,0.08,0,0,0,0,0,0,0,0,0,0,0,0,0,0,78.26518152271879,0.0,normal
2,0.08,0,0,0,0,0,0,0,0,0,0,0,0,1,0,91.69564457708793,30.0,suspicious
0,0.25,0,0,0,0,0,0,1,1,0,1,0,0,0,0,92.00454657100383,0.0,normal
2,0.05,0,0,0,0,0,0,0,0,0,0,0,0,0,0,68.38686604162427,0.0,suspicious
1,0.3,0,0,0,0,0,0,0,0,1,0,0,0,0,0,70.01206392113144,0.0,malicious
0,0.9,0,0,1,0,0,0,0,1,1,0,0,0,0,0,64.93981216808167,0.0,malicious
0,0.25,0,0,0,0,0,0,1,1,0,0,0,0,0,0,80.36332577561174,0.0,normal
1,0.1,0,0,0,0,0,0,0,0,1,0,0,0,0,0,94.31275308588505,0.0,normal
2,0.35,0,0,0,0,0,0,0,1,1,0,0,0,0,0,75.59840521651172,0.0,malicious
0,0.05,0,0,0,0,0,0,0,0,0,0,0,0,0,0,96.89808210843128,0.0,normal
0,0.45,0,0,0,0,0,1,0,1,0,0,0,1,0,0,100.0,60.0,normal
0,0.05,0,0,0,0,0,0,0,0,0,1,0,0,0,0,65.76720776930097,0.0,normal
2,0.45,0,0,0,0,0,1,0,1,1,0,0,0,0,0,78.07701298406319,0.0,malicious
1,0.1,0,0,0,0,0,0,0,0,0,0,0,1,0,0,77.23467625205434,60.0,malicious
2,0.25,0,0,0,0,0,0,1,0,0,0,0,0,0,0,59.20626233974622,0.0,suspicious
1,0.3,0,0,0,0,0,0,0,0,0,0,0,0,0,0,72.27167256368458,0.0,suspicious
0,0.08,0,0,0,0,0,0,0,0,0,0,0,0,0,0,94.2509158238219,0.0,normal
1,0.08,0,0,0,0,0,0,0,0,0,0,0,0,0,0,90.30385161663662,0.0,normal
1,0.1,0,0,0,0,0,0,0,1,0,0,0,0,0,0,86.94628297194042,0.0,normal
3,0.35,0,0,0,0,0,0,0,0,1,1,0,0,0,1,65.7828755536843,15.0,malicious
2,0.5,0,1,0,0,0,0,0,0,0,0,0,0,0,0,53.63959858898582,0.0,malicious
0,0.5,0,1,0,0,0,0,0,0,1,0,0,0,0,0,51.63015369483571,0.0,malicious
1,0.1,0,0,0,0,0,0,0,1,0,0,0,0,0,0,91.78506357460638,0.0,normal
0,0.1,0,0,0,0,0,0,0,1,1,0,0,0,0,0,81.71505891587945,0.0,normal
0,0.08,0,0,0,0,0,0,0,0,0,0,0,0,0,0,87.28786167447599,0.0,normal
1,0.05,0,0,0,0,0,0,0,0,0,0,0,0,0,0,91.55277534628061,0.0,normal
8,0.35,0,0,0,0,0,0,0,0,1,0,0,0,0,0,67.28599366055916,0.0,malicious
0,0.05,0,0,0,0,0,0,0,0,0,0,0,0,0,0,77.04113007225688,0.0,normal
0,0.05,0,0,0,0,0,0,0,0,0,0,0,1,0,1,78.2438282795489,75.0,normal
0,0.05,0,0,0,0,0,0,0,0,0,1,0,0,1,0,96.98636796719165,30.0,normal
1,0.1,0,0,0,0,0,0,0,0,0,0,0,1,0,0,70.82277176292808,60.0,suspicious
0,0.08,0,0,0,0,0,0,0,0,0,0,0,0,0,0,64.8273393855091,0.0,normal
1,0.1,0,0,0,0,0,0,0,0,0,0,0,0,0,0,88.13798051372456,0.0,normal
0,0.55,0,0,0,0,1,0,0,0,0,1,0,0,0,0,63.03660977179151,0.0,malicious
0,0.1,0,0,0,0,0,0,0,0,1,0,0,0,0,0,81.62360161873319,0.0,normal
1,0.3,0,0,0,0,0,0,0,1,1,1,0,0,0,0,89.53021015559604,0.0,malicious
0,0.3,0,0,0,0,0,0,0,0,0,0,0,0,0,0,84.08839125420447,0.0,normal
0,0.1,0,0,0,0,0,0,0,0,0,0,0,0,0,0,87.79898009658636,0.0,normal
1,0.55,0,0,0,0,1,0,0,1,0,0,0,0,0,0,62.58851808175859,0.0,malicious
0,0.3,0,0,0,0,0,0,0,0,1,1,0,0,0,0,73.80430757836939,0.0,malicious
1,0.1,0,0,0,0,0,0,0,1,0,0,0,0,0,0,95.33941830203055,0.0,normal
0,0.08,0,0,0,0,0,0,0,0,0,0,0,0,0,0,67.39384207385297,0.0,normal
1,0.05,0,0,0,0,0,0,0,0,0,1,0,0,0,0,96.0359628054087,0.0,normal
0,0.05,0,0,0,0,0,0,0,1,0,0,0,0,0,0,79.10269485986565,0.0,normal
0,0.08,0,0,0,0,0,0,0,0,0,0,0,0,0,0,92.50228864931779,0.0,normal
2,0.05,0,0,0,0,0,0,0,0,0,0,0,0,0,0,81.63878413418956,0.0,normal
0,0.05,0,0,0,0,0,0,0,0,0,0,0,0,0,0,85.19606649056203,0.0,normal
1,0.08,0,0,0,0,0,0,0,1,0,0,0,0,0,0,63.281994892771735,0.0,suspicious
0,0.1,0,0,0,0,0,0,0,0,0,0,0,0,0,0,90.50465580658437,0.0,normal
0,0.08,0,0,0,0,0,0,0,1,0,1,0,0,0,0,99.8460564897886,0.0,normal
0,0.1,0,0,0,0,0,0,0,0,1,0,0,0,0,1,89.45163966887768,15.0,normal
0,0.05,0,0,0,0,0,0,0,0,0,0,0,0,0,1,91.612555853949,15.0,normal
1,0.9,0,0,1,0,0,0,0,0,0,0,0,0,0,1,61.106396595735944,15.0,malicious
0,0.08,0,0,0,0,0,0,0,0,0,0,0,0,0,0,75.36543709250242,0.0,normal
0,0.1,0,0,0,0,0,0,0,0,0,0,0,0,0,1,89.01817633904118,15.0,suspicious
1,0.08,0,0,0,0,0,0,0,0,0,0,0,0,0,1,97.27190730153553,15.0,normal
2,0.85,1,0,0,0,0,0,0,1,0,0,0,0,0,0,68.90965469551102,0.0,malicious
3,0.35,0,0,0,0,0,0,0,0,0,0,0,0,0,0,60.570367484703965,0.0,malicious
0,0.08,0,0,0,0,0,0,0,0,0,0,0,1,1,0,86.9761621285707,90.0,suspicious
0,0.45,0,0,0,0,0,1,0,0,0,1,0,0,0,0,100.0,0.0,normal
1,0.08,0,0,0,0,0,0,0,0,0,0,0,0,0,1,99.740039721802,15.0,normal
0,0.1,0,0,0,0,0,0,0,0,0,0,0,0,0,0,84.4275565618868,0.0,normal
0,0.08,0,0,0,0,0,0,0,0,0,1,0,0,0,0,80.3151352937699,0.0,normal
0,0.05,0,0,0,0,0,0,0,0,0,0,0,0,0,0,71.92510020394526,0.0,normal
0,0.25,0,0,0,0,0,0,1,0,0,0,0,0,0,1,80.80098138452236,15.0,normal
0,0.05,0,0,0,0,0,0,0,0,0,0,0,0,0,0,77.91370028242983,0.0,normal
0,0.3,0,0,0,0,0,0,0,0,0,1,0,0,0,0,90.34264180257998,0.0,normal
2,0.05,0,0,0,0,0,0,0,0,0,0,0,0,0,0,100.0,0.0,suspicious
0,0.25,0,0,0,0,0,0,1,1,1,1,0,0,0,0,69.29778891202619,0.0,malicious
6,0.35,0,0,0,0,0,0,0,0,0,1,0,0,0,0,93.00317892919603,0.0,malicious
1,0.08,0,0,0,0,0,0,0,0,0,0,0,0,0,0,89.42075214748219,0.0,normal
1,0.08,0,0,0,0,0,0,0,0,0,0,1,0,0,1,100.0,85.0,suspicious
0,0.1,0,0,0,0,0,0,0,1,0,0,0,0,0,0,70.09076287958878,0.0,normal
0,0.1,0,0,0,0,0,0,0,0,0,0,0,0,0,0,91.58291599869509,0.0,normal
1,0.35,0,0,0,0,0,0,0,1,0,0,0,0,0,0,64.36101164707384,0.0,malicious
0,0.1,0,0,0,0,0,0,0,1,1,0,0,0,0,0,84.55632091499648,0.0,normal
0,0.05,0,0,0,0,0,0,0,0,0,0,1,0,0,1,70.68889132914587,85.0,malicious
1,0.08,0,0,0,0,0,0,0,0,0,0,0,0,0,0,100.0,0.0,normal
0,0.1,0,0,0,0,0,0,0,0,1,0,0,0,0,0,77.59934573667631,0.0,normal
1,0.1,0,0,0,0,0,0,0,0,0,0,0,0,0,0,87.57389330983924,0.0,normal
1,0.05,0,0,0,0,0,0,0,0,0,0,0,0,1,0,85.01739943680973,30.0,suspicious
0,0.05,0,0,0,0,0,0,0,0,0,0,0,0,0,0,81.06799930471595,0.0,normal
0,0.08,0,0,0,0,0,0,0,0,0,1,0,0,0,1,80.49609286287988,15.0,suspicious
0,0.05,0,0,0,0,0,0,0,0,1,0,0,0,0,0,84.0394294133891,0.0,normal
1,0.25,0,0,0,0,0,0,1,1,0,1,0,0,0,0,90.67388238238908,0.0,malicious
1,0.08,0,0,0,0,0,0,0,1,0,0,0,0,0,0,73.56988909523217,0.0,normal
1,0.1,0,0,0,0,0,0,0,0,0,0,0,0,0,0,95.31066169812274,0.0,normal
0,0.05,0,0,0,0,0,0,0,0,0,0,0,0,0,1,69.49830244914921,15.0,normal
1,0.1,0,0,0,0,0,0,0,0,0,0,0,0,0,1,62.36719739934358,15.0,suspicious
3,0.35,0,0,0,0,0,0,0,0,0,0,0,0,0,0,58.964650418801114,0.0,malicious
0,0.05,0,0,0,0,0,0,0,0,0,0,0,0,0,1,93.91348252383317,15.0,normal
2,0.9,0,0,1,0,0,0,0,0,0,1,0,0,0,0,69.1472336947274,0.0,malicious
2,0.1,0,0,0,0,0,0,0,0,0,0,0,1,0,1,69.78363038243934,75.0,malicious
1,0.05,0,0,0,0,0,0,0,0,0,0,0,0,0,0,75.1297855461382,0.0,normal
2,0.1,0,0,0,0,0,0,0,0,1,0,0,0,0,0,84.36083524936298,0.0,suspicious
0,0.08,0,0,0,0,0,0,0,0,0,1,0,0,0,0,91.22903263162902,0.0,normal
0,0.9,0,0,1,0,0,0,0,0,1,1,0,0,0,0,86.0950330068184,0.0,malicious
0,0.1,0,0,0,0,0,0,0,0,1,1,0,0,1,0,100.0,30.0,normal
0,0.08,0,0,0,0,0,0,0,0,0,0,0,0,0,0,78.62255030813347,0.0,normal
0,0.25,0,0,0,0,0,0,1,0,0,1,0,0,0,0,76.77429503232443,0.0,normal
0,0.08,0,0,0,0,0,0,0,0,0,0,0,0,1,0,98.83372767274722,30.0,normal
4,0.35,0,0,0,0,0,0,0,1,0,0,0,0,1,0,75.99601274889481,30.0,malicious
1,0.05,0,0,0,0,0,0,0,0,1,0,0,0,0,0,65.6808511996234,0.0,normal
0,0.1,0,0,0,0,0,0,0,0,0,1,0,0,0,0,75.61626964952302,0.0,normal
0,0.05,0,0,0,0,0,0,0,0,0,0,0,0,0,1,100.0,15.0,normal
2,0.05,0,0,0,0,0,0,0,0,0,0,0,0,0,0,70.18194826351868,0.0,suspicious
1,0.08,0,0,0,0,0,0,0,0,0,0,0,0,0,0,79.80329640824672,0.0,normal
0,0.08,0,0,0,0,0,0,0,1,1,0,0,0,0,1,93.2054979842107,15.0,normal
0,0.9,0,0,1,0,0,0,0,0,0,0,0,0,0,0,90.60224756412853,0.0,suspicious
1,0.1,0,0,0,0,0,0,0,0,0,1,0,0,0,0,82.79491550618583,0.0,suspicious
1,0.08,0,0,0,0,0,0,0,0,1,0,0,0,0,0,64.19772129641541,0.0,suspicious
1,0.08,0,0,0,0,0,0,0,1,0,0,0,0,0,0,54.87230106245813,0.0,suspicious
2,0.55,0,0,0,0,1,0,0,0,1,0,0,0,0,0,86.33565414467618,0.0,malicious
1,0.1,0,0,0,0,0,0,0,0,0,0,0,0,0,0,61.47700828655119,0.0,normal
0,0.05,0,0,0,0,0,0,0,0,0,0,0,0,0,1,71.81320005713417,15.0,normal
0,0.1,0,0,0,0,0,0,0,0,0,0,0,0,0,0,92.5355362175238,0.0,normal
0,0.05,0,0,0,0,0,0,0,0,0,0,0,0,0,0,100.0,0.0,normal
1,0.1,0,0,0,0,0,0,0,0,0,0,0,0,0,0,90.84207004930212,0.0,normal
0,0.1,0,0,0,0,0,0,0,0,0,0,1,0,0,0,78.20715066811988,70.0,normal
1,0.08,0,0,0,0,0,0,0,0,1,0,0,0,0,1,69.91190008772828,15.0,normal
1,0.1,0,0,0,0,0,0,0,0,0,0,0,0,0,0,95.45068386520074,0.0,normal
0,0.1,0,0,0,0,0,0,0,0,1,0,0,0,0,1,88.36849297335843,15.0,normal
0,0.3,0,0,0,0,0,0,0,0,0,1,0,0,0,0,83.15358939785801,0.0,normal
4,0.35,0,0,0,0,0,0,0,0,1,0,0,0,0,0,41.09517535837195,0.0,malicious
0,0.3,0,0,0,0,0,0,0,0,1,0,0,0,0,0,100.0,0.0,normal
0,0.05,0,0,0,0,0,0,0,1,0,0,0,0,0,0,63.7864306254919,0.0,normal
0,0.35,0,0,0,0,0,0,0,0,0,0,0,0,0,0,72.94256141040648,0.0,normal
0,0.05,0,0,0,0,0,0,0,0,0,0,0,0,0,1,84.43070296933033,15.0,normal
0,0.1,0,0,0,0,0,0,0,0,0,0,0,0,0,0,98.79864198612869,0.0,normal
1,0.1,0,0,0,0,0,0,0,0,0,0,0,0,0,0,89.61059750370508,0.0,normal
1,0.25,0,0,0,0,0,0,1,0,0,0,0,1,0,1,95.01698352420459,75.0,malicious
1,0.25,0,0,0,0,0,0,1,1,0,1,0,0,0,1,77.74143456322317,15.0,malicious
1,0.35,0,0,0,0,0,0,0,0,1,0,0,0,0,0,49.14360502626688,0.0,suspicious
0,0.05,0,0,0,0,0,0,0,0,0,0,0,0,0,0,100.0,0.0,normal
1,0.25,0,0,0,0,0,0,1,0,1,0,0,0,0,0,89.72939524949525,0.0,suspicious
0,0.05,0,0,0,0,0,0,0,0,0,1,0,0,0,0,76.233857389206,0.0,normal
0,0.1,0,0,0,0,0,0,0,1,1,0,0,0,0,0,91.6434643570435,0.0,normal
1,0.05,0,0,0,0,0,0,0,0,0,0,0,0,0,0,91.15093256114788,0.0,normal
1,0.08,0,0,0,0,0,0,0,0,0,0,0,0,0,0,100.0,0.0,normal
0,0.3,0,0,0,0,0,0,0,1,0,1,0,0,0,0,97.59314767327982,0.0,normal
0,0.1,0,0,0,0,0,0,0,0,0,0,1,0,0,0,96.08913132740787,70.0,normal
0,0.1,0,0,0,0,0,0,0,0,0,0,0,0,0,0,77.47077382063185,0.0,normal
0,0.1,0,0,0,0,0,0,0,0,0,0,0,0,0,0,71.30163477189518,0.0,normal
2,0.35,0,0,0,0,0,0,0,1,0,1,0,0,0,0,78.36254609277401,0.0,malicious
0,0.1,0,0,0,0,0,0,0,0,0,0,0,0,0,0,72.95814778354169,0.0,normal
1,0.25,0,0,0,0,0,0,1,0,1,0,0,0,0,0,84.07704286229223,0.0,suspicious
0,0.1,0,0,0,0,0,0,0,0,1,0,0,0,0,1,81.20960160663928,15.0,normal
0,0.3,0,0,0,0,0,0,0,1,0,0,0,0,0,1,93.69249123241721,15.0,normal
0,0.3,0,0,0,0,0,0,0,0,1,0,0,0,0,0,70.38649286104788,0.0,normal
0,0.1,0,0,0,0,0,0,0,0,0,0,0,0,0,1,81.93468682261954,15.0,normal
1,0.05,0,0,0,0,0,0,0,0,0,0,0,0,0,0,86.39789635981907,0.0,normal
0,0.05,0,0,0,0,0,0,0,0,0,0,0,0,0,0,88.62369204855503,0.0,normal
1,0.25,0,0,0,0,0,0,1,0,1,0,0,0,0,0,92.80831853006615,0.0,suspicious
0,0.3,0,0,0,0,0,0,0,0,0,0,0,0,0,0,100.0,0.0,normal
0,0.1,0,0,0,0,0,0,0,0,0,0,0,0,0,1,84.90013706815178,15.0,normal
0,0.05,0,0,0,0,0,0,0,0,0,0,0,0,0,1,84.08513370390733,15.0,normal
0,0.1,0,0,0,0,0,0,0,0,1,0,0,0,0,0,88.64824857593301,0.0,normal
1,0.05,0,0,0,0,0,0,0,1,0,1,0,0,0,0,92.89907999811052,0.0,normal
0,0.85,1,0,0,0,0,0,0,0,1,0,0,0,0,0,78.43190512259139,0.0,malicious
0,0.1,0,0,0,0,0,0,0,0,0,0,0,0,0,0,100.0,0.0,normal
1,0.25,0,0,0,0,0,0,1,1,1,1,1,1,0,0,77.58564676724046,100.0,malicious
1,0.25,0,0,0,0,0,0,1,0,1,1,0,0,0,0,100.0,0.0,suspicious
0,0.1,0,0,0,0,0,0,0,0,0,0,0,0,0,0,92.98751397838274,0.0,normal
0,0.1,0,0,0,0,0,0,0,0,1,0,0,0,0,0,69.83558162185984,0.0,normal
0,0.08,0,0,0,0,0,0,0,0,0,0,0,0,0,1,68.65908071952452,15.0,normal
2,0.3,0,0,0,0,0,0,0,0,0,0,0,0,0,0,92.05628369937752,0.0,normal
0,0.1,0,0,0,0,0,0,0,0,1,0,1,0,0,1,81.76615431055035,85.0,suspicious
1,0.05,0,0,0,0,0,0,0,0,0,0,0,0,0,1,100.0,15.0,normal
0,0.08,0,0,0,0,0,0,0,0,0,0,0,0,0,0,69.97629895722723,0.0,normal
0,0.05,0,0,0,0,0,0,0,0,0,0,1,0,0,0,59.75112163390299,70.0,suspicious
0,0.55,0,0,0,0,1,0,0,1,0,0,0,0,0,1,55.31199387828002,15.0,malicious
0,0.05,0,0,0,0,0,0,0,0,0,0,0,0,0,0,89.55793045352735,0.0,normal
1,1.0,0,0,0,1,0,0,0,0,0,1,1,0,0,0,65.35905467513658,70.0,malicious
1,0.08,0,0,0,0,0,0,0,0,0,0,0,0,0,0,95.82304691111388,0.0,normal
3,0.35,0,0,0,0,0,0,0,1,0,0,0,0,0,0,36.540152937149855,0.0,malicious
0,0.1,0,0,0,0,0,0,0,0,1,0,0,0,1,1,95.07009887397679,45.0,normal
0,0.05,0,0,0,0,0,0,0,1,0,1,0,0,0,0,71.02946700281167,0.0,suspicious
0,0.05,0,0,0,0,0,0,0,0,0,0,0,1,0,1,89.69315327812103,75.0,normal
3,0.08,0,0,0,0,0,0,0,0,0,1,0,0,0,0,95.4700028769706,0.0,malicious
2,0.35,0,0,0,0,0,0,0,1,0,0,0,0,0,0,70.74572710326353,0.0,suspicious
1,0.1,0,0,0,0,0,0,0,0,1,0,0,0,0,1,100.0,15.0,normal
0,0.1,0,0,0,0,0,0,0,0,1,0,0,0,1,0,84.13670175000573,30.0,normal
1,0.05,0,0,0,0,0,0,0,0,0,0,0,0,0,0,90.56984200586982,0.0,normal
0,0.08,0,0,0,0,0,0,0,0,0,0,0,0,0,1,79.95255590589652,15.0,normal
0,0.1,0,0,0,0,0,0,0,0,0,0,0,0,0,0,97.19299729163808,0.0,normal
5,0.35,0,0,0,0,0,0,0,0,1,0,0,0,0,0,47.516359942586575,0.0,malicious
1,0.05,0,0,0,0,0,0,0,0,0,1,0,0,0,1,95.48161523897845,15.0,normal
1,0.05,0,0,0,0,0,0,0,0,0,0,0,0,0,0,79.97914656044964,0.0,normal
0,0.45,0,0,0,0,0,1,0,1,1,0,0,0,0,1,100.0,15.0,suspicious
1,0.1,0,0,0,0,0,0,0,0,1,0,0,0,0,1,69.3704109858287,15.0,suspicious
0,0.05,0,0,0,0,0,0,0,0,0,0,0,0,0,0,86.56690811393595,0.0,normal
2,0.35,0,0,0,0,0,0,0,1,1,0,0,0,0,0,58.36321826865786,0.0,malicious
0,0.08,0,0,0,0,0,0,0,0,0,0,0,0,0,1,53.56361393758624,15.0,normal
2,0.35,0,0,0,0,0,0,0,1,1,1,0,0,0,0,66.5368601999961,0.0,malicious
1,0.05,0,0,0,0,0,0,0,0,0,0,0,0,0,0,62.1046243554337,0.0,normal
1,0.05,0,0,0,0,0,0,0,0,0,0,0,0,0,0,94.70340696448389,0.0,normal
0,0.1,0,0,0,0,0,0,0,0,1,0,0,0,0,0,85.4119581136077,0.0,normal
1,0.3,0,0,0,0,0,0,0,1,0,1,0,0,1,0,100.0,30.0,suspicious
0,0.9,0,0,1,0,0,0,0,0,1,0,0,0,0,0,60.17477153848271,0.0,malicious
0,0.25,0,0,0,0,0,0,1,0,1,0,0,0,0,0,81.74501967968394,0.0,normal
2,0.05,0,0,0,0,0,0,0,0,0,0,0,0,0,1,85.81388678014844,15.0,normal
0,0.1,0,0,0,0,0,0,0,0,1,0,0,0,0,0,86.77469051153425,0.0,normal
2,0.08,0,0,0,0,0,0,0,0,0,0,0,1,0,0,89.68007868999626,60.0,suspicious
0,0.08,0,0,0,0,0,0,0,0,0,0,0,0,1,0,100.0,30.0,normal
0,0.9,0,0,1,0,0,0,0,0,0,0,0,0,0,0,50.61927952238193,0.0,malicious
0,0.55,0,0,0,0,1,0,0,1,0,0,1,1,0,0,48.24819566799581,100.0,malicious
0,0.05,0,0,0,0,0,0,0,0,0,0,0,0,0,1,99.34997883558391,15.0,normal
0,0.1,0,0,0,0,0,0,0,0,0,0,0,0,0,0,81.6132895573792,0.0,normal
1,0.08,0,0,0,0,0,0,0,0,0,0,0,0,0,1,82.01428135886889,15.0,suspicious
0,0.1,0,0,0,0,0,0,0,0,1,0,0,0,0,1,80.69553204291407,15.0,normal
5,0.35,0,0,0,0,0,0,0,0,0,0,0,0,0,1,59.94690928738869,15.0,malicious
1,0.1,0,0,0,0,0,0,0,0,1,1,0,0,0,0,100.0,0.0,suspicious
1,0.35,0,0,0,0,0,0,0,1,0,0,0,0,0,0,78.78948180798935,0.0,normal
0,0.08,0,0,0,0,0,0,0,1,0,0,0,0,1,0,88.80473280054869,30.0,normal
2,0.45,0,0,0,0,0,1,0,0,1,0,0,0,0,0,77.52891022055016,0.0,malicious
0,0.08,0,0,0,0,0,0,0,0,0,0,0,0,0,0,71.39336404714172,0.0,normal
0,0.05,0,0,0,0,0,0,0,0,0,1,0,0,0,0,61.93686729901125,0.0,normal
2,0.05,0,0,0,0,0,0,0,0,0,0,0,0,0,0,88.12322714831652,0.0,normal
0,0.3,0,0,0,0,0,0,0,0,0,0,0,0,0,1,92.98835989339888,15.0,normal
0,0.05,0,0,0,0,0,0,0,0,0,0,0,0,0,0,81.36840047699171,0.0,normal
0,0.1,0,0,0,0,0,0,0,0,1,1,0,0,0,0,86.48806763535383,0.0,normal
0,0.1,0,0,0,0,0,0,0,0,0,0,0,0,0,0,63.36556690961059,0.0,normal
0,0.25,0,0,0,0,0,0,1,0,0,0,0,0,0,0,73.56155612927046,0.0,normal
1,0.1,0,0,0,0,0,0,0,0,0,0,0,0,0,0,64.33464412121697,0.0,normal
0,0.45,0,0,0,0,0,1,0,0,0,1,1,0,0,0,89.23965093223786,70.0,malicious
0,0.08,0,0,0,0,0,0,0,1,0,0,1,0,0,0,81.64285293592594,70.0,malicious
0,0.05,0,0,0,0,0,0,0,0,0,0,0,0,0,1,87.39718703219154,15.0,normal
1,0.55,0,0,0,0,1,0,0,0,0,1,0,0,0,0,65.44064485184275,0.0,malicious
0,0.05,0,0,0,0,0,0,0,0,0,0,0,0,1,0,89.02549784071783,30.0,normal
0,0.08,0,0,0,0,0,0,0,0,0,0,0,0,0,1,83.8905545696847,15.0,normal
0,0.1,0,0,0,0,0,0,0,0,1,0,0,0,0,0,73.25664276130952,0.0,normal
0,0.1,0,0,0,0,0,0,0,0,1,1,0,0,0,0,69.26192346539361,0.0,normal
0,0.45,0,0,0,0,0,1,0,1,0,0,0,0,1,0,84.08975575714857,30.0,suspicious
0,0.08,0,0,0,0,0,0,0,0,0,0,0,0,0,0,93.75956824704248,0.0,normal
0,0.08,0,0,0,0,0,0,0,0,0,1,0,0,0,0,83.38394396955844,0.0,normal
1,0.3,0,0,0,0,0,0,0,0,0,1,0,0,0,0,88.56932321573285,0.0,normal
0,0.08,0,0,0,0,0,0,0,0,0,0,0,0,0,1,90.36797910632964,15.0,normal
0,0.45,0,0,0,0,0,1,0,0,0,1,0,0,0,0,75.13537035774661,0.0,normal
1,0.1,0,0,0,0,0,0,0,0,0,0,0,0,0,0,79.31571356148892,0.0,normal
1,0.08,0,0,0,0,0,0,0,0,0,0,0,0,0,0,99.10772994686522,0.0,normal
0,0.08,0,0,0,0,0,0,0,0,0,0,0,1,0,0,80.88584130621484,60.0,normal
1,0.55,0,0,0,0,1,0,0,0,0,1,0,0,0,0,81.01026016419316,0.0,malicious
0,0.1,0,0,0,0,0,0,0,0,0,0,0,0,0,0,77.12434241352751,0.0,normal
0,0.08,0,0,0,0,0,0,0,0,0,0,0,0,0,0,72.29492975547194,0.0,normal
0,0.1,0,0,0,0,0,0,0,0,0,0,0,1,0,0,82.8998208594416,60.0,normal
0,0.05,0,0,0,0,0,0,0,0,0,0,0,0,0,1,100.0,15.0,normal
2,0.08,0,0,0,0,0,0,0,0,0,0,0,0,0,0,77.29335452542026,0.0,malicious
0,0.1,0,0,0,0,0,0,0,0,0,0,0,1,0,0,90.67233449711502,60.0,normal
6,0.35,0,0,0,0,0,0,0,1,1,0,0,0,0,0,71.62009662571661,0.0,malicious
0,0.85,1,0,0,0,0,0,0,0,1,0,0,0,0,0,75.1631987767968,0.0,malicious
0,0.05,0,0,0,0,0,0,0,0,0,0,0,0,0,0,84.0092845108169,0.0,normal
0,0.08,0,0,0,0,0,0,0,0,0,0,0,0,0,0,63.29584230889172,0.0,normal
0,0.9,0,0,1,0,0,0,0,1,1,0,0,0,0,0,58.20536928055348,0.0,malicious
0,0.08,0,0,0,0,0,0,0,0,0,0,0,0,0,0,96.48391478663741,0.0,normal
0,0.1,0,0,0,0,0,0,0,0,1,0,0,1,0,1,87.70620669964516,75.0,suspicious
3,0.05,0,0,0,0,0,0,0,0,0,0,0,0,0,0,97.50321295425181,0.0,malicious
1,0.08,0,0,0,0,0,0,0,0,0,1,0,0,0,0,61.991412754746726,0.0,malicious
0,0.05,0,0,0,0,0,0,0,0,0,0,0,0,0,0,77.44569058623337,0.0,normal
1,0.05,0,0,0,0,0,0,0,0,0,0,0,0,0,0,88.4464304398031,0.0,normal
0,0.08,0,0,0,0,0,0,0,0,0,0,0,0,0,0,58.51009598977397,0.0,normal
3,0.08,0,0,0,0,0,0,0,1,0,0,0,0,0,1,71.99754960017069,15.0,malicious
2,0.08,0,0,0,0,0,0,0,0,0,1,0,0,0,0,95.026157860974,0.0,suspicious
0,0.08,0,0,0,0,0,0,0,0,0,0,0,0,0,0,100.0,0.0,normal
0,0.05,0,0,0,0,0,0,0,0,0,0,0,0,0,0,82.11898452620109,0.0,normal
1,0.08,0,0,0,0,0,0,0,1,0,0,0,0,0,0,62.77809761329137,0.0,suspicious
2,0.08,0,0,0,0,0,0,0,0,0,0,0,0,0,0,79.63829995246412,0.0,normal
4,0.35,0,0,0,0,0,0,0,1,0,1,0,1,0,0,86.56423888466593,60.0,malicious
0,0.55,0,0,0,0,1,0,0,0,0,1,0,0,0,1,80.64810368073111,15.0,malicious
0,0.08,0,0,0,0,0,0,0,0,0,1,0,0,0,0,86.9782234091059,0.0,normal
1,0.08,0,0,0,0,0,0,0,0,0,0,0,0,0,1,79.50307336432387,15.0,normal
2,0.55,0,0,0,0,1,0,0,0,0,0,0,0,0,0,68.27516420681135,0.0,malicious
1,0.1,0,0,0,0,0,0,0,0,1,0,0,0,0,0,89.26774660322191,0.0,normal
0,0.1,0,0,0,0,0,0,0,0,0,0,0,0,0,0,66.53245209115082,0.0,normal
3,0.25,0,0,0,0,0,0,1,1,0,0,0,0,0,0,76.35277304989737,0.0,malicious
1,0.1,0,0,0,0,0,0,0,0,0,0,0,0,0,0,96.16906949651718,0.0,normal
2,0.1,0,0,0,0,0,0,0,0,1,0,0,0,0,0,78.77822302496483,0.0,malicious
1,0.05,0,0,0,0,0,0,0,0,0,0,0,0,0,0,85.79883956868733,0.0,normal
0,0.55,0,0,0,0,1,0,0,0,0,0,0,1,0,0,51.86603570891383,60.0,malicious
1,0.55,0,0,0,0,1,0,0,0,0,0,0,0,0,0,68.9125654106565,0.0,malicious
1,0.05,0,0,0,0,0,0,0,0,0,0,0,0,1,0,92.26093264666542,30.0,suspicious
0,0.08,0,0,0,0,0,0,0,0,0,0,0,0,0,0,100.0,0.0,normal
1,0.08,0,0,0,0,0,0,0,0,0,0,0,0,0,1,100.0,15.0,suspicious
0,0.08,0,0,0,0,0,0,0,0,0,0,0,0,0,0,68.82665586852883,0.0,normal
0,0.08,0,0,0,0,0,0,0,0,0,0,0,0,0,0,73.0266292009373,0.0,normal
0,0.08,0,0,0,0,0,0,0,0,0,0,0,0,0,0,73.80359029079777,0.0,normal
4,0.35,0,0,0,0,0,0,0,0,0,1,0,1,0,1,65.18458353774923,75.0,malicious
1,0.05,0,0,0,0,0,0,0,0,0,0,0,0,0,0,80.87364523444552,0.0,normal
1,0.08,0,0,0,0,0,0,0,0,0,0,0,0,0,0,100.0,0.0,normal
0,0.08,0,0,0,0,0,0,0,0,0,0,0,0,0,0,79.68624372581233,0.0,normal
1,0.5,0,1,0,0,0,0,0,1,1,1,0,1,0,0,47.477454124139726,60.0,malicious
1,0.05,0,0,0,0,0,0,0,0,0,0,0,1,0,0,74.71040469780739,60.0,suspicious
1,0.05,0,0,0,0,0,0,0,0,0,0,1,0,0,0,88.45910899374364,70.0,malicious
1,0.55,0,0,0,0,1,0,0,0,0,0,0,0,0,1,56.16445814513078,15.0,malicious
0,0.05,0,0,0,0,0,0,0,0,0,0,0,0,0,0,66.40083641415595,0.0,normal
0,0.1,0,0,0,0,0,0,0,0,1,0,0,0,0,1,67.0220141085154,15.0,suspicious
1,0.1,0,0,0,0,0,0,0,0,0,0,0,1,0,1,84.543539571901,75.0,suspicious
1,0.1,0,0,0,0,0,0,0,0,1,0,0,0,0,0,76.10902798469274,0.0,malicious
1,0.05,0,0,0,0,0,0,0,0,0,0,0,0,0,1,91.458873269033,15.0,normal
1,0.1,0,0,0,0,0,0,0,0,0,0,0,0,0,0,65.64923064066369,0.0,normal
0,0.05,0,0,0,0,0,0,0,0,0,0,0,0,0,0,92.05799434200297,0.0,normal
1,0.1,0,0,0,0,0,0,0,0,1,0,0,0,0,0,82.02604963112496,0.0,normal
0,0.08,0,0,0,0,0,0,0,1,0,0,0,0,0,0,100.0,0.0,normal
1,0.08,0,0,0,0,0,0,0,0,0,0,0,0,0,0,82.56015396198855,0.0,normal
3,0.3,0,0,0,0,0,0,0,1,0,1,0,0,0,0,85.99225261075964,0.0,malicious
0,0.08,0,0,0,0,0,0,0,1,0,0,0,0,0,0,87.64265083428515,0.0,normal
0,0.35,0,0,0,0,0,0,0,0,0,0,0,0,0,1,71.67893045197482,15.0,normal
0,0.1,0,0,0,0,0,0,0,0,0,0,0,0,0,0,100.0,0.0,normal
1,0.08,0,0,0,0,0,0,0,0,1,0,0,0,0,0,97.89591663095504,0.0,suspicious
0,0.55,0,0,0,0,1,0,0,0,1,0,0,0,0,0,77.44234687810714,0.0,malicious
0,0.08,0,0,0,0,0,0,0,0,1,1,0,0,0,0,86.91942558366473,0.0,normal
0,0.1,0,0,0,0,0,0,0,0,1,0,0,0,0,0,64.10691791491318,0.0,normal
1,0.08,0,0,0,0,0,0,0,0,0,0,0,0,0,1,89.15235010071933,15.0,normal
1,0.08,0,0,0,0,0,0,0,0,0,0,0,0,0,0,64.75089597973724,0.0,normal
2,0.55,0,0,0,0,1,0,0,0,1,1,0,0,0,1,71.0873109810905,15.0,malicious
2,0.05,0,0,0,0,0,0,0,0,0,0,0,0,0,0,80.2023474882014,0.0,normal
0,0.08,0,0,0,0,0,0,0,0,0,0,0,0,0,0,76.75586191605977,0.0,normal
0,0.08,0,0,0,0,0,0,0,0,1,0,0,0,0,0,97.22138956232871,0.0,normal
2,0.08,0,0,0,0,0,0,0,0,1,0,0,1,0,0,80.38174078947247,60.0,malicious
1,0.1,0,0,0,0,0,0,0,0,1,0,0,0,0,0,87.7484794430409,0.0,normal
0,0.05,0,0,0,0,0,0,0,0,0,1,0,0,0,0,77.38701830614822,0.0,normal
1,0.1,0,0,0,0,0,0,0,0,1,0,0,0,0,0,69.20338751869043,0.0,suspicious
1,0.08,0,0,0,0,0,0,0,0,0,0,0,0,1,0,98.6839778442237,30.0,normal
3,0.35,0,0,0,0,0,0,0,1,0,1,0,0,0,0,78.76193088679139,0.0,malicious
0,0.05,0,0,0,0,0,0,0,0,0,0,0,0,0,0,82.45173455263426,0.0,normal
0,0.1,0,0,0,0,0,0,0,0,0,0,0,0,0,0,76.55014143764292,0.0,normal
0,0.05,0,0,0,0,0,0,0,0,0,0,0,0,0,0,69.06500480782258,0.0,normal
0,0.55,0,0,0,0,1,0,0,1,1,0,0,0,0,0,66.44206422984568,0.0,suspicious
1,0.3,0,0,0,0,0,0,0,1,1,1,0,0,0,0,77.87254093272747,0.0,malicious
1,0.1,0,0,0,0,0,0,0,0,1,0,0,0,0,0,87.34078159047385,0.0,normal
0,0.05,0,0,0,0,0,0,0,0,0,0,0,0,0,1,80.55233541191868,15.0,normal
0,0.45,0,0,0,0,0,1,0,0,0,0,0,0,0,0,90.31462377542789,0.0,normal
0,0.1,0,0,0,0,0,0,0,0,0,0,0,0,0,0,68.23290359715105,0.0,normal
1,0.08,0,0,0,0,0,0,0,0,0,0,0,0,0,0,67.50607230430764,0.0,normal
0,0.08,0,0,0,0,0,0,0,0,0,0,0,0,0,0,85.1183709565906,0.0,normal
2,0.1,0,0,0,0,0,0,0,0,0,0,0,0,1,0,71.2628412073268,30.0,malicious
0,0.1,0,0,0,0,0,0,0,0,0,0,0,0,0,0,85.4415211909349,0.0,normal
0,0.1,0,0,0,0,0,0,0,0,1,0,0,0,0,0,92.34170913021558,0.0,normal
1,0.08,0,0,0,0,0,0,0,0,0,0,0,1,0,0,56.492383504497795,60.0,malicious
0,0.05,0,0,0,0,0,0,0,0,0,0,0,0,0,1,74.46891186480876,15.0,normal
0,0.08,0,0,0,0,0,0,0,1,0,0,0,0,0,0,65.41123176172664,0.0,normal
2,0.5,0,1,0,0,0,0,0,0,0,0,0,0,0,0,74.11106436558731,0.0,malicious
0,0.05,0,0,0,0,0,0,0,0,0,0,0,0,0,0,67.49775099470077,0.0,normal
0,0.08,0,0,0,0,0,0,0,0,0,1,0,0,0,0,83.2426117040427,0.0,normal
0,0.08,0,0,0,0,0,0,0,0,0,0,0,1,1,0,93.46138260350851,90.0,normal
0,0.05,0,0,0,0,0,0,0,0,0,0,1,0,0,0,89.01557131019396,70.0,suspicious
1,0.1,0,0,0,0,0,0,0,0,0,0,0,0,0,0,88.56082674095047,0.0,normal
4,0.35,0,0,0,0,0,0,0,0,0,0,0,0,0,0,71.94850145373111,0.0,malicious
0,0.05,0,0,0,0,0,0,0,0,0,0,0,0,0,0,97.77262848126213,0.0,normal
0,0.05,0,0,0,0,0,0,0,0,0,0,0,0,0,0,85.30917653342384,0.0,normal
1,0.5,0,1,0,0,0,0,0,0,0,0,0,0,1,1,67.9481032958813,45.0,suspicious
0,0.9,0,0,1,0,0,0,0,1,1,0,0,0,0,0,76.94332539322535,0.0,malicious
0,0.08,0,0,0,0,0,0,0,0,0,0,0,1,0,0,83.31103134086997,60.0,normal
1,0.08,0,0,0,0,0,0,0,1,0,0,0,0,0,0,80.440418829024,0.0,suspicious
1,0.05,0,0,0,0,0,0,0,0,0,0,0,1,0,0,84.97643932744484,60.0,suspicious
0,0.25,0,0,0,0,0,0,1,0,0,1,0,0,0,0,79.72317191698569,0.0,normal
2,0.9,0,0,1,0,0,0,0,0,0,0,0,0,0,0,55.358545066282915,0.0,malicious
2,0.35,0,0,0,0,0,0,0,0,0,0,0,0,0,0,70.42348723835113,0.0,malicious
1,1.0,0,0,0,1,0,0,0,0,0,0,0,0,0,0,64.36000696073009,0.0,malicious
0,0.1,0,0,0,0,0,0,0,0,0,0,0,0,0,0,84.56063093741045,0.0,normal
0,0.05,0,0,0,0,0,0,0,0,0,0,0,0,0,0,87.44394231705142,0.0,suspicious
0,0.85,1,0,0,0,0,0,0,0,1,1,0,1,0,0,70.64424599368353,60.0,malicious
0,0.08,0,0,0,0,0,0,0,0,0,0,0,0,0,0,79.59557872883339,0.0,normal
0,0.5,0,1,0,0,0,0,0,1,0,1,0,0,0,0,53.46195330670528,0.0,malicious
0,0.3,0,0,0,0,0,0,0,1,1,0,0,0,0,1,81.15018909042196,15.0,normal
0,0.08,0,0,0,0,0,0,0,0,0,0,0,0,0,0,85.72784831173887,0.0,normal
1,0.1,0,0,0,0,0,0,0,0,0,0,0,0,0,0,94.78418858977439,0.0,normal
1,0.1,0,0,0,0,0,0,0,1,0,0,0,0,0,0,82.34188953109832,0.0,normal
2,0.35,0,0,0,0,0,0,0,0,0,0,0,0,0,0,83.29569387434476,0.0,malicious
3,0.35,0,0,0,0,0,0,0,0,1,0,0,0,0,1,62.207216273113005,15.0,malicious
1,0.08,0,0,0,0,0,0,0,0,0,0,0,0,0,0,84.11204061451762,0.0,normal
1,0.05,0,0,0,0,0,0,0,0,0,0,0,0,0,1,100.0,15.0,normal
0,0.05,0,0,0,0,0,0,0,0,0,0,0,0,0,0,88.01528750076865,0.0,normal
1,0.08,0,0,0,0,0,0,0,0,0,0,0,1,0,0,85.87517317845852,60.0,suspicious
1,0.3,0,0,0,0,0,0,0,0,1,0,0,0,0,0,73.19194823937633,0.0,suspicious
2,0.1,0,0,0,0,0,0,0,0,0,0,0,0,1,0,81.57661642073383,30.0,malicious
0,0.1,0,0,0,0,0,0,0,0,0,0,0,0,0,0,65.52942622969144,0.0,normal
1,0.05,0,0,0,0,0,0,0,0,1,0,0,0,0,0,84.87033663163162,0.0,suspicious
0,0.08,0,0,0,0,0,0,0,0,0,0,0,0,0,0,74.3516697464629,0.0,normal
1,0.1,0,0,0,0,0,0,0,1,1,0,0,0,0,1,83.12357772246608,15.0,normal
0,0.05,0,0,0,0,0,0,0,0,0,0,0,0,0,0,87.21239040610917,0.0,normal
0,0.08,0,0,0,0,0,0,0,0,0,0,0,0,0,0,77.18462223602697,0.0,normal
2,0.08,0,0,0,0,0,0,0,0,0,0,0,0,1,0,83.86242694007835,30.0,malicious
1,0.1,0,0,0,0,0,0,0,1,0,0,0,0,0,0,78.44681538399922,0.0,malicious
2,0.1,0,0,0,0,0,0,0,0,0,0,0,0,0,0,86.78444490816844,0.0,normal
1,1.0,0,0,0,1,0,0,0,1,0,1,0,0,0,0,52.817599579766316,0.0,malicious
0,0.05,0,0,0,0,0,0,0,0,0,0,0,0,0,0,78.9892683226676,0.0,normal
1,0.1,0,0,0,0,0,0,0,0,0,0,0,0,0,0,74.90663319222045,0.0,normal
4,0.35,0,0,0,0,0,0,0,0,1,1,0,0,0,0,54.53283095343162,0.0,malicious
0,0.08,0,0,0,0,0,0,0,0,0,0,0,0,0,0,77.66693066508815,0.0,normal
0,0.5,0,1,0,0,0,0,0,0,0,0,0,0,0,0,61.23797265026182,0.0,suspicious
0,0.05,0,0,0,0,0,0,0,0,0,0,0,0,0,0,68.68593253933682,0.0,normal
3,0.35,0,0,0,0,0,0,0,0,0,1,0,0,0,0,82.26426381931245,0.0,malicious
1,0.1,0,0,0,0,0,0,0,0,0,0,0,0,1,0,93.40901455900325,30.0,suspicious
2,0.3,0,0,0,0,0,0,0,0,1,0,0,0,1,0,79.34293997878777,30.0,malicious
1,0.5,0,1,0,0,0,0,0,0,0,0,0,0,0,0,58.686628517633004,0.0,malicious
0,0.85,1,0,0,0,0,0,0,0,0,1,0,0,0,0,72.38713981611616,0.0,malicious
1,0.1,0,0,0,0,0,0,0,0,0,0,0,0,0,0,86.59620387575254,0.0,normal
1,0.25,0,0,0,0,0,0,1,0,0,1,0,0,0,0,77.93141757649019,0.0,suspicious
0,0.08,0,0,0,0,0,0,0,0,0,0,0,0,0,1,67.21889759140983,15.0,normal
0,0.1,0,0,0,0,0,0,0,1,0,0,0,0,0,0,99.26481464012646,0.0,normal
0,0.1,0,0,0,0,0,0,0,0,0,0,0,0,0,0,84.1057486980823,0.0,normal
0,0.45,0,0,0,0,0,1,0,0,0,1,0,0,0,0,69.39836248517881,0.0,malicious
1,0.08,0,0,0,0,0,0,0,0,1,0,0,0,0,0,68.6908325429944,0.0,suspicious
0,0.1,0,0,0,0,0,0,0,0,0,0,0,0,0,0,83.99364583792962,0.0,normal
1,0.1,0,0,0,0,0,0,0,0,0,0,0,0,0,1,72.12773933865452,15.0,normal
0,0.1,0,0,0,0,0,0,0,0,0,0,0,1,0,0,76.68215474113653,60.0,normal
2,0.35,0,0,0,0,0,0,0,1,0,0,0,0,0,1,77.7145461866015,15.0,malicious
0,0.1,0,0,0,0,0,0,0,0,0,0,0,0,0,0,95.39469358853798,0.0,normal
0,0.1,0,0,0,0,0,0,0,0,1,0,0,0,0,0,100.0,0.0,normal
0,0.1,0,0,0,0,0,0,0,0,0,0,0,0,0,0,85.18811547242811,0.0,normal
2,0.08,0,0,0,0,0,0,0,0,0,0,0,0,0,0,84.68389501995,0.0,suspicious
0,0.1,0,0,0,0,0,0,0,0,0,0,0,0,0,0,83.84763836856573,0.0,normal
0,0.08,0,0,0,0,0,0,0,0,0,0,0,0,0,0,85.6020386664808,0.0,normal
0,0.3,0,0,0,0,0,0,0,0,0,0,0,0,0,0,84.19326087764719,0.0,normal
0,1.0,0,0,0,1,0,0,0,0,0,1,0,0,0,0,72.40643505862987,0.0,malicious
2,0.08,0,0,0,0,0,0,0,0,0,0,0,0,0,0,99.55157254834288,0.0,normal
2,0.35,0,0,0,0,0,0,0,0,1,0,0,0,0,0,52.731165704983496,0.0,malicious
1,0.08,0,0,0,0,0,0,0,0,0,0,0,0,0,0,85.79930635464301,0.0,normal
2,0.05,0,0,0,0,0,0,0,0,0,0,0,0,0,1,92.66485431049199,15.0,suspicious
0,0.9,0,0,1,0,0,0,0,0,1,0,0,0,0,0,89.53179038291081,0.0,malicious
0,0.3,0,0,0,0,0,0,0,1,1,1,0,0,0,1,85.0795249385785,15.0,malicious
1,0.1,0,0,0,0,0,0,0,0,0,0,0,0,0,0,98.207269486702,0.0,normal
0,0.1,0,0,0,0,0,0,0,0,1,0,0,0,0,0,89.25750590929137,0.0,normal
0,0.05,0,0,0,0,0,0,0,0,0,0,0,0,0,1,94.25535834077314,15.0,normal
1,0.05,0,0,0,0,0,0,0,0,0,0,0,0,0,0,100.0,0.0,normal
0,0.25,0,0,0,0,0,0,1,0,0,1,0,0,0,1,100.0,15.0,normal
0,0.08,0,0,0,0,0,0,0,0,0,0,0,0,0,0,90.61037286830684,0.0,normal
1,0.08,0,0,0,0,0,0,0,0,0,0,0,0,0,0,82.1122294718194,0.0,normal
1,0.08,0,0,0,0,0,0,0,0,1,0,1,0,0,1,68.89160951216131,85.0,malicious
0,0.1,0,0,0,0,0,0,0,0,0,0,0,0,0,1,64.06473716672241,15.0,normal
1,0.05,0,0,0,0,0,0,0,1,0,0,0,0,0,1,85.75198510276984,15.0,suspicious
2,0.25,0,0,0,0,0,0,1,0,0,1,0,0,0,0,70.65019862131547,0.0,malicious
0,0.1,0,0,0,0,0,0,0,0,1,0,0,0,0,1,100.0,15.0,normal
0,0.08,0,0,0,0,0,0,0,1,0,0,0,0,0,0,48.67334797581023,0.0,suspicious
1,0.08,0,0,0,0,0,0,0,0,0,0,0,1,0,0,97.47117821705484,60.0,normal
1,0.08,0,0,0,0,0,0,0,1,1,0,0,0,0,0,80.4528962013881,0.0,normal
0,0.9,0,0,1,0,0,0,0,0,1,1,0,0,1,0,86.944541255672,30.0,malicious
0,0.45,0,0,0,0,0,1,0,0,1,1,0,0,0,0,100.0,0.0,suspicious
1,0.08,0,0,0,0,0,0,0,0,0,0,0,0,0,0,74.20790167847896,0.0,normal
0,0.08,0,0,0,0,0,0,0,0,0,0,0,0,0,0,71.62404775096623,0.0,normal
0,0.1,0,0,0,0,0,0,0,0,0,0,0,0,0,0,86.31731761745792,0.0,normal
0,0.25,0,0,0,0,0,0,1,1,0,1,0,1,0,0,75.23967734648326,60.0,malicious
2,0.1,0,0,0,0,0,0,0,0,1,0,0,0,0,0,92.97414233885232,0.0,suspicious
0,0.1,0,0,0,0,0,0,0,0,1,0,0,0,0,0,90.95205924505066,0.0,normal
0,0.08,0,0,0,0,0,0,0,0,0,0,0,0,0,0,80.55673877755754,0.0,normal
0,0.05,0,0,0,0,0,0,0,1,0,0,0,1,0,0,77.06796738305844,60.0,suspicious
1,0.05,0,0,0,0,0,0,0,0,0,0,0,0,0,0,92.83155844467332,0.0,normal
1,0.05,0,0,0,0,0,0,0,0,0,0,0,0,0,0,61.37043174619715,0.0,normal
0,0.1,0,0,0,0,0,0,0,0,0,0,0,0,0,0,100.0,0.0,normal
2,0.35,0,0,0,0,0,0,0,0,0,0,0,0,0,0,54.45687746348858,0.0,malicious
0,0.08,0,0,0,0,0,0,0,0,0,0,1,0,0,0,66.11536348579128,70.0,normal
0,0.3,0,0,0,0,0,0,0,1,0,0,0,0,0,0,73.12738799679587,0.0,normal
0,0.55,0,0,0,0,1,0,0,0,1,1,1,0,0,0,56.830681459630824,70.0,malicious
1,0.1,0,0,0,0,0,0,0,1,0,0,0,0,0,1,89.48926819347685,15.0,suspicious
1,0.05,0,0,0,0,0,0,0,0,0,0,0,0,0,0,92.11181777224745,0.0,suspicious
0,0.08,0,0,0,0,0,0,0,0,0,0,0,0,0,0,77.48971344090796,0.0,normal
1,0.05,0,0,0,0,0,0,0,1,0,0,0,0,0,0,100.0,0.0,normal
0,0.05,0,0,0,0,0,0,0,1,1,1,0,0,0,0,77.14834325775195,0.0,suspicious
0,0.05,0,0,0,0,0,0,0,0,0,0,0,0,0,0,67.43661127015264,0.0,normal
0,0.45,0,0,0,0,0,1,0,0,1,0,0,0,0,0,75.7190188007907,0.0,suspicious
1,0.05,0,0,0,0,0,0,0,1,0,0,0,0,0,0,85.94114875483092,0.0,normal
1,0.25,0,0,0,0,0,0,1,0,0,1,1,0,0,1,76.30479547200183,85.0,malicious
0,0.05,0,0,0,0,0,0,0,0,0,0,0,0,0,1,65.9927385981452,15.0,normal
0,0.08,0,0,0,0,0,0,0,0,0,0,0,0,0,0,80.36303477372216,0.0,normal
1,0.05,0,0,0,0,0,0,0,0,0,0,0,0,0,0,85.37751036283873,0.0,normal
0,0.55,0,0,0,0,1,0,0,0,1,1,0,0,0,0,62.70262547580547,0.0,malicious
0,0.08,0,0,0,0,0,0,0,0,0,0,0,0,0,0,92.39045629861235,0.0,normal
0,0.1,0,0,0,0,0,0,0,0,0,0,0,0,0,0,96.68689647015098,0.0,normal
1,0.1,0,0,0,0,0,0,0,0,0,0,0,0,0,0,82.08947535072677,0.0,normal
1,0.25,0,0,0,0,0,0,1,0,1,0,1,0,0,0,87.95988198570106,70.0,malicious
0,0.35,0,0,0,0,0,0,0,0,0,1,0,0,0,0,66.23016332009351,0.0,suspicious
1,0.08,0,0,0,0,0,0,0,0,0,0,0,0,0,0,82.75925525791416,0.0,normal
1,0.05,0,0,0,0,0,0,0,0,0,0,0,0,0,0,86.40186906106231,0.0,normal
0,0.05,0,0,0,0,0,0,0,0,0,0,0,0,0,0,100.0,0.0,normal
0,0.1,0,0,0,0,0,0,0,0,1,0,0,0,0,1,94.52047892851037,15.0,normal
0,0.08,0,0,0,0,0,0,0,0,0,1,0,1,0,0,89.69501103527425,60.0,normal
0,0.25,0,0,0,0,0,0,1,1,0,1,0,0,0,0,82.68625412003274,0.0,normal
0,0.05,0,0,0,0,0,0,0,1,1,1,0,0,0,0,100.0,0.0,normal
5,0.35,0,0,0,0,0,0,0,1,0,1,0,1,0,0,68.63174985522967,60.0,malicious
0,0.08,0,0,0,0,0,0,0,0,0,1,0,1,0,0,81.52561173410874,60.0,suspicious
4,0.35,0,0,0,0,0,0,0,1,0,1,0,0,0,0,64.48512337141425,0.0,malicious
0,0.85,1,0,0,0,0,0,0,1,0,1,0,0,0,0,84.45130002894496,0.0,malicious
0,0.1,0,0,0,0,0,0,0,0,1,0,0,0,0,0,90.46684729337841,0.0,normal
0,0.08,0,0,0,0,0,0,0,0,0,0,0,0,0,0,86.22784242534324,0.0,normal
1,0.08,0,0,0,0,0,0,0,0,0,0,0,0,0,0,73.75617546247554,0.0,normal
0,0.08,0,0,0,0,0,0,0,0,0,0,0,0,0,0,71.29270870710386,0.0,normal
0,0.9,0,0,1,0,0,0,0,0,0,1,0,0,0,1,73.96317818815837,15.0,malicious
0,0.1,0,0,0,0,0,0,0,0,0,0,0,1,0,0,76.64154072120803,60.0,suspicious
1,0.1,0,0,0,0,0,0,0,0,0,0,0,0,0,0,75.53693397937258,0.0,suspicious
0,0.08,0,0,0,0,0,0,0,0,0,0,0,0,0,0,87.47976598192196,0.0,normal
1,0.08,0,0,0,0,0,0,0,0,0,0,0,0,0,0,99.93264471817116,0.0,normal
0,0.1,0,0,0,0,0,0,0,0,1,0,0,0,0,0,75.68382810642177,0.0,normal
0,0.08,0,0,0,0,0,0,0,0,0,0,0,0,0,0,96.39127615262254,0.0,normal
0,0.05,0,0,0,0,0,0,0,0,0,1,0,0,0,0,96.73219951870777,0.0,normal
1,0.08,0,0,0,0,0,0,0,0,0,0,0,0,0,0,68.65727720260803,0.0,normal
1,0.05,0,0,0,0,0,0,0,0,0,0,0,0,0,0,79.84272193492386,0.0,normal
0,0.45,0,0,0,0,0,1,0,0,0,1,0,0,0,0,70.33474927181507,0.0,suspicious
0,0.1,0,0,0,0,0,0,0,0,0,0,0,0,0,0,77.4424726256565,0.0,normal
1,0.1,0,0,0,0,0,0,0,0,0,0,0,0,0,1,80.8562760478591,15.0,suspicious
1,0.08,0,0,0,0,0,0,0,0,0,1,0,0,0,0,82.92791119604983,0.0,suspicious
0,0.08,0,0,0,0,0,0,0,0,0,0,0,0,0,1,100.0,15.0,normal
4,0.35,0,0,0,0,0,0,0,0,0,1,0,0,0,0,77.79148591218392,0.0,malicious
1,0.35,0,0,0,0,0,0,0,1,0,1,0,0,0,1,91.16113440192103,15.0,malicious
1,0.1,0,0,0,0,0,0,0,0,0,0,0,0,0,0,100.0,0.0,normal
0,0.1,0,0,0,0,0,0,0,0,0,0,0,0,0,0,68.89363844839096,0.0,normal
3,0.35,0,0,0,0,0,0,0,0,0,0,0,0,0,1,70.22849645057165,15.0,malicious
1,0.35,0,0,0,0,0,0,0,0,1,1,0,1,0,1,57.89319904636736,75.0,malicious
0,0.08,0,0,0,0,0,0,0,0,0,1,0,0,0,0,57.68677148989751,0.0,normal
0,0.05,0,0,0,0,0,0,0,0,0,0,0,0,0,0,79.62884084672854,0.0,normal
1,0.08,0,0,0,0,0,0,0,0,0,0,0,0,0,0,89.1162620894315,0.0,normal
1,1.0,0,0,0,1,0,0,0,0,0,0,0,0,0,0,66.8277286295277,0.0,malicious
1,0.1,0,0,0,0,0,0,0,0,0,0,0,0,0,0,78.87190374366232,0.0,normal
0,0.05,0,0,0,0,0,0,0,0,0,0,0,0,0,0,86.52753272701929,0.0,normal
1,0.1,0,0,0,0,0,0,0,0,1,0,0,0,0,0,84.22222098327993,0.0,suspicious
1,0.08,0,0,0,0,0,0,0,0,0,0,0,1,0,0,97.08160805370869,60.0,suspicious
1,0.05,0,0,0,0,0,0,0,0,0,0,0,0,1,0,88.36541934779946,30.0,suspicious
1,0.08,0,0,0,0,0,0,0,0,0,1,0,0,0,0,95.33294767772446,0.0,normal
5,0.35,0,0,0,0,0,0,0,0,0,0,0,0,0,0,80.27585829292802,0.0,malicious
0,0.08,0,0,0,0,0,0,0,0,1,0,0,0,0,0,77.79676041411383,0.0,normal
0,0.05,0,0,0,0,0,0,0,0,0,0,0,0,0,0,100.0,0.0,normal
0,0.1,0,0,0,0,0,0,0,0,1,0,0,0,0,0,77.79098452176615,0.0,normal
0,0.08,0,0,0,0,0,0,0,0,0,0,0,0,0,0,91.87198386194521,0.0,normal
0,1.0,0,0,0,1,0,0,0,1,1,1,0,0,0,0,92.43555202713011,0.0,malicious
0,0.1,0,0,0,0,0,0,0,0,0,0,0,0,0,0,96.78157647162534,0.0,normal
0,0.85,1,0,0,0,0,0,0,1,0,0,0,0,0,0,61.332542484677134,0.0,malicious
0,0.08,0,0,0,0,0,0,0,0,0,0,1,0,0,0,84.58864091660855,70.0,normal
0,0.1,0,0,0,0,0,0,0,0,0,0,0,0,0,0,79.1786455474747,0.0,normal
5,0.35,0,0,0,0,0,0,0,0,0,1,0,0,0,0,48.664873544055986,0.0,malicious
2,0.05,0,0,0,0,0,0,0,0,0,0,0,0,0,0,83.59871864556547,0.0,normal
1,0.08,0,0,0,0,0,0,0,0,0,0,0,0,0,0,96.58147866677285,0.0,normal
1,0.55,0,0,0,0,1,0,0,1,0,1,0,0,0,0,72.15775320362276,0.0,malicious
1,0.08,0,0,0,0,0,0,0,0,0,1,0,0,0,0,83.85995384004998,0.0,suspicious
0,0.08,0,0,0,0,0,0,0,0,0,0,0,0,0,0,90.44169155114702,0.0,normal
4,0.05,0,0,0,0,0,0,0,0,0,0,0,0,0,0,86.9873161711279,0.0,malicious
1,0.55,0,0,0,0,1,0,0,0,0,0,0,0,0,0,67.7112584760792,0.0,malicious
3,0.35,0,0,0,0,0,0,0,0,1,0,0,0,0,0,52.02108371547583,0.0,malicious
2,0.08,0,0,0,0,0,0,0,1,0,0,0,0,0,1,81.13819101457887,15.0,malicious
0,0.05,0,0,0,0,0,0,0,0,0,0,0,0,0,0,84.93669857114904,0.0,normal
5,0.35,0,0,0,0,0,0,0,1,0,1,0,0,0,0,67.79732813162217,0.0,malicious
0,0.08,0,0,0,0,0,0,0,1,0,0,0,0,0,0,86.54540631683963,0.0,normal
0,0.45,0,0,0,0,0,1,0,0,0,1,0,0,0,0,96.26025344322588,0.0,normal
0,0.08,0,0,0,0,0,0,0,0,0,0,0,0,0,1,100.0,15.0,normal
2,0.35,0,0,0,0,0,0,0,0,0,0,0,0,0,0,74.3830466134344,0.0,malicious
1,0.3,0,0,0,0,0,0,0,0,0,0,0,0,0,0,92.44296535269312,0.0,normal
0,0.45,0,0,0,0,0,1,0,0,0,0,0,0,0,0,72.96592521317926,0.0,normal
1,0.08,0,0,0,0,0,0,0,0,0,0,0,0,0,0,73.706846746459,0.0,normal
1,0.1,0,0,0,0,0,0,0,0,0,0,0,0,0,0,80.56189133546171,0.0,normal
0,0.1,0,0,0,0,0,0,0,0,0,0,0,0,0,0,92.59665889020063,0.0,normal
2,0.45,0,0,0,0,0,1,0,0,1,1,0,0,0,0,82.68096819108285,0.0,malicious
1,0.85,1,0,0,0,0,0,0,1,0,0,0,0,0,0,68.68155959146402,0.0,malicious
0,0.35,0,0,0,0,0,0,0,0,1,0,0,0,0,1,81.13501178980863,15.0,normal
1,0.08,0,0,0,0,0,0,0,0,0,0,0,0,0,0,82.11597224673498,0.0,normal
1,0.05,0,0,0,0,0,0,0,0,0,0,0,1,0,0,100.0,60.0,suspicious
2,0.05,0,0,0,0,0,0,0,0,0,0,0,0,0,1,73.63348350054264,15.0,malicious
1,0.55,0,0,0,0,1,0,0,0,0,0,0,0,0,0,79.88193440126383,0.0,malicious
0,0.1,0,0,0,0,0,0,0,0,1,0,0,0,0,0,70.2102985495869,0.0,normal
1,0.08,0,0,0,0,0,0,0,0,0,0,0,0,0,1,89.47740408497079,15.0,normal
1,0.1,0,0,0,0,0,0,0,0,0,0,0,0,0,1,89.09153909474833,15.0,normal
1,0.1,0,0,0,0,0,0,0,0,0,0,0,0,0,0,87.38517259754909,0.0,normal
0,0.1,0,0,0,0,0,0,0,0,0,0,0,0,0,1,71.55136799217355,15.0,normal
1,0.08,0,0,0,0,0,0,0,0,0,0,0,0,0,0,85.17781025467058,0.0,normal
1,0.3,0,0,0,0,0,0,0,0,0,1,0,0,0,0,84.22787722014465,0.0,normal
0,0.05,0,0,0,0,0,0,0,0,0,0,0,0,0,0,87.61694649763342,0.0,normal
1,0.08,0,0,0,0,0,0,0,0,0,0,0,0,0,0,90.50511533214662,0.0,normal
0,0.05,0,0,0,0,0,0,0,0,0,0,0,1,0,0,88.16142163904614,60.0,normal
2,0.35,0,0,0,0,0,0,0,1,0,1,0,0,0,0,66.7126029239115,0.0,malicious
0,0.1,0,0,0,0,0,0,0,0,1,1,0,0,0,0,56.75583669367549,0.0,malicious
0,0.08,0,0,0,0,0,0,0,0,0,0,0,0,0,1,96.25545316724953,15.0,normal
2,0.35,0,0,0,0,0,0,0,0,1,0,0,0,0,0,68.04990966537387,0.0,malicious
0,0.1,0,0,0,0,0,0,0,0,0,0,0,0,0,1,72.25527164704195,15.0,normal
0,0.08,0,0,0,0,0,0,0,0,0,0,0,0,0,0,88.82638699195839,0.0,normal
0,0.05,0,0,0,0,0,0,0,0,0,0,1,0,1,0,75.95843110407256,100.0,malicious
0,0.5,0,1,0,0,0,0,0,0,0,0,0,0,0,0,76.86787336443969,0.0,normal
0,0.08,0,0,0,0,0,0,0,0,0,0,0,0,0,0,50.0277528079113,0.0,normal
0,0.25,0,0,0,0,0,0,1,0,0,0,0,0,0,1,84.25567869372688,15.0,normal
2,0.3,0,0,0,0,0,0,0,0,0,0,0,0,0,0,89.66448099706102,0.0,normal
1,0.55,0,0,0,0,1,0,0,0,0,1,0,0,0,0,72.11824552274932,0.0,malicious
0,0.1,0,0,0,0,0,0,0,0,0,0,0,0,0,0,92.13486673067058,0.0,normal
0,0.1,0,0,0,0,0,0,0,1,1,0,0,0,0,0,92.11142353138848,0.0,normal
0,0.5,0,1,0,0,0,0,0,1,0,0,0,0,0,0,64.08707377090127,0.0,suspicious
2,0.08,0,0,0,0,0,0,0,0,0,0,0,0,0,1,78.7621309043471,15.0,suspicious
0,0.08,0,0,0,0,0,0,0,0,0,0,0,0,0,0,78.10141582896077,0.0,normal
1,0.85,1,0,0,0,0,0,0,0,1,1,0,0,0,0,58.39324480706195,0.0,malicious
1,0.9,0,0,1,0,0,0,0,0,0,0,1,0,0,0,81.11190506765615,70.0,malicious
1,0.08,0,0,0,0,0,0,0,0,0,0,0,0,0,0,85.64150107298752,0.0,normal
2,0.35,0,0,0,0,0,0,0,0,0,1,0,0,0,0,67.29677163667898,0.0,malicious
4,0.35,0,0,0,0,0,0,0,0,0,0,0,0,0,0,46.73284929790931,0.0,malicious
0,0.3,0,0,0,0,0,0,0,1,1,0,0,0,0,1,100.0,15.0,normal
0,0.55,0,0,0,0,1,0,0,1,0,1,0,0,0,1,59.44226598745078,15.0,malicious
1,0.05,0,0,0,0,0,0,0,0,0,0,0,0,0,0,87.45385209982665,0.0,normal
0,0.25,0,0,0,0,0,0,1,0,1,0,0,0,0,0,87.79327740509264,0.0,normal
0,0.1,0,0,0,0,0,0,0,1,1,1,0,0,0,0,93.11198077520929,0.0,malicious
0,0.25,0,0,0,0,0,0,1,0,1,0,0,1,0,0,70.8075791610157,60.0,suspicious
0,0.1,0,0,0,0,0,0,0,0,0,0,0,0,0,0,81.52785665547802,0.0,normal
0,0.1,0,0,0,0,0,0,0,0,0,0,0,0,0,0,76.85726795598637,0.0,normal
0,0.55,0,0,0,0,1,0,0,0,0,0,0,0,0,0,53.436603590729106,0.0,malicious
1,0.08,0,0,0,0,0,0,0,0,0,0,0,0,0,0,85.57447135056236,0.0,normal
0,0.08,0,0,0,0,0,0,0,0,0,0,0,0,0,0,72.4739271054537,0.0,normal
1,0.1,0,0,0,0,0,0,0,0,1,0,0,0,0,0,82.37355447902067,0.0,normal
0,0.5,0,1,0,0,0,0,0,0,0,1,0,0,1,0,59.029744059634936,30.0,malicious
1,0.1,0,0,0,0,0,0,0,1,0,1,0,0,0,1,71.42373742471648,15.0,suspicious
1,0.85,1,0,0,0,0,0,0,0,1,0,0,0,0,0,91.34566337737513,0.0,malicious
1,0.08,0,0,0,0,0,0,0,0,0,0,0,0,0,0,76.88564724864392,0.0,normal
0,0.05,0,0,0,0,0,0,0,0,0,1,0,0,0,0,87.82663037094596,0.0,normal
5,0.35,0,0,0,0,0,0,0,1,0,1,0,0,0,1,68.21968007517656,15.0,malicious
0,0.05,0,0,0,0,0,0,0,0,0,0,0,0,0,0,82.1126802824326,0.0,normal
1,0.05,0,0,0,0,0,0,0,0,0,0,0,0,0,0,100.0,0.0,normal
0,0.3,0,0,0,0,0,0,0,1,0,1,0,1,0,1,75.8271558627965,75.0,malicious
0,0.08,0,0,0,0,0,0,0,0,0,0,0,0,0,0,85.20324838847107,0.0,normal
0,0.1,0,0,0,0,0,0,0,1,1,0,0,0,0,0,79.64381994758239,0.0,normal
0,0.08,0,0,0,0,0,0,0,0,0,0,0,0,0,0,96.65322969126393,0.0,normal
0,1.0,0,0,0,1,0,0,0,0,1,0,0,0,0,0,57.6309443122618,0.0,malicious
0,0.08,0,0,0,0,0,0,0,0,0,0,0,0,0,0,100.0,0.0,normal
0,0.05,0,0,0,0,0,0,0,0,0,0,0,1,0,0,96.02648897325437,60.0,normal
2,0.08,0,0,0,0,0,0,0,0,0,0,0,0,0,0,81.60683984016434,0.0,normal
2,0.05,0,0,0,0,0,0,0,0,0,0,0,0,0,0,88.0966329966729,0.0,normal
2,0.08,0,0,0,0,0,0,0,0,0,0,0,0,0,0,100.0,0.0,normal
1,0.08,0,0,0,0,0,0,0,0,0,0,0,0,0,0,82.57485330159109,0.0,normal
0,0.05,0,0,0,0,0,0,0,0,0,0,0,0,0,0,63.1469862782223,0.0,normal
1,0.1,0,0,0,0,0,0,0,0,1,0,1,0,1,0,78.61325439740003,100.0,malicious
0,0.55,0,0,0,0,1,0,0,0,0,0,0,0,0,0,84.97508201382935,0.0,normal
0,0.1,0,0,0,0,0,0,0,0,0,0,0,0,0,0,68.83243148922284,0.0,normal
0,0.05,0,0,0,0,0,0,0,0,0,0,0,0,1,0,77.29637053136796,30.0,normal
1,0.1,0,0,0,0,0,0,0,1,0,0,0,0,0,0,86.33325684064239,0.0,normal
0,0.05,0,0,0,0,0,0,0,0,0,0,0,0,0,0,100.0,0.0,normal
1,0.08,0,0,0,0,0,0,0,0,1,0,0,0,0,0,100.0,0.0,normal
2,0.08,0,0,0,0,0,0,0,0,1,0,0,0,0,0,87.54420475945264,0.0,malicious
0,0.1,0,0,0,0,0,0,0,0,1,0,0,0,1,0,84.07403238401083,30.0,normal
0,0.1,0,0,0,0,0,0,0,0,0,0,0,0,1,0,76.65304551633817,30.0,suspicious
1,0.25,0,0,0,0,0,0,1,0,1,0,0,0,0,0,89.68266476328282,0.0,suspicious
0,0.1,0,0,0,0,0,0,0,0,1,0,0,0,0,0,89.06629980173177,0.0,normal
0,0.1,0,0,0,0,0,0,0,0,0,0,0,0,0,1,76.29101503329932,15.0,normal
2,0.1,0,0,0,0,0,0,0,0,0,1,0,0,0,1,75.25865505430357,15.0,malicious
0,0.08,0,0,0,0,0,0,0,0,0,0,0,0,0,0,100.0,0.0,normal
1,0.1,0,0,0,0,0,0,0,0,0,0,0,0,0,0,80.79588553089799,0.0,normal
0,0.05,0,0,0,0,0,0,0,0,0,0,0,0,0,0,87.87146915419109,0.0,normal
1,0.1,0,0,0,0,0,0,0,0,1,0,0,0,0,0,61.09035220460781,0.0,malicious
4,0.05,0,0,0,0,0,0,0,0,0,0,0,0,0,1,94.17506104899411,15.0,malicious
0,0.05,0,0,0,0,0,0,0,0,0,0,0,0,0,1,66.37164051314376,15.0,normal
0,0.05,0,0,0,0,0,0,0,0,0,1,0,0,0,0,78.38771488112427,0.0,normal
1,0.3,0,0,0,0,0,0,0,0,0,1,0,0,0,0,87.41611278358079,0.0,normal
1,0.05,0,0,0,0,0,0,0,0,0,0,0,1,0,1,91.87234082611704,75.0,suspicious
0,0.08,0,0,0,0,0,0,0,0,0,0,0,0,0,0,52.59900474053084,0.0,normal
0,0.08,0,0,0,0,0,0,0,0,1,0,0,0,0,0,76.83255124925921,0.0,normal
0,0.08,0,0,0,0,0,0,0,0,0,0,0,0,1,0,69.28744682537275,30.0,normal
0,0.1,0,0,0,0,0,0,0,0,0,0,0,0,0,0,64.22000831155957,0.0,normal
0,0.08,0,0,0,0,0,0,0,0,0,0,0,0,0,0,84.66798484211361,0.0,normal
0,0.1,0,0,0,0,0,0,0,0,0,0,0,0,0,0,93.36484316986059,0.0,normal
1,0.08,0,0,0,0,0,0,0,0,0,0,0,0,1,0,100.0,30.0,normal
2,0.08,0,0,0,0,0,0,0,0,0,0,0,0,0,0,96.15263782990442,0.0,normal
2,0.08,0,0,0,0,0,0,0,0,0,0,0,0,0,0,86.45485979640392,0.0,normal
0,0.05,0,0,0,0,0,0,0,0,0,0,0,0,0,1,94.3012134695578,15.0,normal
0,0.08,0,0,0,0,0,0,0,0,0,0,1,0,0,0,73.74354596832528,70.0,suspicious
1,0.45,0,0,0,0,0,1,0,0,0,1,0,0,0,0,99.32596004825743,0.0,malicious
1,0.25,0,0,0,0,0,0,1,0,1,0,0,0,0,0,86.91563613577019,0.0,suspicious
2,0.05,0,0,0,0,0,0,0,0,0,0,0,0,1,0,74.82902227217942,30.0,malicious
0,0.05,0,0,0,0,0,0,0,0,0,0,0,0,0,0,87.52564272911415,0.0,normal
0,0.05,0,0,0,0,0,0,0,1,0,0,0,0,0,1,53.561455692177525,15.0,suspicious
1,1.0,0,0,0,1,0,0,0,0,0,1,0,0,0,0,75.7887425667067,0.0,malicious
0,0.3,0,0,0,0,0,0,0,0,1,0,0,0,0,0,70.58182685556423,0.0,suspicious
0,0.3,0,0,0,0,0,0,0,1,1,0,0,0,0,1,99.67870129184813,15.0,normal
1,0.05,0,0,0,0,0,0,0,0,0,0,0,0,0,1,94.75594258491535,15.0,normal
0,0.05,0,0,0,0,0,0,0,1,0,0,0,0,0,0,71.98358689988905,0.0,normal
0,0.1,0,0,0,0,0,0,0,0,0,0,0,0,0,0,81.28989467192243,0.0,normal
0,0.08,0,0,0,0,0,0,0,0,1,0,0,0,0,0,100.0,0.0,normal
0,0.08,0,0,0,0,0,0,0,0,0,0,0,0,0,0,75.30555079178404,0.0,normal
0,0.1,0,0,0,0,0,0,0,0,0,0,0,0,0,0,84.80405210160578,0.0,normal
0,0.1,0,0,0,0,0,0,0,0,0,0,0,1,0,0,88.31318906279301,60.0,normal
1,0.08,0,0,0,0,0,0,0,0,0,0,0,0,0,1,79.7731785720641,15.0,normal
1,0.05,0,0,0,0,0,0,0,0,0,0,0,0,0,0,59.33149285467019,0.0,normal
0,0.1,0,0,0,0,0,0,0,0,0,0,0,0,0,0,84.44563218452359,0.0,normal
2,0.35,0,0,0,0,0,0,0,1,0,1,1,0,0,0,73.02124313490958,70.0,malicious
1,0.05,0,0,0,0,0,0,0,0,0,1,0,0,0,0,80.79197758344175,0.0,normal
1,0.1,0,0,0,0,0,0,0,0,0,0,0,0,0,0,79.34121249020957,0.0,normal
0,0.1,0,0,0,0,0,0,0,0,0,1,0,0,0,0,89.718895011195,0.0,normal
0,0.05,0,0,0,0,0,0,0,0,0,0,0,0,0,0,80.74151473793304,0.0,normal
1,0.85,1,0,0,0,0,0,0,0,1,0,0,0,0,0,84.28635277102374,0.0,malicious
0,0.3,0,0,0,0,0,0,0,1,0,1,0,0,0,0,60.06689829899764,0.0,suspicious
1,0.1,0,0,0,0,0,0,0,1,0,0,0,0,0,0,70.23529155753049,0.0,malicious
0,0.08,0,0,0,0,0,0,0,0,0,0,0,0,0,1,70.00838734944126,15.0,normal
1,0.1,0,0,0,0,0,0,0,1,1,0,0,0,0,1,93.84160389013533,15.0,suspicious
0,0.08,0,0,0,0,0,0,0,1,0,0,0,0,0,0,85.37970210675113,0.0,normal
1,0.05,0,0,0,0,0,0,0,0,0,1,0,0,0,0,91.57427032898022,0.0,suspicious
0,0.1,0,0,0,0,0,0,0,1,0,0,0,0,1,0,96.80686188148917,30.0,normal
2,0.45,0,0,0,0,0,1,0,1,0,0,0,0,1,0,100.0,30.0,malicious
2,0.08,0,0,0,0,0,0,0,0,1,1,0,0,0,0,100.0,0.0,suspicious
0,0.45,0,0,0,0,0,1,0,0,1,0,0,0,0,0,67.2692196893974,0.0,suspicious
2,0.08,0,0,0,0,0,0,0,0,0,0,0,1,0,1,83.53536832227523,75.0,malicious
3,0.35,0,0,0,0,0,0,0,0,1,1,0,0,0,0,65.93961162393539,0.0,malicious
3,0.08,0,0,0,0,0,0,0,0,0,0,0,0,0,0,100.0,0.0,malicious
0,0.05,0,0,0,0,0,0,0,0,0,0,0,0,0,0,87.84100966530906,0.0,normal
1,0.1,0,0,0,0,0,0,0,0,1,0,0,0,0,1,94.45272700937677,15.0,malicious
1,0.08,0,0,0,0,0,0,0,0,0,0,0,0,1,0,82.37860790489582,30.0,normal
2,0.5,0,1,0,0,0,0,0,0,1,1,0,0,0,0,65.80175579244991,0.0,malicious
1,0.05,0,0,0,0,0,0,0,0,0,1,0,0,0,0,62.94119410193277,0.0,malicious
2,0.35,0,0,0,0,0,0,0,0,1,0,0,1,0,0,81.06600733338017,60.0,malicious
1,0.08,0,0,0,0,0,0,0,0,0,0,1,0,0,0,73.4974040608775,70.0,suspicious
0,0.1,0,0,0,0,0,0,0,0,0,0,0,0,0,0,100.0,0.0,normal
0,0.3,0,0,0,0,0,0,0,0,0,1,0,0,0,0,72.64052250096502,0.0,suspicious
1,0.1,0,0,0,0,0,0,0,0,1,0,0,0,0,1,82.4409938402519,15.0,suspicious
1,0.35,0,0,0,0,0,0,0,0,1,0,0,0,0,0,55.45309349197583,0.0,malicious
3,0.35,0,0,0,0,0,0,0,1,1,0,0,0,0,0,52.21292838811961,0.0,malicious
2,0.35,0,0,0,0,0,0,0,1,0,0,0,0,0,0,63.60523980257558,0.0,suspicious
2,0.3,0,0,0,0,0,0,0,0,0,0,0,0,0,0,91.5385127571174,0.0,suspicious
0,0.1,0,0,0,0,0,0,0,0,0,0,0,0,0,0,69.9647659803774,0.0,normal
1,0.85,1,0,0,0,0,0,0,0,0,1,0,0,0,0,76.39950622082611,0.0,malicious
0,0.05,0,0,0,0,0,0,0,0,0,0,0,0,0,1,88.54046205719709,15.0,normal
0,0.1,0,0,0,0,0,0,0,0,0,1,0,0,0,0,87.17430288129906,0.0,normal
1,0.5,0,1,0,0,0,0,0,1,1,0,0,0,0,1,75.2799004980903,15.0,malicious
0,0.08,0,0,0,0,0,0,0,1,0,0,0,0,0,0,100.0,0.0,normal
1,0.05,0,0,0,0,0,0,0,0,0,0,0,0,1,0,69.73325455705773,30.0,suspicious
1,0.25,0,0,0,0,0,0,1,0,1,1,0,0,0,0,81.76254861104077,0.0,suspicious
1,0.05,0,0,0,0,0,0,0,0,0,0,0,0,0,0,78.15101066835437,0.0,normal
2,0.05,0,0,0,0,0,0,0,1,0,0,0,0,0,0,100.0,0.0,suspicious
0,0.55,0,0,0,0,1,0,0,0,0,0,0,0,0,1,58.929276159293146,15.0,suspicious
1,0.1,0,0,0,0,0,0,0,0,0,1,0,1,0,0,89.26937631223434,60.0,malicious
3,0.08,0,0,0,0,0,0,0,1,1,0,0,0,0,1,74.41599715071557,15.0,malicious
1,0.3,0,0,0,0,0,0,0,0,0,1,0,0,0,0,89.03417146136044,0.0,malicious
0,0.1,0,0,0,0,0,0,0,0,1,0,1,0,0,0,84.1419326296197,70.0,malicious
1,0.1,0,0,0,0,0,0,0,0,0,0,0,0,0,0,92.49071703055183,0.0,normal
0,1.0,0,0,0,1,0,0,0,0,1,0,0,0,0,1,52.556716318606874,15.0,malicious
1,0.05,0,0,0,0,0,0,0,0,0,1,0,0,0,1,82.51042956103142,15.0,suspicious
1,0.05,0,0,0,0,0,0,0,1,0,0,0,0,0,0,97.14212935692463,0.0,normal
0,0.3,0,0,0,0,0,0,0,0,1,0,0,0,0,0,100.0,0.0,normal
0,0.1,0,0,0,0,0,0,0,0,1,0,0,1,0,0,79.55379708756979,60.0,normal
3,0.35,0,0,0,0,0,0,0,0,1,1,0,0,0,0,66.65968680195027,0.0,malicious
0,0.08,0,0,0,0,0,0,0,0,0,0,0,0,0,0,57.997251959842494,0.0,suspicious
1,0.3,0,0,0,0,0,0,0,0,0,1,0,0,0,0,73.15941749795496,0.0,suspicious
0,0.1,0,0,0,0,0,0,0,0,1,0,0,0,0,1,83.04684050841351,15.0,suspicious
1,0.25,0,0,0,0,0,0,1,1,1,0,0,0,0,0,94.7620377582706,0.0,malicious
0,0.1,0,0,0,0,0,0,0,0,0,0,0,1,0,0,83.30312424792896,60.0,normal
1,0.08,0,0,0,0,0,0,0,0,0,0,0,0,0,0,87.32182744430676,0.0,normal
0,0.1,0,0,0,0,0,0,0,0,0,0,0,0,0,0,87.80357281781646,0.0,normal
0,0.05,0,0,0,0,0,0,0,0,0,0,0,0,0,0,57.5695196650146,0.0,normal
2,0.1,0,0,0,0,0,0,0,0,1,0,0,0,0,0,88.88748215808215,0.0,suspicious
0,0.55,0,0,0,0,1,0,0,0,1,1,0,0,0,1,68.67531576818261,15.0,malicious
0,0.25,0,0,0,0,0,0,1,0,0,0,0,0,0,0,100.0,0.0,normal
1,0.35,0,0,0,0,0,0,0,1,1,1,0,0,0,0,80.27252498982654,0.0,malicious
1,0.1,0,0,0,0,0,0,0,0,1,0,0,0,0,0,88.14287495642968,0.0,suspicious
0,0.05,0,0,0,0,0,0,0,0,0,0,0,0,0,0,87.11708075468786,0.0,normal
0,0.08,0,0,0,0,0,0,0,0,0,1,0,0,0,0,99.93106565939595,0.0,normal
1,0.08,0,0,0,0,0,0,0,0,0,0,0,0,0,0,78.27517362511307,0.0,normal
0,0.1,0,0,0,0,0,0,0,0,0,0,0,0,0,0,79.33600935303143,0.0,normal
0,0.1,0,0,0,0,0,0,0,0,0,0,0,0,0,1,82.60264431247603,15.0,normal
1,0.08,0,0,0,0,0,0,0,0,0,0,0,0,0,0,65.32981575813358,0.0,normal
0,0.1,0,0,0,0,0,0,0,0,0,0,0,0,0,0,82.28011081381402,0.0,suspicious
0,0.05,0,0,0,0,0,0,0,1,0,0,0,0,0,1,91.23600235935467,15.0,normal
0,0.08,0,0,0,0,0,0,0,0,0,0,0,0,0,0,72.90713043765862,0.0,normal
0,0.1,0,0,0,0,0,0,0,0,0,0,0,0,0,0,84.96239059763666,0.0,normal
0,0.85,1,0,0,0,0,0,0,1,0,0,0,0,0,0,78.6965452666977,0.0,malicious
3,0.35,0,0,0,0,0,0,0,1,1,0,0,0,0,1,75.29586533805931,15.0,malicious
2,0.05,0,0,0,0,0,0,0,0,0,0,0,0,0,0,77.19610266594479,0.0,suspicious
1,0.5,0,1,0,0,0,0,0,1,1,1,0,0,0,0,63.48524466357819,0.0,malicious
0,0.08,0,0,0,0,0,0,0,0,0,0,0,0,0,0,78.50851974364492,0.0,normal
1,0.1,0,0,0,0,0,0,0,1,0,0,0,0,1,1,79.70584356970761,45.0,suspicious
0,0.05,0,0,0,0,0,0,0,0,0,0,0,0,0,0,100.0,0.0,normal
0,0.1,0,0,0,0,0,0,0,0,1,0,0,0,0,0,100.0,0.0,normal
0,0.45,0,0,0,0,0,1,0,1,0,1,0,0,0,0,87.13266472872105,0.0,malicious
5,0.35,0,0,0,0,0,0,0,0,0,0,0,0,0,0,63.82087255706285,0.0,malicious
1,0.08,0,0,0,0,0,0,0,0,0,0,0,0,0,0,90.05740514982588,0.0,normal
0,0.5,0,1,0,0,0,0,0,1,1,0,0,0,0,1,64.33923130454068,15.0,malicious
0,0.08,0,0,0,0,0,0,0,0,0,0,0,0,0,0,100.0,0.0,normal
0,0.1,0,0,0,0,0,0,0,0,0,0,0,0,0,0,79.04162456429285,0.0,normal
2,0.05,0,0,0,0,0,0,0,0,0,0,0,0,0,0,68.46999179663945,0.0,suspicious
3,0.35,0,0,0,0,0,0,0,0,1,0,0,0,0,0,81.39820743500567,0.0,malicious
0,0.1,0,0,0,0,0,0,0,0,0,0,0,0,0,0,92.35458662196294,0.0,normal
0,0.3,0,0,0,0,0,0,0,0,0,1,0,0,0,1,95.79267834131429,15.0,normal
0,0.1,0,0,0,0,0,0,0,0,1,0,0,1,0,0,91.9258226883214,60.0,normal
1,0.05,0,0,0,0,0,0,0,0,0,0,0,0,0,0,97.1066788868167,0.0,normal
0,0.1,0,0,0,0,0,0,0,0,1,0,0,0,0,1,81.11923121521914,15.0,normal
2,0.25,0,0,0,0,0,0,1,0,0,0,0,0,0,0,78.63008760291461,0.0,suspicious
1,0.1,0,0,0,0,0,0,0,0,0,0,0,0,0,0,100.0,0.0,normal
0,0.08,0,0,0,0,0,0,0,0,0,0,0,0,0,1,83.52168320267673,15.0,normal
0,0.05,0,0,0,0,0,0,0,0,0,1,0,0,0,0,81.40887852552723,0.0,normal
2,0.55,0,0,0,0,1,0,0,1,0,0,0,0,1,0,56.149086528454774,30.0,malicious
2,0.1,0,0,0,0,0,0,0,0,1,0,0,0,1,0,85.15570897928755,30.0,malicious
2,0.08,0,0,0,0,0,0,0,0,0,0,0,0,0,0,86.88053959236923,0.0,normal
0,0.25,0,0,0,0,0,0,1,1,1,0,0,0,0,0,82.49760669461281,0.0,suspicious
3,0.35,0,0,0,0,0,0,0,0,0,1,0,1,0,1,61.64586281093562,75.0,malicious
4,0.35,0,0,0,0,0,0,0,1,0,1,0,0,0,0,65.118213305866,0.0,malicious
0,0.5,0,1,0,0,0,0,0,0,0,1,0,0,0,0,68.37650127387928,0.0,suspicious
3,0.05,0,0,0,0,0,0,0,0,0,0,0,0,0,0,94.06892563757285,0.0,suspicious
0,0.9,0,0,1,0,0,0,0,0,0,1,1,0,0,0,70.66375674585206,70.0,malicious
0,0.3,0,0,0,0,0,0,0,1,0,0,0,0,0,1,71.67197572537776,15.0,normal
0,0.1,0,0,0,0,0,0,0,0,0,0,0,0,0,0,88.85608025909063,0.0,normal
1,0.25,0,0,0,0,0,0,1,0,0,1,0,0,0,0,90.95034283125348,0.0,normal
0,0.1,0,0,0,0,0,0,0,1,1,0,0,0,1,0,55.70610005520051,30.0,malicious
1,0.08,0,0,0,0,0,0,0,1,0,0,1,0,0,0,100.0,70.0,malicious
0,0.1,0,0,0,0,0,0,0,0,0,0,0,0,0,0,77.91782334197609,0.0,normal
2,0.05,0,0,0,0,0,0,0,0,0,1,0,0,0,0,65.09043835296258,0.0,malicious
1,0.55,0,0,0,0,1,0,0,0,0,1,0,0,0,0,72.11083822045052,0.0,malicious
0,0.05,0,0,0,0,0,0,0,0,0,1,0,0,0,1,88.64638026844382,15.0,normal
1,0.08,0,0,0,0,0,0,0,0,0,0,0,0,0,0,89.94736602263094,0.0,normal
1,0.25,0,0,0,0,0,0,1,0,0,1,0,0,0,0,90.40609219889923,0.0,normal
0,0.3,0,0,0,0,0,0,0,0,0,1,0,0,0,0,71.71055318893595,0.0,normal
1,0.08,0,0,0,0,0,0,0,1,0,0,0,0,0,0,89.86809545962714,0.0,normal
1,0.08,0,0,0,0,0,0,0,1,0,0,0,0,0,0,87.25628355195101,0.0,normal
0,0.1,0,0,0,0,0,0,0,0,1,0,0,0,0,0,100.0,0.0,normal
1,0.05,0,0,0,0,0,0,0,0,0,0,0,0,0,0,54.660440099520414,0.0,normal
0,0.1,0,0,0,0,0,0,0,1,0,0,0,0,0,1,68.73882411470086,15.0,suspicious
0,0.08,0,0,0,0,0,0,0,0,0,0,0,0,1,0,91.59135067802194,30.0,normal
0,0.05,0,0,0,0,0,0,0,0,0,0,0,0,0,0,87.15560571320596,0.0,normal
1,0.05,0,0,0,0,0,0,0,0,0,0,0,1,0,1,73.33463242688912,75.0,suspicious
0,1.0,0,0,0,1,0,0,0,0,0,0,0,0,0,0,68.75786441651833,0.0,malicious
0,0.55,0,0,0,0,1,0,0,0,0,1,0,0,0,0,73.64484761833475,0.0,malicious
1,0.25,0,0,0,0,0,0,1,0,0,0,0,1,0,0,90.11683228412682,60.0,suspicious
0,0.08,0,0,0,0,0,0,0,0,0,0,0,0,0,0,100.0,0.0,normal
1,0.5,0,1,0,0,0,0,0,0,0,0,0,0,0,0,48.087900798377696,0.0,malicious
1,0.1,0,0,0,0,0,0,0,1,1,0,0,1,0,0,85.86791162185129,60.0,malicious
0,0.08,0,0,0,0,0,0,0,1,1,0,0,1,0,1,70.97178685562702,75.0,malicious
0,0.08,0,0,0,0,0,0,0,0,0,0,0,1,0,0,89.43233079449223,60.0,normal
0,0.05,0,0,0,0,0,0,0,0,0,0,0,0,0,0,77.02591687590788,0.0,normal
1,0.35,0,0,0,0,0,0,0,0,0,0,0,0,0,0,65.63217740347028,0.0,normal
0,0.3,0,0,0,0,0,0,0,1,0,0,0,1,0,0,77.06982151189864,60.0,malicious
0,0.5,0,1,0,0,0,0,0,0,0,0,0,0,0,0,91.63581453936166,0.0,normal
0,0.05,0,0,0,0,0,0,0,0,0,0,1,0,0,0,85.1388569540795,70.0,suspicious
1,0.1,0,0,0,0,0,0,0,0,1,0,0,0,1,0,81.18244515754212,30.0,suspicious
0,0.08,0,0,0,0,0,0,0,0,0,0,0,0,0,0,100.0,0.0,normal
0,1.0,0,0,0,1,0,0,0,0,0,1,0,0,0,0,83.51996990968937,0.0,malicious
0,0.08,0,0,0,0,0,0,0,1,0,0,1,0,0,1,99.29732330057993,85.0,suspicious
0,0.1,0,0,0,0,0,0,0,0,0,0,0,0,0,0,95.45813863294663,0.0,normal
1,0.08,0,0,0,0,0,0,0,0,0,1,0,0,0,0,81.58489036519785,0.0,suspicious
0,0.25,0,0,0,0,0,0,1,1,0,1,0,0,0,0,92.62569085395575,0.0,normal
0,0.1,0,0,0,0,0,0,0,0,0,1,0,0,0,0,74.91851036436148,0.0,normal
0,0.08,0,0,0,0,0,0,0,0,0,1,0,1,0,0,100.0,60.0,normal
0,0.1,0,0,0,0,0,0,0,0,1,0,0,0,0,1,100.0,15.0,normal
1,0.08,0,0,0,0,0,0,0,0,0,0,0,0,0,0,100.0,0.0,normal
0,0.05,0,0,0,0,0,0,0,0,0,1,0,0,0,0,59.20905622703786,0.0,suspicious
0,0.45,0,0,0,0,0,1,0,0,1,0,0,0,0,0,74.56243551870222,0.0,normal
0,0.1,0,0,0,0,0,0,0,0,0,0,0,0,0,0,98.89274310010563,0.0,normal
0,0.1,0,0,0,0,0,0,0,0,1,0,0,0,0,0,94.62972167490464,0.0,normal
2,0.08,0,0,0,0,0,0,0,0,0,0,0,0,0,0,100.0,0.0,normal
2,0.1,0,0,0,0,0,0,0,0,1,0,0,0,0,0,86.96657013143965,0.0,suspicious
0,0.05,0,0,0,0,0,0,0,0,0,1,0,0,1,0,76.96179852782235,30.0,normal
1,0.9,0,0,1,0,0,0,0,0,1,0,0,0,0,1,79.13933534341308,15.0,malicious
0,0.1,0,0,0,0,0,0,0,0,1,0,0,0,0,0,86.74808881253728,0.0,normal
1,0.3,0,0,0,0,0,0,0,0,1,0,0,0,0,0,97.98013424721812,0.0,normal
0,0.25,0,0,0,0,0,0,1,0,0,1,0,0,0,0,90.40858727404753,0.0,normal
1,0.35,0,0,0,0,0,0,0,0,1,0,0,0,0,0,71.93445058317201,0.0,malicious
0,0.05,0,0,0,0,0,0,0,0,0,0,0,0,0,0,78.29029721357703,0.0,normal
0,0.55,0,0,0,0,1,0,0,0,0,0,0,0,0,0,93.5963909259406,0.0,normal
1,0.1,0,0,0,0,0,0,0,0,0,0,0,0,1,0,70.41593252704507,30.0,suspicious
1,0.05,0,0,0,0,0,0,0,0,0,1,0,0,0,0,59.685218112183136,0.0,malicious
0,0.08,0,0,0,0,0,0,0,0,0,0,0,0,0,0,66.78694921190927,0.0,normal
1,0.1,0,0,0,0,0,0,0,0,0,0,0,0,0,0,89.2220240557806,0.0,normal
1,0.05,0,0,0,0,0,0,0,0,0,0,0,0,0,0,98.34120904418353,0.0,normal
1,0.05,0,0,0,0,0,0,0,0,0,0,0,0,0,0,81.99959527443367,0.0,normal
0,0.1,0,0,0,0,0,0,0,0,1,0,0,1,0,0,85.6405491449227,60.0,normal
2,0.08,0,0,0,0,0,0,0,0,1,0,0,0,0,1,67.65978830245767,15.0,malicious
0,0.1,0,0,0,0,0,0,0,0,1,0,0,0,0,0,88.11980248898432,0.0,normal
0,0.1,0,0,0,0,0,0,0,0,1,0,0,0,0,0,78.91989924798865,0.0,normal
1,0.1,0,0,0,0,0,0,0,0,1,0,0,0,0,0,93.88806856490022,0.0,normal
1,0.08,0,0,0,0,0,0,0,0,0,1,0,0,0,0,73.82591915066726,0.0,normal
0,0.08,0,0,0,0,0,0,0,0,0,0,0,1,0,1,76.67349374415328,75.0,normal
0,0.25,0,0,0,0,0,0,1,1,0,0,0,0,0,1,90.83237706482218,15.0,normal
2,0.45,0,0,0,0,0,1,0,0,0,0,0,0,0,0,89.21613573629315,0.0,malicious
1,0.08,0,0,0,0,0,0,0,0,0,0,0,0,0,1,87.95586058161597,15.0,normal
1,0.1,0,0,0,0,0,0,0,0,0,0,0,0,0,0,91.18405115846372,0.0,normal
0,0.05,0,0,0,0,0,0,0,0,0,0,0,0,0,0,87.90474541302386,0.0,normal
2,0.35,0,0,0,0,0,0,0,0,0,0,0,0,0,0,65.66663298392783,0.0,suspicious
0,0.08,0,0,0,0,0,0,0,0,0,1,0,0,0,0,80.34334582809088,0.0,normal
0,0.05,0,0,0,0,0,0,0,0,0,0,0,0,0,0,77.97069957650541,0.0,normal
2,0.05,0,0,0,0,0,0,0,0,0,0,0,0,0,0,83.17840639715803,0.0,normal
2,0.1,0,0,0,0,0,0,0,0,1,0,0,0,0,0,58.62457120248257,0.0,suspicious
2,0.08,0,0,0,0,0,0,0,0,0,0,0,0,0,0,75.83947406190131,0.0,normal
0,0.3,0,0,0,0,0,0,0,0,1,0,0,0,0,1,82.6244263026092,15.0,suspicious
3,0.35,0,0,0,0,0,0,0,0,0,0,0,0,0,0,63.41385540338559,0.0,malicious
1,0.85,1,0,0,0,0,0,0,0,0,0,0,0,0,0,72.1702020696669,0.0,malicious
1,0.55,0,0,0,0,1,0,0,0,0,0,0,0,0,1,52.22238004331378,15.0,malicious
1,0.25,0,0,0,0,0,0,1,1,1,1,0,0,1,0,77.0399412604259,30.0,malicious
0,0.05,0,0,0,0,0,0,0,0,0,0,0,0,0,0,100.0,0.0,normal
1,0.85,1,0,0,0,0,0,0,1,1,0,0,0,1,1,82.9200980356833,45.0,malicious
1,0.08,0,0,0,0,0,0,0,0,0,0,0,0,0,0,91.5703381701695,0.0,normal
0,0.1,0,0,0,0,0,0,0,0,1,0,0,1,0,0,58.107085371475165,60.0,malicious
1,0.05,0,0,0,0,0,0,0,0,0,0,0,0,0,0,96.19080243336496,0.0,normal
0,0.3,0,0,0,0,0,0,0,1,1,1,0,0,0,0,82.70919693846855,0.0,suspicious
1,0.08,0,0,0,0,0,0,0,0,0,0,0,0,0,0,85.25533076539003,0.0,normal
0,0.55,0,0,0,0,1,0,0,0,1,0,0,0,0,0,74.2304464098193,0.0,suspicious
1,0.08,0,0,0,0,0,0,0,0,0,0,0,0,0,1,67.0548037009916,15.0,normal
0,0.45,0,0,0,0,0,1,0,0,0,1,0,0,0,1,97.59829174610269,15.0,suspicious
2,0.55,0,0,0,0,1,0,0,1,1,1,0,0,0,0,58.768525022925616,0.0,malicious
0,0.1,0,0,0,0,0,0,0,0,0,0,0,0,0,0,82.87143946140398,0.0,normal
1,0.08,0,0,0,0,0,0,0,0,0,0,0,0,0,0,96.58898443401917,0.0,normal
2,0.08,0,0,0,0,0,0,0,0,0,0,0,0,0,0,77.0587579443132,0.0,suspicious
0,0.3,0,0,0,0,0,0,0,0,0,0,0,0,1,0,70.87238696875583,30.0,normal
1,0.45,0,0,0,0,0,1,0,0,0,1,0,1,0,0,74.08304468536318,60.0,malicious
0,0.08,0,0,0,0,0,0,0,0,0,0,0,0,0,0,75.53604608751004,0.0,normal
0,0.08,0,0,0,0,0,0,0,0,0,1,0,0,0,0,91.78245281665178,0.0,normal
0,0.05,0,0,0,0,0,0,0,0,0,0,0,1,0,0,80.09336211403168,60.0,normal
1,0.9,0,0,1,0,0,0,0,1,0,1,0,0,0,0,45.18549649968473,0.0,malicious
0,0.05,0,0,0,0,0,0,0,1,0,1,0,0,0,0,58.08739077883624,0.0,suspicious
0,0.1,0,0,0,0,0,0,0,1,0,1,0,0,0,0,77.80793323635025,0.0,normal
0,0.25,0,0,0,0,0,0,1,1,1,0,0,0,0,0,77.45317632543635,0.0,suspicious
5,0.35,0,0,0,0,0,0,0,0,0,1,0,1,0,1,70.46978595956794,75.0,malicious
0,0.08,0,0,0,0,0,0,0,0,0,0,0,0,0,0,77.89990662550147,0.0,normal
1,0.1,0,0,0,0,0,0,0,0,0,0,0,0,0,0,81.95223627095501,0.0,normal
0,0.55,0,0,0,0,1,0,0,0,1,1,0,0,0,0,63.67988896019038,0.0,malicious
0,0.08,0,0,0,0,0,0,0,0,0,0,0,0,1,0,71.22087983108986,30.0,normal
0,0.9,0,0,1,0,0,0,0,0,0,1,0,0,0,0,85.92786817228013,0.0,malicious
0,0.45,0,0,0,0,0,1,0,0,1,0,0,0,0,0,100.0,0.0,normal
0,0.05,0,0,0,0,0,0,0,0,0,0,0,0,0,0,76.5775883500985,0.0,normal
0,0.1,0,0,0,0,0,0,0,1,1,0,0,0,0,0,92.78771762386718,0.0,normal
0,0.05,0,0,0,0,0,0,0,0,0,1,0,0,0,0,94.6787923589224,0.0,normal
1,0.1,0,0,0,0,0,0,0,0,0,0,0,0,0,0,81.25607540192024,0.0,normal
2,0.08,0,0,0,0,0,0,0,0,0,0,0,0,0,0,82.1234594666591,0.0,normal
1,0.35,0,0,0,0,0,0,0,1,1,0,0,0,0,0,71.9020104926687,0.0,malicious
0,0.05,0,0,0,0,0,0,0,0,0,0,0,0,1,0,82.28696123622994,30.0,normal
2,0.05,0,0,0,0,0,0,0,0,0,0,0,0,0,0,65.77223757308428,0.0,suspicious
0,0.08,0,0,0,0,0,0,0,0,0,0,0,0,0,0,93.0379927389792,0.0,normal
0,0.08,0,0,0,0,0,0,0,0,0,0,0,0,0,0,77.4545621216533,0.0,normal
0,0.08,0,0,0,0,0,0,0,0,0,0,0,0,0,0,80.64639037872755,0.0,normal
1,0.85,1,0,0,0,0,0,0,0,1,0,0,0,0,0,55.06310637342377,0.0,malicious
1,0.1,0,0,0,0,0,0,0,0,1,0,0,0,0,1,80.34916717521509,15.0,suspicious
1,0.35,0,0,0,0,0,0,0,0,0,1,0,0,0,0,70.7617453286525,0.0,suspicious
0,0.08,0,0,0,0,0,0,0,0,0,0,0,0,0,0,91.22443799943011,0.0,normal
0,0.1,0,0,0,0,0,0,0,0,1,0,0,0,0,1,93.53762820176836,15.0,normal
2,0.05,0,0,0,0,0,0,0,0,0,1,0,0,0,0,63.79066189219192,0.0,malicious
3,0.35,0,0,0,0,0,0,0,0,1,0,0,0,0,0,77.98721652209456,0.0,malicious
0,0.1,0,0,0,0,0,0,0,0,0,0,0,0,1,0,100.0,30.0,normal
1,0.08,0,0,0,0,0,0,0,0,0,0,0,0,0,0,100.0,0.0,normal
0,0.08,0,0,0,0,0,0,0,0,0,0,0,0,0,1,70.83680658165771,15.0,normal
0,0.08,0,0,0,0,0,0,0,0,0,1,0,0,0,1,73.46144313417737,15.0,normal
0,0.08,0,0,0,0,0,0,0,0,0,1,0,0,0,0,76.78682228445392,0.0,normal
1,0.08,0,0,0,0,0,0,0,0,1,0,0,0,0,0,81.697349030731,0.0,normal
0,0.08,0,0,0,0,0,0,0,0,0,0,0,0,0,0,87.74794308425854,0.0,normal
2,0.45,0,0,0,0,0,1,0,0,1,1,0,0,0,0,63.06488601809303,0.0,malicious
0,0.05,0,0,0,0,0,0,0,0,0,0,0,0,0,0,100.0,0.0,normal
0,0.1,0,0,0,0,0,0,0,1,0,0,0,0,0,0,95.86467360866358,0.0,normal
1,0.25,0,0,0,0,0,0,1,0,0,1,0,0,0,0,93.83504951247258,0.0,normal
0,0.05,0,0,0,0,0,0,0,0,0,0,0,0,1,0,69.66863371306985,30.0,normal
0,0.1,0,0,0,0,0,0,0,0,1,0,0,0,0,0,91.43648602565246,0.0,normal
0,0.05,0,0,0,0,0,0,0,0,0,0,0,0,0,1,75.7686622362324,15.0,normal
0,0.9,0,0,1,0,0,0,0,1,1,1,0,0,0,0,89.7242465794107,0.0,malicious
4,0.35,0,0,0,0,0,0,0,0,0,0,1,0,0,0,78.32905577498401,70.0,malicious
0,0.05,0,0,0,0,0,0,0,0,0,0,0,0,0,0,67.61180319248186,0.0,normal
0,0.25,0,0,0,0,0,0,1,1,0,0,0,0,0,0,85.76297716711058,0.0,normal
0,0.08,0,0,0,0,0,0,0,0,0,0,0,0,0,0,99.65957479395273,0.0,normal
0,0.1,0,0,0,0,0,0,0,0,1,1,0,0,0,1,90.63331378345049,15.0,normal
1,0.05,0,0,0,0,0,0,0,0,0,0,0,0,0,0,63.03244400390298,0.0,normal
1,0.08,0,0,0,0,0,0,0,0,1,0,0,0,0,0,85.65717223974472,0.0,normal
1,0.1,0,0,0,0,0,0,0,0,1,0,0,0,0,0,75.23553357167042,0.0,suspicious
1,0.1,0,0,0,0,0,0,0,0,0,0,0,0,0,0,76.46209339193975,0.0,normal
0,0.1,0,0,0,0,0,0,0,0,1,0,0,0,0,0,76.07008909092826,0.0,normal
0,0.08,0,0,0,0,0,0,0,0,0,0,0,0,0,0,96.23818436712077,0.0,normal
0,0.1,0,0,0,0,0,0,0,0,1,0,0,0,0,0,86.49998040219312,0.0,normal
1,0.05,0,0,0,0,0,0,0,0,0,1,0,0,0,0,93.06883979991545,0.0,normal
0,0.1,0,0,0,0,0,0,0,0,0,0,0,0,0,0,90.2372345765576,0.0,normal
0,0.45,0,0,0,0,0,1,0,0,0,1,0,0,0,0,93.07389412503619,0.0,normal
3,0.35,0,0,0,0,0,0,0,0,1,1,0,0,0,0,41.17788441887203,0.0,malicious
0,0.85,1,0,0,0,0,0,0,0,0,1,0,0,0,0,78.88944539842407,0.0,malicious
1,0.05,0,0,0,0,0,0,0,0,0,0,0,0,0,0,94.8094950898684,0.0,normal
0,0.5,0,1,0,0,0,0,0,0,0,1,0,0,0,0,53.891359899027705,0.0,malicious
2,0.1,0,0,0,0,0,0,0,0,1,0,0,0,1,0,93.60696349738588,30.0,malicious
1,0.05,0,0,0,0,0,0,0,0,0,0,0,0,0,0,79.47961934505409,0.0,normal
1,0.05,0,0,0,0,0,0,0,0,0,0,0,0,0,1,83.99859541049176,15.0,normal
0,0.1,0,0,0,0,0,0,0,0,0,0,0,0,0,0,78.28335093083433,0.0,normal
0,0.1,0,0,0,0,0,0,0,0,0,1,0,0,0,0,80.27420541368497,0.0,normal
0,0.1,0,0,0,0,0,0,0,0,1,0,0,0,0,0,100.0,0.0,normal
0,0.05,0,0,0,0,0,0,0,0,0,0,0,0,0,1,67.52086970013248,15.0,normal
1,0.55,0,0,0,0,1,0,0,0,0,0,0,0,0,0,70.73862422636964,0.0,suspicious
1,0.08,0,0,0,0,0,0,0,0,0,0,0,0,0,0,82.00655309004634,0.0,normal
0,0.35,0,0,0,0,0,0,0,0,0,1,0,0,0,0,84.5211164276098,0.0,normal
1,0.08,0,0,0,0,0,0,0,0,0,0,0,0,0,0,85.71431912818092,0.0,normal
1,0.08,0,0,0,0,0,0,0,0,0,0,0,0,0,0,60.039552628756475,0.0,normal
0,0.08,0,0,0,0,0,0,0,0,0,1,0,0,0,0,63.54529275177694,0.0,normal
0,0.08,0,0,0,0,0,0,0,0,0,0,0,0,0,0,68.49312235869846,0.0,normal
0,0.05,0,0,0,0,0,0,0,0,0,0,0,0,0,0,74.20305507518145,0.0,normal
1,0.05,0,0,0,0,0,0,0,0,0,0,0,0,0,0,71.35032733091305,0.0,normal
0,0.1,0,0,0,0,0,0,0,0,0,0,0,0,0,0,85.71751300549101,0.0,normal
4,0.35,0,0,0,0,0,0,0,0,0,1,0,0,0,0,63.4233560937231,0.0,malicious
0,0.1,0,0,0,0,0,0,0,0,1,0,0,0,0,0,91.13162617768516,0.0,normal
1,0.45,0,0,0,0,0,1,0,1,0,1,0,0,0,0,100.0,0.0,malicious
0,0.05,0,0,0,0,0,0,0,0,0,0,0,0,0,0,77.11148779908815,0.0,suspicious
1,0.55,0,0,0,0,1,0,0,1,0,0,0,0,0,0,67.54400163193665,0.0,malicious
0,0.45,0,0,0,0,0,1,0,0,1,0,0,0,0,0,89.20734130254391,0.0,normal
2,0.25,0,0,0,0,0,0,1,1,1,1,0,0,0,1,60.20905156958608,15.0,malicious
1,0.05,0,0,0,0,0,0,0,0,0,0,0,0,0,0,100.0,0.0,normal
1,0.5,0,1,0,0,0,0,0,0,1,1,0,0,0,0,68.70578023978946,0.0,malicious
0,0.08,0,0,0,0,0,0,0,1,0,0,0,0,0,0,88.02789791384683,0.0,normal
2,0.05,0,0,0,0,0,0,0,0,1,1,0,0,0,0,82.69440405689551,0.0,malicious
0,0.08,0,0,0,0,0,0,0,0,0,0,0,0,0,0,77.37689548253698,0.0,normal
0,0.08,0,0,0,0,0,0,0,1,0,0,0,0,0,0,80.80495020604648,0.0,normal
2,0.9,0,0,1,0,0,0,0,0,0,1,0,0,0,0,86.84905534474522,0.0,malicious
1,0.45,0,0,0,0,0,1,0,1,0,1,0,0,0,0,72.67739016450811,0.0,malicious
0,0.3,0,0,0,0,0,0,0,0,1,1,0,0,0,0,81.30078747396264,0.0,normal
3,0.05,0,0,0,0,0,0,0,0,0,0,0,0,0,0,94.87293088051403,0.0,suspicious
0,0.55,0,0,0,0,1,0,0,1,0,1,0,1,0,1,58.50787808823635,75.0,malicious
1,0.5,0,1,0,0,0,0,0,1,1,0,0,0,0,0,44.795041309574955,0.0,malicious
1,0.85,1,0,0,0,0,0,0,0,0,0,0,0,1,0,73.32274632328082,30.0,malicious
1,0.05,0,0,0,0,0,0,0,0,0,0,0,0,0,0,89.86024914127772,0.0,normal
0,0.08,0,0,0,0,0,0,0,0,0,0,0,0,0,0,97.32356049145564,0.0,normal
1,0.05,0,0,0,0,0,0,0,0,0,0,0,0,0,0,91.63458105701224,0.0,normal
4,0.5,0,1,0,0,0,0,0,1,0,0,0,0,0,0,78.0046350982386,0.0,malicious
1,0.5,0,1,0,0,0,0,0,0,1,1,1,0,0,0,67.46825077493499,70.0,malicious
0,0.08,0,0,0,0,0,0,0,0,0,0,0,0,0,0,82.7882553997274,0.0,normal
1,0.25,0,0,0,0,0,0,1,1,0,0,0,0,0,0,100.0,0.0,normal
0,0.08,0,0,0,0,0,0,0,0,0,1,0,0,0,0,100.0,0.0,normal
0,0.45,0,0,0,0,0,1,0,0,0,1,0,0,0,1,80.90704316486537,15.0,malicious
0,0.55,0,0,0,0,1,0,0,1,0,0,0,0,0,0,72.90113975190866,0.0,suspicious
2,0.1,0,0,0,0,0,0,0,0,0,0,0,0,0,0,67.6500936273901,0.0,normal
0,0.08,0,0,0,0,0,0,0,0,0,0,0,0,1,0,98.18397662310646,30.0,normal
1,0.05,0,0,0,0,0,0,0,0,0,0,0,0,0,0,78.69182338657313,0.0,normal
0,0.05,0,0,0,0,0,0,0,1,0,0,0,0,0,0,80.43510584099948,0.0,normal
1,0.05,0,0,0,0,0,0,0,0,0,0,0,1,0,0,88.63178032904938,60.0,normal
0,0.45,0,0,0,0,0,1,0,0,1,0,0,0,0,0,100.0,0.0,normal
0,0.5,0,1,0,0,0,0,0,0,1,0,0,1,0,0,62.875680026945915,60.0,malicious
0,0.08,0,0,0,0,0,0,0,0,0,0,0,0,1,0,80.32110932759295,30.0,normal
1,0.1,0,0,0,0,0,0,0,0,0,0,0,0,0,0,88.65611867796929,0.0,normal
1,0.25,0,0,0,0,0,0,1,1,1,0,0,0,0,0,83.4355360889304,0.0,malicious
1,0.08,0,0,0,0,0,0,0,0,0,0,1,1,0,0,100.0,100.0,malicious
3,0.35,0,0,0,0,0,0,0,0,0,0,0,0,0,0,23.598901290912295,0.0,malicious
0,0.9,0,0,1,0,0,0,0,0,1,1,0,0,0,0,57.541835964381434,0.0,malicious
0,0.05,0,0,0,0,0,0,0,0,0,0,0,0,0,0,93.24026389075163,0.0,normal
0,0.35,0,0,0,0,0,0,0,1,1,0,0,0,0,0,82.49673800105668,0.0,suspicious
0,0.08,0,0,0,0,0,0,0,0,0,0,0,1,0,0,84.64069338499439,60.0,normal
2,0.1,0,0,0,0,0,0,0,0,1,0,1,1,0,0,65.77678515133525,100.0,malicious
0,0.05,0,0,0,0,0,0,0,0,0,0,0,0,0,1,58.02936670988074,15.0,normal
0,0.05,0,0,0,0,0,0,0,0,0,0,0,0,0,0,83.14965589004821,0.0,normal
1,0.1,0,0,0,0,0,0,0,1,0,0,0,0,0,0,74.58498916581362,0.0,normal
0,0.3,0,0,0,0,0,0,0,1,0,0,0,0,0,0,80.90343208114912,0.0,normal
1,0.08,0,0,0,0,0,0,0,0,0,0,0,0,0,0,97.11578965327186,0.0,normal
0,0.85,1,0,0,0,0,0,0,0,0,1,0,0,0,0,69.83191385018961,0.0,malicious
0,0.05,0,0,0,0,0,0,0,0,1,0,0,0,0,1,94.62288057069298,15.0,normal
0,0.08,0,0,0,0,0,0,0,1,0,0,0,0,0,1,91.40744786995282,15.0,normal
1,0.05,0,0,0,0,0,0,0,0,0,0,0,0,0,0,72.65543251088265,0.0,suspicious
2,0.35,0,0,0,0,0,0,0,0,0,0,0,0,0,0,64.54637249661975,0.0,malicious
2,0.85,1,0,0,0,0,0,0,1,0,1,0,0,0,0,92.71161527931895,0.0,malicious
1,0.25,0,0,0,0,0,0,1,0,0,0,0,0,0,0,74.62082377612975,0.0,normal
1,0.1,0,0,0,0,0,0,0,0,0,0,0,0,0,0,100.0,0.0,normal
1,0.05,0,0,0,0,0,0,0,0,0,1,0,0,0,0,100.0,0.0,normal
1,0.08,0,0,0,0,0,0,0,0,0,0,0,0,0,0,86.07783435363017,0.0,normal
0,0.1,0,0,0,0,0,0,0,0,1,0,0,0,0,0,76.50334799263806,0.0,normal
2,0.1,0,0,0,0,0,0,0,0,0,0,0,1,0,0,82.70423181986025,60.0,suspicious
0,0.05,0,0,0,0,0,0,0,0,0,0,0,0,1,0,51.86672781402977,30.0,normal
1,0.08,0,0,0,0,0,0,0,0,1,0,0,0,0,0,80.8874332638185,0.0,suspicious
0,0.1,0,0,0,0,0,0,0,0,0,0,0,0,0,0,98.66166008568943,0.0,normal
0,0.05,0,0,0,0,0,0,0,0,0,0,0,0,1,0,73.96832467579898,30.0,normal
2,0.08,0,0,0,0,0,0,0,0,0,0,0,1,0,1,93.66949915570625,75.0,malicious
2,0.05,0,0,0,0,0,0,0,0,0,1,0,0,0,0,86.82223946749696,0.0,suspicious
0,0.05,0,0,0,0,0,0,0,0,0,0,0,0,0,0,81.63192559707235,0.0,normal
1,0.08,0,0,0,0,0,0,0,0,0,0,0,0,0,0,78.83018215147142,0.0,normal
1,0.5,0,1,0,0,0,0,0,0,0,1,0,0,0,0,70.78488093990968,0.0,malicious
0,0.05,0,0,0,0,0,0,0,0,0,0,1,0,0,0,98.4074095957187,70.0,normal
1,0.9,0,0,1,0,0,0,0,1,0,1,0,0,0,0,77.57708835681339,0.0,malicious
3,0.35,0,0,0,0,0,0,0,0,1,1,0,0,0,1,86.38992765750818,15.0,malicious
0,0.5,0,1,0,0,0,0,0,1,0,1,0,0,0,0,78.58776554035634,0.0,malicious
2,0.3,0,0,0,0,0,0,0,1,1,1,0,0,0,0,89.44639865207806,0.0,malicious
1,0.08,0,0,0,0,0,0,0,0,0,0,0,0,1,1,100.0,45.0,normal
0,0.1,0,0,0,0,0,0,0,0,0,0,0,0,0,0,100.0,0.0,normal
0,0.05,0,0,0,0,0,0,0,1,0,0,0,0,0,0,93.75153136163733,0.0,normal
4,0.35,0,0,0,0,0,0,0,0,0,1,0,0,0,0,59.78996462148935,0.0,malicious
1,0.05,0,0,0,0,0,0,0,0,0,0,0,0,0,1,65.43244044567777,15.0,suspicious
3,0.35,0,0,0,0,0,0,0,1,1,0,0,0,1,0,54.6683524213748,30.0,suspicious
2,0.35,0,0,0,0,0,0,0,0,0,1,0,0,0,0,83.6819154175553,0.0,malicious
1,0.08,0,0,0,0,0,0,0,1,0,0,0,0,1,1,89.71817595872616,45.0,suspicious
2,0.1,0,0,0,0,0,0,0,0,0,0,0,0,0,1,81.56979445317732,15.0,suspicious
0,0.55,0,0,0,0,1,0,0,0,0,0,0,0,0,0,75.89849573661996,0.0,normal
0,0.08,0,0,0,0,0,0,0,0,0,0,0,0,0,0,78.48471293435493,0.0,normal
0,0.1,0,0,0,0,0,0,0,0,0,0,1,0,0,0,72.1629018724697,70.0,normal
1,0.55,0,0,0,0,1,0,0,0,0,0,0,0,0,0,59.95891168849947,0.0,malicious
1,0.05,0,0,0,0,0,0,0,0,0,0,0,0,0,0,99.49368461841779,0.0,normal
1,0.05,0,0,0,0,0,0,0,1,0,0,0,0,0,0,98.4055403218023,0.0,normal
0,0.05,0,0,0,0,0,0,0,0,0,0,0,0,0,0,92.5139894814987,0.0,normal
0,0.25,0,0,0,0,0,0,1,0,1,1,0,0,1,0,78.89234987580221,30.0,malicious
0,0.08,0,0,0,0,0,0,0,0,0,1,0,0,1,0,98.33658269988946,30.0,suspicious
1,0.45,0,0,0,0,0,1,0,0,0,1,0,1,0,0,94.9816308430238,60.0,malicious
4,0.35,0,0,0,0,0,0,0,1,0,1,0,0,0,0,55.089782136025455,0.0,malicious
0,0.9,0,0,1,0,0,0,0,0,1,1,0,0,0,0,64.48078714606558,0.0,malicious
2,0.1,0,0,0,0,0,0,0,0,0,0,0,0,0,1,76.83682717438643,15.0,suspicious
2,0.08,0,0,0,0,0,0,0,0,0,0,0,0,0,0,100.0,0.0,normal
0,0.05,0,0,0,0,0,0,0,1,0,0,0,0,1,0,88.63821522518944,30.0,normal
1,0.08,0,0,0,0,0,0,0,1,0,0,0,0,0,0,75.62647854638809,0.0,normal
1,0.9,0,0,1,0,0,0,0,0,0,0,0,0,0,0,78.5747546206416,0.0,malicious
0,0.08,0,0,0,0,0,0,0,0,0,0,0,0,0,1,90.90670719971551,15.0,normal
0,0.1,0,0,0,0,0,0,0,0,1,0,0,0,0,0,85.43479098744038,0.0,normal
1,0.1,0,0,0,0,0,0,0,0,0,0,0,0,0,0,81.07382156421114,0.0,normal
1,0.55,0,0,0,0,1,0,0,0,0,1,0,0,0,0,69.43557798927039,0.0,malicious
1,0.5,0,1,0,0,0,0,0,1,0,0,0,0,0,0,65.62872137821839,0.0,malicious
0,0.5,0,1,0,0,0,0,0,0,0,1,0,0,0,0,70.22991443900577,0.0,suspicious
1,0.5,0,1,0,0,0,0,0,0,0,1,0,0,0,0,72.40224462732478,0.0,malicious
0,0.3,0,0,0,0,0,0,0,0,0,0,0,0,0,0,93.76016921936156,0.0,normal
0,0.05,0,0,0,0,0,0,0,0,0,0,0,0,0,1,98.09977073204726,15.0,normal
0,0.25,0,0,0,0,0,0,1,0,0,0,0,0,0,1,93.03636191909594,15.0,normal
1,0.45,0,0,0,0,0,1,0,0,0,1,0,1,0,0,100.0,60.0,malicious
3,0.05,0,0,0,0,0,0,0,0,0,0,0,0,0,1,87.4010701745911,15.0,malicious
0,0.1,0,0,0,0,0,0,0,0,1,0,0,0,0,0,92.1356161484689,0.0,normal
2,0.08,0,0,0,0,0,0,0,0,0,0,0,0,0,0,85.22927658874985,0.0,normal
1,0.05,0,0,0,0,0,0,0,0,0,0,0,0,0,0,71.88077065233142,0.0,normal
0,0.1,0,0,0,0,0,0,0,0,0,0,0,0,0,0,91.11064123856863,0.0,normal
0,0.1,0,0,0,0,0,0,0,0,1,0,0,0,0,1,90.46345754129231,15.0,normal
0,0.05,0,0,0,0,0,0,0,0,0,0,0,0,0,0,100.0,0.0,normal
1,0.1,0,0,0,0,0,0,0,1,0,0,0,0,0,1,96.86609001347931,15.0,normal
0,0.9,0,0,1,0,0,0,0,1,1,1,0,0,0,0,80.2647499167868,0.0,malicious
1,0.1,0,0,0,0,0,0,0,1,1,0,0,0,0,0,90.22338205915293,0.0,normal
1,0.08,0,0,0,0,0,0,0,0,0,0,0,0,0,0,87.95958688237475,0.0,normal
1,0.55,0,0,0,0,1,0,0,1,1,1,0,0,0,0,63.948878354622416,0.0,malicious
1,0.05,0,0,0,0,0,0,0,0,0,0,0,0,0,0,70.79240561047298,0.0,normal
0,0.35,0,0,0,0,0,0,0,0,1,0,0,0,0,0,62.70088048902709,0.0,normal
2,0.35,0,0,0,0,0,0,0,1,0,1,0,0,0,1,75.76905400675125,15.0,malicious
0,0.1,0,0,0,0,0,0,0,0,0,0,0,0,0,0,59.89686237359514,0.0,normal
1,0.5,0,1,0,0,0,0,0,0,0,0,0,0,0,0,77.48672672779207,0.0,suspicious
1,0.85,1,0,0,0,0,0,0,1,0,1,1,0,0,0,52.183646769466876,70.0,malicious
1,0.1,0,0,0,0,0,0,0,0,0,0,0,0,0,0,96.1421908951554,0.0,normal
0,0.3,0,0,0,0,0,0,0,1,1,0,0,0,0,0,91.17261591377793,0.0,normal
1,0.05,0,0,0,0,0,0,0,0,0,0,0,0,0,0,83.95608972597202,0.0,normal
2,0.05,0,0,0,0,0,0,0,1,0,1,0,0,0,0,87.7977165261619,0.0,suspicious
0,0.45,0,0,0,0,0,1,0,0,0,0,0,0,0,0,86.16457943964554,0.0,normal
0,0.3,0,0,0,0,0,0,0,0,0,0,0,0,0,0,79.20319211533325,0.0,normal
0,0.08,0,0,0,0,0,0,0,0,0,0,0,0,0,0,92.85652926854847,0.0,normal
1,0.1,0,0,0,0,0,0,0,0,0,0,0,0,0,0,85.50376609786525,0.0,normal
4,0.35,0,0,0,0,0,0,0,0,0,1,0,0,0,1,76.85094239399848,15.0,malicious
2,0.1,0,0,0,0,0,0,0,1,1,0,0,0,0,0,90.24131514749791,0.0,suspicious
1,0.08,0,0,0,0,0,0,0,0,0,0,0,0,0,1,97.26685611769929,15.0,normal
0,0.05,0,0,0,0,0,0,0,0,0,0,1,0,0,0,74.98518816632365,70.0,normal
0,0.08,0,0,0,0,0,0,0,0,0,0,0,0,0,0,78.64893405075995,0.0,normal
0,0.1,0,0,0,0,0,0,0,0,1,0,0,0,0,1,100.0,15.0,normal
0,0.1,0,0,0,0,0,0,0,0,0,1,0,0,0,0,93.58862835439983,0.0,normal
1,0.55,0,0,0,0,1,0,0,0,1,0,0,0,0,0,56.431520904190066,0.0,malicious
0,0.05,0,0,0,0,0,0,0,0,1,0,0,0,0,0,72.92523100375541,0.0,normal
2,0.05,0,0,0,0,0,0,0,0,0,0,0,0,0,0,100.0,0.0,normal
2,0.25,0,0,0,0,0,0,1,0,0,1,0,0,0,0,71.64432668222094,0.0,malicious
0,1.0,0,0,0,1,0,0,0,0,1,0,0,0,0,1,89.5500177125513,15.0,malicious
0,0.1,0,0,0,0,0,0,0,0,1,0,0,0,0,0,91.23210356535395,0.0,normal
0,0.1,0,0,0,0,0,0,0,0,0,0,0,0,0,0,100.0,0.0,normal
0,0.1,0,0,0,0,0,0,0,0,0,0,0,0,0,0,85.73413309698601,0.0,normal
0,0.08,0,0,0,0,0,0,0,0,0,0,0,0,0,0,70.1401399717142,0.0,normal
2,0.1,0,0,0,0,0,0,0,0,1,0,0,0,0,0,57.801174216552525,0.0,malicious
0,0.1,0,0,0,0,0,0,0,0,0,0,0,0,0,1,80.74186140424554,15.0,normal
0,0.05,0,0,0,0,0,0,0,0,0,0,0,0,0,1,85.13637776459515,15.0,normal
0,0.1,0,0,0,0,0,0,0,0,1,0,0,0,0,1,63.85606137375289,15.0,suspicious
1,0.08,0,0,0,0,0,0,0,0,0,0,0,0,0,1,81.32466196465062,15.0,normal
1,0.1,0,0,0,0,0,0,0,0,0,1,0,0,0,0,83.52413664562056,0.0,suspicious
3,0.35,0,0,0,0,0,0,0,0,1,0,0,0,0,0,86.36976831914752,0.0,malicious
1,0.05,0,0,0,0,0,0,0,0,0,0,0,0,0,0,78.7025992988013,0.0,normal
0,0.1,0,0,0,0,0,0,0,0,1,0,0,0,0,0,65.88402171926457,0.0,normal
1,0.08,0,0,0,0,0,0,0,0,0,0,0,0,0,0,76.26416733177497,0.0,normal
0,0.55,0,0,0,0,1,0,0,1,0,0,0,0,0,1,86.91492877963869,15.0,malicious
1,0.25,0,0,0,0,0,0,1,0,1,1,0,0,1,0,91.45580434195826,30.0,malicious
0,0.08,0,0,0,0,0,0,0,0,0,0,0,0,0,0,93.98550736008448,0.0,normal
0,0.05,0,0,0,0,0,0,0,0,0,0,0,0,0,1,83.34692987661704,15.0,normal
0,0.25,0,0,0,0,0,0,1,0,1,0,0,1,0,1,80.47977375552611,75.0,suspicious
1,0.85,1,0,0,0,0,0,0,0,0,0,0,0,0,0,90.47438835911836,0.0,suspicious
1,0.1,0,0,0,0,0,0,0,1,0,0,0,0,0,0,63.15898406987974,0.0,suspicious
1,0.35,0,0,0,0,0,0,0,1,0,0,0,0,0,0,57.6312923007986,0.0,suspicious
2,0.05,0,0,0,0,0,0,0,0,0,1,0,0,0,0,76.34791410539148,0.0,suspicious
0,0.1,0,0,0,0,0,0,0,0,0,0,0,0,0,0,91.0924514269982,0.0,normal
0,0.3,0,0,0,0,0,0,0,1,0,1,0,0,0,0,99.46540215381073,0.0,normal
0,0.3,0,0,0,0,0,0,0,1,0,1,0,0,0,0,74.79718423831866,0.0,suspicious
0,0.25,0,0,0,0,0,0,1,1,0,0,0,0,0,1,77.06198961708483,15.0,normal
0,0.55,0,0,0,0,1,0,0,0,0,1,0,0,0,0,65.6663442640532,0.0,malicious
0,0.9,0,0,1,0,0,0,0,1,1,0,0,0,0,0,63.13106115741529,0.0,malicious
0,0.08,0,0,0,0,0,0,0,0,0,0,0,0,0,0,91.79376959927919,0.0,normal
0,0.5,0,1,0,0,0,0,0,0,0,1,0,0,0,0,80.7176825414264,0.0,suspicious
0,0.05,0,0,0,0,0,0,0,0,0,0,0,0,0,1,92.59153170206174,15.0,normal
1,0.9,0,0,1,0,0,0,0,0,0,1,0,0,0,0,75.64350564265769,0.0,malicious
1,0.1,0,0,0,0,0,0,0,0,1,0,0,0,1,1,82.67795746477778,45.0,malicious
0,0.05,0,0,0,0,0,0,0,0,0,0,0,0,0,0,71.68184952697435,0.0,normal
0,0.3,0,0,0,0,0,0,0,0,0,1,0,0,0,1,99.40584675399464,15.0,normal
2,0.35,0,0,0,0,0,0,0,0,1,0,0,0,0,0,72.68942348331021,0.0,malicious
0,0.05,0,0,0,0,0,0,0,0,1,0,0,1,0,0,80.91245727012887,60.0,suspicious
0,0.05,0,0,0,0,0,0,0,0,0,0,0,0,0,0,84.44494494746874,0.0,normal
1,0.1,0,0,0,0,0,0,0,0,0,0,0,0,0,0,100.0,0.0,normal
1,0.55,0,0,0,0,1,0,0,0,0,1,0,0,0,0,67.49752015873794,0.0,malicious
0,0.1,0,0,0,0,0,0,0,0,1,0,0,0,0,0,81.18500281663422,0.0,normal
0,0.05,0,0,0,0,0,0,0,0,0,0,0,0,0,0,98.84255828176563,0.0,normal
0,0.55,0,0,0,0,1,0,0,0,1,1,0,0,0,1,68.43153104395707,15.0,malicious
0,0.25,0,0,0,0,0,0,1,0,1,0,0,0,0,0,81.59191571849553,0.0,suspicious
0,0.08,0,0,0,0,0,0,0,0,0,0,0,0,0,0,75.48349449065766,0.0,normal
0,0.05,0,0,0,0,0,0,0,0,0,0,0,0,0,0,81.86765976063997,0.0,normal
0,0.05,0,0,0,0,0,0,0,0,0,0,0,0,0,0,74.97356726766625,0.0,normal
1,0.85,1,0,0,0,0,0,0,0,0,0,0,0,0,0,55.07178851247862,0.0,malicious
0,0.85,1,0,0,0,0,0,0,0,1,0,0,0,0,0,67.7913633643195,0.0,malicious
1,0.05,0,0,0,0,0,0,0,1,0,0,0,0,0,0,89.65043675846687,0.0,normal
2,0.35,0,0,0,0,0,0,0,0,1,1,0,0,0,0,88.562657458761,0.0,malicious
6,0.35,0,0,0,0,0,0,0,0,1,0,0,0,0,0,58.209850956865225,0.0,malicious
1,0.55,0,0,0,0,1,0,0,1,0,0,0,0,0,0,64.21664145994535,0.0,malicious
0,0.1,0,0,0,0,0,0,0,0,0,0,0,0,0,0,99.88713199896816,0.0,normal
1,0.08,0,0,0,0,0,0,0,0,0,0,0,0,0,0,64.9130973048191,0.0,normal
0,0.05,0,0,0,0,0,0,0,0,0,0,0,0,0,0,89.35676579375361,0.0,normal
0,0.5,0,1,0,0,0,0,0,1,1,1,0,0,0,1,79.5022247949235,15.0,malicious
0,0.9,0,0,1,0,0,0,0,0,1,0,0,0,0,0,81.20470627944377,0.0,malicious
1,0.9,0,0,1,0,0,0,0,1,0,1,0,0,0,0,53.599606037286534,0.0,malicious
0,0.3,0,0,0,0,0,0,0,0,1,1,0,0,0,0,80.17556077923032,0.0,suspicious
0,0.08,0,0,0,0,0,0,0,0,0,0,0,0,0,0,100.0,0.0,normal
0,0.5,0,1,0,0,0,0,0,0,0,0,0,0,0,0,76.47959159005066,0.0,suspicious
1,0.1,0,0,0,0,0,0,0,0,0,0,0,0,0,0,92.56740991884148,0.0,normal
5,0.35,0,0,0,0,0,0,0,0,0,0,0,0,0,0,63.842040635292165,0.0,malicious
1,0.08,0,0,0,0,0,0,0,1,0,0,0,0,0,0,82.40109219608449,0.0,malicious
1,0.5,0,1,0,0,0,0,0,1,1,0,0,0,1,0,51.018116726168984,30.0,malicious
1,0.1,0,0,0,0,0,0,0,0,0,0,0,1,0,0,81.16125607742167,60.0,malicious
1,0.1,0,0,0,0,0,0,0,0,1,1,0,0,0,0,100.0,0.0,normal
0,0.3,0,0,0,0,0,0,0,0,1,1,0,1,0,0,75.0933992649625,60.0,malicious
0,0.08,0,0,0,0,0,0,0,0,0,0,0,0,0,0,77.94252677301284,0.0,normal
1,0.85,1,0,0,0,0,0,0,1,0,0,0,0,0,0,66.05581239328117,0.0,malicious
1,0.08,0,0,0,0,0,0,0,0,0,0,0,1,0,0,85.11604157015769,60.0,suspicious
1,0.05,0,0,0,0,0,0,0,0,1,0,0,0,0,0,88.76705616040493,0.0,normal
1,0.35,0,0,0,0,0,0,0,0,0,1,0,0,0,0,86.51298801817356,0.0,malicious
5,0.35,0,0,0,0,0,0,0,1,1,1,0,0,0,0,81.41561169230893,0.0,malicious
0,0.25,0,0,0,0,0,0,1,0,0,0,0,0,0,0,81.17724920964041,0.0,normal
0,0.85,1,0,0,0,0,0,0,0,0,0,0,0,0,0,75.2441057858673,0.0,malicious
5,0.35,0,0,0,0,0,0,0,1,0,0,0,0,0,0,90.01707486950605,0.0,malicious
1,0.3,0,0,0,0,0,0,0,0,0,0,0,0,0,0,91.29747478994493,0.0,normal
0,0.05,0,0,0,0,0,0,0,0,1,0,0,0,0,1,74.66752647802835,15.0,normal
0,0.1,0,0,0,0,0,0,0,0,1,0,0,0,0,1,76.9080769028669,15.0,normal
1,0.1,0,0,0,0,0,0,0,0,0,0,0,0,1,1,86.20881384923428,45.0,normal
0,0.1,0,0,0,0,0,0,0,0,0,0,0,0,0,0,88.0564362658881,0.0,normal
1,0.08,0,0,0,0,0,0,0,0,0,0,0,0,0,0,97.12388169475477,0.0,normal
0,0.05,0,0,0,0,0,0,0,0,0,0,0,0,0,1,73.42076639888361,15.0,normal
1,0.55,0,0,0,0,1,0,0,1,1,1,0,0,0,0,58.49481405130654,0.0,malicious
0,0.05,0,0,0,0,0,0,0,0,1,1,0,0,1,0,84.66889215309111,30.0,malicious
0,0.1,0,0,0,0,0,0,0,0,0,0,0,1,0,0,71.02835724082775,60.0,normal
1,0.1,0,0,0,0,0,0,0,0,0,0,0,0,0,0,88.00946652867029,0.0,normal
0,0.05,0,0,0,0,0,0,0,0,0,0,0,0,0,0,74.7035664938593,0.0,normal
1,0.08,0,0,0,0,0,0,0,0,0,0,0,0,0,0,71.06390743243713,0.0,normal
1,0.05,0,0,0,0,0,0,0,0,0,0,0,0,0,0,54.78632300556558,0.0,normal
2,0.05,0,0,0,0,0,0,0,0,0,0,0,0,0,0,83.57619172575544,0.0,normal
0,0.05,0,0,0,0,0,0,0,0,0,0,0,0,0,0,99.8774256270054,0.0,normal
1,0.55,0,0,0,0,1,0,0,0,1,1,0,0,0,0,59.223513206336,0.0,malicious
1,0.25,0,0,0,0,0,0,1,0,0,1,0,0,0,0,75.4428624694361,0.0,suspicious
0,0.1,0,0,0,0,0,0,0,0,0,1,0,0,0,0,78.00382849678742,0.0,normal
0,0.1,0,0,0,0,0,0,0,0,0,0,0,0,0,0,68.14835212909331,0.0,normal
0,0.05,0,0,0,0,0,0,0,0,0,0,0,0,0,1,100.0,15.0,normal
0,0.3,0,0,0,0,0,0,0,0,1,0,0,0,0,0,84.43809327320002,0.0,normal
0,0.05,0,0,0,0,0,0,0,0,0,0,0,0,0,0,83.70249747518109,0.0,normal
1,0.05,0,0,0,0,0,0,0,0,0,0,0,0,0,0,100.0,0.0,normal
1,0.25,0,0,0,0,0,0,1,1,1,1,0,0,0,0,91.13104119201375,0.0,malicious
2,0.35,0,0,0,0,0,0,0,1,0,1,0,0,0,1,51.966202145451035,15.0,malicious
1,1.0,0,0,0,1,0,0,0,1,0,0,0,0,0,1,71.86711946419051,15.0,malicious
0,0.35,0,0,0,0,0,0,0,0,1,0,0,0,0,0,75.92900422916495,0.0,normal
0,0.08,0,0,0,0,0,0,0,0,0,1,0,0,0,1,94.55202956926273,15.0,normal
1,0.25,0,0,0,0,0,0,1,0,0,0,0,0,0,0,75.78066490480595,0.0,suspicious
0,0.1,0,0,0,0,0,0,0,0,0,0,0,0,0,0,99.3815284814805,0.0,normal
1,0.1,0,0,0,0,0,0,0,0,0,0,0,0,0,0,82.53695539493961,0.0,normal
2,0.1,0,0,0,0,0,0,0,0,0,0,0,0,0,0,80.3485167110493,0.0,suspicious
0,0.55,0,0,0,0,1,0,0,0,0,0,0,0,0,0,68.13748689798753,0.0,suspicious
1,0.05,0,0,0,0,0,0,0,0,0,0,0,0,0,0,79.25407246618329,0.0,normal
0,0.5,0,1,0,0,0,0,0,1,0,0,0,1,0,0,71.2527476575724,60.0,malicious
1,0.25,0,0,0,0,0,0,1,0,1,0,0,0,0,0,91.63826456049884,0.0,suspicious
2,0.05,0,0,0,0,0,0,0,0,0,0,0,0,0,0,94.46834509935971,0.0,normal
0,0.08,0,0,0,0,0,0,0,0,0,0,0,1,0,0,57.186791836156,60.0,suspicious
2,0.25,0,0,0,0,0,0,1,0,1,0,0,0,0,0,97.81727535986207,0.0,malicious
1,0.1,0,0,0,0,0,0,0,0,0,0,0,1,0,0,72.20483780887336,60.0,suspicious
0,0.1,0,0,0,0,0,0,0,0,0,0,0,0,0,0,82.9092120321287,0.0,normal
1,0.35,0,0,0,0,0,0,0,0,0,1,0,0,0,0,70.88796905668453,0.0,suspicious
1,0.05,0,0,0,0,0,0,0,0,0,0,0,0,0,0,84.7928242071179,0.0,normal
2,0.35,0,0,0,0,0,0,0,0,0,0,0,0,0,1,75.42457981309497,15.0,malicious
0,0.1,0,0,0,0,0,0,0,0,0,0,0,0,0,0,68.56866701155327,0.0,normal
2,0.5,0,1,0,0,0,0,0,1,1,1,0,0,1,0,72.44217202106863,30.0,malicious
0,0.08,0,0,0,0,0,0,0,0,0,0,0,0,0,1,100.0,15.0,normal
0,0.5,0,1,0,0,0,0,0,1,1,0,0,0,0,0,71.37149679379407,0.0,malicious
0,0.55,0,0,0,0,1,0,0,1,0,1,0,0,0,0,55.890952276043606,0.0,malicious
0,0.1,0,0,0,0,0,0,0,0,0,0,0,0,0,0,100.0,0.0,normal
2,0.35,0,0,0,0,0,0,0,0,0,0,0,0,0,0,50.266642697023016,0.0,malicious
0,0.05,0,0,0,0,0,0,0,0,0,0,0,0,0,0,90.31716327054573,0.0,normal
1,0.08,0,0,0,0,0,0,0,0,0,0,0,0,0,0,80.25546222230551,0.0,normal
0,0.85,1,0,0,0,0,0,0,0,0,1,0,0,0,0,70.18337307612245,0.0,malicious
1,0.08,0,0,0,0,0,0,0,0,0,0,0,0,0,0,99.30293432498965,0.0,normal
1,0.05,0,0,0,0,0,0,0,0,0,0,0,1,0,0,62.01476474544166,60.0,malicious
1,0.3,0,0,0,0,0,0,0,0,1,0,0,0,0,0,70.83071406070744,0.0,malicious
0,0.08,0,0,0,0,0,0,0,0,0,0,0,0,1,0,75.80115996848407,30.0,normal
1,0.25,0,0,0,0,0,0,1,0,0,0,0,0,0,0,79.40952148967447,0.0,normal
0,0.08,0,0,0,0,0,0,0,1,0,0,0,0,0,0,84.5554027087217,0.0,normal
0,0.1,0,0,0,0,0,0,0,0,0,0,0,0,0,0,86.99431080757032,0.0,normal
0,0.1,0,0,0,0,0,0,0,1,0,0,1,0,1,0,83.47679117895908,100.0,malicious
0,0.1,0,0,0,0,0,0,0,0,0,0,0,0,0,0,100.0,0.0,normal
2,0.08,0,0,0,0,0,0,0,0,0,0,0,0,0,0,77.72268116340187,0.0,suspicious
1,0.08,0,0,0,0,0,0,0,0,0,1,0,0,0,0,89.50989942962542,0.0,normal
0,0.08,0,0,0,0,0,0,0,0,0,0,0,0,0,0,80.1311191497382,0.0,normal
0,0.08,0,0,0,0,0,0,0,0,0,0,0,0,0,0,85.82213350907092,0.0,normal
0,0.9,0,0,1,0,0,0,0,0,1,0,0,0,0,1,35.875085831824144,15.0,malicious
1,0.05,0,0,0,0,0,0,0,0,0,0,0,0,0,0,100.0,0.0,normal
1,0.1,0,0,0,0,0,0,0,0,0,0,0,0,0,0,82.87100376514287,0.0,normal
0,0.05,0,0,0,0,0,0,0,0,0,0,0,0,0,1,65.26943571943798,15.0,normal
1,0.08,0,0,0,0,0,0,0,0,1,1,0,0,0,0,86.09574989136449,0.0,normal
0,0.1,0,0,0,0,0,0,0,0,0,0,0,0,0,0,66.50083154130091,0.0,normal
1,0.08,0,0,0,0,0,0,0,0,0,0,0,0,0,0,93.20861722834417,0.0,normal
1,0.1,0,0,0,0,0,0,0,1,1,1,0,0,0,0,87.35101665532825,0.0,malicious
0,0.05,0,0,0,0,0,0,0,0,1,0,0,0,0,0,73.03310820147647,0.0,normal
0,0.9,0,0,1,0,0,0,0,0,1,1,0,0,0,0,50.62407912847368,0.0,malicious
1,0.08,0,0,0,0,0,0,0,0,0,0,0,0,0,0,79.6923040343672,0.0,normal
0,0.25,0,0,0,0,0,0,1,1,0,0,0,0,0,0,80.55697530980711,0.0,normal
1,0.35,0,0,0,0,0,0,0,0,1,0,0,1,0,0,72.9931841106024,60.0,malicious
0,0.05,0,0,0,0,0,0,0,0,0,0,0,0,0,0,100.0,0.0,normal
0,0.55,0,0,0,0,1,0,0,0,0,1,0,0,0,1,78.62782829355281,15.0,malicious
3,0.08,0,0,0,0,0,0,0,0,0,0,0,0,0,0,75.58074628855867,0.0,malicious
0,0.55,0,0,0,0,1,0,0,0,1,1,0,0,0,0,81.81586759733726,0.0,malicious
0,0.05,0,0,0,0,0,0,0,0,1,0,0,0,0,0,85.00373522667152,0.0,normal
0,0.08,0,0,0,0,0,0,0,0,0,0,0,0,0,0,71.41901830050993,0.0,normal
0,0.1,0,0,0,0,0,0,0,0,0,0,0,0,0,0,95.4468995678349,0.0,normal
0,0.05,0,0,0,0,0,0,0,0,0,0,0,0,0,0,75.19439014963183,0.0,normal
0,0.08,0,0,0,0,0,0,0,1,0,0,0,0,0,0,78.78540082185998,0.0,normal
0,0.05,0,0,0,0,0,0,0,1,0,0,0,0,0,0,75.05718420331841,0.0,normal
3,0.55,0,0,0,0,1,0,0,0,0,1,0,0,0,1,74.11215160233913,15.0,malicious
0,0.08,0,0,0,0,0,0,0,0,0,1,0,1,0,0,84.03545960681494,60.0,suspicious
0,0.1,0,0,0,0,0,0,0,0,1,1,0,0,0,0,88.57900441875336,0.0,normal
0,0.05,0,0,0,0,0,0,0,0,0,0,0,0,1,0,81.51731747416086,30.0,normal
0,0.5,0,1,0,0,0,0,0,0,0,1,0,0,0,0,79.92463781740358,0.0,suspicious
2,0.35,0,0,0,0,0,0,0,0,0,1,0,0,0,0,72.72875088061677,0.0,malicious
1,0.1,0,0,0,0,0,0,0,0,1,0,0,0,0,0,93.65517674473381,0.0,normal
0,0.05,0,0,0,0,0,0,0,0,0,0,0,0,0,0,100.0,0.0,normal
3,0.35,0,0,0,0,0,0,0,0,0,0,0,0,0,0,59.41903059783202,0.0,malicious
1,0.05,0,0,0,0,0,0,0,0,0,0,0,0,0,0,90.31778880474025,0.0,normal
1,0.45,0,0,0,0,0,1,0,0,1,0,0,0,0,0,96.01320110215099,0.0,malicious
0,0.08,0,0,0,0,0,0,0,1,0,0,0,0,0,0,79.90812052933093,0.0,normal
0,0.08,0,0,0,0,0,0,0,0,0,0,0,0,0,0,82.98819307182991,0.0,normal
0,0.05,0,0,0,0,0,0,0,1,0,0,0,0,0,0,72.69145809323017,0.0,normal
1,0.25,0,0,0,0,0,0,1,0,1,0,0,0,0,0,71.05896648426545,0.0,malicious
0,0.08,0,0,0,0,0,0,0,0,0,0,0,0,0,0,90.8705834814699,0.0,normal
0,0.05,0,0,0,0,0,0,0,0,0,0,0,0,0,0,82.76409037600251,0.0,normal
0,0.08,0,0,0,0,0,0,0,0,0,0,0,0,1,0,85.73844206207505,30.0,normal
0,0.08,0,0,0,0,0,0,0,0,0,0,0,0,0,1,100.0,15.0,normal
1,0.1,0,0,0,0,0,0,0,0,0,1,0,0,0,0,93.88282060079827,0.0,suspicious
1,0.5,0,1,0,0,0,0,0,1,0,0,0,0,0,0,100.0,0.0,malicious
0,0.05,0,0,0,0,0,0,0,0,0,0,0,0,0,0,96.94739033346555,0.0,normal
3,0.1,0,0,0,0,0,0,0,0,0,0,0,0,0,0,100.0,0.0,suspicious
1,0.05,0,0,0,0,0,0,0,0,1,0,0,0,0,1,95.90318356225494,15.0,normal
0,0.25,0,0,0,0,0,0,1,0,1,0,0,0,0,0,86.8892987176922,0.0,normal
4,0.35,0,0,0,0,0,0,0,0,1,0,1,0,0,0,52.2706295535014,70.0,malicious
0,0.9,0,0,1,0,0,0,0,0,0,1,0,0,0,0,58.7323066696116,0.0,malicious
0,0.25,0,0,0,0,0,0,1,0,0,0,0,0,0,0,61.555763130970554,0.0,suspicious
0,0.1,0,0,0,0,0,0,0,0,0,0,0,1,0,0,71.57994373861158,60.0,normal
1,0.1,0,0,0,0,0,0,0,1,0,0,0,0,0,0,95.52192130709562,0.0,normal
0,0.05,0,0,0,0,0,0,0,0,0,0,0,0,0,0,74.14613949877341,0.0,normal
0,0.5,0,1,0,0,0,0,0,1,0,1,0,0,0,1,48.65948090689223,15.0,malicious
1,0.08,0,0,0,0,0,0,0,0,0,0,0,0,0,0,98.93545208151981,0.0,normal
2,0.05,0,0,0,0,0,0,0,1,0,0,1,0,0,0,89.24260147260242,70.0,malicious
1,0.35,0,0,0,0,0,0,0,1,0,1,0,0,0,0,75.6308149381384,0.0,malicious
2,0.45,0,0,0,0,0,1,0,0,0,0,0,0,0,0,93.60698265132085,0.0,malicious
1,0.1,0,0,0,0,0,0,0,0,0,0,0,0,1,0,87.58520741964998,30.0,normal
0,0.08,0,0,0,0,0,0,0,0,0,0,0,1,0,0,78.05307007423748,60.0,normal
0,0.08,0,0,0,0,0,0,0,0,0,1,0,0,0,0,82.23125310814991,0.0,suspicious
1,1.0,0,0,0,1,0,0,0,0,0,0,0,1,0,0,88.74584937159668,60.0,malicious
1,0.05,0,0,0,0,0,0,0,0,0,0,1,0,0,0,73.53005544053063,70.0,malicious
1,0.1,0,0,0,0,0,0,0,1,0,0,0,0,0,0,77.29165225453166,0.0,normal
0,0.08,0,0,0,0,0,0,0,0,0,0,0,0,1,0,72.79696715157947,30.0,normal
1,0.1,0,0,0,0,0,0,0,0,1,0,0,0,0,0,100.0,0.0,normal
0,0.85,1,0,0,0,0,0,0,1,1,0,0,0,0,1,79.65205404480915,15.0,malicious
0,0.5,0,1,0,0,0,0,0,0,0,1,0,0,0,0,84.00026956005316,0.0,normal
0,1.0,0,0,0,1,0,0,0,1,0,1,0,0,0,0,49.81671824367123,0.0,malicious
0,0.1,0,0,0,0,0,0,0,0,0,0,0,0,0,0,83.28999583519565,0.0,normal
0,0.1,0,0,0,0,0,0,0,0,1,0,1,0,0,0,90.01411870054912,70.0,malicious
1,0.1,0,0,0,0,0,0,0,0,0,0,0,0,0,0,82.92378880569782,0.0,normal
0,0.45,0,0,0,0,0,1,0,1,0,0,0,0,0,0,71.95662968580186,0.0,suspicious
1,0.05,0,0,0,0,0,0,0,0,0,0,0,0,0,0,89.7991319769956,0.0,normal
0,0.05,0,0,0,0,0,0,0,0,0,0,0,0,1,1,100.0,45.0,normal
3,0.05,0,0,0,0,0,0,0,1,0,0,0,0,0,1,83.49158483826722,15.0,malicious
0,0.1,0,0,0,0,0,0,0,0,1,0,0,0,0,0,88.85421225881713,0.0,normal
0,0.55,0,0,0,0,1,0,0,0,0,0,0,0,0,0,61.98437745739348,0.0,suspicious
0,0.08,0,0,0,0,0,0,0,0,0,0,0,0,0,0,63.96845302007429,0.0,normal
0,0.9,0,0,1,0,0,0,0,0,1,1,0,0,0,0,70.32710547833629,0.0,malicious
0,0.08,0,0,0,0,0,0,0,0,0,0,0,0,0,0,93.26148587856879,0.0,normal
0,0.5,0,1,0,0,0,0,0,0,0,1,0,0,0,0,58.696842438413476,0.0,malicious
0,0.05,0,0,0,0,0,0,0,0,0,0,0,0,0,0,100.0,0.0,normal
2,0.35,0,0,0,0,0,0,0,0,0,0,0,0,0,1,53.4018001903988,15.0,malicious
1,0.1,0,0,0,0,0,0,0,0,1,0,0,1,0,0,88.48791047372387,60.0,suspicious
0,0.3,0,0,0,0,0,0,0,0,0,1,0,0,0,0,100.0,0.0,normal
3,0.35,0,0,0,0,0,0,0,0,1,1,0,0,0,0,58.42191049094896,0.0,malicious
1,0.08,0,0,0,0,0,0,0,0,1,0,0,0,0,0,79.51820381765192,0.0,suspicious
1,0.1,0,0,0,0,0,0,0,0,1,0,0,0,0,0,92.84953837619167,0.0,normal
2,0.35,0,0,0,0,0,0,0,1,0,0,0,0,0,0,60.887068145443905,0.0,malicious
2,0.08,0,0,0,0,0,0,0,0,0,0,0,0,0,0,87.13318886355846,0.0,normal
0,0.08,0,0,0,0,0,0,0,0,0,0,0,0,0,0,72.33674603828581,0.0,normal
0,0.08,0,0,0,0,0,0,0,1,1,0,0,0,0,0,87.67875799934377,0.0,normal
0,0.3,0,0,0,0,0,0,0,0,0,0,0,1,0,1,92.59648303383344,75.0,normal
1,0.08,0,0,0,0,0,0,0,0,0,0,0,1,0,0,95.72913674832989,60.0,suspicious
0,0.45,0,0,0,0,0,1,0,1,0,1,0,1,0,0,77.4305367239393,60.0,malicious
0,0.08,0,0,0,0,0,0,0,0,0,0,0,1,0,0,85.12889661050214,60.0,normal
0,0.08,0,0,0,0,0,0,0,0,0,0,0,0,0,0,80.78378700089216,0.0,normal
1,0.05,0,0,0,0,0,0,0,0,0,0,0,0,1,0,90.65947031807056,30.0,normal
0,0.1,0,0,0,0,0,0,0,0,1,0,0,0,0,0,87.9086060302419,0.0,normal
2,0.5,0,1,0,0,0,0,0,0,1,1,0,0,0,0,56.52427660785503,0.0,malicious
2,0.5,0,1,0,0,0,0,0,0,0,1,0,0,0,0,48.923710682472674,0.0,malicious
2,0.35,0,0,0,0,0,0,0,0,0,0,0,0,0,0,58.29163979102897,0.0,malicious
0,0.05,0,0,0,0,0,0,0,0,0,0,0,0,0,0,89.78164274884261,0.0,normal
3,0.35,0,0,0,0,0,0,0,0,1,0,0,0,0,0,47.24115678033024,0.0,malicious
2,0.45,0,0,0,0,0,1,0,0,0,0,0,0,0,0,79.24975876573669,0.0,malicious
0,0.08,0,0,0,0,0,0,0,0,1,0,0,0,0,0,86.16484973500594,0.0,normal
0,0.05,0,0,0,0,0,0,0,0,0,0,0,0,0,0,81.5459693229295,0.0,normal
1,0.1,0,0,0,0,0,0,0,0,0,0,0,0,0,0,63.20444653965325,0.0,normal
1,0.1,0,0,0,0,0,0,0,0,1,0,0,0,0,0,71.67245724107197,0.0,suspicious
1,0.08,0,0,0,0,0,0,0,0,0,0,0,0,0,0,82.04656894253931,0.0,normal
0,0.45,0,0,0,0,0,1,0,0,0,0,0,0,0,0,82.18700067193986,0.0,normal
2,0.08,0,0,0,0,0,0,0,0,0,0,0,0,0,0,82.61364543362173,0.0,normal
0,0.08,0,0,0,0,0,0,0,0,0,0,0,0,0,0,84.65190086793666,0.0,normal
0,0.85,1,0,0,0,0,0,0,0,1,1,0,0,0,0,80.63155687563881,0.0,malicious
1,0.05,0,0,0,0,0,0,0,0,1,0,0,0,0,0,68.53970177873194,0.0,normal
0,0.08,0,0,0,0,0,0,0,1,0,0,1,0,0,0,68.9547613998881,70.0,suspicious
0,0.1,0,0,0,0,0,0,0,1,0,0,0,0,0,1,85.07416308975552,15.0,normal
0,0.08,0,0,0,0,0,0,0,0,0,0,0,1,0,0,74.0567336582934,60.0,normal
0,0.05,0,0,0,0,0,0,0,0,0,0,0,0,0,0,80.7023587175048,0.0,suspicious
0,0.25,0,0,0,0,0,0,1,1,0,1,0,0,0,0,77.18469257775224,0.0,suspicious
0,0.08,0,0,0,0,0,0,0,0,0,1,0,0,0,0,72.28042961095773,0.0,normal
0,0.05,0,0,0,0,0,0,0,0,0,0,0,0,0,0,84.55391377455675,0.0,normal
0,0.9,0,0,1,0,0,0,0,0,0,1,0,0,0,0,88.8595442217014,0.0,malicious
0,0.08,0,0,0,0,0,0,0,0,0,0,0,0,0,1,59.90011605903155,15.0,normal
0,0.08,0,0,0,0,0,0,0,0,0,0,0,0,0,1,98.24247505512915,15.0,normal
2,0.05,0,0,0,0,0,0,0,0,0,0,0,0,0,1,78.70732960856189,15.0,suspicious
2,0.3,0,0,0,0,0,0,0,1,0,1,0,0,0,0,85.24059846960769,0.0,malicious
0,0.08,0,0,0,0,0,0,0,0,0,0,0,0,1,1,94.36931703495428,45.0,normal
0,0.1,0,0,0,0,0,0,0,1,0,0,0,0,0,0,83.86994391734046,0.0,normal
0,0.08,0,0,0,0,0,0,0,1,0,0,1,0,1,0,94.48628148619748,100.0,suspicious
0,0.1,0,0,0,0,0,0,0,0,0,0,0,1,0,0,80.10372180935201,60.0,normal
0,0.08,0,0,0,0,0,0,0,0,0,0,0,1,0,1,71.71448764509961,75.0,suspicious
1,0.1,0,0,0,0,0,0,0,0,0,0,0,0,0,0,75.42694991434149,0.0,normal
0,0.05,0,0,0,0,0,0,0,0,0,0,0,0,0,0,94.7760044030578,0.0,normal
1,0.1,0,0,0,0,0,0,0,0,0,0,0,0,0,0,97.9451094579734,0.0,normal
1,0.08,0,0,0,0,0,0,0,0,0,0,0,0,0,0,75.08415256549209,0.0,suspicious
0,0.08,0,0,0,0,0,0,0,0,0,0,0,0,0,1,100.0,15.0,normal
0,0.05,0,0,0,0,0,0,0,0,0,0,0,0,0,0,85.09670738042026,0.0,normal
1,0.25,0,0,0,0,0,0,1,0,1,1,0,0,0,0,76.69962989120519,0.0,malicious
0,0.5,0,1,0,0,0,0,0,0,1,0,0,0,0,0,76.63397142327254,0.0,malicious
0,0.5,0,1,0,0,0,0,0,0,1,0,0,0,0,0,65.55856118476271,0.0,suspicious
1,0.08,0,0,0,0,0,0,0,0,0,0,0,0,0,0,52.03812554452192,0.0,suspicious
1,0.5,0,1,0,0,0,0,0,0,1,1,0,0,0,1,62.43159961367071,15.0,malicious
0,0.5,0,1,0,0,0,0,0,1,0,1,0,0,0,0,54.32788563724909,0.0,malicious
0,0.08,0,0,0,0,0,0,0,0,1,0,0,0,1,0,100.0,30.0,normal
0,0.08,0,0,0,0,0,0,0,0,0,0,1,0,0,0,96.75503257672008,70.0,suspicious
2,0.05,0,0,0,0,0,0,0,0,0,0,0,0,0,0,100.0,0.0,normal
1,0.9,0,0,1,0,0,0,0,0,1,0,0,0,0,0,77.61759710497441,0.0,malicious
0,0.08,0,0,0,0,0,0,0,1,0,0,0,0,0,0,100.0,0.0,normal
1,0.1,0,0,0,0,0,0,0,0,0,0,0,0,0,0,92.13226496811062,0.0,suspicious
1,0.5,0,1,0,0,0,0,0,0,0,0,0,0,1,1,73.93734884245977,45.0,malicious
0,0.25,0,0,0,0,0,0,1,0,1,0,0,0,0,0,72.14850359329188,0.0,suspicious
0,0.55,0,0,0,0,1,0,0,0,0,1,0,0,0,0,58.98652987932606,0.0,malicious
1,0.05,0,0,0,0,0,0,0,0,0,0,0,0,0,0,100.0,0.0,normal
2,0.1,0,0,0,0,0,0,0,0,0,0,0,0,0,0,80.68622329477968,0.0,normal
0,0.55,0,0,0,0,1,0,0,0,0,0,0,0,0,0,71.71877362688389,0.0,suspicious
0,0.1,0,0,0,0,0,0,0,0,0,0,0,0,0,0,71.05998670669423,0.0,suspicious
0,0.1,0,0,0,0,0,0,0,0,0,0,0,0,0,0,89.0927817440839,0.0,suspicious
2,0.08,0,0,0,0,0,0,0,1,0,0,0,0,0,1,73.75874193007778,15.0,malicious
0,0.1,0,0,0,0,0,0,0,0,0,0,0,0,0,0,82.49514670518565,0.0,normal
1,0.05,0,0,0,0,0,0,0,0,0,0,0,0,0,0,83.37046843048434,0.0,normal
3,0.35,0,0,0,0,0,0,0,1,1,0,0,0,0,0,58.224892197600575,0.0,malicious
3,0.35,0,0,0,0,0,0,0,0,0,1,0,0,0,0,63.95069767509768,0.0,malicious
0,0.85,1,0,0,0,0,0,0,1,0,0,0,0,0,0,64.21102444878541,0.0,malicious
1,0.08,0,0,0,0,0,0,0,0,0,0,0,1,0,0,79.00395972649648,60.0,malicious
0,0.08,0,0,0,0,0,0,0,0,0,0,0,0,0,0,82.03037666502486,0.0,normal
0,0.25,0,0,0,0,0,0,1,0,0,0,0,0,0,0,66.25186695293874,0.0,normal
1,0.9,0,0,1,0,0,0,0,1,1,0,0,1,0,1,61.072820059827116,75.0,malicious
0,0.1,0,0,0,0,0,0,0,0,0,0,0,0,0,1,74.85464771907672,15.0,normal
0,0.25,0,0,0,0,0,0,1,0,0,0,0,0,0,0,85.20562152715858,0.0,normal
1,0.35,0,0,0,0,0,0,0,1,0,1,0,0,1,0,69.55976055820815,30.0,malicious
2,0.08,0,0,0,0,0,0,0,0,0,0,0,0,0,0,65.63431605567578,0.0,suspicious
1,0.1,0,0,0,0,0,0,0,0,1,0,0,0,0,0,100.0,0.0,normal
0,0.5,0,1,0,0,0,0,0,0,0,0,0,0,0,0,51.231817893663454,0.0,suspicious
0,0.1,0,0,0,0,0,0,0,0,1,0,0,0,0,1,65.94877103692585,15.0,normal
0,0.05,0,0,0,0,0,0,0,1,0,0,0,0,0,0,86.25385978943221,0.0,normal
1,0.05,0,0,0,0,0,0,0,0,0,0,0,0,0,1,69.40464884442632,15.0,normal
0,0.05,0,0,0,0,0,0,0,0,0,0,0,0,0,0,71.48927844448201,0.0,normal
1,0.08,0,0,0,0,0,0,0,0,0,0,0,0,0,0,76.73977976116143,0.0,normal
0,0.1,0,0,0,0,0,0,0,0,1,0,0,0,0,0,83.55833376820472,0.0,normal
0,0.1,0,0,0,0,0,0,0,0,1,0,0,0,0,0,83.43072903028718,0.0,normal
0,0.08,0,0,0,0,0,0,0,0,0,0,0,0,0,0,99.83187086875914,0.0,normal
1,0.05,0,0,0,0,0,0,0,0,0,0,0,0,1,0,94.12030461527746,30.0,normal
0,0.1,0,0,0,0,0,0,0,0,0,0,0,0,0,0,74.19326969240375,0.0,normal
0,0.1,0,0,0,0,0,0,0,0,0,0,0,0,0,0,88.82508848652563,0.0,normal
1,0.55,0,0,0,0,1,0,0,0,1,1,0,0,0,0,57.78823517560874,0.0,malicious
1,0.3,0,0,0,0,0,0,0,0,0,1,0,0,0,0,84.8298987001973,0.0,suspicious
2,0.35,0,0,0,0,0,0,0,1,0,0,0,0,0,1,55.37420458341843,15.0,malicious
1,0.35,0,0,0,0,0,0,0,1,0,1,0,0,0,0,74.08870903211772,0.0,malicious
0,0.08,0,0,0,0,0,0,0,0,0,0,0,0,0,1,83.34303486218427,15.0,normal
0,0.1,0,0,0,0,0,0,0,0,0,1,0,1,0,0,78.68883551794843,60.0,suspicious
1,0.5,0,1,0,0,0,0,0,0,0,0,0,0,0,0,68.5679314288382,0.0,suspicious
0,0.05,0,0,0,0,0,0,0,0,0,0,0,0,0,0,87.3917128695619,0.0,normal
0,0.05,0,0,0,0,0,0,0,0,1,0,0,0,0,0,93.48976781088422,0.0,normal
1,1.0,0,0,0,1,0,0,0,0,1,0,0,0,0,0,66.77050028626022,0.0,malicious
0,0.45,0,0,0,0,0,1,0,0,0,0,0,0,0,0,81.94721005284958,0.0,normal
1,0.3,0,0,0,0,0,0,0,1,1,1,0,0,0,0,71.74705858416445,0.0,malicious
0,0.1,0,0,0,0,0,0,0,0,0,0,0,0,0,0,92.48659400878748,0.0,normal
1,0.1,0,0,0,0,0,0,0,0,0,0,0,0,0,0,75.67759357351787,0.0,suspicious
0,0.85,1,0,0,0,0,0,0,1,0,1,0,0,0,0,93.29664924808685,0.0,malicious
0,0.05,0,0,0,0,0,0,0,0,0,0,0,0,0,1,94.67985497843333,15.0,normal
0,0.1,0,0,0,0,0,0,0,0,0,1,1,0,0,0,88.88797756903924,70.0,suspicious
1,0.5,0,1,0,0,0,0,0,1,0,0,0,0,0,1,64.69198548043184,15.0,malicious
0,0.05,0,0,0,0,0,0,0,0,0,0,0,0,0,0,82.6889000036115,0.0,normal
1,0.45,0,0,0,0,0,1,0,1,0,1,0,0,1,0,77.58340458707748,30.0,malicious
1,0.85,1,0,0,0,0,0,0,1,0,0,0,0,0,0,78.02835077673129,0.0,malicious
0,0.3,0,0,0,0,0,0,0,0,0,1,0,0,0,0,100.0,0.0,normal
0,0.08,0,0,0,0,0,0,0,0,0,0,0,0,0,1,100.0,15.0,normal
0,0.25,0,0,0,0,0,0,1,0,0,0,0,0,0,0,85.5698703587586,0.0,suspicious
1,0.1,0,0,0,0,0,0,0,0,0,0,0,0,0,0,91.85658808722602,0.0,normal
0,0.05,0,0,0,0,0,0,0,1,1,0,0,0,0,1,87.31986229158557,15.0,normal
1,0.85,1,0,0,0,0,0,0,1,1,1,0,0,1,0,59.72344670202222,30.0,malicious
0,0.08,0,0,0,0,0,0,0,0,0,1,0,0,0,0,80.36745714819632,0.0,normal
0,0.05,0,0,0,0,0,0,0,1,0,0,0,0,0,0,88.6228066996823,0.0,normal
2,0.05,0,0,0,0,0,0,0,0,0,0,0,0,0,1,73.63656370383012,15.0,suspicious
0,0.08,0,0,0,0,0,0,0,1,0,0,0,0,0,0,76.85212920440297,0.0,normal
1,0.5,0,1,0,0,0,0,0,0,0,1,0,0,0,0,55.93238378886221,0.0,malicious
1,0.35,0,0,0,0,0,0,0,0,0,0,0,0,0,0,73.42577462219526,0.0,normal
3,0.05,0,0,0,0,0,0,0,0,0,0,0,1,0,0,75.74813046856006,60.0,malicious
1,0.1,0,0,0,0,0,0,0,0,0,0,0,0,0,0,87.49479653518158,0.0,normal
2,0.05,0,0,0,0,0,0,0,0,0,0,0,0,0,0,100.0,0.0,normal
0,0.55,0,0,0,0,1,0,0,0,0,0,0,0,0,0,76.10822463013315,0.0,suspicious
0,0.05,0,0,0,0,0,0,0,0,0,0,0,0,0,0,100.0,0.0,normal
2,0.3,0,0,0,0,0,0,0,1,0,1,0,0,0,1,78.4282152653815,15.0,malicious
1,0.35,0,0,0,0,0,0,0,0,1,0,0,0,0,0,53.91491003669006,0.0,malicious
1,0.5,0,1,0,0,0,0,0,0,0,1,0,0,1,0,58.02261765870235,30.0,malicious
1,0.05,0,0,0,0,0,0,0,0,0,0,0,0,0,0,72.50806663167388,0.0,normal
0,0.1,0,0,0,0,0,0,0,0,0,0,0,0,0,0,86.15224904927105,0.0,normal
1,0.3,0,0,0,0,0,0,0,1,1,1,0,0,0,0,98.80042149906386,0.0,malicious
0,0.1,0,0,0,0,0,0,0,1,0,0,0,0,0,0,59.520471938976065,0.0,normal
0,0.05,0,0,0,0,0,0,0,0,0,0,0,0,0,0,79.02376118767656,0.0,normal
6,0.35,0,0,0,0,0,0,0,0,0,0,0,0,0,0,74.77254405129524,0.0,malicious
1,0.08,0,0,0,0,0,0,0,0,0,0,0,0,1,0,78.55508560498717,30.0,normal
1,0.08,0,0,0,0,0,0,0,0,0,0,0,0,1,0,69.90302689537843,30.0,normal
1,0.1,0,0,0,0,0,0,0,0,1,0,0,1,0,0,84.19825924471895,60.0,malicious
0,0.55,0,0,0,0,1,0,0,0,0,1,0,0,0,1,71.70922212166023,15.0,malicious
0,0.1,0,0,0,0,0,0,0,0,0,0,0,0,0,1,94.42397416057135,15.0,normal
0,0.05,0,0,0,0,0,0,0,0,1,0,0,1,0,0,82.7224919594413,60.0,normal
1,0.1,0,0,0,0,0,0,0,0,1,1,0,0,0,0,91.83264957060635,0.0,normal
0,0.5,0,1,0,0,0,0,0,0,0,1,0,0,0,0,96.76328211840536,0.0,normal
2,0.35,0,0,0,0,0,0,0,0,0,1,0,1,0,0,60.27425762901081,60.0,malicious
1,0.05,0,0,0,0,0,0,0,0,0,0,0,1,0,0,82.06052053568234,60.0,suspicious
0,0.08,0,0,0,0,0,0,0,0,0,0,0,0,0,0,80.44344076278753,0.0,normal
0,0.05,0,0,0,0,0,0,0,1,0,0,0,0,0,0,79.10587650797179,0.0,normal
0,0.05,0,0,0,0,0,0,0,0,0,0,0,0,1,0,81.47558099731654,30.0,normal
0,0.45,0,0,0,0,0,1,0,1,0,1,0,0,0,0,83.46374992192759,0.0,suspicious
0,0.05,0,0,0,0,0,0,0,0,0,0,1,0,0,1,73.01251403303016,85.0,malicious
0,0.1,0,0,0,0,0,0,0,0,1,0,0,0,0,0,78.67318853435728,0.0,normal
0,0.85,1,0,0,0,0,0,0,0,0,0,0,0,0,0,58.174580277790916,0.0,malicious
1,0.25,0,0,0,0,0,0,1,0,0,1,1,0,0,0,74.21525888384551,70.0,malicious
1,0.08,0,0,0,0,0,0,0,0,0,0,0,0,0,0,81.27908697861008,0.0,normal
0,0.05,0,0,0,0,0,0,0,0,0,0,0,0,0,0,70.82183140927737,0.0,normal
2,0.08,0,0,0,0,0,0,0,0,0,0,1,0,0,0,87.37214283864145,70.0,malicious
2,0.1,0,0,0,0,0,0,0,0,0,0,0,0,0,1,93.44165112456312,15.0,suspicious
2,0.1,0,0,0,0,0,0,0,0,1,1,0,0,0,0,94.87040471380297,0.0,suspicious
1,0.08,0,0,0,0,0,0,0,0,0,0,0,0,0,0,84.97553247088248,0.0,normal
2,0.35,0,0,0,0,0,0,0,1,0,1,0,0,0,0,44.735780994442955,0.0,malicious
2,0.35,0,0,0,0,0,0,0,0,1,0,0,0,0,0,63.295201673910626,0.0,malicious
0,0.08,0,0,0,0,0,0,0,0,0,0,0,0,0,0,77.99175894939007,0.0,normal
1,0.1,0,0,0,0,0,0,0,0,1,0,0,0,0,0,89.90638128727707,0.0,normal
0,0.1,0,0,0,0,0,0,0,0,0,0,0,0,1,0,91.26230069929068,30.0,normal
0,0.1,0,0,0,0,0,0,0,0,1,0,0,0,0,0,80.15493781278808,0.0,normal
0,0.55,0,0,0,0,1,0,0,1,0,0,0,0,0,0,62.37581179931231,0.0,malicious
2,0.05,0,0,0,0,0,0,0,0,1,0,0,0,0,0,74.08997376375754,0.0,suspicious
0,0.85,1,0,0,0,0,0,0,0,1,1,0,0,0,0,74.51527454434576,0.0,malicious
0,0.5,0,1,0,0,0,0,0,0,0,1,0,0,0,0,61.906370565667345,0.0,malicious
0,0.85,1,0,0,0,0,0,0,0,0,1,0,0,0,1,53.82475453193702,15.0,malicious
2,1.0,0,0,0,1,0,0,0,1,1,0,0,0,0,0,48.568503416846944,0.0,malicious
4,0.35,0,0,0,0,0,0,0,0,0,0,0,0,0,0,68.41747818146516,0.0,suspicious
0,0.1,0,0,0,0,0,0,0,0,0,0,0,0,0,0,73.97316013764718,0.0,normal
0,0.9,0,0,1,0,0,0,0,0,0,1,0,0,0,0,58.31642376272677,0.0,malicious
2,0.1,0,0,0,0,0,0,0,1,0,0,0,0,0,1,90.57399893570052,15.0,suspicious
2,0.08,0,0,0,0,0,0,0,0,0,0,0,0,0,1,100.0,15.0,normal
0,0.1,0,0,0,0,0,0,0,0,1,0,0,0,0,0,87.2634179656129,0.0,normal
0,0.05,0,0,0,0,0,0,0,0,0,0,0,0,0,0,75.53534185617856,0.0,normal
0,0.1,0,0,0,0,0,0,0,0,0,0,0,0,0,0,89.83142023986514,0.0,normal
4,0.35,0,0,0,0,0,0,0,1,0,1,0,0,0,0,77.83412546862611,0.0,malicious
0,0.85,1,0,0,0,0,0,0,1,0,0,0,1,0,0,76.42323468817807,60.0,malicious
2,0.05,0,0,0,0,0,0,0,0,0,0,0,0,0,0,69.72074119656708,0.0,normal
0,0.25,0,0,0,0,0,0,1,0,0,0,0,0,0,0,90.19880459704005,0.0,normal
0,0.25,0,0,0,0,0,0,1,1,0,0,0,0,0,1,79.02074695110355,15.0,suspicious
0,0.1,0,0,0,0,0,0,0,0,0,0,0,0,0,0,65.43942044127334,0.0,normal
1,0.45,0,0,0,0,0,1,0,0,0,0,0,0,0,0,76.67153264418427,0.0,suspicious
0,0.05,0,0,0,0,0,0,0,0,1,0,0,0,0,1,99.16250386021972,15.0,normal
2,0.35,0,0,0,0,0,0,0,1,1,1,0,0,0,0,73.73059993395485,0.0,malicious
0,0.1,0,0,0,0,0,0,0,0,0,0,0,0,0,1,82.90962176532847,15.0,normal
0,0.85,1,0,0,0,0,0,0,0,0,0,0,0,0,0,48.38126699278497,0.0,malicious
0,0.55,0,0,0,0,1,0,0,0,0,0,0,0,0,0,75.41090789674402,0.0,suspicious
0,0.08,0,0,0,0,0,0,0,0,0,0,0,0,0,1,99.38702714417704,15.0,normal
0,0.1,0,0,0,0,0,0,0,0,0,0,0,0,0,0,100.0,0.0,normal
1,0.05,0,0,0,0,0,0,0,0,0,0,0,0,0,0,84.44899410714089,0.0,normal
1,0.3,0,0,0,0,0,0,0,1,0,1,0,0,0,0,68.37215544234719,0.0,malicious
2,0.35,0,0,0,0,0,0,0,1,0,1,0,0,0,0,68.91828692486926,0.0,malicious
0,0.05,0,0,0,0,0,0,0,0,0,1,0,0,1,0,100.0,30.0,normal
2,0.35,0,0,0,0,0,0,0,1,0,0,0,0,0,1,72.49067148728298,15.0,malicious
0,0.1,0,0,0,0,0,0,0,0,0,0,0,0,0,0,51.28753579986268,0.0,normal
1,0.25,0,0,0,0,0,0,1,1,0,1,0,0,0,1,96.62271288095604,15.0,malicious
0,0.08,0,0,0,0,0,0,0,0,0,0,0,0,0,0,91.2409216315857,0.0,normal
1,0.08,0,0,0,0,0,0,0,0,0,0,0,0,0,0,57.87644904168341,0.0,suspicious
0,0.1,0,0,0,0,0,0,0,0,0,0,0,0,0,0,92.7849821697217,0.0,normal
2,0.25,0,0,0,0,0,0,1,0,1,0,0,0,0,1,66.37582579959857,15.0,malicious
0,0.05,0,0,0,0,0,0,0,0,0,0,0,0,0,0,74.1578877430519,0.0,normal
1,0.1,0,0,0,0,0,0,0,0,1,0,0,0,0,1,96.08347777627812,15.0,normal
0,0.45,0,0,0,0,0,1,0,0,1,0,0,0,0,0,92.42078772781309,0.0,suspicious
1,0.3,0,0,0,0,0,0,0,0,1,0,0,0,0,0,77.90061281693282,0.0,suspicious
1,0.08,0,0,0,0,0,0,0,0,1,0,0,0,0,0,99.89729786932645,0.0,normal
0,0.05,0,0,0,0,0,0,0,0,0,0,0,0,0,0,100.0,0.0,normal
0,0.1,0,0,0,0,0,0,0,1,0,0,0,0,0,0,80.63332714190959,0.0,normal
0,0.05,0,0,0,0,0,0,0,1,0,0,0,0,0,0,99.88221521016018,0.0,normal
0,0.08,0,0,0,0,0,0,0,0,0,0,0,0,0,0,99.50329363947084,0.0,normal
1,0.25,0,0,0,0,0,0,1,0,0,0,0,0,0,0,85.87552882041068,0.0,normal
0,0.9,0,0,1,0,0,0,0,1,1,1,0,0,0,0,48.977289508410024,0.0,malicious
0,0.85,1,0,0,0,0,0,0,0,0,1,0,0,0,0,55.626309441076,0.0,malicious
0,0.1,0,0,0,0,0,0,0,0,0,1,0,0,0,0,100.0,0.0,normal
1,0.1,0,0,0,0,0,0,0,0,0,0,0,0,0,0,84.35754362694357,0.0,normal
2,0.9,0,0,1,0,0,0,0,0,0,0,0,0,0,0,67.90962860226561,0.0,malicious
2,0.1,0,0,0,0,0,0,0,0,0,0,0,0,0,0,81.43554914034428,0.0,normal
0,0.1,0,0,0,0,0,0,0,0,1,0,0,0,0,0,70.66754022929236,0.0,normal
0,0.08,0,0,0,0,0,0,0,0,0,0,0,0,0,0,88.83539499927547,0.0,normal
0,1.0,0,0,0,1,0,0,0,1,0,0,0,0,0,0,71.02967407955623,0.0,malicious
0,0.5,0,1,0,0,0,0,0,0,1,1,0,0,0,0,76.20939518468441,0.0,malicious
0,0.1,0,0,0,0,0,0,0,0,0,0,0,0,0,1,89.7385399400271,15.0,normal
0,0.3,0,0,0,0,0,0,0,0,0,0,0,0,0,0,71.66014139373952,0.0,normal
0,0.9,0,0,1,0,0,0,0,1,1,0,0,0,0,1,46.92497866507833,15.0,malicious
4,0.45,0,0,0,0,0,1,0,0,0,0,0,1,0,0,78.4751831799485,60.0,malicious
2,0.1,0,0,0,0,0,0,0,0,0,0,0,0,0,0,74.18206715429805,0.0,normal
2,0.35,0,0,0,0,0,0,0,1,1,0,0,0,0,0,43.36746176973397,0.0,malicious
0,0.35,0,0,0,0,0,0,0,0,0,0,0,0,0,0,72.21907234021766,0.0,normal
0,0.08,0,0,0,0,0,0,0,0,0,0,0,0,0,0,94.85515523866957,0.0,normal
2,0.1,0,0,0,0,0,0,0,0,1,0,0,0,0,1,100.0,15.0,suspicious
0,0.08,0,0,0,0,0,0,0,0,1,0,0,0,0,0,67.46502059432852,0.0,normal
0,0.25,0,0,0,0,0,0,1,1,1,1,0,0,0,1,82.67782893965413,15.0,malicious
2,0.05,0,0,0,0,0,0,0,0,0,0,0,0,0,0,76.48277543967546,0.0,suspicious
1,0.05,0,0,0,0,0,0,0,0,0,0,0,0,0,1,76.95693336898671,15.0,normal
2,0.1,0,0,0,0,0,0,0,0,0,0,0,0,0,1,85.72964162250753,15.0,normal
0,0.9,0,0,1,0,0,0,0,1,0,0,0,0,0,0,72.66979632236298,0.0,malicious
1,0.1,0,0,0,0,0,0,0,0,0,0,0,0,0,0,75.24241494072272,0.0,normal
0,0.3,0,0,0,0,0,0,0,0,0,0,0,0,0,0,81.67166232658943,0.0,normal
0,0.1,0,0,0,0,0,0,0,0,1,0,0,0,0,0,86.80349833103165,0.0,normal
0,0.45,0,0,0,0,0,1,0,1,0,1,0,0,0,0,76.056391179334,0.0,malicious
2,0.08,0,0,0,0,0,0,0,0,0,0,0,0,0,0,69.76506187891904,0.0,suspicious
1,0.08,0,0,0,0,0,0,0,0,0,0,0,0,0,0,94.26667833806634,0.0,normal
1,0.05,0,0,0,0,0,0,0,0,0,0,0,1,0,0,73.71921396204252,60.0,suspicious
0,0.08,0,0,0,0,0,0,0,0,0,0,0,0,0,0,95.85010883879917,0.0,normal
5,0.35,0,0,0,0,0,0,0,0,0,1,0,0,0,0,60.66574628450846,0.0,malicious
2,0.05,0,0,0,0,0,0,0,0,0,0,0,0,0,1,86.23975913816047,15.0,suspicious
1,0.9,0,0,1,0,0,0,0,0,0,0,0,0,0,0,69.24134125585971,0.0,malicious
0,0.1,0,0,0,0,0,0,0,0,1,0,0,0,0,0,99.51203514944719,0.0,normal
0,0.35,0,0,0,0,0,0,0,0,1,0,0,0,0,0,64.89650479635331,0.0,normal
0,0.05,0,0,0,0,0,0,0,0,0,0,0,1,0,0,85.8568677042587,60.0,normal
0,0.08,0,0,0,0,0,0,0,0,0,0,1,1,0,0,89.27156937146822,100.0,malicious
0,0.08,0,0,0,0,0,0,0,0,0,0,0,0,0,0,78.91581346317275,0.0,normal
1,0.1,0,0,0,0,0,0,0,1,1,0,0,0,0,0,85.94094519559924,0.0,suspicious
2,0.08,0,0,0,0,0,0,0,0,0,0,0,0,0,1,99.93638137629442,15.0,normal
0,0.05,0,0,0,0,0,0,0,0,0,0,0,0,0,0,93.81755455226113,0.0,normal
4,0.35,0,0,0,0,0,0,0,0,0,0,0,0,0,0,56.352972212731295,0.0,malicious
0,0.05,0,0,0,0,0,0,0,0,0,0,0,0,0,0,100.0,0.0,normal
0,0.05,0,0,0,0,0,0,0,0,0,0,0,1,0,0,86.11310915032368,60.0,normal
0,0.05,0,0,0,0,0,0,0,1,0,0,0,0,0,0,71.57904953709742,0.0,normal
1,0.08,0,0,0,0,0,0,0,0,0,0,0,0,0,0,95.09891794031337,0.0,normal
0,0.1,0,0,0,0,0,0,0,1,0,0,0,0,0,1,95.54454462954139,15.0,normal
1,0.1,0,0,0,0,0,0,0,0,1,0,0,0,0,0,86.18062945248586,0.0,normal
0,0.08,0,0,0,0,0,0,0,0,0,0,0,0,0,0,100.0,0.0,suspicious
1,0.55,0,0,0,0,1,0,0,0,0,0,0,0,0,1,59.086080689065184,15.0,malicious
2,0.85,1,0,0,0,0,0,0,0,0,0,0,0,1,0,63.80722257340102,30.0,malicious
0,0.9,0,0,1,0,0,0,0,1,0,0,0,0,0,0,93.89838147170495,0.0,suspicious
1,1.0,0,0,0,1,0,0,0,1,0,0,0,0,0,1,76.48190433029552,15.0,malicious
1,0.1,0,0,0,0,0,0,0,0,1,0,0,0,0,0,78.27589429794689,0.0,suspicious
0,0.1,0,0,0,0,0,0,0,0,0,0,0,0,0,0,79.36448308903073,0.0,normal
0,0.85,1,0,0,0,0,0,0,0,0,0,0,0,0,0,67.08240343159773,0.0,malicious
0,0.08,0,0,0,0,0,0,0,0,0,0,0,0,0,0,74.02185105088866,0.0,normal
1,0.08,0,0,0,0,0,0,0,0,1,1,0,0,0,0,85.97861761960456,0.0,malicious
0,0.9,0,0,1,0,0,0,0,0,0,0,0,0,0,0,71.48240364780425,0.0,malicious
1,0.05,0,0,0,0,0,0,0,0,0,0,0,0,0,0,89.02329983650999,0.0,normal
0,0.05,0,0,0,0,0,0,0,0,0,0,0,0,0,0,98.82027552723385,0.0,normal
0,0.25,0,0,0,0,0,0,1,1,1,0,0,0,0,0,84.80985234110096,0.0,suspicious
2,0.08,0,0,0,0,0,0,0,0,0,0,0,0,0,0,71.68101507122255,0.0,normal
2,0.35,0,0,0,0,0,0,0,0,1,0,0,0,0,0,81.4664161567215,0.0,malicious
0,0.3,0,0,0,0,0,0,0,1,1,0,0,1,0,0,100.0,60.0,suspicious
0,0.3,0,0,0,0,0,0,0,0,0,1,0,0,0,0,96.29576088854708,0.0,normal
1,0.05,0,0,0,0,0,0,0,1,0,1,0,0,0,0,66.607509688096,0.0,malicious
1,0.1,0,0,0,0,0,0,0,0,1,1,0,1,0,0,86.51933554328828,60.0,malicious
2,0.1,0,0,0,0,0,0,0,0,0,0,0,0,0,0,95.37956349448201,0.0,suspicious
1,0.08,0,0,0,0,0,0,0,0,0,0,0,0,0,0,88.03851807321351,0.0,normal
0,0.05,0,0,0,0,0,0,0,0,0,0,0,0,0,0,74.00470803624432,0.0,normal
2,0.35,0,0,0,0,0,0,0,0,0,0,0,0,0,0,56.60099121105015,0.0,malicious
1,0.08,0,0,0,0,0,0,0,0,0,0,1,0,0,0,94.18478104743502,70.0,normal
0,0.05,0,0,0,0,0,0,0,0,0,0,0,0,0,0,86.97200374186734,0.0,normal
1,0.08,0,0,0,0,0,0,0,0,0,0,0,0,0,0,100.0,0.0,normal
0,0.08,0,0,0,0,0,0,0,0,1,0,0,0,0,0,98.58293523822697,0.0,normal
0,0.08,0,0,0,0,0,0,0,0,0,0,0,0,0,0,84.42677927951091,0.0,normal
0,0.55,0,0,0,0,1,0,0,0,0,1,0,0,0,0,62.07519397040895,0.0,suspicious
0,0.85,1,0,0,0,0,0,0,0,0,0,0,0,0,1,78.32482460821662,15.0,malicious
0,0.1,0,0,0,0,0,0,0,0,0,0,0,0,0,0,73.42575408474629,0.0,normal
3,0.1,0,0,0,0,0,0,0,0,0,0,0,0,0,0,77.34190965169674,0.0,suspicious
0,0.08,0,0,0,0,0,0,0,0,0,1,0,0,0,0,99.34995798835828,0.0,normal
0,0.25,0,0,0,0,0,0,1,0,0,0,0,0,0,0,84.3167066886117,0.0,normal
0,0.85,1,0,0,0,0,0,0,1,0,1,0,0,0,0,45.07531214508652,0.0,malicious
1,0.1,0,0,0,0,0,0,0,1,0,0,0,0,0,0,83.34809998114237,0.0,normal
1,0.08,0,0,0,0,0,0,0,0,0,0,0,0,0,0,80.61367933025691,0.0,normal
1,0.05,0,0,0,0,0,0,0,1,0,0,0,0,0,1,96.35901461056353,15.0,normal
0,0.05,0,0,0,0,0,0,0,0,1,0,0,0,0,0,84.67073990941931,0.0,normal
0,0.9,0,0,1,0,0,0,0,0,1,1,0,0,0,0,64.30544969728578,0.0,malicious
0,0.05,0,0,0,0,0,0,0,0,0,0,0,0,0,0,74.1335123229028,0.0,normal
0,0.08,0,0,0,0,0,0,0,0,0,0,0,0,0,0,98.77192051951552,0.0,normal
1,0.05,0,0,0,0,0,0,0,0,0,0,0,0,0,0,87.08119609378565,0.0,normal
0,0.1,0,0,0,0,0,0,0,0,0,0,0,1,0,0,75.43085766808548,60.0,normal
1,0.05,0,0,0,0,0,0,0,0,0,0,0,0,0,0,87.22285554216066,0.0,normal
0,0.05,0,0,0,0,0,0,0,0,0,0,0,0,0,0,85.54601877956185,0.0,normal
0,0.1,0,0,0,0,0,0,0,0,0,0,0,0,1,0,90.1599658265792,30.0,normal
1,0.25,0,0,0,0,0,0,1,0,1,0,0,0,0,0,86.46184960287624,0.0,suspicious
2,0.1,0,0,0,0,0,0,0,0,1,0,0,0,0,0,77.67612361717578,0.0,malicious
0,0.35,0,0,0,0,0,0,0,0,1,0,0,0,0,0,84.31007526398304,0.0,normal
1,0.08,0,0,0,0,0,0,0,1,0,0,0,0,0,1,86.96901514672557,15.0,normal
2,0.35,0,0,0,0,0,0,0,1,0,1,0,0,0,0,76.64515681636803,0.0,malicious
0,0.1,0,0,0,0,0,0,0,0,1,0,0,0,0,0,75.83788039415649,0.0,normal
1,0.08,0,0,0,0,0,0,0,0,0,0,0,0,0,1,93.95857526992782,15.0,normal
1,0.08,0,0,0,0,0,0,0,0,0,0,0,0,0,0,100.0,0.0,normal
3,0.35,0,0,0,0,0,0,0,1,1,1,0,0,0,1,76.97707573263096,15.0,malicious
1,0.05,0,0,0,0,0,0,0,1,0,0,0,0,0,0,71.90827273406374,0.0,suspicious
0,0.45,0,0,0,0,0,1,0,1,1,1,0,0,0,0,94.05717830593747,0.0,suspicious
1,0.1,0,0,0,0,0,0,0,0,0,0,0,0,0,0,86.63515506903562,0.0,normal
1,0.08,0,0,0,0,0,0,0,0,0,0,0,0,0,0,100.0,0.0,normal
0,0.3,0,0,0,0,0,0,0,0,0,0,0,0,0,0,67.5911031595247,0.0,normal
2,0.35,0,0,0,0,0,0,0,0,1,1,1,0,0,0,75.12839513074344,70.0,malicious
0,0.45,0,0,0,0,0,1,0,0,0,1,0,0,0,0,74.4089883315574,0.0,suspicious
3,0.08,0,0,0,0,0,0,0,0,0,0,0,0,0,0,93.39740657440244,0.0,suspicious
2,0.08,0,0,0,0,0,0,0,0,0,0,0,0,0,0,82.655129872417,0.0,suspicious
0,0.55,0,0,0,0,1,0,0,0,0,0,0,0,0,0,80.12264213440031,0.0,normal
0,0.45,0,0,0,0,0,1,0,0,0,0,0,0,0,0,63.538143992096735,0.0,normal
0,0.08,0,0,0,0,0,0,0,0,0,0,0,0,0,0,88.73787429777981,0.0,normal
0,0.3,0,0,0,0,0,0,0,0,1,1,0,0,0,0,87.35658753950244,0.0,normal
0,0.05,0,0,0,0,0,0,0,0,1,0,0,0,0,0,93.15570965925991,0.0,normal
0,0.5,0,1,0,0,0,0,0,0,1,0,0,0,0,1,72.8255740857297,15.0,malicious
0,0.3,0,0,0,0,0,0,0,1,0,1,0,0,0,0,88.43936839435952,0.0,normal
0,0.1,0,0,0,0,0,0,0,0,0,0,0,0,0,0,78.76790120094596,0.0,normal
0,0.1,0,0,0,0,0,0,0,0,1,0,1,0,0,0,91.13237558401201,70.0,normal
1,0.3,0,0,0,0,0,0,0,1,1,1,0,0,0,0,71.63530953153581,0.0,malicious
2,0.05,0,0,0,0,0,0,0,0,0,0,0,0,0,0,84.99581338292754,0.0,normal
1,0.25,0,0,0,0,0,0,1,0,0,1,0,0,0,0,73.83244875451824,0.0,malicious
0,0.85,1,0,0,0,0,0,0,0,0,1,0,0,0,0,65.91667532730119,0.0,malicious
0,0.1,0,0,0,0,0,0,0,0,0,0,0,0,0,0,90.38730234392419,0.0,normal
0,0.05,0,0,0,0,0,0,0,0,0,0,0,0,0,0,84.46835047235152,0.0,normal
3,0.35,0,0,0,0,0,0,0,0,1,0,0,0,0,0,79.05765409937037,0.0,malicious
0,0.08,0,0,0,0,0,0,0,0,0,0,0,0,0,0,77.54324474390206,0.0,normal
0,0.1,0,0,0,0,0,0,0,0,0,0,0,0,0,1,100.0,15.0,normal
1,0.1,0,0,0,0,0,0,0,0,1,0,0,0,0,0,100.0,0.0,normal
0,0.08,0,0,0,0,0,0,0,0,1,0,0,0,0,0,84.59278777823882,0.0,normal
2,0.35,0,0,0,0,0,0,0,1,1,1,0,0,0,0,53.102197994108565,0.0,malicious
0,0.08,0,0,0,0,0,0,0,0,0,0,0,0,1,0,90.65037135011754,30.0,normal
3,0.35,0,0,0,0,0,0,0,0,0,0,0,0,0,0,85.1335239665619,0.0,malicious
0,0.85,1,0,0,0,0,0,0,0,0,0,0,0,0,0,80.62005558384826,0.0,malicious
0,0.1,0,0,0,0,0,0,0,0,0,0,0,0,0,1,100.0,15.0,normal
2,0.08,0,0,0,0,0,0,0,1,1,0,0,0,1,1,67.07213878154435,45.0,malicious
0,0.1,0,0,0,0,0,0,0,0,0,0,0,0,0,1,79.61422581336569,15.0,normal
2,0.08,0,0,0,0,0,0,0,0,0,0,0,0,0,1,83.96383274447682,15.0,normal
0,0.08,0,0,0,0,0,0,0,0,0,0,0,0,0,0,77.48583630006024,0.0,normal
0,0.1,0,0,0,0,0,0,0,0,0,0,0,0,0,0,71.96484654256179,0.0,suspicious
0,0.1,0,0,0,0,0,0,0,0,0,0,0,0,0,0,83.13726198426012,0.0,normal
1,0.1,0,0,0,0,0,0,0,0,0,0,0,0,0,0,78.95834833884773,0.0,normal
0,0.1,0,0,0,0,0,0,0,0,0,0,0,0,0,0,81.66923472780897,0.0,normal
0,0.08,0,0,0,0,0,0,0,0,0,0,0,1,0,0,100.0,60.0,normal
4,0.35,0,0,0,0,0,0,0,0,1,0,0,0,0,0,44.422887944269334,0.0,malicious
0,0.85,1,0,0,0,0,0,0,0,0,1,0,0,0,1,61.049697533191825,15.0,malicious
0,0.05,0,0,0,0,0,0,0,0,0,0,0,0,0,0,72.72078253695199,0.0,normal
1,0.08,0,0,0,0,0,0,0,0,0,0,0,0,0,0,71.58266246749562,0.0,suspicious
0,0.1,0,0,0,0,0,0,0,0,1,0,0,0,0,1,77.3711973869646,15.0,normal
0,0.1,0,0,0,0,0,0,0,0,0,0,0,0,0,0,88.78074755586483,0.0,normal
2,0.45,0,0,0,0,0,1,0,0,1,0,0,0,0,0,82.91623980842505,0.0,malicious
1,0.05,0,0,0,0,0,0,0,0,0,0,0,0,0,0,90.50801283607264,0.0,normal
1,0.08,0,0,0,0,0,0,0,0,0,0,0,0,0,0,75.68879898499208,0.0,normal
1,0.1,0,0,0,0,0,0,0,0,1,0,0,0,0,0,85.53250206443872,0.0,normal
1,0.3,0,0,0,0,0,0,0,1,1,1,0,0,0,0,79.06413717070795,0.0,malicious
0,0.05,0,0,0,0,0,0,0,0,0,0,0,0,0,1,82.84673003238265,15.0,normal
1,0.05,0,0,0,0,0,0,0,0,1,0,0,1,0,0,83.1809482969426,60.0,malicious
1,0.08,0,0,0,0,0,0,0,0,0,0,0,0,0,1,47.454442472630575,15.0,suspicious
0,0.08,0,0,0,0,0,0,0,0,0,0,0,1,1,0,93.4778945890438,90.0,normal
0,0.5,0,1,0,0,0,0,0,0,0,1,0,1,0,1,55.337215399869976,75.0,malicious
1,0.25,0,0,0,0,0,0,1,0,1,0,0,0,0,1,85.97450153008757,15.0,suspicious
0,0.08,0,0,0,0,0,0,0,0,0,1,0,0,0,0,87.22635070064513,0.0,normal
0,0.1,0,0,0,0,0,0,0,0,0,0,0,0,0,0,86.5822978548411,0.0,normal
1,0.1,0,0,0,0,0,0,0,0,1,0,0,0,0,0,68.24464595898552,0.0,suspicious
1,0.1,0,0,0,0,0,0,0,0,1,1,0,0,0,0,92.80906739862293,0.0,suspicious
0,0.9,0,0,1,0,0,0,0,0,0,0,0,0,0,0,100.0,0.0,malicious
1,0.08,0,0,0,0,0,0,0,0,0,0,0,0,0,0,100.0,0.0,normal
1,0.1,0,0,0,0,0,0,0,0,0,0,0,0,0,1,73.96098225685739,15.0,normal
1,0.1,0,0,0,0,0,0,0,0,0,0,0,0,0,0,87.45529591837774,0.0,normal
0,0.1,0,0,0,0,0,0,0,0,0,1,0,0,0,0,84.01095738067701,0.0,normal
0,0.05,0,0,0,0,0,0,0,0,0,0,0,0,0,0,87.94112430477443,0.0,normal
0,0.3,0,0,0,0,0,0,0,0,0,1,0,0,0,0,90.64671616483881,0.0,normal
1,0.05,0,0,0,0,0,0,0,0,0,0,0,0,0,0,83.19174697155808,0.0,normal
0,0.55,0,0,0,0,1,0,0,0,1,0,0,1,0,0,60.203637795491794,60.0,malicious
0,0.45,0,0,0,0,0,1,0,1,1,0,0,0,0,0,76.87329299385152,0.0,malicious
1,0.45,0,0,0,0,0,1,0,0,0,1,0,0,0,0,86.19120191554394,0.0,malicious
0,0.1,0,0,0,0,0,0,0,1,0,1,0,0,0,1,99.51310138432706,15.0,normal
1,0.85,1,0,0,0,0,0,0,1,0,1,0,0,0,0,72.65077590583687,0.0,malicious
0,0.1,0,0,0,0,0,0,0,0,0,0,0,0,0,0,88.7050666165702,0.0,normal
1,0.08,0,0,0,0,0,0,0,0,0,0,0,0,0,0,93.2765377474919,0.0,normal
1,0.05,0,0,0,0,0,0,0,0,0,0,0,0,0,0,71.98023428409142,0.0,normal
1,0.1,0,0,0,0,0,0,0,0,0,0,0,0,0,0,88.07527282017277,0.0,normal
1,0.1,0,0,0,0,0,0,0,1,0,0,0,0,1,0,68.90648068651294,30.0,suspicious
1,0.08,0,0,0,0,0,0,0,0,0,0,0,0,0,0,100.0,0.0,normal
3,0.35,0,0,0,0,0,0,0,0,0,0,0,0,0,0,60.79726414988886,0.0,malicious
0,0.1,0,0,0,0,0,0,0,1,0,0,0,0,0,0,79.18674027161204,0.0,normal
0,0.5,0,1,0,0,0,0,0,0,0,1,0,0,0,1,42.1357438516589,15.0,malicious
0,0.25,0,0,0,0,0,0,1,0,1,0,0,0,0,0,85.25109703422407,0.0,normal
0,0.1,0,0,0,0,0,0,0,0,0,0,0,0,0,1,100.0,15.0,normal
1,0.55,0,0,0,0,1,0,0,1,0,1,0,0,0,0,73.22772432615254,0.0,malicious
0,0.85,1,0,0,0,0,0,0,0,0,0,0,0,0,0,61.288869319996714,0.0,malicious
0,0.1,0,0,0,0,0,0,0,0,1,0,0,0,0,0,78.94707889407522,0.0,normal
0,0.3,0,0,0,0,0,0,0,0,1,0,0,1,0,0,71.04173343309847,60.0,malicious
0,0.9,0,0,1,0,0,0,0,0,0,1,0,0,0,0,67.85839581811159,0.0,malicious
0,0.05,0,0,0,0,0,0,0,0,0,0,0,0,0,0,78.13506956440902,0.0,normal
0,0.1,0,0,0,0,0,0,0,0,0,0,0,0,0,0,57.31819979092827,0.0,normal
0,0.08,0,0,0,0,0,0,0,0,0,0,0,1,0,0,75.44181572839156,60.0,normal
0,0.1,0,0,0,0,0,0,0,0,0,0,0,0,0,1,94.33130351618209,15.0,normal
0,0.05,0,0,0,0,0,0,0,0,1,0,0,0,0,0,100.0,0.0,normal
1,0.1,0,0,0,0,0,0,0,0,1,0,0,0,0,0,73.31985201602542,0.0,normal
0,0.05,0,0,0,0,0,0,0,0,0,0,0,0,0,0,76.56343194907032,0.0,normal
0,0.1,0,0,0,0,0,0,0,1,0,0,0,0,0,0,65.16724765072269,0.0,normal
0,0.1,0,0,0,0,0,0,0,1,0,0,0,0,0,1,87.03976148733713,15.0,normal
1,0.1,0,0,0,0,0,0,0,0,1,0,1,0,0,0,76.4921440805285,70.0,malicious
0,0.05,0,0,0,0,0,0,0,0,0,0,0,0,0,0,89.98062002055298,0.0,normal
1,0.1,0,0,0,0,0,0,0,0,1,0,0,1,0,0,95.08198565897848,60.0,malicious
0,0.05,0,0,0,0,0,0,0,0,0,0,0,0,0,0,89.39626711179503,0.0,normal
0,0.5,0,1,0,0,0,0,0,1,0,1,0,0,0,0,52.72706669908675,0.0,malicious
0,0.1,0,0,0,0,0,0,0,0,0,0,0,0,0,0,70.63047402878895,0.0,normal
0,0.55,0,0,0,0,1,0,0,0,0,1,0,0,0,0,70.04064993895777,0.0,suspicious
3,0.35,0,0,0,0,0,0,0,0,1,0,0,0,0,1,79.06541311377265,15.0,malicious
0,0.1,0,0,0,0,0,0,0,1,1,0,0,0,0,0,88.12752313961961,0.0,normal
1,0.08,0,0,0,0,0,0,0,1,1,1,0,0,0,1,78.34495897513742,15.0,malicious
0,0.55,0,0,0,0,1,0,0,1,0,1,0,0,0,0,80.32874719401262,0.0,malicious
0,0.05,0,0,0,0,0,0,0,0,0,0,0,0,0,0,76.43693557645854,0.0,normal
0,0.08,0,0,0,0,0,0,0,1,0,0,0,0,0,0,89.72590463373558,0.0,normal
0,0.08,0,0,0,0,0,0,0,0,0,1,0,0,1,0,85.59669696263595,30.0,normal
1,0.1,0,0,0,0,0,0,0,0,1,0,0,0,0,0,86.30724147111992,0.0,normal
1,0.08,0,0,0,0,0,0,0,1,0,0,0,0,0,0,100.0,0.0,normal
1,0.35,0,0,0,0,0,0,0,0,0,1,0,0,0,0,81.45883323088158,0.0,normal
1,0.1,0,0,0,0,0,0,0,0,1,0,0,0,0,0,79.4998783309905,0.0,normal
0,0.45,0,0,0,0,0,1,0,0,0,0,0,0,0,1,90.20782742348558,15.0,normal
1,0.55,0,0,0,0,1,0,0,1,0,0,0,0,0,0,66.54465761162481,0.0,malicious
1,0.1,0,0,0,0,0,0,0,0,1,0,0,0,0,0,85.69968045673089,0.0,normal
0,0.3,0,0,0,0,0,0,0,0,0,0,0,0,1,0,65.11107394281211,30.0,normal
0,0.9,0,0,1,0,0,0,0,1,1,0,0,1,0,0,100.0,60.0,malicious
1,0.55,0,0,0,0,1,0,0,0,0,0,0,0,0,1,67.49260454517827,15.0,malicious
1,0.45,0,0,0,0,0,1,0,1,0,1,0,0,0,0,99.50755580702327,0.0,malicious
0,0.05,0,0,0,0,0,0,0,0,0,0,0,0,0,0,57.107406507909744,0.0,normal
0,0.1,0,0,0,0,0,0,0,0,0,0,0,1,0,0,97.36661123964957,60.0,normal
2,0.05,0,0,0,0,0,0,0,0,0,0,0,0,0,0,82.20196096863863,0.0,normal
2,0.1,0,0,0,0,0,0,0,0,0,0,0,0,0,0,83.18882702819637,0.0,normal
2,0.08,0,0,0,0,0,0,0,0,0,0,0,1,0,0,68.37022182715165,60.0,malicious
0,0.05,0,0,0,0,0,0,0,0,0,1,0,0,0,0,73.16055458010699,0.0,normal
0,0.1,0,0,0,0,0,0,0,0,1,0,0,0,0,1,96.89517318495902,15.0,normal
0,1.0,0,0,0,1,0,0,0,1,0,0,0,1,0,1,74.62165713736958,75.0,malicious
0,0.05,0,0,0,0,0,0,0,1,0,0,0,1,0,0,99.63224127963831,60.0,normal
0,0.1,0,0,0,0,0,0,0,0,0,0,0,0,0,0,87.69756714069348,0.0,normal
1,0.08,0,0,0,0,0,0,0,1,0,0,0,0,0,0,86.43116814908478,0.0,normal
0,1.0,0,0,0,1,0,0,0,0,1,0,0,0,0,0,51.774734740146855,0.0,malicious
1,0.1,0,0,0,0,0,0,0,1,1,0,0,0,0,0,63.69275618081569,0.0,malicious
0,0.05,0,0,0,0,0,0,0,0,0,0,0,0,1,0,71.17935167359977,30.0,suspicious
0,0.1,0,0,0,0,0,0,0,0,0,1,0,0,0,0,100.0,0.0,normal
4,0.08,0,0,0,0,0,0,0,1,0,0,0,0,0,0,85.51404573084338,0.0,malicious
0,0.08,0,0,0,0,0,0,0,0,0,0,0,0,0,0,65.41817597926801,0.0,normal
0,1.0,0,0,0,1,0,0,0,0,1,0,0,0,0,1,65.72180592207441,15.0,malicious
0,0.05,0,0,0,0,0,0,0,0,0,1,0,0,0,1,76.01643311998005,15.0,normal
5,0.35,0,0,0,0,0,0,0,1,0,1,0,0,0,1,81.78216200850639,15.0,malicious
1,0.1,0,0,0,0,0,0,0,0,1,0,1,0,0,0,83.74788335427519,70.0,malicious
1,0.1,0,0,0,0,0,0,0,0,1,0,0,0,0,0,83.0338799958885,0.0,normal
0,1.0,0,0,0,1,0,0,0,0,0,0,0,0,0,0,59.28405861904144,0.0,malicious
0,0.05,0,0,0,0,0,0,0,1,0,0,0,0,0,0,100.0,0.0,normal
0,0.25,0,0,0,0,0,0,1,0,0,0,0,0,0,0,83.52995776095578,0.0,suspicious
0,0.05,0,0,0,0,0,0,0,0,0,0,0,0,0,0,79.83638865523976,0.0,normal
0,0.05,0,0,0,0,0,0,0,0,0,0,0,0,0,0,85.9418336232314,0.0,suspicious
1,0.45,0,0,0,0,0,1,0,0,0,0,0,0,0,0,82.80721720874655,0.0,normal
1,0.55,0,0,0,0,1,0,0,0,0,0,0,0,0,0,57.634340599777026,0.0,malicious
0,0.3,0,0,0,0,0,0,0,0,0,1,0,0,0,1,87.48623351920129,15.0,normal
1,0.1,0,0,0,0,0,0,0,0,0,0,0,1,0,0,86.25942902016058,60.0,suspicious
0,0.08,0,0,0,0,0,0,0,0,0,0,0,0,0,0,86.51667872081286,0.0,normal
1,0.08,0,0,0,0,0,0,0,0,0,0,0,0,1,0,87.32678420770415,30.0,suspicious
2,0.3,0,0,0,0,0,0,0,0,0,0,0,0,0,1,91.07929405800007,15.0,normal
0,0.1,0,0,0,0,0,0,0,0,0,0,0,0,0,0,75.57585616955991,0.0,normal
0,0.1,0,0,0,0,0,0,0,0,0,0,0,0,0,0,77.03197777806301,0.0,normal
0,0.1,0,0,0,0,0,0,0,0,0,0,0,0,0,0,79.27122646859837,0.0,normal
1,0.08,0,0,0,0,0,0,0,0,0,0,0,0,0,0,68.84167170444937,0.0,normal
1,0.08,0,0,0,0,0,0,0,0,0,0,0,0,0,1,84.5553532636037,15.0,normal
0,0.05,0,0,0,0,0,0,0,0,0,0,0,0,0,0,89.06565572829231,0.0,normal
0,0.25,0,0,0,0,0,0,1,1,0,0,0,0,0,0,98.76478648574373,0.0,normal
4,0.1,0,0,0,0,0,0,0,0,1,0,0,0,0,0,84.2500155052303,0.0,malicious
0,0.1,0,0,0,0,0,0,0,0,0,0,0,0,0,0,66.12074496594889,0.0,normal
0,0.1,0,0,0,0,0,0,0,0,1,0,0,0,0,1,81.30154455490957,15.0,normal
0,0.08,0,0,0,0,0,0,0,0,0,0,0,0,0,0,67.44674073593785,0.0,normal
1,0.85,1,0,0,0,0,0,0,1,0,1,0,0,0,0,77.71691027160257,0.0,suspicious
0,0.1,0,0,0,0,0,0,0,0,0,0,0,0,0,0,100.0,0.0,normal
1,0.3,0,0,0,0,0,0,0,1,0,0,0,0,0,0,82.32038515985734,0.0,malicious
0,0.1,0,0,0,0,0,0,0,0,1,0,0,0,0,0,87.85188027903204,0.0,normal
1,0.1,0,0,0,0,0,0,0,0,0,0,0,0,0,0,68.20617636686048,0.0,normal
0,0.05,0,0,0,0,0,0,0,0,0,0,0,0,0,0,77.76356382771608,0.0,suspicious
0,0.08,0,0,0,0,0,0,0,1,1,0,0,0,0,0,93.51792322481154,0.0,normal
0,0.08,0,0,0,0,0,0,0,0,0,0,0,0,0,0,90.95118864100597,0.0,normal
1,0.1,0,0,0,0,0,0,0,0,0,0,0,0,0,1,80.37082066417905,15.0,normal
0,0.1,0,0,0,0,0,0,0,0,0,0,0,0,0,0,86.69018183590077,0.0,normal
0,0.25,0,0,0,0,0,0,1,0,0,0,0,0,0,0,76.0041094022966,0.0,normal
3,0.05,0,0,0,0,0,0,0,0,0,0,0,0,0,0,100.0,0.0,suspicious
0,0.05,0,0,0,0,0,0,0,1,0,0,0,0,0,0,93.06695565948773,0.0,normal
1,0.08,0,0,0,0,0,0,0,0,0,0,0,1,0,0,73.92505153416892,60.0,suspicious
2,0.45,0,0,0,0,0,1,0,1,0,1,0,0,0,0,63.81728611204147,0.0,malicious
0,0.08,0,0,0,0,0,0,0,0,0,0,0,0,0,0,57.58071297316929,0.0,normal
1,0.08,0,0,0,0,0,0,0,0,0,0,0,0,0,0,62.809687547001516,0.0,normal
0,0.05,0,0,0,0,0,0,0,0,0,0,1,0,0,0,75.92740265302677,70.0,normal
0,0.25,0,0,0,0,0,0,1,1,0,1,0,0,0,1,80.47837867336159,15.0,suspicious
1,0.5,0,1,0,0,0,0,0,0,0,1,1,0,0,0,60.50329419680726,70.0,malicious
2,0.05,0,0,0,0,0,0,0,0,0,1,0,0,0,0,70.18018897355819,0.0,malicious
2,0.05,0,0,0,0,0,0,0,0,0,0,0,0,0,0,80.60828232569233,0.0,suspicious
0,0.1,0,0,0,0,0,0,0,0,1,0,0,1,0,0,56.927679072592085,60.0,suspicious
1,0.3,0,0,0,0,0,0,0,0,1,0,0,0,0,0,71.21473521322021,0.0,normal
0,0.08,0,0,0,0,0,0,0,1,0,0,0,0,0,0,100.0,0.0,normal
2,0.35,0,0,0,0,0,0,0,0,0,1,0,0,0,0,54.480575319931205,0.0,malicious
3,0.35,0,0,0,0,0,0,0,0,0,1,0,0,0,0,63.116246296163375,0.0,malicious
0,0.25,0,0,0,0,0,0,1,0,0,0,1,1,0,0,94.3684494738806,100.0,suspicious
1,0.55,0,0,0,0,1,0,0,0,0,1,0,0,0,0,78.4165432192555,0.0,malicious
3,0.35,0,0,0,0,0,0,0,0,0,1,0,0,0,0,65.02586884681781,0.0,malicious
0,0.05,0,0,0,0,0,0,0,0,0,0,0,0,0,0,96.35028473166702,0.0,normal
1,0.08,0,0,0,0,0,0,0,0,0,0,0,0,0,1,61.2239180530143,15.0,normal
0,0.3,0,0,0,0,0,0,0,1,0,1,0,0,0,0,99.07100230296453,0.0,normal
0,0.05,0,0,0,0,0,0,0,0,0,1,0,0,0,0,97.27217435345503,0.0,normal
2,0.05,0,0,0,0,0,0,0,0,0,0,0,0,0,1,55.99562430373841,15.0,malicious
0,0.1,0,0,0,0,0,0,0,0,0,0,0,0,0,0,83.6096078549294,0.0,normal
1,0.05,0,0,0,0,0,0,0,0,0,0,0,0,0,0,100.0,0.0,normal
2,0.1,0,0,0,0,0,0,0,0,1,0,0,0,0,1,88.13506017187349,15.0,malicious
0,0.05,0,0,0,0,0,0,0,0,0,0,0,0,0,0,89.43714669238756,0.0,normal
0,0.08,0,0,0,0,0,0,0,0,0,0,0,0,0,1,100.0,15.0,normal
0,0.55,0,0,0,0,1,0,0,0,1,0,0,0,0,0,68.55387816259613,0.0,suspicious
3,0.05,0,0,0,0,0,0,0,0,0,0,0,1,0,1,90.65593083983093,75.0,malicious
4,0.3,0,0,0,0,0,0,0,1,0,0,0,0,0,0,95.57401632838202,0.0,malicious
1,0.08,0,0,0,0,0,0,0,0,0,0,0,0,0,0,86.82267180645383,0.0,normal
0,0.1,0,0,0,0,0,0,0,0,1,0,0,0,0,0,82.84906612201576,0.0,normal
1,0.1,0,0,0,0,0,0,0,0,1,0,0,0,1,1,97.81363696299371,45.0,suspicious
2,0.05,0,0,0,0,0,0,0,0,0,0,0,0,0,0,90.4346611113639,0.0,suspicious
0,0.3,0,0,0,0,0,0,0,1,1,1,0,0,0,1,87.60000034358308,15.0,suspicious
2,0.05,0,0,0,0,0,0,0,0,0,0,0,0,0,0,72.93279732697643,0.0,suspicious
1,0.08,0,0,0,0,0,0,0,0,0,0,0,0,0,0,86.4437910031209,0.0,normal
0,0.08,0,0,0,0,0,0,0,0,0,0,0,0,0,0,80.19926241018163,0.0,normal
0,0.25,0,0,0,0,0,0,1,1,0,0,0,0,0,0,66.40340697732118,0.0,normal
0,0.05,0,0,0,0,0,0,0,0,0,0,0,0,0,0,90.63191649247744,0.0,normal
1,0.05,0,0,0,0,0,0,0,0,0,0,0,0,0,0,71.43959790724348,0.0,normal
0,0.1,0,0,0,0,0,0,0,0,0,0,0,0,0,0,81.44606183943444,0.0,normal
0,0.1,0,0,0,0,0,0,0,0,0,0,0,0,0,1,87.16824749226745,15.0,normal
0,0.05,0,0,0,0,0,0,0,0,1,0,0,0,0,0,66.3018283018468,0.0,normal
1,0.08,0,0,0,0,0,0,0,0,0,0,0,0,1,0,82.76544731171917,30.0,normal
0,0.05,0,0,0,0,0,0,0,0,0,0,1,0,0,0,95.69353936738098,70.0,normal
1,0.1,0,0,0,0,0,0,0,1,1,0,0,0,0,0,93.46466991964256,0.0,suspicious
1,0.08,0,0,0,0,0,0,0,0,0,0,0,0,0,0,54.23744823800503,0.0,suspicious
0,0.55,0,0,0,0,1,0,0,0,0,1,0,0,0,0,72.3726460305806,0.0,malicious
0,0.1,0,0,0,0,0,0,0,1,1,0,0,1,0,0,83.72798676797677,60.0,suspicious
2,0.1,0,0,0,0,0,0,0,0,1,0,0,0,0,0,81.85700987108608,0.0,malicious
0,0.5,0,1,0,0,0,0,0,0,0,0,0,0,0,0,92.32273419639105,0.0,normal
1,0.08,0,0,0,0,0,0,0,0,0,0,0,1,0,0,77.81294298497055,60.0,suspicious
1,0.08,0,0,0,0,0,0,0,0,1,0,0,0,0,0,72.13491972404796,0.0,normal
0,0.85,1,0,0,0,0,0,0,0,1,1,0,0,0,0,61.304304203146415,0.0,malicious
1,0.08,0,0,0,0,0,0,0,0,0,0,0,0,0,0,95.47731831078902,0.0,normal
2,0.08,0,0,0,0,0,0,0,0,0,0,0,0,0,0,64.00520457464971,0.0,normal
0,0.08,0,0,0,0,0,0,0,0,0,0,0,0,0,1,66.95512222991661,15.0,normal
0,0.55,0,0,0,0,1,0,0,0,0,0,0,0,0,1,50.679223871054475,15.0,malicious
0,0.1,0,0,0,0,0,0,0,0,0,0,1,0,0,0,82.32309380164166,70.0,suspicious
0,0.1,0,0,0,0,0,0,0,0,0,0,0,0,0,0,84.50150794754289,0.0,suspicious
0,0.1,0,0,0,0,0,0,0,0,0,0,0,0,0,0,84.39304560257494,0.0,normal
0,0.05,0,0,0,0,0,0,0,0,0,0,0,0,0,0,74.17563432790512,0.0,normal
1,0.45,0,0,0,0,0,1,0,0,1,0,0,0,0,0,100.0,0.0,normal
0,0.5,0,1,0,0,0,0,0,0,0,0,0,0,0,0,80.90543363770271,0.0,normal
1,0.3,0,0,0,0,0,0,0,0,0,0,0,0,0,0,58.589848996026824,0.0,normal
1,0.1,0,0,0,0,0,0,0,0,0,1,0,0,0,0,78.45420690966661,0.0,suspicious
0,0.1,0,0,0,0,0,0,0,0,0,0,0,0,0,0,74.16107487578535,0.0,normal
0,0.1,0,0,0,0,0,0,0,0,0,0,0,0,0,0,97.5546662471669,0.0,normal
0,0.08,0,0,0,0,0,0,0,0,0,0,0,0,0,1,93.47543542876771,15.0,normal
1,0.1,0,0,0,0,0,0,0,0,0,0,0,0,0,0,75.0030428931085,0.0,normal
2,0.08,0,0,0,0,0,0,0,0,0,0,0,0,0,1,100.0,15.0,normal
1,0.08,0,0,0,0,0,0,0,0,0,0,0,0,0,0,74.3185239355561,0.0,normal
0,0.08,0,0,0,0,0,0,0,1,0,0,0,1,0,0,84.37831573585862,60.0,normal
1,0.3,0,0,0,0,0,0,0,1,0,0,0,0,0,0,67.50184253754152,0.0,suspicious
0,0.08,0,0,0,0,0,0,0,0,0,0,0,0,0,0,99.86063520266971,0.0,normal
1,0.1,0,0,0,0,0,0,0,0,1,0,0,0,0,0,67.84361123088516,0.0,normal
1,0.08,0,0,0,0,0,0,0,0,0,0,0,0,0,0,93.94500145663626,0.0,normal
0,0.05,0,0,0,0,0,0,0,0,0,0,0,0,0,0,100.0,0.0,normal
1,0.05,0,0,0,0,0,0,0,0,0,0,0,0,0,0,71.59156394538215,0.0,normal
3,0.35,0,0,0,0,0,0,0,1,1,0,0,0,0,0,68.43647492606395,0.0,malicious
0,0.1,0,0,0,0,0,0,0,0,1,0,0,0,0,1,58.5711608816725,15.0,suspicious
1,0.05,0,0,0,0,0,0,0,0,0,0,0,0,0,0,99.1997028228911,0.0,normal
0,0.05,0,0,0,0,0,0,0,0,0,0,0,0,0,1,78.09091612251152,15.0,normal
1,0.25,0,0,0,0,0,0,1,1,1,0,0,0,0,0,78.13330124176693,0.0,malicious
0,0.1,0,0,0,0,0,0,0,0,0,0,0,0,0,0,74.87329218975948,0.0,normal
1,0.1,0,0,0,0,0,0,0,0,1,0,0,0,0,0,79.84930795600789,0.0,suspicious
0,0.85,1,0,0,0,0,0,0,0,0,0,0,0,0,0,64.46575177795746,0.0,malicious
0,0.1,0,0,0,0,0,0,0,0,0,0,0,0,0,0,93.93472685305525,0.0,normal
2,0.35,0,0,0,0,0,0,0,0,1,0,0,0,0,0,63.045968392810714,0.0,malicious
0,0.1,0,0,0,0,0,0,0,0,0,0,0,0,0,0,97.34513991691648,0.0,normal
1,0.05,0,0,0,0,0,0,0,0,0,0,0,0,0,0,71.19601202870837,0.0,normal
0,0.35,0,0,0,0,0,0,0,0,0,0,0,0,0,0,60.16087979899403,0.0,normal
0,0.08,0,0,0,0,0,0,0,0,0,0,0,0,0,0,95.9753605514427,0.0,normal
0,0.9,0,0,1,0,0,0,0,1,0,0,0,1,0,0,71.26800945681256,60.0,malicious
0,0.08,0,0,0,0,0,0,0,0,0,0,0,0,0,0,100.0,0.0,normal
0,0.45,0,0,0,0,0,1,0,1,1,1,0,0,0,0,93.96613401096666,0.0,malicious
1,0.3,0,0,0,0,0,0,0,0,0,0,0,1,0,0,93.32111062890736,60.0,suspicious
0,0.55,0,0,0,0,1,0,0,0,0,1,0,0,0,0,57.28130053648917,0.0,malicious
0,0.08,0,0,0,0,0,0,0,0,0,0,0,0,0,1,71.18127412342649,15.0,normal
0,1.0,0,0,0,1,0,0,0,0,0,0,0,0,0,0,62.891863722869864,0.0,malicious
0,0.1,0,0,0,0,0,0,0,0,0,0,0,0,0,1,82.94195288919128,15.0,normal
1,0.85,1,0,0,0,0,0,0,0,1,0,0,1,0,0,65.18450717409264,60.0,malicious
0,0.1,0,0,0,0,0,0,0,0,1,0,0,0,0,0,100.0,0.0,normal
0,0.08,0,0,0,0,0,0,0,0,0,0,0,0,0,0,80.06296099631787,0.0,normal
7,0.35,0,0,0,0,0,0,0,1,0,1,0,0,0,1,80.55237735659779,15.0,malicious
1,0.85,1,0,0,0,0,0,0,0,0,1,1,0,0,0,69.3016774537205,70.0,malicious
1,0.35,0,0,0,0,0,0,0,1,1,1,0,0,1,0,77.11009625695718,30.0,malicious
0,0.05,0,0,0,0,0,0,0,0,0,1,0,0,0,0,100.0,0.0,normal
0,1.0,0,0,0,1,0,0,0,0,0,1,0,1,0,0,64.55344579179453,60.0,malicious
0,0.08,0,0,0,0,0,0,0,0,0,1,0,0,0,0,65.06646062265668,0.0,suspicious
1,0.08,0,0,0,0,0,0,0,0,0,0,0,0,0,0,86.016001129582,0.0,normal
4,0.35,0,0,0,0,0,0,0,0,1,0,0,0,0,0,60.79804976442935,0.0,malicious
0,0.45,0,0,0,0,0,1,0,1,1,0,0,0,0,0,87.07184734806206,0.0,suspicious
0,0.05,0,0,0,0,0,0,0,0,0,0,1,0,0,0,93.77747291105248,70.0,normal
0,0.05,0,0,0,0,0,0,0,0,1,0,0,0,0,1,89.55264830258903,15.0,normal
0,0.1,0,0,0,0,0,0,0,1,1,0,0,0,0,1,79.10196333556203,15.0,suspicious
0,0.08,0,0,0,0,0,0,0,1,1,0,0,0,0,0,88.93775897888928,0.0,normal
1,0.08,0,0,0,0,0,0,0,1,0,0,0,0,0,0,85.1889314276253,0.0,normal
1,0.08,0,0,0,0,0,0,0,0,0,0,0,0,0,0,92.57485359305952,0.0,normal
0,0.35,0,0,0,0,0,0,0,0,0,0,0,0,0,0,59.73296701589081,0.0,normal
0,0.1,0,0,0,0,0,0,0,0,0,0,0,0,0,0,85.23777862067801,0.0,normal
0,0.05,0,0,0,0,0,0,0,0,0,0,0,0,0,0,83.27372185980384,0.0,normal
1,1.0,0,0,0,1,0,0,0,0,0,1,0,0,0,1,60.77336845072393,15.0,malicious
1,0.9,0,0,1,0,0,0,0,0,0,0,0,0,0,0,91.36988537749447,0.0,malicious
0,0.05,0,0,0,0,0,0,0,0,0,0,0,0,0,0,82.90451382650939,0.0,normal
1,0.1,0,0,0,0,0,0,0,0,0,0,0,0,0,0,71.54115836692418,0.0,suspicious
3,0.35,0,0,0,0,0,0,0,0,0,0,0,0,0,0,64.51188885753722,0.0,malicious
1,0.05,0,0,0,0,0,0,0,0,0,0,0,0,0,0,90.31472887880325,0.0,normal
0,0.9,0,0,1,0,0,0,0,0,0,1,0,0,0,1,75.2192118877453,15.0,malicious
0,0.08,0,0,0,0,0,0,0,0,0,0,0,0,0,0,94.70896426298415,0.0,normal
0,0.1,0,0,0,0,0,0,0,0,0,0,0,0,0,0,86.99851264776454,0.0,normal
2,0.08,0,0,0,0,0,0,0,0,0,0,0,0,0,0,77.5859213002446,0.0,normal
1,0.05,0,0,0,0,0,0,0,0,0,0,0,1,0,0,85.37637565467791,60.0,suspicious
1,0.05,0,0,0,0,0,0,0,0,0,0,0,0,0,0,86.43381263073547,0.0,normal
4,0.35,0,0,0,0,0,0,0,1,0,1,0,0,0,0,78.39292294120258,0.0,malicious
1,0.25,0,0,0,0,0,0,1,0,1,0,0,0,0,0,84.6708577832454,0.0,malicious
1,0.08,0,0,0,0,0,0,0,0,0,0,0,0,0,1,67.95665669337333,15.0,normal
0,0.5,0,1,0,0,0,0,0,0,1,0,0,0,0,0,74.53306937321946,0.0,suspicious
0,0.05,0,0,0,0,0,0,0,0,0,1,0,0,0,0,84.29469154252091,0.0,normal
1,0.85,1,0,0,0,0,0,0,1,0,0,0,0,0,0,53.459778416612075,0.0,malicious
1,0.08,0,0,0,0,0,0,0,0,0,0,0,0,0,0,75.2188893443398,0.0,normal
0,0.1,0,0,0,0,0,0,0,0,0,0,0,0,0,0,81.8843584315152,0.0,normal
0,0.5,0,1,0,0,0,0,0,0,0,1,0,0,0,0,72.22815935792711,0.0,suspicious
1,0.85,1,0,0,0,0,0,0,0,1,0,1,0,0,0,66.71259074907519,70.0,malicious
5,0.35,0,0,0,0,0,0,0,1,0,0,0,0,0,0,76.9091624632982,0.0,malicious
1,0.08,0,0,0,0,0,0,0,0,0,0,0,0,0,0,82.27925820508536,0.0,normal
0,0.5,0,1,0,0,0,0,0,1,1,0,0,0,0,0,91.89430120432519,0.0,suspicious
0,0.1,0,0,0,0,0,0,0,0,0,0,0,0,0,0,96.18472406223769,0.0,normal
0,0.1,0,0,0,0,0,0,0,0,0,1,0,0,0,1,100.0,15.0,normal
2,0.1,0,0,0,0,0,0,0,0,1,0,0,0,0,1,86.58143130520133,15.0,suspicious
2,0.1,0,0,0,0,0,0,0,0,1,0,0,0,0,0,74.9287326696299,0.0,malicious
0,0.08,0,0,0,0,0,0,0,0,0,0,0,0,1,0,74.90178858977515,30.0,normal
0,0.3,0,0,0,0,0,0,0,1,0,1,0,0,0,0,74.32571351890647,0.0,suspicious
1,0.08,0,0,0,0,0,0,0,0,0,0,0,0,0,1,100.0,15.0,normal
1,0.05,0,0,0,0,0,0,0,0,0,1,0,0,0,0,89.46337525207583,0.0,suspicious
0,0.08,0,0,0,0,0,0,0,0,1,0,0,0,1,1,77.95670175111658,45.0,normal
3,0.35,0,0,0,0,0,0,0,0,0,1,0,0,0,0,55.63721203943504,0.0,malicious
1,0.1,0,0,0,0,0,0,0,0,0,1,0,0,0,0,69.30776139314236,0.0,suspicious
1,0.05,0,0,0,0,0,0,0,1,0,1,1,0,1,1,82.7999110420071,100.0,malicious
0,0.05,0,0,0,0,0,0,0,0,0,0,0,0,0,0,72.20952020945882,0.0,normal
0,0.1,0,0,0,0,0,0,0,0,1,0,0,0,0,0,91.13921542074146,0.0,normal
0,0.08,0,0,0,0,0,0,0,0,0,0,0,0,0,0,93.84307636060804,0.0,normal
0,0.1,0,0,0,0,0,0,0,0,1,0,0,0,0,1,82.85594674832399,15.0,normal
0,0.1,0,0,0,0,0,0,0,1,1,0,0,0,0,1,83.86521613531883,15.0,suspicious
1,0.08,0,0,0,0,0,0,0,1,0,0,0,0,0,0,77.04545701313583,0.0,normal
0,0.08,0,0,0,0,0,0,0,0,1,0,1,0,0,0,89.33836436898605,70.0,suspicious
1,0.05,0,0,0,0,0,0,0,0,0,0,0,0,0,0,75.80825459475183,0.0,normal
1,0.08,0,0,0,0,0,0,0,0,0,0,0,0,0,1,68.91803848171223,15.0,normal
1,0.25,0,0,0,0,0,0,1,0,0,1,0,1,0,0,98.81043131275187,60.0,malicious
1,0.05,0,0,0,0,0,0,0,0,0,0,0,0,0,0,71.7141483397797,0.0,suspicious
0,0.1,0,0,0,0,0,0,0,0,0,0,0,0,0,1,77.17281728465908,15.0,normal
0,0.1,0,0,0,0,0,0,0,0,0,0,0,1,0,0,82.95171578306713,60.0,normal
1,0.08,0,0,0,0,0,0,0,0,0,0,0,0,0,0,86.34853049018619,0.0,suspicious
0,0.1,0,0,0,0,0,0,0,0,0,1,0,0,0,0,87.8928413032915,0.0,suspicious
0,0.1,0,0,0,0,0,0,0,0,1,0,0,0,0,1,82.70592965617227,15.0,normal
0,0.08,0,0,0,0,0,0,0,0,0,0,0,0,0,0,74.35636489153879,0.0,normal
0,0.05,0,0,0,0,0,0,0,0,0,0,0,0,0,0,100.0,0.0,normal
1,0.08,0,0,0,0,0,0,0,0,0,0,0,1,0,0,97.59083109437962,60.0,normal
1,0.85,1,0,0,0,0,0,0,0,0,1,0,0,0,0,63.8174717993393,0.0,malicious
0,0.08,0,0,0,0,0,0,0,0,0,0,1,0,0,0,80.95728449493589,70.0,normal
1,0.1,0,0,0,0,0,0,0,0,1,1,0,0,0,1,81.50671977669224,15.0,malicious
4,0.35,0,0,0,0,0,0,0,0,0,1,0,0,0,0,57.967968826813,0.0,malicious
1,0.08,0,0,0,0,0,0,0,0,1,0,0,0,0,0,64.50927802750891,0.0,normal
1,0.08,0,0,0,0,0,0,0,0,0,0,0,0,0,0,90.68996016086861,0.0,normal
0,0.05,0,0,0,0,0,0,0,0,1,0,0,0,0,0,100.0,0.0,normal
5,0.35,0,0,0,0,0,0,0,0,0,0,0,0,0,0,80.99232545698831,0.0,malicious
1,0.08,0,0,0,0,0,0,0,0,0,0,0,0,0,0,82.6624984469429,0.0,normal
1,0.08,0,0,0,0,0,0,0,0,0,0,0,0,0,1,95.49358103021754,15.0,normal
1,0.25,0,0,0,0,0,0,1,0,0,1,0,0,0,0,90.34402136243324,0.0,suspicious
0,0.55,0,0,0,0,1,0,0,0,0,0,0,0,0,0,57.491738578884274,0.0,malicious
0,0.05,0,0,0,0,0,0,0,0,0,1,0,0,0,0,80.15736471089406,0.0,normal
1,0.08,0,0,0,0,0,0,0,1,0,0,0,0,0,1,75.64592226616438,15.0,normal
1,0.1,0,0,0,0,0,0,0,0,0,1,0,0,0,0,91.71854595963367,0.0,suspicious
1,0.05,0,0,0,0,0,0,0,0,1,0,0,0,0,0,77.5377010512796,0.0,normal
0,0.05,0,0,0,0,0,0,0,0,0,1,0,0,0,0,89.2035795275149,0.0,normal
0,0.45,0,0,0,0,0,1,0,1,0,0,0,0,0,0,77.43972511771514,0.0,suspicious
0,0.08,0,0,0,0,0,0,0,0,0,0,0,0,0,0,87.91528768510886,0.0,normal
0,0.05,0,0,0,0,0,0,0,0,0,0,0,0,0,0,82.445156686756,0.0,normal
2,0.3,0,0,0,0,0,0,0,1,0,0,0,0,0,0,86.36572889545978,0.0,malicious
0,0.05,0,0,0,0,0,0,0,1,0,0,0,0,0,0,91.99638523214436,0.0,normal
0,0.1,0,0,0,0,0,0,0,0,0,0,0,0,0,0,72.84445211989257,0.0,normal
0,0.1,0,0,0,0,0,0,0,0,0,0,0,0,0,0,87.57425240831134,0.0,normal
1,0.1,0,0,0,0,0,0,0,0,0,0,0,0,0,0,88.62561706616889,0.0,normal
1,0.85,1,0,0,0,0,0,0,1,0,1,0,0,0,0,73.64134616753915,0.0,malicious
0,0.1,0,0,0,0,0,0,0,0,0,0,0,0,0,1,100.0,15.0,normal
0,0.08,0,0,0,0,0,0,0,0,0,0,0,0,0,0,73.99805455761094,0.0,normal
2,0.1,0,0,0,0,0,0,0,1,0,0,0,0,0,0,100.0,0.0,normal
1,0.08,0,0,0,0,0,0,0,1,0,0,0,0,0,1,71.48848456157955,15.0,suspicious
0,0.1,0,0,0,0,0,0,0,0,0,0,0,0,0,0,84.98571865550333,0.0,normal
0,0.3,0,0,0,0,0,0,0,1,0,0,0,0,0,0,66.1869962081647,0.0,suspicious
1,0.08,0,0,0,0,0,0,0,0,0,0,0,0,0,0,75.19063525182669,0.0,normal
2,0.05,0,0,0,0,0,0,0,0,0,0,0,0,0,0,100.0,0.0,normal
0,0.1,0,0,0,0,0,0,0,0,1,0,0,0,0,1,80.1060017339091,15.0,suspicious
0,0.08,0,0,0,0,0,0,0,1,0,0,0,0,1,1,72.80438841281368,45.0,suspicious
1,0.1,0,0,0,0,0,0,0,0,0,0,0,0,0,0,98.11015129537574,0.0,normal
0,0.08,0,0,0,0,0,0,0,0,0,0,0,0,0,0,79.9326184908459,0.0,normal
1,0.05,0,0,0,0,0,0,0,0,0,0,0,0,0,0,91.67369298621264,0.0,normal
0,0.05,0,0,0,0,0,0,0,0,0,0,1,0,0,0,78.28040836000551,70.0,normal
0,0.5,0,1,0,0,0,0,0,0,0,1,0,0,0,0,69.26258350622453,0.0,suspicious
0,0.85,1,0,0,0,0,0,0,0,0,1,0,1,0,1,71.73919122316458,75.0,malicious
0,0.08,0,0,0,0,0,0,0,0,1,0,0,0,0,0,67.44034412062828,0.0,normal
1,0.05,0,0,0,0,0,0,0,0,0,0,0,0,0,0,32.91588854102407,0.0,suspicious
1,0.05,0,0,0,0,0,0,0,0,0,0,0,0,0,0,80.15363451537206,0.0,normal
1,0.08,0,0,0,0,0,0,0,0,0,0,0,0,0,0,79.32180189131088,0.0,normal
1,0.08,0,0,0,0,0,0,0,1,0,0,0,0,0,0,72.43312508387869,0.0,normal
2,0.08,0,0,0,0,0,0,0,0,1,0,0,0,0,0,89.40657560403795,0.0,suspicious
0,0.05,0,0,0,0,0,0,0,0,1,0,0,1,0,0,79.66298779106413,60.0,malicious
5,0.35,0,0,0,0,0,0,0,0,0,0,0,0,0,0,56.93723983436827,0.0,malicious
2,0.85,1,0,0,0,0,0,0,1,1,1,0,0,0,0,80.97150466051745,0.0,malicious
2,0.35,0,0,0,0,0,0,0,0,1,0,0,0,0,0,50.66949426963506,0.0,malicious
3,0.5,0,1,0,0,0,0,0,0,0,0,0,0,0,0,41.16129862536861,0.0,malicious
0,0.3,0,0,0,0,0,0,0,0,0,0,0,0,0,0,62.953539888757774,0.0,normal
0,0.05,0,0,0,0,0,0,0,1,0,1,0,0,0,0,55.65246333082743,0.0,suspicious
2,0.1,0,0,0,0,0,0,0,0,0,1,0,0,0,0,74.16515270587405,0.0,suspicious
1,0.1,0,0,0,0,0,0,0,0,0,0,0,0,0,0,68.22599995293687,0.0,normal
0,0.05,0,0,0,0,0,0,0,0,0,0,0,0,0,1,93.77185133310317,15.0,normal
2,0.08,0,0,0,0,0,0,0,0,0,1,0,0,0,0,69.42622384028643,0.0,malicious
0,0.05,0,0,0,0,0,0,0,0,0,1,1,0,0,0,85.12500626721543,70.0,suspicious
0,0.5,0,1,0,0,0,0,0,0,1,0,0,0,0,0,42.93339609494293,0.0,malicious
1,0.08,0,0,0,0,0,0,0,0,0,0,0,0,0,0,84.91065249134307,0.0,normal
2,0.35,0,0,0,0,0,0,0,0,1,0,0,0,0,0,66.71504529725689,0.0,malicious
0,0.1,0,0,0,0,0,0,0,0,1,0,0,0,0,0,81.79896326947735,0.0,normal
0,0.85,1,0,0,0,0,0,0,1,0,1,0,0,0,0,79.1796543013923,0.0,suspicious
0,0.1,0,0,0,0,0,0,0,1,0,0,0,0,0,0,88.29016230597625,0.0,normal
1,0.25,0,0,0,0,0,0,1,0,1,1,0,0,0,0,81.5021469150021,0.0,malicious
0,0.1,0,0,0,0,0,0,0,0,1,0,0,0,0,0,85.54983379593058,0.0,normal
1,0.5,0,1,0,0,0,0,0,1,0,1,0,0,0,0,74.87605633391735,0.0,malicious
0,0.08,0,0,0,0,0,0,0,0,0,0,0,0,0,0,77.12313847807216,0.0,normal
1,0.05,0,0,0,0,0,0,0,0,0,0,0,0,0,0,96.3658384366412,0.0,normal
0,0.1,0,0,0,0,0,0,0,0,0,0,0,0,0,0,83.18008041378545,0.0,normal
0,0.05,0,0,0,0,0,0,0,0,0,0,0,0,0,0,93.34612708359906,0.0,normal
0,0.1,0,0,0,0,0,0,0,0,0,0,0,0,0,0,91.50864121723163,0.0,suspicious
1,0.55,0,0,0,0,1,0,0,0,0,1,0,0,0,0,69.30713445516382,0.0,malicious
1,0.55,0,0,0,0,1,0,0,0,1,0,0,0,0,0,64.83487968471715,0.0,malicious
1,0.25,0,0,0,0,0,0,1,0,0,0,0,0,0,0,84.16461571149605,0.0,suspicious
0,0.05,0,0,0,0,0,0,0,0,0,1,0,0,0,0,75.30724667717172,0.0,normal
1,0.08,0,0,0,0,0,0,0,0,0,0,0,0,0,0,100.0,0.0,normal
0,0.08,0,0,0,0,0,0,0,0,1,0,0,0,0,0,60.29863493992976,0.0,normal
4,0.35,0,0,0,0,0,0,0,0,0,0,0,0,0,0,45.0315733777835,0.0,malicious
3,0.35,0,0,0,0,0,0,0,0,1,1,0,0,0,0,44.24774534716162,0.0,malicious
2,0.08,0,0,0,0,0,0,0,1,0,0,0,0,0,0,70.05405765569749,0.0,malicious
0,0.05,0,0,0,0,0,0,0,0,0,0,0,0,0,0,81.75101855794178,0.0,normal
1,0.85,1,0,0,0,0,0,0,1,0,1,0,0,0,0,62.22668255692296,0.0,malicious
1,0.05,0,0,0,0,0,0,0,0,0,0,0,0,0,1,63.13453520600805,15.0,normal
0,0.1,0,0,0,0,0,0,0,1,0,0,0,0,0,0,71.94238243062138,0.0,normal
1,0.3,0,0,0,0,0,0,0,0,1,0,0,0,0,0,97.58061620229056,0.0,normal
1,0.35,0,0,0,0,0,0,0,0,1,0,0,0,0,0,82.05032748120784,0.0,suspicious
1,0.1,0,0,0,0,0,0,0,0,0,0,0,0,0,0,60.817357895820976,0.0,suspicious
0,0.25,0,0,0,0,0,0,1,0,0,0,0,0,0,0,77.57740016001074,0.0,normal
0,0.05,0,0,0,0,0,0,0,0,0,0,0,0,0,1,89.34149730774037,15.0,normal
0,0.1,0,0,0,0,0,0,0,0,1,0,0,1,1,1,73.21524017130805,100.0,malicious
1,0.08,0,0,0,0,0,0,0,0,0,0,0,0,0,0,84.9505327261691,0.0,normal
0,0.1,0,0,0,0,0,0,0,0,1,0,0,1,0,0,90.41417708642012,60.0,suspicious
1,0.05,0,0,0,0,0,0,0,0,0,0,0,0,0,1,76.6832240840379,15.0,normal
0,0.1,0,0,0,0,0,0,0,0,0,1,0,0,0,0,79.60544879674397,0.0,normal
1,0.25,0,0,0,0,0,0,1,0,0,0,0,0,0,0,75.49482404224125,0.0,normal
0,0.08,0,0,0,0,0,0,0,1,0,0,0,1,0,0,82.43019774632593,60.0,normal
0,0.1,0,0,0,0,0,0,0,1,0,0,0,0,1,0,82.73848537594326,30.0,normal
0,0.08,0,0,0,0,0,0,0,0,1,0,0,0,0,1,78.65178153196142,15.0,normal
2,0.3,0,0,0,0,0,0,0,0,0,1,0,0,0,0,81.28137283957989,0.0,malicious
2,0.05,0,0,0,0,0,0,0,0,1,0,0,1,0,0,94.6895267361093,60.0,malicious
0,0.05,0,0,0,0,0,0,0,0,0,0,0,0,1,0,76.52040872571567,30.0,normal
1,0.3,0,0,0,0,0,0,0,0,1,0,0,0,0,0,93.71253367302026,0.0,normal
0,0.05,0,0,0,0,0,0,0,0,0,0,0,0,0,0,84.51392950972729,0.0,normal
1,0.5,0,1,0,0,0,0,0,0,0,0,0,0,0,0,89.30636662567484,0.0,suspicious
0,0.1,0,0,0,0,0,0,0,0,1,0,0,0,0,0,100.0,0.0,normal
0,0.08,0,0,0,0,0,0,0,0,0,0,0,0,0,0,81.87262643188221,0.0,suspicious
0,0.1,0,0,0,0,0,0,0,0,0,1,0,0,0,0,94.84298814236732,0.0,normal
0,0.05,0,0,0,0,0,0,0,0,0,0,0,0,0,1,100.0,15.0,normal
0,0.08,0,0,0,0,0,0,0,0,0,1,0,0,0,0,100.0,0.0,normal
0,0.1,0,0,0,0,0,0,0,0,0,0,0,0,0,0,100.0,0.0,normal
1,0.1,0,0,0,0,0,0,0,0,0,0,0,0,0,0,96.52502316010698,0.0,normal
1,0.55,0,0,0,0,1,0,0,0,0,0,0,0,0,0,70.10724565878023,0.0,malicious
0,0.1,0,0,0,0,0,0,0,0,0,0,0,0,0,0,100.0,0.0,normal
1,0.1,0,0,0,0,0,0,0,0,0,0,0,0,0,0,84.51478037267725,0.0,normal
0,0.08,0,0,0,0,0,0,0,0,0,0,0,0,0,1,89.2415300886135,15.0,normal
0,0.85,1,0,0,0,0,0,0,1,0,0,0,0,0,0,70.01823637628988,0.0,malicious
0,0.1,0,0,0,0,0,0,0,0,0,0,0,0,0,0,77.14454771089433,0.0,normal
1,0.08,0,0,0,0,0,0,0,1,0,0,0,0,0,0,100.0,0.0,normal
0,0.1,0,0,0,0,0,0,0,0,0,0,0,0,0,0,73.56042193763193,0.0,normal
1,0.3,0,0,0,0,0,0,0,0,0,1,0,0,0,1,84.1919994550402,15.0,malicious
1,0.55,0,0,0,0,1,0,0,0,0,0,0,0,0,0,61.50058466880806,0.0,suspicious
0,0.9,0,0,1,0,0,0,0,1,0,0,0,0,0,0,78.64231584812367,0.0,malicious
0,0.55,0,0,0,0,1,0,0,0,0,0,0,0,0,1,71.2288732731233,15.0,suspicious
0,0.05,0,0,0,0,0,0,0,0,0,0,0,0,1,0,66.65059013309576,30.0,normal
0,0.08,0,0,0,0,0,0,0,0,0,0,0,0,1,0,77.64310796201806,30.0,normal
0,0.1,0,0,0,0,0,0,0,0,0,0,0,0,0,0,75.02249158115052,0.0,normal
2,0.08,0,0,0,0,0,0,0,1,0,0,0,0,1,0,84.5570617303299,30.0,malicious
1,0.5,0,1,0,0,0,0,0,1,0,1,0,0,0,0,76.83333414182367,0.0,malicious
0,0.9,0,0,1,0,0,0,0,1,0,1,0,0,0,0,76.08484699077974,0.0,malicious
1,0.08,0,0,0,0,0,0,0,0,0,0,0,0,0,0,76.76996119216997,0.0,normal
1,0.1,0,0,0,0,0,0,0,0,0,0,0,0,1,0,87.80110336657499,30.0,normal
0,0.1,0,0,0,0,0,0,0,0,1,0,0,0,0,0,77.1039677459345,0.0,normal
0,0.1,0,0,0,0,0,0,0,0,0,0,0,0,0,1,90.51080883964403,15.0,normal
0,0.05,0,0,0,0,0,0,0,0,0,0,0,0,0,0,78.54266836657577,0.0,normal
1,0.05,0,0,0,0,0,0,0,1,0,0,0,0,0,0,97.32061409785989,0.0,normal
0,0.1,0,0,0,0,0,0,0,0,0,0,0,0,0,0,68.13974095974491,0.0,normal
0,0.05,0,0,0,0,0,0,0,0,0,0,0,0,0,0,87.35889269219179,0.0,normal
1,0.08,0,0,0,0,0,0,0,0,0,0,0,0,0,0,86.40860476617686,0.0,normal
0,0.08,0,0,0,0,0,0,0,0,0,0,0,0,0,1,100.0,15.0,normal
0,1.0,0,0,0,1,0,0,0,0,1,0,0,0,0,1,59.37622870341064,15.0,malicious
1,0.55,0,0,0,0,1,0,0,0,0,1,0,0,0,0,70.89589458033582,0.0,malicious
2,0.05,0,0,0,0,0,0,0,0,0,0,0,0,0,0,61.005677695464016,0.0,malicious
0,0.08,0,0,0,0,0,0,0,0,0,0,0,0,0,0,75.6809513561807,0.0,normal
0,0.05,0,0,0,0,0,0,0,0,0,0,0,0,0,0,95.39355515952172,0.0,normal
1,0.08,0,0,0,0,0,0,0,0,0,0,1,0,0,0,96.24886989768481,70.0,suspicious
1,0.35,0,0,0,0,0,0,0,0,0,1,0,0,0,1,68.57452064707546,15.0,malicious
0,0.9,0,0,1,0,0,0,0,1,0,1,0,0,0,0,67.98885277628602,0.0,malicious
0,0.08,0,0,0,0,0,0,0,0,0,0,0,0,0,0,77.79464691777218,0.0,normal
1,0.1,0,0,0,0,0,0,0,1,0,0,0,0,0,0,100.0,0.0,normal
0,0.1,0,0,0,0,0,0,0,1,0,0,0,0,0,0,83.00665081728515,0.0,normal
0,0.25,0,0,0,0,0,0,1,0,0,1,0,0,0,1,90.39141389162207,15.0,normal
1,0.05,0,0,0,0,0,0,0,0,0,0,0,0,0,0,91.78468448598308,0.0,normal
1,0.05,0,0,0,0,0,0,0,0,0,0,0,0,0,1,85.70130511133316,15.0,normal
0,0.05,0,0,0,0,0,0,0,0,0,0,0,0,0,0,82.45487996124163,0.0,normal
0,0.08,0,0,0,0,0,0,0,0,0,0,0,0,0,0,95.46587049297243,0.0,normal
1,0.05,0,0,0,0,0,0,0,0,0,0,0,0,0,0,84.9398950458244,0.0,normal
1,0.08,0,0,0,0,0,0,0,0,0,0,0,0,0,1,85.94523923931362,15.0,normal
1,0.85,1,0,0,0,0,0,0,0,1,0,0,0,0,0,61.33800880765386,0.0,suspicious
1,0.05,0,0,0,0,0,0,0,0,0,0,0,0,0,0,100.0,0.0,normal
1,0.45,0,0,0,0,0,1,0,0,1,0,0,0,0,1,70.26269268007067,15.0,malicious
0,0.08,0,0,0,0,0,0,0,0,0,0,0,0,0,1,84.53291235479865,15.0,normal
0,0.08,0,0,0,0,0,0,0,0,0,0,0,0,0,1,97.64824072571624,15.0,normal
0,0.3,0,0,0,0,0,0,0,0,0,0,0,0,0,0,79.12158308209303,0.0,normal
0,0.1,0,0,0,0,0,0,0,0,0,0,0,1,0,0,100.0,60.0,normal
0,0.05,0,0,0,0,0,0,0,1,0,1,0,0,0,1,75.90898243849455,15.0,suspicious
0,0.1,0,0,0,0,0,0,0,0,1,0,0,0,0,0,67.02191941750232,0.0,normal
0,0.08,0,0,0,0,0,0,0,0,0,0,0,1,0,0,99.53640923796286,60.0,normal
2,0.35,0,0,0,0,0,0,0,0,1,1,0,0,0,1,84.1167868678197,15.0,malicious
1,0.1,0,0,0,0,0,0,0,0,0,0,0,0,0,1,88.44845162363245,15.0,normal
2,0.85,1,0,0,0,0,0,0,1,0,1,0,0,1,0,84.4559314965058,30.0,malicious
1,0.1,0,0,0,0,0,0,0,0,0,0,0,0,0,0,100.0,0.0,normal
2,0.35,0,0,0,0,0,0,0,0,0,0,0,0,0,0,67.05897070913095,0.0,suspicious
0,0.85,1,0,0,0,0,0,0,0,1,0,0,0,0,0,74.20701301472246,0.0,malicious
1,0.08,0,0,0,0,0,0,0,0,0,0,0,0,0,1,82.83658844512384,15.0,normal
0,0.85,1,0,0,0,0,0,0,0,0,0,0,0,1,0,71.51729988451154,30.0,malicious
1,0.1,0,0,0,0,0,0,0,0,0,0,0,0,0,0,88.21536155288834,0.0,normal
3,0.35,0,0,0,0,0,0,0,0,0,0,0,0,0,0,54.03437365570967,0.0,malicious
0,0.1,0,0,0,0,0,0,0,0,0,0,0,0,0,0,82.7088535805292,0.0,normal
0,0.55,0,0,0,0,1,0,0,0,0,0,0,0,0,0,83.25892200480315,0.0,suspicious
0,0.1,0,0,0,0,0,0,0,0,1,0,0,0,0,0,96.65251691892234,0.0,normal
0,0.1,0,0,0,0,0,0,0,0,1,0,0,0,0,1,85.71273140736322,15.0,normal
1,0.08,0,0,0,0,0,0,0,0,0,0,1,0,0,0,68.83218554550068,70.0,malicious
1,0.05,0,0,0,0,0,0,0,1,0,0,0,0,0,0,71.41869265644611,0.0,normal
0,0.1,0,0,0,0,0,0,0,0,1,0,0,0,1,0,90.63372238613836,30.0,normal
0,0.55,0,0,0,0,1,0,0,0,1,0,0,0,0,0,55.0823149667066,0.0,malicious
1,0.05,0,0,0,0,0,0,0,0,1,0,0,0,0,0,100.0,0.0,normal
0,0.1,0,0,0,0,0,0,0,0,1,0,0,1,0,0,85.55081949220386,60.0,normal
0,0.05,0,0,0,0,0,0,0,0,1,0,0,0,0,0,73.29940709550456,0.0,normal
0,0.25,0,0,0,0,0,0,1,1,1,1,0,0,0,0,85.686380361856,0.0,malicious
1,0.08,0,0,0,0,0,0,0,0,0,1,0,0,0,0,74.37087073752653,0.0,suspicious
0,0.05,0,0,0,0,0,0,0,1,0,0,0,0,0,0,68.4408893295591,0.0,normal
1,0.05,0,0,0,0,0,0,0,0,0,0,0,0,0,0,71.84437660965298,0.0,normal
1,0.08,0,0,0,0,0,0,0,0,0,0,0,0,1,0,70.97398341070377,30.0,suspicious
0,0.05,0,0,0,0,0,0,0,0,0,0,0,0,0,0,74.50126690025881,0.0,suspicious
0,0.9,0,0,1,0,0,0,0,0,0,1,0,0,0,0,58.81068113779078,0.0,malicious
1,0.08,0,0,0,0,0,0,0,0,0,0,0,0,0,0,88.48339992062279,0.0,normal
0,0.08,0,0,0,0,0,0,0,0,0,0,1,0,0,0,75.03127027515393,70.0,normal
1,0.08,0,0,0,0,0,0,0,0,0,0,0,0,0,0,86.49107883350923,0.0,normal
4,0.35,0,0,0,0,0,0,0,0,0,1,0,0,0,0,93.91389247604613,0.0,malicious
0,0.45,0,0,0,0,0,1,0,1,0,1,0,0,0,1,85.12139513263931,15.0,suspicious
0,0.1,0,0,0,0,0,0,0,1,0,0,0,0,0,0,89.7183661872571,0.0,normal
1,0.1,0,0,0,0,0,0,0,0,0,0,0,0,0,0,81.01643751481608,0.0,normal
1,0.08,0,0,0,0,0,0,0,0,0,0,0,0,0,0,82.02002680770092,0.0,normal
0,0.08,0,0,0,0,0,0,0,0,1,0,0,0,0,1,83.30216106176721,15.0,normal
1,0.3,0,0,0,0,0,0,0,0,0,1,0,0,0,0,56.242198272042124,0.0,malicious
0,0.05,0,0,0,0,0,0,0,1,0,0,0,0,0,0,71.35920096698607,0.0,normal
2,0.1,0,0,0,0,0,0,0,0,0,0,0,0,0,0,71.44947446700033,0.0,suspicious
0,0.05,0,0,0,0,0,0,0,0,0,0,0,0,0,0,91.2507951463239,0.0,normal
0,0.05,0,0,0,0,0,0,0,0,0,0,0,0,0,1,72.92978197338942,15.0,normal
1,0.08,0,0,0,0,0,0,0,0,0,0,0,0,0,0,89.1609749668157,0.0,normal
0,0.08,0,0,0,0,0,0,0,0,0,0,0,0,0,0,95.67781177368802,0.0,normal
0,0.05,0,0,0,0,0,0,0,0,0,1,0,0,0,0,81.04645212213369,0.0,normal
2,0.1,0,0,0,0,0,0,0,1,0,0,0,0,0,0,78.8877475027017,0.0,suspicious
0,0.85,1,0,0,0,0,0,0,0,1,1,0,0,0,0,70.49277263060164,0.0,malicious
0,0.08,0,0,0,0,0,0,0,0,0,1,0,0,0,0,81.57686827590211,0.0,suspicious
3,0.35,0,0,0,0,0,0,0,0,0,0,0,0,0,0,69.700332111151,0.0,malicious
1,0.05,0,0,0,0,0,0,0,0,0,0,0,0,0,0,82.46598544913164,0.0,normal
0,0.05,0,0,0,0,0,0,0,0,0,0,0,0,0,0,65.81268329768909,0.0,normal
0,0.08,0,0,0,0,0,0,0,0,0,0,0,1,0,0,87.67746685178182,60.0,normal
2,0.45,0,0,0,0,0,1,0,0,0,0,0,0,0,0,82.78834306914617,0.0,suspicious
0,0.08,0,0,0,0,0,0,0,0,0,0,0,0,0,1,72.26187835890447,15.0,normal
1,0.1,0,0,0,0,0,0,0,0,0,0,0,0,0,0,63.98690805169309,0.0,normal
1,0.08,0,0,0,0,0,0,0,0,0,0,0,1,0,0,88.16459042909204,60.0,suspicious
0,0.85,1,0,0,0,0,0,0,0,0,0,0,0,0,1,65.70276064927882,15.0,malicious
2,0.05,0,0,0,0,0,0,0,1,1,0,0,0,0,0,77.08439010229742,0.0,malicious
0,0.5,0,1,0,0,0,0,0,0,0,0,1,0,1,0,64.66256025802403,100.0,malicious
1,0.3,0,0,0,0,0,0,0,0,1,1,0,0,0,0,71.86185964957141,0.0,malicious
0,0.08,0,0,0,0,0,0,0,0,0,0,0,0,0,0,81.61968947186347,0.0,normal
1,0.08,0,0,0,0,0,0,0,0,0,0,0,0,0,0,100.0,0.0,normal
0,0.08,0,0,0,0,0,0,0,0,0,0,0,0,0,1,78.85744213162275,15.0,normal
0,0.05,0,0,0,0,0,0,0,0,0,0,0,0,0,1,77.51134980876816,15.0,normal
0,0.05,0,0,0,0,0,0,0,0,1,0,0,0,0,0,100.0,0.0,normal
2,0.35,0,0,0,0,0,0,0,1,0,0,0,0,0,1,62.89975593483488,15.0,malicious
1,0.1,0,0,0,0,0,0,0,0,0,0,0,0,0,0,89.40136938767901,0.0,normal
0,0.05,0,0,0,0,0,0,0,0,0,0,0,0,0,0,85.29578068556886,0.0,normal
0,0.9,0,0,1,0,0,0,0,0,1,0,0,0,0,0,64.60125509646183,0.0,suspicious
2,0.05,0,0,0,0,0,0,0,1,0,0,0,1,0,0,81.69574672645197,60.0,malicious
0,0.08,0,0,0,0,0,0,0,0,0,0,0,1,0,0,100.0,60.0,normal
0,0.5,0,1,0,0,0,0,0,0,0,1,0,0,0,1,81.4788859011106,15.0,suspicious
2,0.9,0,0,1,0,0,0,0,0,1,0,0,0,0,1,61.17333250231641,15.0,malicious
0,0.08,0,0,0,0,0,0,0,0,1,0,0,1,0,0,83.78118867466662,60.0,normal
1,0.1,0,0,0,0,0,0,0,0,0,0,0,0,0,0,81.36755138313107,0.0,normal
0,0.1,0,0,0,0,0,0,0,0,0,0,0,0,0,0,77.6945113741654,0.0,normal
0,0.08,0,0,0,0,0,0,0,1,0,0,0,1,0,0,86.43095055561649,60.0,normal
1,0.3,0,0,0,0,0,0,0,0,0,1,0,0,0,0,78.22064157674019,0.0,suspicious
2,0.05,0,0,0,0,0,0,0,0,0,0,0,0,0,0,76.80639077160696,0.0,suspicious
1,0.25,0,0,0,0,0,0,1,0,0,0,0,0,0,1,68.27444174479498,15.0,suspicious
2,0.45,0,0,0,0,0,1,0,0,1,1,0,0,0,0,94.3663699577742,0.0,malicious
0,0.35,0,0,0,0,0,0,0,0,1,0,0,0,0,0,59.552830391353574,0.0,suspicious
0,0.05,0,0,0,0,0,0,0,0,0,0,0,0,0,0,77.63150961384814,0.0,normal
0,0.3,0,0,0,0,0,0,0,0,0,1,0,0,0,0,100.0,0.0,normal
0,0.05,0,0,0,0,0,0,0,0,0,0,0,1,0,0,88.53762758615929,60.0,normal
0,1.0,0,0,0,1,0,0,0,1,0,1,0,0,0,0,69.12396726720358,0.0,malicious
0,0.1,0,0,0,0,0,0,0,0,1,0,0,0,0,0,83.45530438207932,0.0,normal
1,0.05,0,0,0,0,0,0,0,1,0,0,0,0,0,0,90.09277588680894,0.0,normal
3,0.35,0,0,0,0,0,0,0,0,0,1,0,1,0,0,79.85314204087737,60.0,malicious
0,0.05,0,0,0,0,0,0,0,0,0,0,0,0,0,0,79.96426988953266,0.0,normal
1,0.05,0,0,0,0,0,0,0,0,0,0,0,0,0,0,87.05535754658261,0.0,normal
1,0.05,0,0,0,0,0,0,0,0,0,0,0,0,0,1,100.0,15.0,normal
1,0.25,0,0,0,0,0,0,1,1,1,0,0,0,0,1,68.51292735030484,15.0,malicious
0,0.08,0,0,0,0,0,0,0,0,0,0,0,0,0,0,91.90362300532871,0.0,normal
0,0.1,0,0,0,0,0,0,0,0,0,0,0,0,0,0,71.64540789243394,0.0,normal
0,0.08,0,0,0,0,0,0,0,0,0,0,0,0,0,0,84.80862050626709,0.0,normal
1,0.3,0,0,0,0,0,0,0,1,1,0,0,0,0,0,91.02119717416547,0.0,suspicious
0,0.05,0,0,0,0,0,0,0,0,0,0,0,1,0,1,73.28736597130262,75.0,normal
1,0.05,0,0,0,0,0,0,0,0,0,0,0,0,0,0,85.38515111572725,0.0,normal
3,0.05,0,0,0,0,0,0,0,1,0,0,0,0,0,0,100.0,0.0,suspicious
0,0.08,0,0,0,0,0,0,0,0,0,0,0,0,0,0,63.77537701900178,0.0,normal
0,0.08,0,0,0,0,0,0,0,1,1,0,0,0,0,0,73.2385378807071,0.0,normal
1,0.35,0,0,0,0,0,0,0,0,0,0,0,0,0,0,56.61203852055111,0.0,malicious
0,0.1,0,0,0,0,0,0,0,0,0,0,0,0,0,0,75.48678139438088,0.0,normal
0,0.08,0,0,0,0,0,0,0,0,0,0,0,0,0,0,93.51549678097727,0.0,normal
0,0.1,0,0,0,0,0,0,0,0,0,0,0,0,0,0,85.61384012260318,0.0,normal
1,0.08,0,0,0,0,0,0,0,0,0,0,0,1,0,1,100.0,75.0,normal
1,0.05,0,0,0,0,0,0,0,0,0,0,0,0,0,0,100.0,0.0,normal
0,0.55,0,0,0,0,1,0,0,0,1,0,0,0,0,1,76.32300133918922,15.0,suspicious
0,0.08,0,0,0,0,0,0,0,0,0,0,0,1,0,0,86.49369838002892,60.0,normal
1,0.05,0,0,0,0,0,0,0,0,0,0,0,0,0,0,60.270312828499264,0.0,normal
1,0.05,0,0,0,0,0,0,0,0,0,1,0,0,0,0,77.90167002139354,0.0,suspicious
0,0.1,0,0,0,0,0,0,0,0,1,0,0,0,0,1,92.42293487340856,15.0,normal
0,0.1,0,0,0,0,0,0,0,0,1,0,0,0,0,0,100.0,0.0,normal
6,0.35,0,0,0,0,0,0,0,1,1,1,0,0,0,0,64.0579098300949,0.0,malicious
0,0.08,0,0,0,0,0,0,0,0,0,0,1,0,0,0,78.73255385629825,70.0,suspicious
0,0.45,0,0,0,0,0,1,0,1,0,0,0,0,0,1,67.0582915172233,15.0,malicious
2,0.08,0,0,0,0,0,0,0,0,0,0,0,0,0,1,90.99371292860846,15.0,normal
1,0.35,0,0,0,0,0,0,0,0,1,1,0,0,0,0,74.45639093196566,0.0,malicious
0,0.9,0,0,1,0,0,0,0,0,0,0,0,0,0,0,63.00033925335044,0.0,malicious
0,0.08,0,0,0,0,0,0,0,0,0,0,0,0,0,0,70.71324887222956,0.0,normal
1,0.35,0,0,0,0,0,0,0,1,0,1,0,0,0,0,68.9871770632147,0.0,suspicious
1,0.05,0,0,0,0,0,0,0,0,0,0,0,0,0,1,96.33077890243683,15.0,normal
0,0.08,0,0,0,0,0,0,0,0,0,0,0,0,0,0,92.38436837629516,0.0,normal
0,0.3,0,0,0,0,0,0,0,0,0,0,0,0,0,0,84.87967221035466,0.0,normal
0,0.1,0,0,0,0,0,0,0,0,1,0,0,0,0,1,70.81436894307255,15.0,normal
3,0.35,0,0,0,0,0,0,0,0,0,0,0,0,0,0,67.08401224765481,0.0,malicious
0,0.1,0,0,0,0,0,0,0,0,0,0,0,0,0,0,100.0,0.0,normal
0,0.05,0,0,0,0,0,0,0,0,0,0,0,0,0,0,90.35959753469348,0.0,normal
0,0.3,0,0,0,0,0,0,0,1,1,1,0,0,0,0,69.35455338251543,0.0,suspicious
0,0.05,0,0,0,0,0,0,0,0,1,0,0,0,0,0,86.66354445577701,0.0,normal
0,0.1,0,0,0,0,0,0,0,0,0,0,0,1,0,0,77.7832400758001,60.0,normal
0,0.35,0,0,0,0,0,0,0,0,0,1,0,1,0,0,52.48127107337184,60.0,malicious
0,0.08,0,0,0,0,0,0,0,1,0,0,0,0,0,0,88.3635810811536,0.0,normal
0,0.08,0,0,0,0,0,0,0,0,0,0,0,0,0,0,90.96730177226894,0.0,normal
1,0.35,0,0,0,0,0,0,0,1,0,1,0,0,0,0,75.1027431197326,0.0,malicious
0,0.5,0,1,0,0,0,0,0,1,1,0,0,0,0,0,91.46069990400426,0.0,suspicious
1,0.35,0,0,0,0,0,0,0,0,0,0,0,0,0,0,71.49565259395375,0.0,normal
0,0.1,0,0,0,0,0,0,0,0,0,0,0,0,0,0,64.95141070532372,0.0,normal
0,0.1,0,0,0,0,0,0,0,0,0,0,0,0,0,0,80.38504919809147,0.0,normal
1,0.45,0,0,0,0,0,1,0,0,0,1,0,0,0,0,63.916056646362236,0.0,malicious
2,0.05,0,0,0,0,0,0,0,0,1,0,1,0,0,0,93.59911624728842,70.0,malicious
1,0.08,0,0,0,0,0,0,0,0,0,0,0,0,0,0,100.0,0.0,normal
0,0.08,0,0,0,0,0,0,0,0,0,0,0,0,0,0,78.79179816663884,0.0,normal
0,0.1,0,0,0,0,0,0,0,0,0,0,0,0,0,0,90.69866278134285,0.0,normal
0,0.25,0,0,0,0,0,0,1,0,0,1,0,0,0,0,70.77088124116906,0.0,suspicious
2,0.9,0,0,1,0,0,0,0,0,1,1,0,0,0,0,69.92378681891768,0.0,malicious
2,0.35,0,0,0,0,0,0,0,0,0,0,0,0,0,1,68.06256016368222,15.0,malicious
2,0.45,0,0,0,0,0,1,0,0,1,0,0,0,0,0,90.27294678056546,0.0,malicious
2,0.35,0,0,0,0,0,0,0,0,0,1,0,0,0,0,74.94152434416026,0.0,malicious
1,0.55,0,0,0,0,1,0,0,0,0,1,0,0,0,0,45.34526205428004,0.0,malicious
1,0.25,0,0,0,0,0,0,1,0,1,1,0,0,0,0,77.40375703488283,0.0,malicious
3,0.08,0,0,0,0,0,0,0,0,0,0,0,0,0,0,84.56672682020216,0.0,malicious
1,0.9,0,0,1,0,0,0,0,1,0,0,0,0,1,0,78.60489013987838,30.0,malicious
1,0.05,0,0,0,0,0,0,0,0,0,0,0,0,0,1,100.0,15.0,normal
0,0.1,0,0,0,0,0,0,0,0,1,0,0,0,0,0,76.03999599075927,0.0,normal
0,0.05,0,0,0,0,0,0,0,0,0,0,0,0,1,0,89.22279337601697,30.0,normal
0,0.05,0,0,0,0,0,0,0,0,0,1,0,0,0,1,88.18516816311353,15.0,normal
0,0.08,0,0,0,0,0,0,0,1,0,0,0,0,0,0,57.27655513012044,0.0,normal
0,0.35,0,0,0,0,0,0,0,0,0,1,0,0,0,0,72.11585001174188,0.0,suspicious
0,0.1,0,0,0,0,0,0,0,0,0,1,0,0,0,0,65.30147222284018,0.0,normal
3,0.08,0,0,0,0,0,0,0,0,0,0,0,0,0,0,87.89851345163852,0.0,suspicious
0,0.05,0,0,0,0,0,0,0,0,0,0,0,0,0,0,63.58696599250091,0.0,normal
1,0.9,0,0,1,0,0,0,0,1,0,0,0,0,0,0,92.92367201302392,0.0,malicious
0,0.1,0,0,0,0,0,0,0,0,0,0,0,0,0,0,88.1153140830056,0.0,normal
0,0.55,0,0,0,0,1,0,0,0,0,1,0,0,0,0,76.71748389950874,0.0,malicious
1,0.05,0,0,0,0,0,0,0,0,0,0,0,0,0,0,76.08284875300559,0.0,normal
0,0.1,0,0,0,0,0,0,0,0,1,0,0,0,0,0,100.0,0.0,normal
1,0.5,0,1,0,0,0,0,0,0,1,0,1,0,0,0,60.95277650462654,70.0,malicious
0,0.5,0,1,0,0,0,0,0,1,1,0,0,0,0,0,77.53907851049,0.0,malicious
1,0.1,0,0,0,0,0,0,0,0,1,0,0,0,0,0,83.76943624359589,0.0,normal
0,0.08,0,0,0,0,0,0,0,0,0,0,0,0,0,1,93.47268105477504,15.0,normal
2,0.35,0,0,0,0,0,0,0,0,0,1,0,0,0,0,63.3920682472204,0.0,malicious
0,0.1,0,0,0,0,0,0,0,0,1,1,0,0,0,0,96.4586274890666,0.0,normal
1,0.1,0,0,0,0,0,0,0,0,0,0,0,0,0,0,68.66055334691757,0.0,suspicious
0,0.08,0,0,0,0,0,0,0,0,1,0,0,0,0,0,61.179137681606996,0.0,suspicious
1,0.05,0,0,0,0,0,0,0,0,0,0,0,0,0,0,74.34949934778679,0.0,normal
1,0.05,0,0,0,0,0,0,0,0,0,0,0,0,1,0,70.3269510106475,30.0,suspicious
2,0.08,0,0,0,0,0,0,0,0,0,0,0,0,0,1,62.04192891557426,15.0,malicious
0,0.35,0,0,0,0,0,0,0,0,0,1,0,0,0,0,79.05552455516857,0.0,normal
0,0.25,0,0,0,0,0,0,1,1,0,0,0,0,0,0,76.05279658227555,0.0,normal
0,0.05,0,0,0,0,0,0,0,0,1,0,0,0,0,0,87.26393645056388,0.0,normal
0,0.3,0,0,0,0,0,0,0,0,1,0,0,0,0,0,81.72695443453978,0.0,normal
4,0.35,0,0,0,0,0,0,0,0,1,0,0,0,0,0,52.14704825021997,0.0,malicious
0,0.08,0,0,0,0,0,0,0,0,0,0,0,0,0,1,94.2841567009678,15.0,normal
0,0.1,0,0,0,0,0,0,0,0,0,0,0,0,0,1,74.00551396173009,15.0,normal
1,0.1,0,0,0,0,0,0,0,0,0,0,0,0,0,0,82.3799863829465,0.0,normal
0,0.05,0,0,0,0,0,0,0,0,0,0,0,0,0,1,100.0,15.0,normal
0,0.08,0,0,0,0,0,0,0,0,0,0,0,0,0,1,92.484637199785,15.0,normal
0,0.05,0,0,0,0,0,0,0,0,0,0,0,0,0,0,78.480955313821,0.0,normal
1,0.1,0,0,0,0,0,0,0,0,1,0,0,0,0,0,86.21308105349436,0.0,suspicious
0,0.08,0,0,0,0,0,0,0,0,0,0,0,0,0,0,96.77851155447952,0.0,normal
1,0.55,0,0,0,0,1,0,0,0,0,0,0,0,0,0,67.62832697065748,0.0,malicious
3,0.35,0,0,0,0,0,0,0,0,0,1,0,0,0,0,75.89669696908095,0.0,malicious
0,0.5,0,1,0,0,0,0,0,0,1,1,0,0,0,0,65.23177330295857,0.0,malicious
0,0.1,0,0,0,0,0,0,0,0,1,0,0,0,0,0,64.00709739651029,0.0,normal
3,0.35,0,0,0,0,0,0,0,1,1,1,0,0,0,0,68.26762750331956,0.0,malicious
0,0.35,0,0,0,0,0,0,0,1,0,0,0,0,0,0,76.90898480792549,0.0,normal
1,0.5,0,1,0,0,0,0,0,0,1,0,0,0,0,0,54.22216066792164,0.0,malicious
0,0.3,0,0,0,0,0,0,0,0,1,0,0,0,0,0,60.039587810156604,0.0,normal
0,0.25,0,0,0,0,0,0,1,0,0,1,0,0,0,0,75.08573701082784,0.0,suspicious
1,0.05,0,0,0,0,0,0,0,0,1,0,0,0,0,0,83.3062084398859,0.0,normal
0,0.08,0,0,0,0,0,0,0,0,0,0,0,0,0,1,100.0,15.0,suspicious
1,0.1,0,0,0,0,0,0,0,0,0,0,0,0,1,0,86.95706585439213,30.0,normal
0,0.3,0,0,0,0,0,0,0,1,0,1,0,0,0,1,89.5285045548578,15.0,malicious
2,0.08,0,0,0,0,0,0,0,0,0,0,0,0,0,0,87.52162614860119,0.0,normal
1,0.35,0,0,0,0,0,0,0,0,0,0,0,0,0,1,55.785304196341336,15.0,suspicious
0,0.08,0,0,0,0,0,0,0,0,0,0,0,0,0,0,85.01970851840028,0.0,normal
0,0.05,0,0,0,0,0,0,0,0,0,0,0,0,0,0,61.19082481647847,0.0,normal
1,0.85,1,0,0,0,0,0,0,0,1,1,0,0,0,1,71.28932412841567,15.0,malicious
1,0.05,0,0,0,0,0,0,0,0,0,0,1,0,0,1,83.34308421618819,85.0,suspicious
0,0.1,0,0,0,0,0,0,0,0,0,0,0,0,1,0,81.44359256174204,30.0,normal
3,0.35,0,0,0,0,0,0,0,0,1,1,0,0,0,0,78.6123236614956,0.0,malicious
0,0.5,0,1,0,0,0,0,0,0,0,0,0,0,0,0,100.0,0.0,normal
0,0.25,0,0,0,0,0,0,1,0,0,1,0,0,0,0,76.2766581499096,0.0,normal
0,0.3,0,0,0,0,0,0,0,1,0,0,0,1,0,1,95.2100193702882,75.0,normal
0,0.05,0,0,0,0,0,0,0,0,1,0,0,1,0,1,97.04050885776157,75.0,normal
1,0.08,0,0,0,0,0,0,0,0,0,0,0,0,0,0,100.0,0.0,normal
1,0.05,0,0,0,0,0,0,0,0,0,0,0,0,0,0,84.73543569040635,0.0,normal
0,0.3,0,0,0,0,0,0,0,1,1,1,0,0,0,0,56.11392567858681,0.0,malicious
0,0.1,0,0,0,0,0,0,0,0,0,0,0,0,0,0,92.31266379617911,0.0,normal
1,0.1,0,0,0,0,0,0,0,0,0,0,0,0,0,0,83.28909216926827,0.0,normal
1,0.05,0,0,0,0,0,0,0,0,0,0,0,1,0,1,96.5737587158442,75.0,normal
0,0.55,0,0,0,0,1,0,0,0,1,0,0,0,0,0,54.545941522172875,0.0,malicious
0,0.08,0,0,0,0,0,0,0,0,0,1,0,0,0,0,76.92645757842432,0.0,normal
0,0.05,0,0,0,0,0,0,0,0,0,1,0,0,0,0,78.5107385082324,0.0,normal
0,0.08,0,0,0,0,0,0,0,0,0,0,0,0,0,0,75.52986298239425,0.0,normal
3,0.35,0,0,0,0,0,0,0,1,0,0,0,0,0,1,69.18692509802881,15.0,malicious
0,0.08,0,0,0,0,0,0,0,0,0,0,0,0,0,0,78.27627564119209,0.0,normal
0,0.1,0,0,0,0,0,0,0,0,1,0,0,0,0,0,87.83458020904166,0.0,normal
0,0.08,0,0,0,0,0,0,0,0,0,1,0,0,0,0,80.23743041425485,0.0,normal
1,0.08,0,0,0,0,0,0,0,0,0,0,0,0,0,0,85.70731081473468,0.0,normal
1,0.08,0,0,0,0,0,0,0,1,0,0,0,0,0,0,96.62145689410889,0.0,normal
2,0.35,0,0,0,0,0,0,0,0,1,0,0,1,0,1,71.9787996122883,75.0,malicious
1,0.3,0,0,0,0,0,0,0,0,1,1,0,0,0,0,82.16801323099644,0.0,malicious
0,0.3,0,0,0,0,0,0,0,1,0,0,0,0,0,0,100.0,0.0,normal
1,0.1,0,0,0,0,0,0,0,1,1,0,0,0,0,0,88.3184221510894,0.0,normal
1,0.85,1,0,0,0,0,0,0,1,1,0,0,0,0,0,84.57924202137852,0.0,malicious
0,0.08,0,0,0,0,0,0,0,0,0,0,1,0,0,0,91.31596780316181,70.0,normal
0,0.08,0,0,0,0,0,0,0,0,0,0,0,0,0,0,88.48577265842374,0.0,normal
1,0.08,0,0,0,0,0,0,0,0,0,0,0,0,0,0,85.4902034945712,0.0,normal
0,0.05,0,0,0,0,0,0,0,0,0,0,0,0,0,0,76.89888773098757,0.0,normal
0,0.25,0,0,0,0,0,0,1,0,0,1,0,0,0,0,93.35712701712436,0.0,normal
0,0.05,0,0,0,0,0,0,0,0,0,0,0,0,0,1,67.03997468288367,15.0,normal
5,0.35,0,0,0,0,0,0,0,0,1,0,0,0,0,0,79.55520723024668,0.0,malicious
2,0.9,0,0,1,0,0,0,0,0,0,1,0,0,0,0,58.50807952818762,0.0,malicious
1,0.1,0,0,0,0,0,0,0,0,1,1,0,0,0,0,72.803681716384,0.0,malicious
0,0.1,0,0,0,0,0,0,0,0,1,0,0,0,0,0,88.67159503510652,0.0,normal
0,0.05,0,0,0,0,0,0,0,0,0,0,0,0,0,0,78.53197966168541,0.0,normal
2,0.08,0,0,0,0,0,0,0,0,0,0,0,0,0,0,95.30072091693367,0.0,normal
2,0.08,0,0,0,0,0,0,0,0,0,0,0,0,0,0,100.0,0.0,normal
1,0.08,0,0,0,0,0,0,0,0,0,0,0,0,0,0,92.31983784319186,0.0,normal
0,0.08,0,0,0,0,0,0,0,0,0,0,0,0,0,1,75.4857472340073,15.0,normal
1,0.3,0,0,0,0,0,0,0,1,0,1,0,0,0,0,90.95803946224343,0.0,suspicious
0,0.08,0,0,0,0,0,0,0,0,0,0,0,0,0,0,76.79891561680465,0.0,normal
0,0.85,1,0,0,0,0,0,0,0,1,0,0,0,0,0,60.269315615248246,0.0,malicious
1,0.85,1,0,0,0,0,0,0,1,0,1,0,0,0,0,71.39342242594893,0.0,malicious
1,0.05,0,0,0,0,0,0,0,1,0,0,0,0,0,0,87.77385767777679,0.0,normal
0,0.08,0,0,0,0,0,0,0,0,0,0,0,0,0,0,82.23821875844294,0.0,normal
0,0.05,0,0,0,0,0,0,0,0,0,0,0,0,0,0,87.27296208279374,0.0,normal
0,0.5,0,1,0,0,0,0,0,0,0,0,0,1,0,0,60.66129366996153,60.0,malicious
0,0.1,0,0,0,0,0,0,0,0,0,0,0,0,0,0,70.53590851766943,0.0,normal
1,0.08,0,0,0,0,0,0,0,0,0,0,0,0,0,0,78.59313266838853,0.0,normal
0,0.05,0,0,0,0,0,0,0,0,0,0,0,0,0,1,54.59212796680727,15.0,normal
0,0.08,0,0,0,0,0,0,0,0,0,0,0,0,0,0,100.0,0.0,normal
1,0.08,0,0,0,0,0,0,0,0,0,0,0,1,0,0,100.0,60.0,normal
0,0.08,0,0,0,0,0,0,0,0,0,0,0,0,0,0,76.56935968858693,0.0,normal
1,0.35,0,0,0,0,0,0,0,0,0,1,0,0,0,0,86.94276804581095,0.0,normal
1,0.05,0,0,0,0,0,0,0,0,0,0,0,0,0,0,100.0,0.0,normal
0,0.25,0,0,0,0,0,0,1,1,1,1,0,0,0,0,67.17206395394496,0.0,malicious
1,0.35,0,0,0,0,0,0,0,0,0,0,0,1,0,0,64.92980375352937,60.0,malicious
0,0.05,0,0,0,0,0,0,0,0,0,0,0,0,0,1,84.40655285481806,15.0,normal
0,0.08,0,0,0,0,0,0,0,0,0,0,1,0,0,0,72.54794292645371,70.0,malicious
0,0.5,0,1,0,0,0,0,0,0,0,0,0,0,0,0,86.7430265443061,0.0,normal
2,0.08,0,0,0,0,0,0,0,0,0,1,0,0,0,0,85.66256741095222,0.0,suspicious
1,0.35,0,0,0,0,0,0,0,0,1,0,0,1,0,1,76.11136002793498,75.0,malicious
0,0.1,0,0,0,0,0,0,0,0,0,0,0,0,0,0,92.06742795200223,0.0,normal
1,0.08,0,0,0,0,0,0,0,0,0,0,0,0,0,1,91.80896445933081,15.0,normal
0,0.1,0,0,0,0,0,0,0,0,0,0,0,0,0,0,75.28741483880434,0.0,normal
1,0.08,0,0,0,0,0,0,0,1,0,0,0,1,0,1,89.57161076461456,75.0,suspicious
6,0.35,0,0,0,0,0,0,0,0,1,0,0,0,0,1,64.779789488252,15.0,malicious
1,0.05,0,0,0,0,0,0,0,1,0,0,0,0,0,0,100.0,0.0,normal
1,0.45,0,0,0,0,0,1,0,1,0,1,0,0,0,0,92.3113966906672,0.0,suspicious
6,0.35,0,0,0,0,0,0,0,1,0,0,0,0,0,0,47.93317710062121,0.0,malicious
0,0.08,0,0,0,0,0,0,0,0,0,0,0,0,0,0,98.39292425274421,0.0,normal
0,0.08,0,0,0,0,0,0,0,0,0,0,0,0,0,0,72.88804336110624,0.0,suspicious
0,0.9,0,0,1,0,0,0,0,0,0,0,0,0,0,0,89.9648693210435,0.0,suspicious
0,0.08,0,0,0,0,0,0,0,1,0,0,0,0,0,0,55.001861535039566,0.0,suspicious
0,0.05,0,0,0,0,0,0,0,0,0,0,0,0,0,0,90.69473010087441,0.0,normal
1,0.08,0,0,0,0,0,0,0,0,0,0,0,0,0,1,87.49041195700272,15.0,normal
0,0.08,0,0,0,0,0,0,0,0,1,0,0,0,0,0,73.26281496458607,0.0,normal
1,0.1,0,0,0,0,0,0,0,0,0,0,0,0,0,0,94.15199132082813,0.0,normal
1,0.1,0,0,0,0,0,0,0,0,0,0,0,1,0,0,76.13651834206087,60.0,normal
0,0.1,0,0,0,0,0,0,0,0,0,0,0,0,0,0,81.35112360344296,0.0,normal
4,0.35,0,0,0,0,0,0,0,0,0,0,0,0,0,0,69.34233473459666,0.0,malicious
0,0.08,0,0,0,0,0,0,0,1,0,0,0,0,0,0,94.92134878336665,0.0,normal
0,0.3,0,0,0,0,0,0,0,0,0,1,0,0,0,0,74.36955644594394,0.0,suspicious
3,0.35,0,0,0,0,0,0,0,1,0,1,0,0,0,0,88.76842090880595,0.0,malicious
0,0.08,0,0,0,0,0,0,0,0,0,0,0,0,0,0,100.0,0.0,normal
0,0.5,0,1,0,0,0,0,0,0,0,1,0,0,0,0,59.90680119134211,0.0,malicious
1,0.1,0,0,0,0,0,0,0,0,0,0,0,0,0,0,98.71458654666642,0.0,normal
0,0.85,1,0,0,0,0,0,0,1,0,0,0,0,0,0,69.96665298421954,0.0,malicious
2,0.85,1,0,0,0,0,0,0,0,0,0,0,0,0,0,56.51509324214251,0.0,malicious
0,0.05,0,0,0,0,0,0,0,0,0,0,0,0,0,1,94.5621860211311,15.0,normal
0,0.05,0,0,0,0,0,0,0,0,0,0,0,0,1,0,90.44682694110651,30.0,normal
2,0.1,0,0,0,0,0,0,0,0,0,0,0,0,0,1,76.10066335643559,15.0,malicious
3,0.35,0,0,0,0,0,0,0,1,0,1,0,0,0,0,67.18044736947847,0.0,malicious
2,0.08,0,0,0,0,0,0,0,0,0,0,0,0,0,0,77.47120873912347,0.0,suspicious
0,0.9,0,0,1,0,0,0,0,0,0,1,0,0,0,0,81.40330192736798,0.0,malicious
0,0.55,0,0,0,0,1,0,0,0,1,0,0,0,0,0,50.21403365099627,0.0,malicious
0,0.5,0,1,0,0,0,0,0,0,1,0,0,0,0,0,58.56226892361023,0.0,malicious
0,0.85,1,0,0,0,0,0,0,0,1,1,0,1,0,0,58.13353795214044,60.0,malicious
0,0.05,0,0,0,0,0,0,0,0,0,0,0,1,0,0,82.26638976597154,60.0,normal
0,0.45,0,0,0,0,0,1,0,0,0,0,0,0,0,0,69.03911363800394,0.0,suspicious
0,0.1,0,0,0,0,0,0,0,0,0,0,0,0,0,0,76.22882751706604,0.0,normal
3,0.35,0,0,0,0,0,0,0,1,0,1,0,0,0,0,41.095464022622,0.0,malicious
0,0.05,0,0,0,0,0,0,0,0,0,0,0,0,0,0,78.63315124077059,0.0,normal
0,0.1,0,0,0,0,0,0,0,0,0,1,0,0,0,0,84.2424147855709,0.0,normal
0,0.05,0,0,0,0,0,0,0,1,0,1,0,0,0,0,86.71949795764249,0.0,normal
0,0.08,0,0,0,0,0,0,0,0,0,0,0,0,0,0,89.0782672309378,0.0,normal
0,0.08,0,0,0,0,0,0,0,0,0,0,0,0,0,0,72.8765890489463,0.0,normal
0,0.08,0,0,0,0,0,0,0,0,0,0,0,0,0,0,100.0,0.0,normal
1,0.1,0,0,0,0,0,0,0,0,0,0,0,0,0,1,68.03680251631513,15.0,suspicious
1,0.05,0,0,0,0,0,0,0,1,0,0,0,0,1,1,77.9597694601834,45.0,malicious
0,0.1,0,0,0,0,0,0,0,0,0,0,0,0,0,0,89.36883004426672,0.0,normal
1,0.05,0,0,0,0,0,0,0,0,0,1,0,0,0,0,77.84440612350123,0.0,normal
2,0.08,0,0,0,0,0,0,0,0,0,0,1,0,0,0,75.96254487581585,70.0,malicious
0,0.05,0,0,0,0,0,0,0,0,0,0,0,1,1,0,78.57947833674396,90.0,malicious
1,0.08,0,0,0,0,0,0,0,0,1,0,0,0,0,0,59.95733071942069,0.0,suspicious
1,0.1,0,0,0,0,0,0,0,0,0,0,0,0,0,0,78.13252677219758,0.0,normal
0,0.85,1,0,0,0,0,0,0,0,0,0,0,0,0,0,56.6737625318605,0.0,malicious
0,0.1,0,0,0,0,0,0,0,0,1,0,0,0,0,0,67.64948233093824,0.0,normal
1,0.05,0,0,0,0,0,0,0,0,0,0,0,0,0,0,100.0,0.0,normal
0,0.3,0,0,0,0,0,0,0,1,1,0,0,0,0,0,66.81339565878089,0.0,suspicious
1,0.1,0,0,0,0,0,0,0,0,1,0,0,0,0,0,91.86241594860235,0.0,normal
1,0.08,0,0,0,0,0,0,0,0,0,0,0,0,0,0,90.0649621393196,0.0,normal
0,0.05,0,0,0,0,0,0,0,0,0,0,0,0,0,1,84.7909608342853,15.0,normal
0,0.25,0,0,0,0,0,0,1,0,0,0,0,0,0,0,54.73697581663303,0.0,normal
0,0.5,0,1,0,0,0,0,0,1,1,0,0,0,0,0,55.77043331600489,0.0,malicious
1,0.35,0,0,0,0,0,0,0,1,0,0,0,0,0,0,81.3335049308028,0.0,normal
2,0.08,0,0,0,0,0,0,0,0,0,0,0,0,0,0,89.46623500830124,0.0,normal
0,0.85,1,0,0,0,0,0,0,1,0,0,0,0,0,0,63.50084295892373,0.0,malicious
2,0.35,0,0,0,0,0,0,0,0,1,0,0,0,0,0,58.136352398027796,0.0,malicious
0,0.08,0,0,0,0,0,0,0,0,0,1,0,0,0,1,86.049572726887,15.0,normal
1,0.1,0,0,0,0,0,0,0,0,0,0,0,1,0,0,78.68274356775211,60.0,suspicious
2,0.08,0,0,0,0,0,0,0,0,0,0,0,0,0,1,91.64037229719543,15.0,normal
0,0.08,0,0,0,0,0,0,0,0,0,0,0,1,0,0,85.13975211195547,60.0,normal
0,0.5,0,1,0,0,0,0,0,0,0,1,0,0,0,1,73.95400906497713,15.0,malicious
1,0.25,0,0,0,0,0,0,1,0,0,0,0,0,0,0,76.66697992475846,0.0,suspicious
0,0.08,0,0,0,0,0,0,0,0,0,0,0,1,0,1,97.92261539969049,75.0,normal
0,0.05,0,0,0,0,0,0,0,0,0,0,0,0,0,0,90.17285307609602,0.0,normal
0,0.05,0,0,0,0,0,0,0,0,0,0,0,0,0,0,85.82183329581576,0.0,normal
0,0.1,0,0,0,0,0,0,0,1,0,0,0,0,0,1,66.86679246581224,15.0,normal
0,0.1,0,0,0,0,0,0,0,0,1,0,0,0,0,0,91.83517742398782,0.0,normal
1,0.08,0,0,0,0,0,0,0,0,0,0,0,1,0,1,75.51748077011305,75.0,malicious
3,0.1,0,0,0,0,0,0,0,0,0,0,0,0,0,0,84.65375479906153,0.0,suspicious
1,0.05,0,0,0,0,0,0,0,0,0,0,0,0,0,0,73.21857089366887,0.0,normal
0,0.55,0,0,0,0,1,0,0,0,1,0,0,0,0,1,66.48865238839801,15.0,malicious
0,0.5,0,1,0,0,0,0,0,0,1,0,0,0,0,0,61.4881903038778,0.0,malicious
0,0.1,0,0,0,0,0,0,0,0,0,0,0,0,0,0,75.25855519501626,0.0,normal
2,0.08,0,0,0,0,0,0,0,0,0,0,0,0,0,0,84.73370252666402,0.0,normal
0,0.1,0,0,0,0,0,0,0,0,0,0,0,0,0,0,69.72652159314983,0.0,normal
0,0.1,0,0,0,0,0,0,0,0,1,1,0,0,0,0,100.0,0.0,normal
1,0.1,0,0,0,0,0,0,0,0,0,0,0,0,0,1,91.4585566590681,15.0,normal
0,0.05,0,0,0,0,0,0,0,0,0,0,0,0,0,0,99.68509213394614,0.0,normal
2,0.55,0,0,0,0,1,0,0,0,0,1,0,0,0,0,64.87049045960096,0.0,malicious
0,0.1,0,0,0,0,0,0,0,0,0,0,0,0,0,0,99.28748936978994,0.0,normal
1,0.05,0,0,0,0,0,0,0,0,0,0,0,0,0,0,93.24264019139054,0.0,normal
0,0.25,0,0,0,0,0,0,1,1,1,1,0,0,1,0,89.77385300877431,30.0,malicious
1,0.05,0,0,0,0,0,0,0,0,0,0,0,0,0,0,82.56387320571223,0.0,normal
0,0.1,0,0,0,0,0,0,0,0,1,0,0,1,0,1,65.08916796041419,75.0,malicious
0,0.05,0,0,0,0,0,0,0,0,0,0,0,0,0,0,98.12164945710609,0.0,normal
0,0.1,0,0,0,0,0,0,0,0,0,0,0,0,0,0,80.71115842497565,0.0,normal
0,0.1,0,0,0,0,0,0,0,0,1,0,0,1,0,0,74.186949485242,60.0,suspicious
1,0.05,0,0,0,0,0,0,0,0,0,0,0,0,0,0,65.98530174359394,0.0,normal
1,0.1,0,0,0,0,0,0,0,0,1,0,0,0,0,0,73.8795471067034,0.0,normal
2,0.9,0,0,1,0,0,0,0,1,0,1,0,1,0,1,68.41867414137546,75.0,malicious
0,0.05,0,0,0,0,0,0,0,0,0,0,0,0,0,1,75.87972595249178,15.0,normal
1,0.5,0,1,0,0,0,0,0,1,1,1,1,0,0,0,40.63286403482192,70.0,malicious
0,0.08,0,0,0,0,0,0,0,0,0,0,0,0,0,1,86.83008634195075,15.0,normal
1,0.55,0,0,0,0,1,0,0,1,0,1,0,1,1,0,66.36951230766132,90.0,malicious
1,0.45,0,0,0,0,0,1,0,0,0,0,0,0,0,0,91.71334897787402,0.0,suspicious
0,0.08,0,0,0,0,0,0,0,0,0,0,1,0,0,0,94.47565499621633,70.0,suspicious
0,0.25,0,0,0,0,0,0,1,1,0,0,0,0,1,0,62.85727744449888,30.0,suspicious
0,0.05,0,0,0,0,0,0,0,0,0,0,0,0,0,0,69.04544116963667,0.0,normal
1,0.1,0,0,0,0,0,0,0,0,1,0,0,0,0,0,89.37735340542145,0.0,normal
0,0.08,0,0,0,0,0,0,0,1,0,0,0,0,0,0,100.0,0.0,normal
0,0.08,0,0,0,0,0,0,0,0,0,0,0,0,0,0,88.71680260235111,0.0,normal
1,0.35,0,0,0,0,0,0,0,1,0,0,0,0,0,0,62.35739137061398,0.0,normal
2,0.05,0,0,0,0,0,0,0,0,1,0,0,0,0,0,92.14153800175833,0.0,normal
0,0.1,0,0,0,0,0,0,0,1,0,0,0,0,0,0,100.0,0.0,normal
0,0.9,0,0,1,0,0,0,0,1,1,0,1,0,0,0,67.87350379859276,70.0,malicious
3,0.1,0,0,0,0,0,0,0,0,1,0,0,0,0,0,100.0,0.0,malicious
0,0.1,0,0,0,0,0,0,0,0,1,0,0,0,0,1,75.2910482710419,15.0,normal
0,0.35,0,0,0,0,0,0,0,0,0,1,0,0,0,1,64.35059973539231,15.0,suspicious
4,0.35,0,0,0,0,0,0,0,0,1,0,0,0,0,0,80.6111084991989,0.0,malicious
0,0.08,0,0,0,0,0,0,0,0,0,0,1,0,0,0,76.09884839302622,70.0,normal
2,0.08,0,0,0,0,0,0,0,0,0,0,0,1,0,1,83.0919578603111,75.0,malicious
1,0.08,0,0,0,0,0,0,0,0,0,0,0,0,0,0,76.05611011742053,0.0,normal
0,0.1,0,0,0,0,0,0,0,0,0,0,0,0,0,0,90.21633462777477,0.0,normal
2,0.08,0,0,0,0,0,0,0,0,0,0,0,0,0,0,67.81618903568749,0.0,suspicious
1,0.55,0,0,0,0,1,0,0,0,1,1,0,0,0,1,28.724401437142376,15.0,malicious
0,0.9,0,0,1,0,0,0,0,0,0,0,0,0,0,0,74.78323195228987,0.0,malicious
0,0.05,0,0,0,0,0,0,0,0,0,0,0,0,0,0,96.15793287738714,0.0,normal
0,0.5,0,1,0,0,0,0,0,0,0,0,0,0,0,0,72.28176292320006,0.0,suspicious
0,0.08,0,0,0,0,0,0,0,0,0,0,0,0,0,0,87.33590076364402,0.0,normal
0,0.05,0,0,0,0,0,0,0,1,0,0,0,0,0,0,72.97961687961721,0.0,normal
0,0.05,0,0,0,0,0,0,0,0,0,0,0,0,0,0,98.55998526215637,0.0,normal
1,0.05,0,0,0,0,0,0,0,0,0,0,0,0,0,0,96.69867226931149,0.0,normal
0,0.05,0,0,0,0,0,0,0,0,0,0,0,0,0,1,68.97873487891627,15.0,normal
0,0.08,0,0,0,0,0,0,0,0,0,0,0,0,0,0,95.33310990942675,0.0,normal
0,0.08,0,0,0,0,0,0,0,0,0,0,1,0,0,0,96.45157385882551,70.0,normal
0,0.05,0,0,0,0,0,0,0,0,0,0,0,0,0,1,74.30817348261995,15.0,normal
1,0.1,0,0,0,0,0,0,0,0,0,0,0,0,0,0,76.73182105634864,0.0,normal
1,0.05,0,0,0,0,0,0,0,0,0,0,0,1,0,1,69.67371771706422,75.0,malicious
1,0.05,0,0,0,0,0,0,0,0,0,0,1,0,0,1,83.04310275995255,85.0,suspicious
0,0.08,0,0,0,0,0,0,0,0,0,0,0,0,0,0,89.43676597430516,0.0,normal
1,0.08,0,0,0,0,0,0,0,0,0,0,0,0,0,0,52.28321753461667,0.0,normal
0,0.3,0,0,0,0,0,0,0,0,1,0,0,0,0,0,94.62135448630467,0.0,normal
0,0.25,0,0,0,0,0,0,1,0,1,1,0,0,0,0,85.33564415898816,0.0,suspicious
0,0.05,0,0,0,0,0,0,0,0,0,0,0,0,0,0,100.0,0.0,normal
1,0.05,0,0,0,0,0,0,0,0,0,0,0,0,0,0,71.68907217100693,0.0,normal
0,0.1,0,0,0,0,0,0,0,0,1,0,0,0,0,0,84.3171374385181,0.0,normal
3,0.08,0,0,0,0,0,0,0,0,0,0,0,0,0,0,84.71384616353983,0.0,suspicious
0,0.1,0,0,0,0,0,0,0,1,0,0,0,0,0,0,100.0,0.0,normal
0,0.05,0,0,0,0,0,0,0,0,0,0,0,0,0,0,82.41589619221317,0.0,normal
0,0.05,0,0,0,0,0,0,0,0,0,0,0,1,0,0,100.0,60.0,normal
0,0.45,0,0,0,0,0,1,0,0,0,1,1,0,0,1,82.9631430153162,85.0,malicious
0,0.5,0,1,0,0,0,0,0,1,0,0,0,0,0,0,52.72154568782592,0.0,suspicious
1,0.1,0,0,0,0,0,0,0,0,0,0,0,0,0,0,94.62376139760177,0.0,normal
0,0.1,0,0,0,0,0,0,0,0,1,0,0,0,0,1,97.88562181718585,15.0,normal
0,0.1,0,0,0,0,0,0,0,0,0,0,0,0,0,0,98.46623050387572,0.0,normal
0,0.1,0,0,0,0,0,0,0,0,1,0,0,0,0,1,75.61527066031323,15.0,normal
0,0.08,0,0,0,0,0,0,0,0,0,0,0,0,0,0,90.05521279818666,0.0,normal
1,0.1,0,0,0,0,0,0,0,0,0,0,0,1,0,0,85.10014166302015,60.0,normal
1,0.1,0,0,0,0,0,0,0,0,1,0,0,0,0,0,70.37524944561858,0.0,normal
0,0.08,0,0,0,0,0,0,0,0,0,0,0,0,0,1,89.13861023083419,15.0,normal
0,0.3,0,0,0,0,0,0,0,1,0,1,0,0,0,0,81.5084763378879,0.0,suspicious
0,0.1,0,0,0,0,0,0,0,0,0,0,0,0,0,0,96.98290022534556,0.0,normal
0,0.08,0,0,0,0,0,0,0,0,0,1,0,1,0,1,91.95662760944334,75.0,normal
0,0.9,0,0,1,0,0,0,0,0,0,0,0,0,0,0,77.40612511829282,0.0,suspicious
0,0.05,0,0,0,0,0,0,0,0,0,1,0,0,0,0,73.67764851405556,0.0,normal
0,0.1,0,0,0,0,0,0,0,0,1,0,0,0,0,0,100.0,0.0,normal
2,0.35,0,0,0,0,0,0,0,1,1,1,0,0,0,1,63.25521417632453,15.0,malicious
1,0.08,0,0,0,0,0,0,0,1,1,0,0,0,0,0,67.37616670668251,0.0,suspicious
0,0.5,0,1,0,0,0,0,0,1,1,1,0,1,0,0,60.937241933979806,60.0,malicious
2,0.35,0,0,0,0,0,0,0,0,1,1,0,0,0,0,63.61258161924925,0.0,malicious
2,0.1,0,0,0,0,0,0,0,0,0,0,0,0,0,0,54.78986771567752,0.0,suspicious
0,0.5,0,1,0,0,0,0,0,0,0,1,0,0,0,0,50.63484162543985,0.0,malicious
0,0.08,0,0,0,0,0,0,0,0,1,0,0,1,0,0,95.88371583815223,60.0,normal
2,0.08,0,0,0,0,0,0,0,0,0,0,0,0,1,0,97.83361322213447,30.0,suspicious
1,0.1,0,0,0,0,0,0,0,0,1,0,0,0,0,0,94.6342904487519,0.0,normal
1,0.3,0,0,0,0,0,0,0,0,0,0,1,0,0,0,89.02275370785398,70.0,suspicious
1,0.08,0,0,0,0,0,0,0,0,0,0,0,0,0,0,87.83427974588777,0.0,normal
0,0.08,0,0,0,0,0,0,0,0,0,0,0,0,0,0,70.20817646996555,0.0,normal
1,0.1,0,0,0,0,0,0,0,0,0,0,0,0,0,0,76.96532641085244,0.0,normal
0,0.9,0,0,1,0,0,0,0,0,0,0,0,0,0,0,88.11738169705018,0.0,malicious
1,0.25,0,0,0,0,0,0,1,0,1,0,0,0,0,0,89.55643417991914,0.0,suspicious
0,0.05,0,0,0,0,0,0,0,0,1,0,0,0,0,0,68.43690583096128,0.0,normal
1,0.08,0,0,0,0,0,0,0,0,0,0,0,0,0,0,86.59162029600583,0.0,normal
2,0.05,0,0,0,0,0,0,0,0,0,0,0,0,0,0,59.33385971246565,0.0,suspicious
0,0.08,0,0,0,0,0,0,0,0,1,0,0,0,0,0,83.97541354423326,0.0,normal
1,0.45,0,0,0,0,0,1,0,1,0,0,0,0,0,0,63.992397099390146,0.0,malicious
0,0.05,0,0,0,0,0,0,0,0,0,0,0,0,0,0,70.55102909015088,0.0,normal
1,0.35,0,0,0,0,0,0,0,0,1,1,0,0,0,1,93.1476591926958,15.0,malicious
0,0.08,0,0,0,0,0,0,0,0,0,0,0,0,0,1,63.776990060734796,15.0,normal
1,0.05,0,0,0,0,0,0,0,0,0,0,0,0,0,0,82.97857195459288,0.0,normal
2,0.35,0,0,0,0,0,0,0,0,0,1,0,1,0,0,75.34417541137212,60.0,malicious
0,0.08,0,0,0,0,0,0,0,1,0,0,0,0,0,0,68.45303069027209,0.0,normal
1,0.05,0,0,0,0,0,0,0,0,0,0,0,0,0,0,68.6497498215893,0.0,normal
0,0.1,0,0,0,0,0,0,0,0,1,0,0,0,0,0,87.23552279528762,0.0,normal
1,0.08,0,0,0,0,0,0,0,0,0,0,0,0,0,0,81.9160646769266,0.0,normal
2,0.35,0,0,0,0,0,0,0,0,0,0,0,0,0,0,72.7699947191272,0.0,malicious
0,0.1,0,0,0,0,0,0,0,0,1,0,0,1,0,0,93.62340156016293,60.0,normal
0,0.1,0,0,0,0,0,0,0,0,0,0,0,0,0,0,78.90480983078078,0.0,normal
0,0.08,0,0,0,0,0,0,0,0,0,0,0,0,0,1,79.07371210855032,15.0,normal
1,0.1,0,0,0,0,0,0,0,0,0,0,0,0,0,0,76.53850775550384,0.0,normal
0,0.1,0,0,0,0,0,0,0,0,1,1,0,0,0,1,100.0,15.0,suspicious
0,0.3,0,0,0,0,0,0,0,1,1,1,0,0,0,0,80.92145318631964,0.0,suspicious
1,0.1,0,0,0,0,0,0,0,0,0,0,0,0,0,0,87.99153648632736,0.0,normal
0,0.55,0,0,0,0,1,0,0,0,0,1,0,0,1,0,64.73258832297323,30.0,malicious
1,0.1,0,0,0,0,0,0,0,0,1,0,0,0,0,0,86.18371070296081,0.0,normal
1,0.08,0,0,0,0,0,0,0,0,0,0,0,0,0,0,88.32734560466655,0.0,normal
1,0.1,0,0,0,0,0,0,0,0,0,0,0,0,0,0,70.95590831033907,0.0,normal
1,0.1,0,0,0,0,0,0,0,1,0,0,1,0,0,0,81.4467918764927,70.0,malicious
0,0.05,0,0,0,0,0,0,0,0,0,0,0,0,0,0,91.09863565324973,0.0,normal
0,0.1,0,0,0,0,0,0,0,0,1,0,0,0,0,0,95.57967006774066,0.0,normal
1,0.05,0,0,0,0,0,0,0,0,0,0,0,0,0,0,77.69301909559644,0.0,normal
0,0.3,0,0,0,0,0,0,0,0,0,0,0,0,0,0,57.40457920570267,0.0,normal
1,0.08,0,0,0,0,0,0,0,0,0,0,0,0,0,0,79.82574210486706,0.0,normal
1,0.08,0,0,0,0,0,0,0,0,0,1,0,0,0,1,100.0,15.0,malicious
1,0.55,0,0,0,0,1,0,0,0,0,0,0,0,0,0,67.20272702567257,0.0,malicious
4,0.35,0,0,0,0,0,0,0,0,1,1,0,0,0,0,77.37437118906527,0.0,malicious
0,0.55,0,0,0,0,1,0,0,0,0,0,0,0,0,0,63.74038924469713,0.0,normal
0,0.1,0,0,0,0,0,0,0,0,0,0,0,0,0,0,83.3481146387873,0.0,normal
1,0.05,0,0,0,0,0,0,0,0,0,0,0,0,0,0,97.8809006404424,0.0,normal
0,0.25,0,0,0,0,0,0,1,0,0,1,0,0,0,0,92.28069116659871,0.0,normal
2,0.1,0,0,0,0,0,0,0,1,0,0,1,0,0,0,68.92901848535902,70.0,malicious
0,0.1,0,0,0,0,0,0,0,0,1,0,0,0,0,0,88.12310096210068,0.0,normal
1,0.08,0,0,0,0,0,0,0,0,0,0,0,0,0,0,69.58746575443628,0.0,normal
0,0.1,0,0,0,0,0,0,0,0,0,0,0,0,0,0,72.63881520889873,0.0,normal
1,0.1,0,0,0,0,0,0,0,0,0,0,0,0,0,1,64.7466216825536,15.0,malicious
3,0.5,0,1,0,0,0,0,0,0,1,0,0,1,0,0,72.85251589462611,60.0,malicious
0,0.08,0,0,0,0,0,0,0,0,0,0,0,0,0,0,92.15559746954973,0.0,normal
0,0.5,0,1,0,0,0,0,0,0,1,0,0,1,0,0,72.84546772371465,60.0,malicious
1,0.05,0,0,0,0,0,0,0,0,0,0,0,0,0,0,67.19207037113463,0.0,normal
1,0.25,0,0,0,0,0,0,1,0,1,1,0,0,0,0,69.84813041674244,0.0,malicious
2,0.55,0,0,0,0,1,0,0,0,0,1,0,1,0,1,58.400366184214214,75.0,malicious
0,0.05,0,0,0,0,0,0,0,1,0,0,0,0,0,1,82.1663923373954,15.0,normal
1,0.08,0,0,0,0,0,0,0,0,0,0,0,0,0,0,61.56256862705993,0.0,normal
0,0.25,0,0,0,0,0,0,1,1,0,1,0,0,0,1,71.62918952412915,15.0,malicious
0,0.55,0,0,0,0,1,0,0,0,0,0,0,0,0,0,66.74371824774857,0.0,suspicious
1,0.25,0,0,0,0,0,0,1,0,0,1,0,0,0,0,88.4937300610614,0.0,suspicious
2,0.08,0,0,0,0,0,0,0,0,0,0,0,0,0,0,79.73318715493295,0.0,suspicious
1,0.1,0,0,0,0,0,0,0,0,0,0,0,0,0,0,71.01162498090747,0.0,normal
1,0.1,0,0,0,0,0,0,0,0,0,0,0,0,0,0,66.37685343682821,0.0,normal
0,0.05,0,0,0,0,0,0,0,0,0,0,0,0,0,0,82.56502710227727,0.0,normal
1,0.85,1,0,0,0,0,0,0,1,0,1,0,0,0,0,40.143489699930555,0.0,malicious
0,0.3,0,0,0,0,0,0,0,1,1,0,0,0,0,1,65.38928873517818,15.0,malicious
0,0.08,0,0,0,0,0,0,0,0,0,0,0,0,0,1,59.14395225386524,15.0,normal
1,0.08,0,0,0,0,0,0,0,0,0,0,0,0,1,0,76.46131602971396,30.0,suspicious
0,0.25,0,0,0,0,0,0,1,0,0,1,0,0,0,0,69.1758484610941,0.0,suspicious
0,0.1,0,0,0,0,0,0,0,0,0,0,0,0,0,0,72.4307978748504,0.0,normal
0,0.3,0,0,0,0,0,0,0,0,0,0,0,0,0,1,94.50639436347164,15.0,normal
1,0.3,0,0,0,0,0,0,0,0,0,1,0,0,0,1,65.28699250882605,15.0,malicious
0,0.1,0,0,0,0,0,0,0,0,0,0,0,0,0,0,96.25733023008344,0.0,normal
0,0.08,0,0,0,0,0,0,0,0,0,0,0,0,0,1,90.31273905341817,15.0,normal
1,0.08,0,0,0,0,0,0,0,0,0,0,0,0,0,0,86.5026798223294,0.0,normal
0,0.08,0,0,0,0,0,0,0,0,0,0,0,0,0,0,85.51919501240421,0.0,normal
1,0.25,0,0,0,0,0,0,1,0,0,0,0,0,1,0,95.57275120220895,30.0,suspicious
0,0.05,0,0,0,0,0,0,0,0,1,0,0,0,0,0,94.2936945997861,0.0,normal
0,0.08,0,0,0,0,0,0,0,0,0,0,0,0,0,0,82.73824373205689,0.0,normal
1,0.5,0,1,0,0,0,0,0,1,0,0,0,1,0,1,75.09403484754844,75.0,malicious
1,0.5,0,1,0,0,0,0,0,0,0,1,0,0,0,1,70.9348596974812,15.0,malicious
0,0.08,0,0,0,0,0,0,0,1,0,0,0,0,0,0,82.39076507947719,0.0,normal
2,0.08,0,0,0,0,0,0,0,0,0,0,0,1,0,0,100.0,60.0,malicious
0,0.1,0,0,0,0,0,0,0,0,0,0,0,0,0,0,100.0,0.0,normal
1,0.08,0,0,0,0,0,0,0,1,0,0,0,0,0,0,74.68663953302314,0.0,normal
2,0.05,0,0,0,0,0,0,0,0,1,0,0,0,0,0,93.97833587854505,0.0,suspicious
0,0.45,0,0,0,0,0,1,0,1,0,1,0,0,0,1,66.67000283682876,15.0,malicious
1,0.1,0,0,0,0,0,0,0,0,1,0,0,0,0,0,68.08280885091017,0.0,suspicious
0,0.05,0,0,0,0,0,0,0,0,0,0,0,0,0,0,100.0,0.0,normal
1,0.3,0,0,0,0,0,0,0,0,1,0,0,0,1,0,100.0,30.0,suspicious
0,0.25,0,0,0,0,0,0,1,0,0,0,0,0,0,0,75.55543479362642,0.0,normal
2,0.85,1,0,0,0,0,0,0,0,0,1,0,0,0,0,51.32161425251407,0.0,malicious
0,0.05,0,0,0,0,0,0,0,0,0,0,0,0,0,0,77.72955131227836,0.0,normal
0,0.45,0,0,0,0,0,1,0,0,0,0,0,0,0,0,72.40013174767714,0.0,normal
1,0.1,0,0,0,0,0,0,0,0,0,0,0,0,0,1,83.57045423680484,15.0,normal
0,0.08,0,0,0,0,0,0,0,0,0,0,0,0,0,0,100.0,0.0,normal
1,0.08,0,0,0,0,0,0,0,0,0,0,0,0,0,1,53.973643803269425,15.0,malicious
0,0.45,0,0,0,0,0,1,0,0,0,1,0,0,0,0,89.12398783557387,0.0,normal
1,0.1,0,0,0,0,0,0,0,0,0,0,0,0,0,0,59.404404814957836,0.0,normal
1,0.08,0,0,0,0,0,0,0,0,0,0,0,0,0,0,96.56504890472338,0.0,normal
0,0.08,0,0,0,0,0,0,0,0,0,1,0,0,0,0,59.57898075327252,0.0,suspicious
0,0.1,0,0,0,0,0,0,0,0,1,0,0,0,0,0,83.45586664243804,0.0,normal
0,1.0,0,0,0,1,0,0,0,1,1,0,0,0,0,1,73.66043595638543,15.0,malicious
0,0.1,0,0,0,0,0,0,0,0,0,0,1,0,0,1,92.39316798661773,85.0,normal
0,0.08,0,0,0,0,0,0,0,0,0,0,0,0,0,0,91.67036772694703,0.0,normal
0,0.1,0,0,0,0,0,0,0,0,0,1,0,1,0,0,91.47840764459085,60.0,normal
0,0.5,0,1,0,0,0,0,0,0,1,1,0,0,0,0,70.42830358164088,0.0,malicious
0,0.5,0,1,0,0,0,0,0,1,0,1,0,0,0,0,71.25880198617115,0.0,malicious
0,0.45,0,0,0,0,0,1,0,0,1,1,0,0,0,0,81.87506948454141,0.0,malicious
0,0.3,0,0,0,0,0,0,0,0,1,0,1,0,0,0,91.3589194181424,70.0,suspicious
0,0.08,0,0,0,0,0,0,0,0,0,1,0,0,0,0,79.61962105661691,0.0,normal
1,0.1,0,0,0,0,0,0,0,0,1,0,0,0,0,0,79.17751079359707,0.0,normal
0,0.05,0,0,0,0,0,0,0,0,0,0,0,0,0,0,80.54976661135997,0.0,normal
1,0.08,0,0,0,0,0,0,0,0,0,0,0,0,0,0,84.47474625563353,0.0,normal
1,0.1,0,0,0,0,0,0,0,0,0,0,0,0,0,0,93.92928868465813,0.0,normal
1,0.45,0,0,0,0,0,1,0,1,1,0,0,0,0,0,89.14063451006979,0.0,suspicious
1,0.08,0,0,0,0,0,0,0,0,0,0,0,0,0,0,95.38252664013372,0.0,normal
1,0.45,0,0,0,0,0,1,0,0,0,1,0,0,0,0,90.99873417841025,0.0,normal
1,0.1,0,0,0,0,0,0,0,0,0,0,0,0,0,0,81.1109895871483,0.0,normal
0,0.55,0,0,0,0,1,0,0,0,0,1,1,0,0,1,58.57939867116893,85.0,malicious
0,0.05,0,0,0,0,0,0,0,0,0,0,0,0,0,0,97.34851835474356,0.0,normal
1,0.1,0,0,0,0,0,0,0,0,1,0,0,0,0,0,72.88871422003872,0.0,normal
1,0.85,1,0,0,0,0,0,0,1,0,0,0,1,0,0,65.40611781286839,60.0,malicious
0,0.05,0,0,0,0,0,0,0,0,0,0,0,0,0,0,79.39404501473588,0.0,normal
2,0.3,0,0,0,0,0,0,0,0,1,0,0,0,0,0,77.6584211755709,0.0,malicious
0,0.05,0,0,0,0,0,0,0,0,0,0,0,0,0,0,89.56014197551741,0.0,normal
2,0.1,0,0,0,0,0,0,0,0,0,0,0,0,0,0,55.374540676074304,0.0,malicious
0,0.08,0,0,0,0,0,0,0,0,0,1,0,0,0,1,71.94670833271266,15.0,normal
0,0.1,0,0,0,0,0,0,0,0,1,0,0,0,0,0,80.4118645584747,0.0,normal
0,0.08,0,0,0,0,0,0,0,0,0,0,0,0,0,0,74.39388781867291,0.0,normal
0,0.1,0,0,0,0,0,0,0,0,1,0,0,0,0,0,100.0,0.0,normal
4,0.35,0,0,0,0,0,0,0,0,0,1,0,0,0,0,56.56543123736979,0.0,malicious
0,0.1,0,0,0,0,0,0,0,0,0,0,0,0,0,0,100.0,0.0,normal
0,0.1,0,0,0,0,0,0,0,0,0,0,0,0,0,0,88.79360804744397,0.0,normal
1,0.05,0,0,0,0,0,0,0,0,0,0,0,0,1,0,64.26874442765595,30.0,normal
0,0.05,0,0,0,0,0,0,0,1,0,0,0,0,0,0,95.49549627398275,0.0,normal
0,0.08,0,0,0,0,0,0,0,0,0,0,0,0,0,0,91.88572564599015,0.0,normal
0,0.45,0,0,0,0,0,1,0,0,1,1,0,0,0,0,86.32413741574753,0.0,suspicious
1,0.25,0,0,0,0,0,0,1,0,0,1,0,0,0,0,100.0,0.0,suspicious
0,0.5,0,1,0,0,0,0,0,0,0,0,0,0,0,0,58.194316833508765,0.0,suspicious
0,0.1,0,0,0,0,0,0,0,0,0,0,0,0,0,0,65.68310406525586,0.0,normal
0,0.1,0,0,0,0,0,0,0,0,0,1,0,0,0,1,77.67584850831061,15.0,normal
0,0.05,0,0,0,0,0,0,0,0,0,0,0,0,0,0,85.03745034251322,0.0,normal
0,0.08,0,0,0,0,0,0,0,0,1,0,0,0,0,0,80.39299045108969,0.0,normal
0,0.05,0,0,0,0,0,0,0,0,0,0,0,0,0,0,93.70103592445277,0.0,normal
0,0.55,0,0,0,0,1,0,0,1,0,1,0,0,0,0,64.27347302163282,0.0,malicious
1,0.08,0,0,0,0,0,0,0,0,0,0,0,0,0,0,77.85092880906718,0.0,normal
2,0.35,0,0,0,0,0,0,0,1,0,0,0,0,0,0,54.84735343157709,0.0,malicious
0,0.1,0,0,0,0,0,0,0,0,0,1,0,0,0,1,83.13343413825433,15.0,normal
0,0.1,0,0,0,0,0,0,0,0,0,0,0,0,0,1,59.314481222514765,15.0,normal
0,0.05,0,0,0,0,0,0,0,0,0,0,0,0,0,0,80.69941150655438,0.0,normal
0,0.1,0,0,0,0,0,0,0,0,0,0,0,1,0,0,91.76037187177937,60.0,normal
0,0.3,0,0,0,0,0,0,0,0,0,0,0,0,0,0,100.0,0.0,normal
1,0.08,0,0,0,0,0,0,0,0,0,0,0,0,0,1,89.66544883676575,15.0,normal
0,0.1,0,0,0,0,0,0,0,0,0,0,0,0,0,0,91.6138264345831,0.0,normal
0,0.08,0,0,0,0,0,0,0,0,0,0,0,0,0,0,100.0,0.0,normal
0,0.05,0,0,0,0,0,0,0,0,0,1,0,0,0,0,85.41208624515667,0.0,normal
1,0.08,0,0,0,0,0,0,0,0,0,0,0,0,0,0,93.49812100523138,0.0,normal
0,0.05,0,0,0,0,0,0,0,0,0,0,0,0,0,1,91.61187706803537,15.0,normal
0,0.1,0,0,0,0,0,0,0,0,1,0,0,0,0,0,99.44727521195371,0.0,normal
1,0.08,0,0,0,0,0,0,0,0,0,0,0,0,0,0,70.13487912539331,0.0,normal
0,0.5,0,1,0,0,0,0,0,1,1,1,0,0,0,1,74.30867113901864,15.0,malicious
0,0.1,0,0,0,0,0,0,0,0,0,0,0,0,0,0,90.61886113187003,0.0,normal
0,0.1,0,0,0,0,0,0,0,0,0,0,0,0,1,1,92.36882509218475,45.0,normal
0,0.1,0,0,0,0,0,0,0,0,0,0,0,0,0,0,100.0,0.0,normal
0,1.0,0,0,0,1,0,0,0,1,0,0,0,0,0,0,71.59678218247878,0.0,malicious
0,0.08,0,0,0,0,0,0,0,0,0,0,0,1,0,1,66.32601489541112,75.0,suspicious
0,0.1,0,0,0,0,0,0,0,0,0,0,0,0,0,1,91.74774668950775,15.0,normal
3,0.35,0,0,0,0,0,0,0,0,1,1,0,0,0,1,57.09446768076842,15.0,malicious
1,0.08,0,0,0,0,0,0,0,0,0,0,0,0,1,0,87.31055467782795,30.0,normal
1,0.1,0,0,0,0,0,0,0,0,1,0,0,0,0,1,71.10751350302456,15.0,malicious
0,0.05,0,0,0,0,0,0,0,0,0,0,0,0,1,1,95.98972734823565,45.0,normal
0,0.9,0,0,1,0,0,0,0,0,0,0,0,0,0,0,76.12037888608455,0.0,suspicious
0,0.05,0,0,0,0,0,0,0,0,0,0,0,1,1,0,94.1001254592648,90.0,suspicious
0,0.05,0,0,0,0,0,0,0,0,0,0,0,0,0,1,71.33549464224349,15.0,normal
3,0.35,0,0,0,0,0,0,0,1,1,1,0,0,0,1,67.37488214394352,15.0,malicious
1,0.08,0,0,0,0,0,0,0,0,0,0,0,0,0,0,90.74416136756055,0.0,normal
0,0.05,0,0,0,0,0,0,0,0,0,0,0,0,0,1,74.50045490147801,15.0,normal
1,0.08,0,0,0,0,0,0,0,0,0,0,0,0,0,0,76.92182864067327,0.0,normal
1,0.1,0,0,0,0,0,0,0,0,0,0,0,1,0,0,81.94766333182078,60.0,suspicious
0,0.9,0,0,1,0,0,0,0,1,0,1,1,0,0,0,90.6903997844042,70.0,malicious
1,0.1,0,0,0,0,0,0,0,0,0,0,0,0,0,0,94.67847269953435,0.0,normal
0,0.3,0,0,0,0,0,0,0,0,0,1,0,0,0,1,100.0,15.0,normal
1,0.05,0,0,0,0,0,0,0,1,0,0,0,0,1,0,65.9127813389295,30.0,malicious
0,0.08,0,0,0,0,0,0,0,0,1,0,0,0,0,0,93.25286033898274,0.0,normal
0,0.25,0,0,0,0,0,0,1,1,0,1,0,0,0,0,92.68855249179522,0.0,normal
1,0.08,0,0,0,0,0,0,0,0,0,0,0,0,0,0,84.47561829211655,0.0,normal
0,0.25,0,0,0,0,0,0,1,0,1,0,0,1,0,0,85.06360726655109,60.0,malicious
3,0.08,0,0,0,0,0,0,0,0,0,0,0,0,0,0,84.79765194904856,0.0,malicious
0,0.08,0,0,0,0,0,0,0,0,0,0,0,0,0,0,86.90933186964169,0.0,normal
0,0.05,0,0,0,0,0,0,0,1,0,0,0,0,0,0,70.71019921326999,0.0,normal
0,0.3,0,0,0,0,0,0,0,0,1,1,0,0,0,0,93.35382776400883,0.0,normal
0,0.1,0,0,0,0,0,0,0,0,0,1,0,0,0,1,97.3241395410633,15.0,normal
2,0.35,0,0,0,0,0,0,0,0,0,1,0,0,0,0,79.61323164850265,0.0,malicious
2,0.55,0,0,0,0,1,0,0,0,0,1,0,0,0,0,66.90824741858661,0.0,malicious
0,1.0,0,0,0,1,0,0,0,0,0,1,0,0,0,0,93.32804273787903,0.0,malicious
0,0.1,0,0,0,0,0,0,0,0,0,0,0,0,0,0,80.05582368239438,0.0,normal
1,0.25,0,0,0,0,0,0,1,0,0,0,0,0,0,0,85.45997237613551,0.0,normal
1,0.05,0,0,0,0,0,0,0,0,0,0,0,0,0,1,66.0624740079177,15.0,normal
0,0.08,0,0,0,0,0,0,0,0,0,0,0,1,0,0,82.76257312286724,60.0,normal
2,0.35,0,0,0,0,0,0,0,0,0,1,0,0,0,0,77.0929497952449,0.0,malicious
0,0.1,0,0,0,0,0,0,0,0,1,0,0,0,0,0,100.0,0.0,normal
0,0.1,0,0,0,0,0,0,0,0,1,0,0,0,0,1,54.74844962900742,15.0,suspicious
0,0.9,0,0,1,0,0,0,0,0,0,0,0,1,0,0,64.42150347841685,60.0,malicious
2,0.1,0,0,0,0,0,0,0,0,0,0,0,0,0,0,67.76829409116138,0.0,normal
3,0.08,0,0,0,0,0,0,0,0,0,1,0,0,0,0,87.3339163964516,0.0,malicious
1,0.1,0,0,0,0,0,0,0,1,0,0,0,0,0,0,90.5039471059134,0.0,normal
0,0.08,0,0,0,0,0,0,0,0,0,0,0,0,0,0,96.39504381818605,0.0,normal
1,0.08,0,0,0,0,0,0,0,0,0,0,0,0,0,0,90.48546816677333,0.0,normal
0,0.05,0,0,0,0,0,0,0,0,0,0,0,0,0,0,75.62110879850391,0.0,normal
0,0.08,0,0,0,0,0,0,0,0,0,0,0,0,0,0,91.1029362029535,0.0,normal
0,0.1,0,0,0,0,0,0,0,0,1,0,0,0,0,0,100.0,0.0,normal
0,0.1,0,0,0,0,0,0,0,1,0,1,0,0,0,0,82.4745911301361,0.0,normal
1,0.08,0,0,0,0,0,0,0,0,0,0,0,0,0,0,76.17636930404504,0.0,normal
0,0.55,0,0,0,0,1,0,0,1,1,1,0,0,0,0,81.90117538711225,0.0,malicious
0,0.1,0,0,0,0,0,0,0,0,0,0,0,0,0,0,100.0,0.0,normal
1,0.1,0,0,0,0,0,0,0,0,0,0,0,0,1,0,67.02360741025109,30.0,suspicious
1,0.05,0,0,0,0,0,0,0,0,0,0,0,0,0,0,87.1718977967866,0.0,normal
1,0.5,0,1,0,0,0,0,0,1,0,1,0,0,0,1,71.89588076407307,15.0,malicious
0,0.1,0,0,0,0,0,0,0,0,0,0,0,0,0,0,88.64609238792482,0.0,normal
0,0.08,0,0,0,0,0,0,0,0,0,0,0,0,0,0,90.82060082771667,0.0,normal
4,0.08,0,0,0,0,0,0,0,0,1,0,0,0,0,0,97.21693872660835,0.0,malicious
0,0.08,0,0,0,0,0,0,0,0,0,0,0,0,0,0,63.10226858530437,0.0,normal
1,0.08,0,0,0,0,0,0,0,0,0,0,0,0,0,0,88.88882276988579,0.0,normal
1,0.5,0,1,0,0,0,0,0,0,0,1,0,1,0,0,64.74570265690231,60.0,malicious
0,0.55,0,0,0,0,1,0,0,1,1,0,0,0,0,0,80.48383732190865,0.0,malicious
0,0.05,0,0,0,0,0,0,0,0,1,0,0,0,0,0,89.97407025002504,0.0,normal
0,0.08,0,0,0,0,0,0,0,1,0,0,0,0,0,0,80.80089561308804,0.0,normal
0,1.0,0,0,0,1,0,0,0,1,0,0,0,0,0,0,65.23795567581554,0.0,malicious
0,0.05,0,0,0,0,0,0,0,0,0,1,0,0,0,0,89.22717295789317,0.0,normal
0,0.1,0,0,0,0,0,0,0,0,1,0,0,0,0,0,88.82227261686037,0.0,normal
2,0.08,0,0,0,0,0,0,0,0,0,0,0,0,0,0,78.55871117723763,0.0,suspicious
1,0.08,0,0,0,0,0,0,0,0,0,0,0,0,0,0,80.69063346831054,0.0,normal
0,0.1,0,0,0,0,0,0,0,0,0,0,0,0,0,0,74.65758422110164,0.0,normal
1,0.05,0,0,0,0,0,0,0,0,0,0,0,0,0,0,89.16172837497224,0.0,normal
0,0.3,0,0,0,0,0,0,0,0,0,0,0,0,0,1,92.65432761596402,15.0,normal
0,0.05,0,0,0,0,0,0,0,0,0,0,0,0,0,0,61.20562256602359,0.0,normal
0,0.1,0,0,0,0,0,0,0,0,0,0,0,0,0,0,74.00897892325813,0.0,normal
0,0.1,0,0,0,0,0,0,0,0,0,0,0,0,0,0,97.43076963019482,0.0,normal
0,0.05,0,0,0,0,0,0,0,0,0,1,0,0,0,0,89.60736341842326,0.0,normal
0,0.3,0,0,0,0,0,0,0,1,0,1,0,0,0,1,68.51118629621126,15.0,suspicious
0,0.25,0,0,0,0,0,0,1,0,1,1,0,0,0,1,69.36434140915433,15.0,malicious
0,1.0,0,0,0,1,0,0,0,1,1,0,0,0,0,0,83.51695737511477,0.0,malicious
0,0.1,0,0,0,0,0,0,0,1,0,0,0,0,0,0,93.89070340523915,0.0,normal
0,0.08,0,0,0,0,0,0,0,0,0,0,0,1,0,0,85.71132541327793,60.0,normal
1,0.05,0,0,0,0,0,0,0,0,0,0,0,0,0,0,82.51965810168535,0.0,normal
1,0.08,0,0,0,0,0,0,0,0,1,1,0,0,1,0,96.04921236363997,30.0,normal
0,0.1,0,0,0,0,0,0,0,0,0,1,0,0,0,0,84.80914738229704,0.0,normal
0,0.1,0,0,0,0,0,0,0,0,0,0,0,0,0,0,93.13122074416813,0.0,normal
0,0.25,0,0,0,0,0,0,1,1,1,0,0,0,0,0,64.7767667597576,0.0,suspicious
0,0.05,0,0,0,0,0,0,0,0,0,0,0,0,0,0,100.0,0.0,normal
2,0.08,0,0,0,0,0,0,0,0,0,0,0,0,0,0,100.0,0.0,normal
0,0.05,0,0,0,0,0,0,0,0,1,0,0,0,0,1,84.86414444910946,15.0,normal
2,0.35,0,0,0,0,0,0,0,0,0,0,0,1,0,0,66.58879175509291,60.0,malicious
1,0.05,0,0,0,0,0,0,0,1,0,0,0,0,0,0,95.26698062467125,0.0,suspicious
0,0.55,0,0,0,0,1,0,0,0,1,0,0,0,0,0,63.460996915061834,0.0,malicious
0,0.55,0,0,0,0,1,0,0,0,0,1,0,0,0,0,64.81307863561145,0.0,malicious
0,0.05,0,0,0,0,0,0,0,0,0,0,0,0,0,0,95.27831063204916,0.0,normal
1,0.05,0,0,0,0,0,0,0,0,0,0,0,0,0,0,83.2859303407917,0.0,normal
1,0.05,0,0,0,0,0,0,0,0,0,0,0,1,0,0,88.44926036152759,60.0,normal
0,0.08,0,0,0,0,0,0,0,0,0,0,0,0,0,0,96.09898761929217,0.0,normal
0,0.05,0,0,0,0,0,0,0,0,0,1,0,0,0,0,86.65915599563807,0.0,normal
1,0.25,0,0,0,0,0,0,1,0,1,0,0,0,0,0,66.61931958985318,0.0,malicious
1,0.3,0,0,0,0,0,0,0,0,1,1,0,0,0,0,84.20297675007777,0.0,malicious
0,0.25,0,0,0,0,0,0,1,0,1,1,0,0,0,1,78.42016257601055,15.0,suspicious
0,0.1,0,0,0,0,0,0,0,0,0,0,0,0,0,0,66.36844287033992,0.0,normal
0,0.5,0,1,0,0,0,0,0,0,0,1,0,0,1,0,65.12882151351356,30.0,malicious
1,0.08,0,0,0,0,0,0,0,0,0,1,0,0,0,1,70.14037493526034,15.0,malicious
0,0.1,0,0,0,0,0,0,0,0,1,0,0,0,0,0,83.9447474882364,0.0,normal
1,0.45,0,0,0,0,0,1,0,0,1,0,0,0,0,1,84.44961128507315,15.0,malicious
0,0.1,0,0,0,0,0,0,0,0,0,0,0,0,0,0,89.48570540079714,0.0,normal
0,0.08,0,0,0,0,0,0,0,0,0,0,0,1,0,0,89.4329579863495,60.0,normal
1,0.08,0,0,0,0,0,0,0,0,0,0,0,0,0,0,100.0,0.0,normal
0,0.05,0,0,0,0,0,0,0,0,0,0,0,0,0,0,64.06112761921884,0.0,normal
1,0.05,0,0,0,0,0,0,0,0,0,1,0,0,1,0,78.91893981971565,30.0,suspicious
1,0.1,0,0,0,0,0,0,0,1,1,0,0,0,0,0,90.6681257803319,0.0,suspicious
0,0.45,0,0,0,0,0,1,0,0,0,0,0,0,0,0,79.84995492048297,0.0,normal
0,0.1,0,0,0,0,0,0,0,0,0,0,0,0,0,0,69.23120448374972,0.0,normal
0,0.08,0,0,0,0,0,0,0,1,0,0,0,0,0,0,65.43728334155995,0.0,normal
0,0.25,0,0,0,0,0,0,1,1,0,0,0,0,0,0,86.07248617394208,0.0,suspicious
0,0.08,0,0,0,0,0,0,0,0,0,0,0,0,0,0,84.57974483917468,0.0,normal
1,0.05,0,0,0,0,0,0,0,0,1,0,0,1,0,0,100.0,60.0,suspicious
0,0.08,0,0,0,0,0,0,0,0,0,0,0,0,0,0,72.95552285695264,0.0,normal
1,0.08,0,0,0,0,0,0,0,1,0,0,0,1,0,0,78.58794099559893,60.0,suspicious
1,0.1,0,0,0,0,0,0,0,0,1,0,0,0,0,0,91.9272536858539,0.0,normal
0,0.05,0,0,0,0,0,0,0,0,0,0,0,0,0,0,99.59410971737705,0.0,normal
0,0.1,0,0,0,0,0,0,0,1,0,0,0,0,0,0,62.534498343429156,0.0,normal
0,0.08,0,0,0,0,0,0,0,0,0,1,0,0,1,0,88.63246271267093,30.0,normal
0,0.05,0,0,0,0,0,0,0,0,0,0,0,0,0,0,91.36987997968458,0.0,normal
0,0.25,0,0,0,0,0,0,1,1,1,1,1,0,0,0,62.99199761978915,70.0,malicious
0,0.25,0,0,0,0,0,0,1,0,0,0,0,0,0,1,90.47069183751942,15.0,normal
0,0.55,0,0,0,0,1,0,0,0,0,0,0,0,0,0,96.36984881859479,0.0,normal
0,0.25,0,0,0,0,0,0,1,0,0,0,0,0,0,0,94.51476085102898,0.0,normal
5,0.35,0,0,0,0,0,0,0,0,0,0,0,0,0,0,62.719738581124595,0.0,malicious
1,0.9,0,0,1,0,0,0,0,0,0,1,0,0,1,0,80.1964489121554,30.0,malicious
1,0.08,0,0,0,0,0,0,0,0,1,0,0,0,0,1,88.54239781608491,15.0,normal
0,0.9,0,0,1,0,0,0,0,0,0,1,0,0,0,0,62.912252199006375,0.0,malicious
0,0.08,0,0,0,0,0,0,0,0,1,0,1,0,0,0,85.91622506266565,70.0,normal
2,0.05,0,0,0,0,0,0,0,0,0,0,0,0,0,0,81.07758166971023,0.0,normal
0,0.25,0,0,0,0,0,0,1,1,0,0,0,0,0,1,84.56231506846969,15.0,normal
0,0.9,0,0,1,0,0,0,0,0,0,0,0,0,0,0,57.308776314137695,0.0,malicious
0,0.1,0,0,0,0,0,0,0,1,0,0,0,0,0,0,100.0,0.0,normal
0,0.08,0,0,0,0,0,0,0,0,0,0,0,0,0,1,86.61232647965944,15.0,normal
0,0.05,0,0,0,0,0,0,0,0,0,0,0,0,0,1,70.31714667673836,15.0,normal
0,0.08,0,0,0,0,0,0,0,0,0,0,0,0,0,0,77.26634087948426,0.0,normal
0,0.55,0,0,0,0,1,0,0,0,0,1,0,0,0,0,52.285085205319625,0.0,malicious
1,0.08,0,0,0,0,0,0,0,0,0,0,0,1,0,0,91.50958119480109,60.0,suspicious
1,0.08,0,0,0,0,0,0,0,0,0,0,0,0,0,0,81.02255210406886,0.0,normal
1,0.1,0,0,0,0,0,0,0,0,0,0,0,1,0,0,70.42961146474079,60.0,malicious
1,0.05,0,0,0,0,0,0,0,0,0,0,0,0,0,0,88.82656052373568,0.0,normal
0,0.9,0,0,1,0,0,0,0,0,1,1,0,0,0,0,91.14222620654854,0.0,suspicious
0,0.9,0,0,1,0,0,0,0,1,1,0,0,0,1,1,76.08709427086707,45.0,malicious
1,1.0,0,0,0,1,0,0,0,0,0,0,0,0,0,0,64.81408213299937,0.0,malicious
0,0.1,0,0,0,0,0,0,0,0,0,0,0,0,0,1,79.35018066094005,15.0,normal
1,0.05,0,0,0,0,0,0,0,1,0,0,0,0,0,0,86.88770602261164,0.0,normal
1,0.1,0,0,0,0,0,0,0,0,0,0,0,0,0,0,90.28552189241702,0.0,normal
0,0.1,0,0,0,0,0,0,0,0,1,0,0,0,0,0,77.86736187616734,0.0,normal
0,0.08,0,0,0,0,0,0,0,0,0,0,0,0,0,0,72.1688525271588,0.0,normal
0,0.05,0,0,0,0,0,0,0,0,1,0,0,0,0,1,75.30020285951525,15.0,normal
0,0.05,0,0,0,0,0,0,0,0,0,0,0,0,0,0,76.17221979282156,0.0,normal
1,0.45,0,0,0,0,0,1,0,0,0,0,0,0,0,0,78.48663901550294,0.0,suspicious
1,0.1,0,0,0,0,0,0,0,0,1,0,0,0,0,0,100.0,0.0,normal
1,0.08,0,0,0,0,0,0,0,0,0,0,0,0,0,0,70.87229400755822,0.0,normal
0,0.3,0,0,0,0,0,0,0,0,0,0,1,0,0,0,73.80586730544752,70.0,suspicious
0,0.05,0,0,0,0,0,0,0,0,0,0,0,0,0,0,75.50683023183149,0.0,normal
0,0.08,0,0,0,0,0,0,0,0,0,0,0,0,0,1,82.27069843645629,15.0,normal
1,0.08,0,0,0,0,0,0,0,1,0,0,0,0,0,0,80.29451722606774,0.0,normal
1,0.05,0,0,0,0,0,0,0,0,0,0,0,0,0,0,73.67224029456398,0.0,normal
0,0.08,0,0,0,0,0,0,0,0,0,1,0,0,0,0,76.01697382432779,0.0,normal
0,0.08,0,0,0,0,0,0,0,0,0,0,0,0,0,0,79.78463124966099,0.0,normal
1,0.1,0,0,0,0,0,0,0,0,0,0,0,0,0,0,59.12507045926598,0.0,normal
2,0.05,0,0,0,0,0,0,0,0,0,1,0,0,0,0,52.73268753840467,0.0,malicious
0,0.9,0,0,1,0,0,0,0,1,1,0,0,0,0,0,67.34836760988577,0.0,malicious
1,0.05,0,0,0,0,0,0,0,0,1,1,0,0,0,0,72.87409735408117,0.0,suspicious
1,0.1,0,0,0,0,0,0,0,0,0,0,0,0,0,0,76.4075685797214,0.0,normal
0,0.08,0,0,0,0,0,0,0,0,0,0,0,0,0,0,80.3701995845309,0.0,normal
0,0.45,0,0,0,0,0,1,0,0,1,1,0,0,1,0,82.53654478767426,30.0,suspicious
0,0.08,0,0,0,0,0,0,0,0,0,1,0,0,0,0,71.89612003010231,0.0,normal
0,0.25,0,0,0,0,0,0,1,1,0,0,0,0,0,0,54.8587288678537,0.0,suspicious
0,0.1,0,0,0,0,0,0,0,0,0,0,0,0,0,0,57.67761614169482,0.0,normal
0,0.05,0,0,0,0,0,0,0,1,0,0,0,0,0,1,89.62155363656565,15.0,normal
0,0.08,0,0,0,0,0,0,0,0,1,0,0,0,0,0,100.0,0.0,normal
0,0.85,1,0,0,0,0,0,0,0,0,1,0,0,0,0,66.27616464741085,0.0,malicious
0,0.85,1,0,0,0,0,0,0,0,0,0,0,0,0,1,66.52896348108784,15.0,malicious
1,0.55,0,0,0,0,1,0,0,0,0,1,0,0,0,0,54.82415605152781,0.0,malicious
0,0.08,0,0,0,0,0,0,0,0,0,0,0,0,0,0,88.56927211772181,0.0,normal
0,0.08,0,0,0,0,0,0,0,0,0,0,0,0,0,0,78.77345511272141,0.0,normal
0,0.08,0,0,0,0,0,0,0,0,0,0,0,0,0,0,98.76489411714884,0.0,normal
0,0.1,0,0,0,0,0,0,0,0,0,0,0,0,0,1,65.9465748218419,15.0,normal
1,0.25,0,0,0,0,0,0,1,1,0,0,0,0,0,0,90.31277501250395,0.0,suspicious
0,0.1,0,0,0,0,0,0,0,0,1,0,0,0,0,0,98.53615471016894,0.0,suspicious
0,0.05,0,0,0,0,0,0,0,0,0,0,0,0,0,0,74.33292136340842,0.0,normal
1,0.1,0,0,0,0,0,0,0,0,1,0,0,0,1,0,54.03642587358775,30.0,malicious
1,0.5,0,1,0,0,0,0,0,0,0,1,0,0,0,0,66.38159255359236,0.0,malicious
3,0.05,0,0,0,0,0,0,0,0,0,0,0,0,0,0,72.94475104178179,0.0,malicious
0,0.08,0,0,0,0,0,0,0,0,0,0,0,0,0,0,72.46345494269397,0.0,normal
0,0.05,0,0,0,0,0,0,0,0,0,0,0,0,0,0,81.20881041808225,0.0,normal
1,0.05,0,0,0,0,0,0,0,0,0,1,0,0,0,1,87.66609807429751,15.0,suspicious
0,0.5,0,1,0,0,0,0,0,0,0,0,0,0,0,1,52.2345128346648,15.0,suspicious
1,0.05,0,0,0,0,0,0,0,0,0,0,0,0,0,0,82.60292055440732,0.0,normal
0,0.08,0,0,0,0,0,0,0,1,0,0,0,0,0,0,72.23051337575161,0.0,normal
1,0.05,0,0,0,0,0,0,0,0,0,0,0,0,0,0,72.4152980569348,0.0,normal
0,0.08,0,0,0,0,0,0,0,0,0,0,0,0,0,0,91.21805972519218,0.0,normal
0,0.45,0,0,0,0,0,1,0,0,1,0,0,0,0,0,84.94289090772428,0.0,normal
0,0.05,0,0,0,0,0,0,0,0,0,0,0,0,0,0,82.63352242221461,0.0,suspicious
0,0.05,0,0,0,0,0,0,0,0,1,0,0,0,0,0,56.21230626419374,0.0,normal
1,0.55,0,0,0,0,1,0,0,1,0,1,0,0,0,0,66.2001883655878,0.0,malicious
0,0.1,0,0,0,0,0,0,0,0,1,1,0,0,0,0,88.5289863554654,0.0,normal
0,0.05,0,0,0,0,0,0,0,0,0,0,0,0,0,0,79.30679115863315,0.0,normal
0,0.05,0,0,0,0,0,0,0,0,0,1,0,0,0,0,77.38352669484398,0.0,normal
0,0.1,0,0,0,0,0,0,0,0,1,0,0,0,0,0,77.13730703976341,0.0,normal
0,0.05,0,0,0,0,0,0,0,0,0,1,0,0,0,0,75.18023350494943,0.0,normal
2,0.35,0,0,0,0,0,0,0,0,0,0,0,0,0,1,67.42613174114703,15.0,malicious
0,0.45,0,0,0,0,0,1,0,0,0,0,0,0,0,0,83.25156749546824,0.0,normal
0,0.3,0,0,0,0,0,0,0,1,0,1,0,0,0,0,71.32284962173229,0.0,suspicious
1,0.08,0,0,0,0,0,0,0,0,1,0,0,0,0,0,82.34407206849525,0.0,normal
0,0.08,0,0,0,0,0,0,0,0,1,0,0,1,0,0,81.04736749704298,60.0,suspicious
1,0.9,0,0,1,0,0,0,0,0,0,0,0,0,0,0,70.52224762221354,0.0,malicious
1,0.45,0,0,0,0,0,1,0,0,1,0,0,0,0,0,88.94948904797599,0.0,malicious
1,0.1,0,0,0,0,0,0,0,0,0,0,0,0,0,0,75.28623329804657,0.0,normal
0,0.25,0,0,0,0,0,0,1,0,0,1,0,0,1,0,83.77699394180753,30.0,suspicious
2,0.35,0,0,0,0,0,0,0,1,0,1,0,0,0,1,55.31109818892379,15.0,malicious
1,0.25,0,0,0,0,0,0,1,0,0,1,0,0,0,0,89.29478939448481,0.0,suspicious
1,0.1,0,0,0,0,0,0,0,0,0,0,0,0,0,0,76.84737365044029,0.0,normal
2,0.1,0,0,0,0,0,0,0,0,1,0,0,1,0,0,69.33031819407373,60.0,malicious
1,0.05,0,0,0,0,0,0,0,0,0,0,0,0,0,1,90.87329809737247,15.0,normal
2,0.35,0,0,0,0,0,0,0,1,1,1,0,0,0,0,61.35732315835627,0.0,malicious
0,0.5,0,1,0,0,0,0,0,0,0,0,0,1,0,0,64.82417653059176,60.0,malicious
0,0.08,0,0,0,0,0,0,0,1,0,0,0,0,0,0,64.07304585828271,0.0,normal
0,0.3,0,0,0,0,0,0,0,1,1,0,0,0,0,0,72.72204233756582,0.0,normal
1,0.5,0,1,0,0,0,0,0,0,1,1,0,0,1,1,65.48762159046777,45.0,malicious
1,0.08,0,0,0,0,0,0,0,0,0,0,0,0,0,1,83.29958450476369,15.0,normal
0,0.1,0,0,0,0,0,0,0,0,0,1,0,0,0,0,86.53224877116931,0.0,normal
1,0.1,0,0,0,0,0,0,0,0,0,1,0,0,0,0,94.81515712191057,0.0,normal
1,0.05,0,0,0,0,0,0,0,0,0,0,0,0,0,1,60.235627986779306,15.0,suspicious
0,0.05,0,0,0,0,0,0,0,0,0,0,0,0,0,0,63.11743343776459,0.0,suspicious
1,0.08,0,0,0,0,0,0,0,0,0,0,0,0,0,0,100.0,0.0,normal
1,0.08,0,0,0,0,0,0,0,0,0,0,0,0,0,0,53.718166204069966,0.0,normal
0,0.1,0,0,0,0,0,0,0,0,0,0,0,0,0,0,84.06415761249835,0.0,normal
0,0.05,0,0,0,0,0,0,0,1,0,0,0,0,0,0,91.0904305214455,0.0,normal
2,0.08,0,0,0,0,0,0,0,0,0,0,0,0,0,0,92.37120685289409,0.0,normal
0,0.05,0,0,0,0,0,0,0,0,0,0,0,0,0,0,71.79107245026546,0.0,normal
0,0.08,0,0,0,0,0,0,0,0,1,0,0,0,0,0,75.23836106775155,0.0,normal
0,0.05,0,0,0,0,0,0,0,0,0,0,0,0,0,0,83.506693203703,0.0,normal
2,0.35,0,0,0,0,0,0,0,1,0,1,0,0,0,0,60.898105474255004,0.0,malicious
2,0.05,0,0,0,0,0,0,0,0,0,0,0,0,0,0,88.33605075920698,0.0,normal
0,0.55,0,0,0,0,1,0,0,0,0,1,0,0,0,0,62.25055597611804,0.0,malicious
0,0.1,0,0,0,0,0,0,0,0,1,0,0,0,0,0,77.35316000785726,0.0,normal
1,0.08,0,0,0,0,0,0,0,0,0,0,0,0,0,1,80.42960063336402,15.0,normal
0,0.1,0,0,0,0,0,0,0,0,0,0,0,0,0,0,83.04004741852238,0.0,normal
0,0.1,0,0,0,0,0,0,0,0,0,0,1,0,0,1,85.69700381113572,85.0,normal
0,0.85,1,0,0,0,0,0,0,0,0,1,0,0,0,0,61.67844252717367,0.0,malicious
1,0.1,0,0,0,0,0,0,0,0,0,0,0,0,0,1,69.65846057974909,15.0,normal
0,0.05,0,0,0,0,0,0,0,0,0,0,0,0,0,0,100.0,0.0,normal
2,0.1,0,0,0,0,0,0,0,0,1,0,0,1,0,0,88.87283833702081,60.0,malicious
1,0.45,0,0,0,0,0,1,0,0,0,0,0,0,0,1,68.0276444497159,15.0,malicious
0,0.55,0,0,0,0,1,0,0,0,0,1,0,0,0,1,56.07659123287479,15.0,malicious
2,0.05,0,0,0,0,0,0,0,0,0,0,0,0,0,0,80.36728282312413,0.0,suspicious
0,0.1,0,0,0,0,0,0,0,0,1,0,0,0,0,0,86.95880921003726,0.0,normal
0,0.9,0,0,1,0,0,0,0,1,0,0,0,0,0,0,61.00983090877155,0.0,malicious
0,0.05,0,0,0,0,0,0,0,0,0,0,0,0,0,0,77.81353602947073,0.0,normal
0,0.05,0,0,0,0,0,0,0,0,0,0,0,0,0,0,87.91143370398702,0.0,normal
0,0.45,0,0,0,0,0,1,0,1,1,0,0,0,0,0,82.94394853160846,0.0,suspicious
2,0.9,0,0,1,0,0,0,0,0,1,0,1,0,0,0,68.34272316300606,70.0,malicious
0,0.05,0,0,0,0,0,0,0,0,1,0,0,0,0,1,78.53654786496884,15.0,normal
0,0.08,0,0,0,0,0,0,0,1,0,0,0,0,0,1,91.95397816222355,15.0,normal
2,0.35,0,0,0,0,0,0,0,1,1,0,0,0,1,0,31.456960572404412,30.0,malicious
0,0.05,0,0,0,0,0,0,0,0,0,0,0,0,0,0,81.37123748947288,0.0,normal
2,0.35,0,0,0,0,0,0,0,0,0,0,0,0,0,0,65.56708325713598,0.0,malicious
1,0.08,0,0,0,0,0,0,0,0,0,0,0,1,0,0,91.49988486571475,60.0,suspicious
0,0.1,0,0,0,0,0,0,0,0,1,0,0,0,0,1,83.18495916167019,15.0,normal
0,0.08,0,0,0,0,0,0,0,0,0,0,0,1,0,0,83.21327797794501,60.0,normal
1,0.1,0,0,0,0,0,0,0,0,1,0,0,1,0,1,95.56541402809083,75.0,malicious
1,0.1,0,0,0,0,0,0,0,0,0,0,0,0,0,1,72.6669920474154,15.0,normal
1,0.55,0,0,0,0,1,0,0,1,0,0,0,0,0,0,82.25053286000245,0.0,malicious
3,0.35,0,0,0,0,0,0,0,0,1,0,0,0,0,0,72.61264688721973,0.0,malicious
1,0.08,0,0,0,0,0,0,0,0,0,0,0,0,0,0,62.666320060356945,0.0,normal
0,0.08,0,0,0,0,0,0,0,0,0,0,0,0,0,1,81.25949665503066,15.0,suspicious
0,0.08,0,0,0,0,0,0,0,0,0,0,0,0,0,0,74.65176718670006,0.0,normal
0,0.05,0,0,0,0,0,0,0,0,0,0,0,0,0,0,100.0,0.0,normal
1,0.08,0,0,0,0,0,0,0,0,0,0,0,1,0,0,95.04516543889147,60.0,normal
1,0.5,0,1,0,0,0,0,0,0,0,0,0,1,1,0,60.05366638100614,90.0,malicious
1,0.35,0,0,0,0,0,0,0,0,0,1,0,0,0,0,69.81627405433433,0.0,suspicious
0,0.1,0,0,0,0,0,0,0,0,0,0,0,0,0,0,62.47484704110937,0.0,normal
1,0.08,0,0,0,0,0,0,0,0,0,0,0,0,0,1,87.53949507693443,15.0,normal
0,0.3,0,0,0,0,0,0,0,0,0,0,0,0,0,0,98.29055191578455,0.0,normal
0,0.1,0,0,0,0,0,0,0,0,1,0,0,0,0,0,91.84259223701868,0.0,normal
1,0.1,0,0,0,0,0,0,0,0,1,0,0,0,0,0,89.69838855332549,0.0,normal
2,0.1,0,0,0,0,0,0,0,0,0,0,0,0,0,0,91.61940241971489,0.0,suspicious
0,0.45,0,0,0,0,0,1,0,0,0,1,0,0,0,0,70.65266204537012,0.0,suspicious
1,0.3,0,0,0,0,0,0,0,1,0,0,0,0,0,0,89.02715651145496,0.0,normal
0,0.05,0,0,0,0,0,0,0,0,0,0,0,0,0,0,84.19983976905576,0.0,normal
0,0.08,0,0,0,0,0,0,0,0,0,0,0,0,0,1,89.39826802697242,15.0,normal
1,0.08,0,0,0,0,0,0,0,0,0,1,0,0,0,0,100.0,0.0,normal
1,0.05,0,0,0,0,0,0,0,0,0,0,0,0,0,0,100.0,0.0,normal
0,0.1,0,0,0,0,0,0,0,0,0,0,0,0,0,0,89.35122133409097,0.0,normal
4,0.35,0,0,0,0,0,0,0,0,0,1,0,0,0,0,69.98585224302737,0.0,malicious
1,0.1,0,0,0,0,0,0,0,0,1,0,0,0,0,0,88.52064572724322,0.0,normal
1,0.1,0,0,0,0,0,0,0,1,1,0,0,0,0,0,91.55733380570821,0.0,suspicious
1,0.08,0,0,0,0,0,0,0,0,0,1,0,0,0,0,81.42330669701828,0.0,normal
0,0.08,0,0,0,0,0,0,0,0,0,0,0,0,0,0,85.45602948251299,0.0,normal
2,0.1,0,0,0,0,0,0,0,1,0,0,0,0,0,0,93.67848636498347,0.0,suspicious
2,0.35,0,0,0,0,0,0,0,0,0,0,0,1,0,0,59.31845551813554,60.0,malicious
0,0.1,0,0,0,0,0,0,0,0,1,0,0,0,0,0,75.02713256769827,0.0,normal
0,0.25,0,0,0,0,0,0,1,0,1,0,0,0,0,0,93.44667271633563,0.0,suspicious
1,0.3,0,0,0,0,0,0,0,0,0,0,0,0,0,0,88.00357320489758,0.0,normal
1,0.1,0,0,0,0,0,0,0,0,1,0,0,0,0,0,86.42247311882868,0.0,normal
0,0.08,0,0,0,0,0,0,0,0,0,1,1,0,0,0,99.08353964773211,70.0,normal
0,0.1,0,0,0,0,0,0,0,0,1,0,0,0,0,1,85.42619482164172,15.0,normal
0,0.08,0,0,0,0,0,0,0,0,0,0,0,0,0,0,74.7709782327535,0.0,normal
4,0.35,0,0,0,0,0,0,0,0,0,1,0,0,0,0,71.85393839085256,0.0,malicious
0,0.08,0,0,0,0,0,0,0,0,1,0,0,0,0,0,88.00598960971993,0.0,normal
2,0.35,0,0,0,0,0,0,0,0,1,0,0,0,0,0,84.05663378326793,0.0,malicious
3,0.35,0,0,0,0,0,0,0,1,0,1,0,0,0,0,64.38332950927555,0.0,malicious
1,0.35,0,0,0,0,0,0,0,1,1,0,0,0,0,0,68.84617631265594,0.0,malicious
0,0.08,0,0,0,0,0,0,0,0,0,0,0,0,0,0,93.42176659300364,0.0,normal
2,0.5,0,1,0,0,0,0,0,0,0,1,0,0,0,0,72.09522518646473,0.0,malicious
0,0.08,0,0,0,0,0,0,0,0,1,0,0,0,0,1,79.0699536603679,15.0,normal
1,0.3,0,0,0,0,0,0,0,0,1,0,0,0,0,0,87.47106310000257,0.0,suspicious
1,0.1,0,0,0,0,0,0,0,0,1,0,0,0,0,1,89.33397372735533,15.0,malicious
0,0.5,0,1,0,0,0,0,0,1,1,0,0,0,1,1,75.71413405406848,45.0,suspicious
3,0.35,0,0,0,0,0,0,0,1,1,0,0,0,0,1,56.950425307133955,15.0,malicious
1,0.05,0,0,0,0,0,0,0,0,0,0,0,0,0,0,72.37111540071808,0.0,normal
0,0.1,0,0,0,0,0,0,0,1,1,0,0,0,0,0,87.51560851064382,0.0,normal
0,0.45,0,0,0,0,0,1,0,0,1,0,0,0,0,0,99.26793263924641,0.0,normal
1,0.25,0,0,0,0,0,0,1,1,1,0,0,0,0,0,83.88019379832554,0.0,suspicious
0,0.08,0,0,0,0,0,0,0,0,0,0,0,0,0,0,78.60838277389738,0.0,normal
0,0.1,0,0,0,0,0,0,0,0,1,0,0,0,0,0,74.04682199687804,0.0,normal
1,0.1,0,0,0,0,0,0,0,0,0,0,0,0,0,0,70.41768563359096,0.0,normal
0,0.05,0,0,0,0,0,0,0,0,0,0,0,0,0,0,88.34141449391673,0.0,normal
0,0.05,0,0,0,0,0,0,0,0,0,0,0,0,0,0,87.28667960783166,0.0,normal
2,0.05,0,0,0,0,0,0,0,0,0,0,0,0,0,0,100.0,0.0,normal
1,0.55,0,0,0,0,1,0,0,1,0,0,0,0,0,0,73.75807817968078,0.0,malicious
3,0.35,0,0,0,0,0,0,0,0,0,1,0,0,0,1,77.48585569043675,15.0,malicious
0,0.05,0,0,0,0,0,0,0,0,0,0,0,0,0,0,88.06467734543973,0.0,normal
0,0.08,0,0,0,0,0,0,0,0,0,0,0,0,1,0,100.0,30.0,normal
1,0.9,0,0,1,0,0,0,0,0,1,1,0,0,0,0,67.36063093724702,0.0,malicious
0,0.08,0,0,0,0,0,0,0,0,0,0,0,0,0,0,83.49546695462327,0.0,normal
0,0.25,0,0,0,0,0,0,1,0,1,0,0,0,1,1,87.31125755056958,45.0,normal
1,0.1,0,0,0,0,0,0,0,0,0,0,0,0,0,0,75.99102608967198,0.0,normal
0,0.08,0,0,0,0,0,0,0,0,0,0,0,0,0,0,92.41446765602322,0.0,normal
0,0.1,0,0,0,0,0,0,0,1,0,0,0,0,0,0,84.66748238850373,0.0,normal
0,0.45,0,0,0,0,0,1,0,0,0,1,0,0,0,0,95.63104958004719,0.0,normal
2,0.05,0,0,0,0,0,0,0,0,0,0,0,0,0,0,73.94668054221866,0.0,normal
0,0.1,0,0,0,0,0,0,0,0,1,0,0,0,0,0,93.57585351013296,0.0,normal
0,0.55,0,0,0,0,1,0,0,0,0,1,0,0,0,0,59.878874464634336,0.0,malicious
0,0.55,0,0,0,0,1,0,0,0,0,0,0,0,0,0,71.23978730101513,0.0,normal
0,0.3,0,0,0,0,0,0,0,0,1,0,0,0,0,0,84.82697630616553,0.0,normal
0,0.08,0,0,0,0,0,0,0,0,0,0,0,0,0,0,80.60998202896621,0.0,normal
1,0.85,1,0,0,0,0,0,0,1,0,0,0,0,0,0,73.40866445584324,0.0,malicious
0,0.08,0,0,0,0,0,0,0,0,0,0,0,0,0,0,79.77030631185147,0.0,normal
0,0.25,0,0,0,0,0,0,1,1,0,1,0,0,1,0,68.95707749970911,30.0,malicious
1,0.25,0,0,0,0,0,0,1,0,0,0,0,0,0,0,79.96388723625455,0.0,suspicious
1,0.05,0,0,0,0,0,0,0,0,0,0,0,0,0,0,88.58900419580338,0.0,normal
1,0.9,0,0,1,0,0,0,0,0,0,1,0,0,0,1,80.60714066530988,15.0,malicious
0,0.05,0,0,0,0,0,0,0,0,0,0,0,0,0,1,73.17245143982157,15.0,normal
0,0.1,0,0,0,0,0,0,0,0,1,0,0,0,0,0,91.40116804785916,0.0,normal
0,0.55,0,0,0,0,1,0,0,1,0,1,0,0,0,0,45.792118746229654,0.0,malicious
0,0.08,0,0,0,0,0,0,0,1,0,0,0,0,0,0,100.0,0.0,normal
0,0.05,0,0,0,0,0,0,0,0,0,1,0,0,0,0,76.44158087712877,0.0,normal
0,0.3,0,0,0,0,0,0,0,0,0,0,0,1,0,0,95.75950263628998,60.0,normal
0,0.3,0,0,0,0,0,0,0,0,1,1,0,0,0,1,68.60225072406672,15.0,malicious
2,0.35,0,0,0,0,0,0,0,0,1,0,0,0,0,0,69.69226616493795,0.0,malicious
0,0.08,0,0,0,0,0,0,0,0,0,0,0,0,0,0,78.81566976291661,0.0,normal
2,0.35,0,0,0,0,0,0,0,0,0,0,0,0,0,1,75.66991625028855,15.0,malicious
0,0.05,0,0,0,0,0,0,0,0,0,0,0,0,0,0,80.86933125201247,0.0,normal
0,0.25,0,0,0,0,0,0,1,0,1,0,0,0,0,0,80.85791208457513,0.0,suspicious
1,0.1,0,0,0,0,0,0,0,1,0,0,0,0,0,0,64.80649168760756,0.0,normal
0,0.1,0,0,0,0,0,0,0,0,1,0,0,0,0,0,71.36897054359397,0.0,normal
0,0.1,0,0,0,0,0,0,0,0,1,0,0,0,0,1,76.10890817703807,15.0,normal
0,0.5,0,1,0,0,0,0,0,0,1,0,0,1,0,1,72.96748044137306,75.0,malicious
0,0.45,0,0,0,0,0,1,0,0,0,0,0,0,0,0,87.84061905971323,0.0,normal
0,0.05,0,0,0,0,0,0,0,0,0,0,0,0,0,0,99.6602533639531,0.0,normal
2,0.1,0,0,0,0,0,0,0,0,0,1,0,0,0,0,74.85498428351765,0.0,malicious
1,0.08,0,0,0,0,0,0,0,0,0,0,0,0,0,0,71.6104630488107,0.0,normal
0,0.05,0,0,0,0,0,0,0,0,0,0,0,0,0,0,81.48550509006176,0.0,normal
0,0.1,0,0,0,0,0,0,0,0,0,0,0,0,0,0,100.0,0.0,normal
0,0.35,0,0,0,0,0,0,0,0,1,0,0,0,0,1,61.796485987268504,15.0,suspicious
0,0.9,0,0,1,0,0,0,0,0,0,1,0,0,0,1,60.85079922982171,15.0,malicious
1,0.3,0,0,0,0,0,0,0,0,1,0,1,0,1,0,70.30588695607646,100.0,malicious
1,0.35,0,0,0,0,0,0,0,0,0,1,0,0,0,0,63.52421985463811,0.0,malicious
0,0.05,0,0,0,0,0,0,0,0,0,0,0,0,0,0,84.06067401386858,0.0,normal
0,0.3,0,0,0,0,0,0,0,1,0,1,0,0,0,0,78.73888122537531,0.0,suspicious
1,0.1,0,0,0,0,0,0,0,0,0,0,0,1,0,0,87.86662495625836,60.0,malicious
1,0.9,0,0,1,0,0,0,0,0,0,0,0,0,0,0,82.88447319243893,0.0,malicious
1,0.9,0,0,1,0,0,0,0,0,1,0,0,0,0,0,74.22596389766231,0.0,suspicious
1,0.1,0,0,0,0,0,0,0,0,1,0,0,0,0,1,87.98803122299506,15.0,suspicious
0,0.05,0,0,0,0,0,0,0,0,0,0,0,0,0,0,100.0,0.0,normal
0,0.08,0,0,0,0,0,0,0,0,0,0,0,1,0,0,97.70125010529553,60.0,normal
1,0.3,0,0,0,0,0,0,0,0,0,1,0,0,1,1,94.4754178598531,45.0,suspicious
4,0.35,0,0,0,0,0,0,0,0,0,0,0,0,0,1,73.995778799671,15.0,malicious
0,0.08,0,0,0,0,0,0,0,0,0,0,1,0,0,0,91.73257586347447,70.0,normal
0,0.1,0,0,0,0,0,0,0,0,0,0,0,0,0,0,70.27698077559332,0.0,normal
2,0.05,0,0,0,0,0,0,0,1,0,0,0,0,0,0,87.42768809911414,0.0,suspicious
1,0.1,0,0,0,0,0,0,0,0,0,0,0,0,0,0,68.36009303508332,0.0,normal
1,0.1,0,0,0,0,0,0,0,0,1,0,0,0,0,0,91.6633204490895,0.0,normal
2,0.05,0,0,0,0,0,0,0,0,0,0,0,0,0,0,100.0,0.0,normal
2,0.35,0,0,0,0,0,0,0,0,1,1,0,0,0,0,49.63805194772225,0.0,malicious
0,0.05,0,0,0,0,0,0,0,0,0,0,0,0,0,0,89.56396402383635,0.0,normal
0,0.85,1,0,0,0,0,0,0,1,0,1,0,0,0,0,57.083921952575444,0.0,malicious
1,0.35,0,0,0,0,0,0,0,0,0,0,0,0,0,0,80.12696559963642,0.0,normal
0,0.05,0,0,0,0,0,0,0,0,0,0,0,0,0,0,73.34116253571604,0.0,normal
1,0.05,0,0,0,0,0,0,0,0,0,0,0,0,0,0,84.75452413706208,0.0,normal
1,0.3,0,0,0,0,0,0,0,1,1,0,0,0,0,0,77.6113806643769,0.0,suspicious
0,0.05,0,0,0,0,0,0,0,1,0,0,0,0,0,1,70.55674340174883,15.0,normal
0,0.05,0,0,0,0,0,0,0,0,0,0,0,0,0,0,99.63835435235478,0.0,normal
0,0.08,0,0,0,0,0,0,0,0,0,0,0,0,0,0,94.33973555915915,0.0,normal
0,0.05,0,0,0,0,0,0,0,0,0,0,0,0,0,0,75.185548521197,0.0,normal
0,0.05,0,0,0,0,0,0,0,0,0,0,0,0,0,0,100.0,0.0,normal
0,0.05,0,0,0,0,0,0,0,0,0,0,0,0,0,0,63.97666097107526,0.0,normal
0,0.1,0,0,0,0,0,0,0,0,0,0,0,0,0,0,78.5588788697711,0.0,normal
0,0.1,0,0,0,0,0,0,0,0,0,0,0,0,0,0,74.35511287127272,0.0,normal
0,0.08,0,0,0,0,0,0,0,0,0,0,0,0,0,0,69.54335764265674,0.0,normal
2,0.05,0,0,0,0,0,0,0,0,0,0,0,0,0,1,82.32799747835398,15.0,suspicious
1,0.9,0,0,1,0,0,0,0,0,0,0,0,0,0,0,55.914777160113886,0.0,malicious
0,0.08,0,0,0,0,0,0,0,0,0,0,0,0,0,0,69.8729161266272,0.0,normal
1,0.3,0,0,0,0,0,0,0,1,1,0,0,0,0,0,74.3542878444127,0.0,suspicious
0,0.08,0,0,0,0,0,0,0,1,0,0,0,0,0,0,80.45858394174272,0.0,normal
1,0.08,0,0,0,0,0,0,0,0,0,1,0,0,0,0,93.64938615347157,0.0,normal
0,0.5,0,1,0,0,0,0,0,0,0,1,0,0,0,1,74.76455493520318,15.0,malicious
0,0.3,0,0,0,0,0,0,0,0,0,0,0,0,0,0,86.89157728334654,0.0,suspicious
1,0.08,0,0,0,0,0,0,0,0,0,0,0,0,0,0,76.68831496457285,0.0,normal
0,0.45,0,0,0,0,0,1,0,0,0,1,0,0,0,0,90.55660275851571,0.0,suspicious
2,0.5,0,1,0,0,0,0,0,0,0,1,0,0,0,1,57.819565859054386,15.0,malicious
0,0.08,0,0,0,0,0,0,0,0,0,0,0,0,0,0,100.0,0.0,normal
0,0.1,0,0,0,0,0,0,0,0,0,0,0,0,0,0,97.36434875524793,0.0,normal
0,0.5,0,1,0,0,0,0,0,0,0,0,0,0,0,0,70.02487020677849,0.0,suspicious
3,0.08,0,0,0,0,0,0,0,0,0,0,0,1,1,0,89.14253195940177,90.0,malicious
1,0.1,0,0,0,0,0,0,0,0,0,0,0,0,0,0,74.98478913362177,0.0,normal
0,0.5,0,1,0,0,0,0,0,1,0,1,0,1,0,0,75.22488177152013,60.0,malicious
2,0.08,0,0,0,0,0,0,0,0,0,0,0,0,0,0,88.7664803619928,0.0,normal
0,0.25,0,0,0,0,0,0,1,0,0,1,0,0,0,0,83.59611135142167,0.0,suspicious
0,0.1,0,0,0,0,0,0,0,0,0,0,1,0,0,0,100.0,70.0,normal
3,0.1,0,0,0,0,0,0,0,1,0,0,0,1,0,0,100.0,60.0,suspicious
1,0.08,0,0,0,0,0,0,0,0,1,0,0,0,0,0,81.89110800274847,0.0,normal
2,0.08,0,0,0,0,0,0,0,0,1,0,0,1,0,1,99.24679810008581,75.0,malicious
1,0.08,0,0,0,0,0,0,0,1,0,0,0,0,0,0,75.54411650028608,0.0,normal
1,0.08,0,0,0,0,0,0,0,0,1,0,0,0,0,0,94.90593549761535,0.0,normal
1,0.05,0,0,0,0,0,0,0,0,0,0,0,0,0,0,73.3448697659086,0.0,normal
1,0.08,0,0,0,0,0,0,0,1,0,0,0,0,0,0,77.65317488712382,0.0,normal
1,0.55,0,0,0,0,1,0,0,0,0,0,0,0,0,0,75.56043067269935,0.0,malicious
0,0.25,0,0,0,0,0,0,1,1,1,1,0,0,0,0,62.28324519561568,0.0,malicious
0,0.05,0,0,0,0,0,0,0,0,0,1,0,0,0,0,71.49631547864075,0.0,normal
0,0.08,0,0,0,0,0,0,0,0,0,0,0,0,1,0,75.40969255995492,30.0,normal
0,0.1,0,0,0,0,0,0,0,0,0,0,0,0,0,0,87.12115233030919,0.0,normal
0,0.05,0,0,0,0,0,0,0,0,0,0,0,0,0,1,94.43441837366133,15.0,normal
0,0.08,0,0,0,0,0,0,0,0,0,0,0,1,0,0,95.22475485930794,60.0,normal
0,0.25,0,0,0,0,0,0,1,0,0,0,0,0,0,0,83.95680916640175,0.0,normal
0,0.05,0,0,0,0,0,0,0,0,0,0,0,0,0,0,74.68948486591431,0.0,normal
1,0.3,0,0,0,0,0,0,0,0,0,0,0,0,0,0,72.20097704838234,0.0,normal
0,0.08,0,0,0,0,0,0,0,0,0,0,0,0,0,0,82.49361902727232,0.0,normal
1,0.08,0,0,0,0,0,0,0,0,0,0,0,0,0,0,89.08705270734585,0.0,normal
1,0.1,0,0,0,0,0,0,0,0,0,0,0,0,0,0,80.43179358693718,0.0,normal
1,0.1,0,0,0,0,0,0,0,0,1,0,0,0,0,0,93.4937746995372,0.0,normal
1,0.25,0,0,0,0,0,0,1,0,0,1,0,0,0,0,69.440979638172,0.0,malicious
5,0.35,0,0,0,0,0,0,0,1,0,0,0,0,0,0,55.23801336958303,0.0,malicious
0,0.1,0,0,0,0,0,0,0,0,0,0,0,0,0,1,78.08636836277756,15.0,normal
0,0.08,0,0,0,0,0,0,0,0,0,0,0,0,0,0,83.69758469999636,0.0,normal
0,0.08,0,0,0,0,0,0,0,0,0,0,0,0,0,0,96.16254104667921,0.0,normal
0,0.05,0,0,0,0,0,0,0,0,0,0,0,0,0,0,81.37713595913989,0.0,suspicious
1,0.05,0,0,0,0,0,0,0,1,0,0,0,0,0,1,97.93835694827264,15.0,normal
0,0.85,1,0,0,0,0,0,0,1,0,0,0,0,0,0,61.25463739284626,0.0,malicious
0,0.55,0,0,0,0,1,0,0,1,1,1,0,0,0,0,77.86806827094131,0.0,malicious
4,0.35,0,0,0,0,0,0,0,0,0,1,0,0,0,0,77.35474980743598,0.0,malicious
0,0.08,0,0,0,0,0,0,0,0,0,0,0,0,0,1,81.51856217152604,15.0,normal
0,0.05,0,0,0,0,0,0,0,1,0,0,0,0,0,0,98.16425336341051,0.0,normal
1,0.1,0,0,0,0,0,0,0,0,0,0,0,0,1,1,81.7675756233294,45.0,malicious
1,0.05,0,0,0,0,0,0,0,0,0,0,0,0,0,0,92.5077494120745,0.0,normal
1,0.08,0,0,0,0,0,0,0,0,0,0,0,0,0,0,81.00992614063354,0.0,normal
1,0.08,0,0,0,0,0,0,0,0,0,0,0,1,0,0,100.0,60.0,normal
1,0.08,0,0,0,0,0,0,0,0,1,0,0,0,0,0,59.759714311838856,0.0,suspicious
0,0.08,0,0,0,0,0,0,0,0,0,0,0,0,0,0,71.8659831968812,0.0,normal
0,0.1,0,0,0,0,0,0,0,0,1,0,0,0,0,0,86.98618584707688,0.0,normal
1,0.05,0,0,0,0,0,0,0,0,0,0,0,0,0,0,86.681969198881,0.0,normal
0,0.25,0,0,0,0,0,0,1,0,1,0,0,0,0,0,88.73366785387691,0.0,normal
0,0.9,0,0,1,0,0,0,0,1,0,0,0,1,0,1,76.10100101628855,75.0,malicious
2,0.5,0,1,0,0,0,0,0,1,0,0,0,0,0,0,60.99311400872851,0.0,malicious
2,0.05,0,0,0,0,0,0,0,1,0,1,0,0,0,0,82.79897105279105,0.0,malicious
1,0.05,0,0,0,0,0,0,0,0,0,0,1,0,0,0,96.10953172550428,70.0,suspicious
1,0.3,0,0,0,0,0,0,0,0,0,0,0,0,0,0,70.02958329620141,0.0,suspicious
0,0.1,0,0,0,0,0,0,0,1,0,0,0,0,0,0,94.4589657186238,0.0,normal
2,0.1,0,0,0,0,0,0,0,0,0,0,0,0,1,0,85.66505194468617,30.0,suspicious
0,0.08,0,0,0,0,0,0,0,0,0,0,0,0,0,1,78.54654086955611,15.0,normal
2,0.05,0,0,0,0,0,0,0,0,0,0,0,0,0,1,92.76143655413962,15.0,normal
0,0.05,0,0,0,0,0,0,0,0,0,0,0,0,0,0,76.3975036853479,0.0,normal
1,0.45,0,0,0,0,0,1,0,1,0,0,0,0,0,1,90.86232070507441,15.0,suspicious
1,0.1,0,0,0,0,0,0,0,0,0,0,0,0,0,0,100.0,0.0,normal
1,0.25,0,0,0,0,0,0,1,0,0,0,0,0,0,0,80.3379423422102,0.0,normal
1,0.45,0,0,0,0,0,1,0,0,0,0,0,0,0,0,73.64030980463548,0.0,normal
0,0.05,0,0,0,0,0,0,0,0,0,0,0,0,0,0,69.8399365844194,0.0,normal
1,0.35,0,0,0,0,0,0,0,0,0,0,0,0,0,1,78.20000261605915,15.0,normal
0,0.05,0,0,0,0,0,0,0,0,1,0,0,0,0,0,58.406772652548796,0.0,normal
1,0.45,0,0,0,0,0,1,0,0,1,0,0,0,0,0,96.94033422772908,0.0,normal
1,0.3,0,0,0,0,0,0,0,0,0,0,0,1,0,0,84.14510765550303,60.0,malicious
0,0.08,0,0,0,0,0,0,0,0,0,0,0,0,0,0,66.12675082327044,0.0,normal
7,0.35,0,0,0,0,0,0,0,0,0,0,0,0,0,0,63.58030351237827,0.0,malicious
0,0.08,0,0,0,0,0,0,0,0,0,0,0,1,1,0,100.0,90.0,suspicious
1,0.85,1,0,0,0,0,0,0,0,0,0,1,0,0,0,69.69166680768535,70.0,malicious
0,0.25,0,0,0,0,0,0,1,0,0,0,0,0,1,0,94.8297230653482,30.0,normal
0,0.1,0,0,0,0,0,0,0,0,1,0,0,0,0,1,87.25762401411015,15.0,normal
0,0.05,0,0,0,0,0,0,0,0,0,0,0,0,0,0,73.94535799289294,0.0,normal
2,0.25,0,0,0,0,0,0,1,1,0,0,0,0,0,0,89.28260565012428,0.0,suspicious
0,0.25,0,0,0,0,0,0,1,0,1,1,0,0,0,0,77.34865854372791,0.0,malicious
2,0.1,0,0,0,0,0,0,0,0,0,0,0,0,0,0,69.40788179288651,0.0,suspicious
5,0.35,0,0,0,0,0,0,0,1,0,0,0,0,0,0,73.89845622572979,0.0,malicious
0,0.08,0,0,0,0,0,0,0,0,0,0,0,0,0,0,66.78064001864401,0.0,normal
0,0.25,0,0,0,0,0,0,1,0,0,1,0,0,0,0,92.549198964383,0.0,normal
0,0.05,0,0,0,0,0,0,0,0,0,0,0,0,0,0,72.68173250959619,0.0,normal
0,0.05,0,0,0,0,0,0,0,1,1,0,0,0,0,0,91.70941904839442,0.0,normal
0,0.25,0,0,0,0,0,0,1,0,0,1,0,0,0,0,89.7641273196397,0.0,normal
0,0.1,0,0,0,0,0,0,0,0,0,1,0,0,0,0,96.78607490231434,0.0,normal
1,0.08,0,0,0,0,0,0,0,0,0,1,0,0,0,0,72.42537545669836,0.0,suspicious
1,0.08,0,0,0,0,0,0,0,0,0,0,0,0,0,0,85.99317260651806,0.0,normal
2,0.35,0,0,0,0,0,0,0,1,0,0,0,0,0,0,56.450037953666325,0.0,malicious
0,0.05,0,0,0,0,0,0,0,0,1,0,0,1,0,0,73.27244061566826,60.0,malicious
1,0.25,0,0,0,0,0,0,1,1,0,1,0,0,0,1,84.94785792689896,15.0,malicious
0,0.1,0,0,0,0,0,0,0,1,1,0,0,0,0,0,75.54164450201964,0.0,normal
3,0.5,0,1,0,0,0,0,0,1,1,1,0,0,0,1,73.26692081169955,15.0,malicious
1,0.35,0,0,0,0,0,0,0,1,0,1,0,0,0,1,48.15190879569866,15.0,malicious
1,0.05,0,0,0,0,0,0,0,0,0,0,0,0,0,0,80.97055827718398,0.0,normal
0,0.1,0,0,0,0,0,0,0,0,1,0,0,0,0,0,94.27895779189078,0.0,normal
1,0.08,0,0,0,0,0,0,0,0,0,0,0,0,0,0,76.00469668104472,0.0,normal
0,0.1,0,0,0,0,0,0,0,0,1,0,0,0,0,0,87.33534559608115,0.0,normal
5,0.35,0,0,0,0,0,0,0,0,1,0,0,0,0,0,76.94498412462943,0.0,malicious
0,0.05,0,0,0,0,0,0,0,0,1,0,0,0,0,0,100.0,0.0,normal
0,0.05,0,0,0,0,0,0,0,0,0,0,0,0,0,0,71.29472787154151,0.0,normal
1,0.05,0,0,0,0,0,0,0,0,0,0,0,0,0,0,88.38505586300361,0.0,normal
2,0.1,0,0,0,0,0,0,0,0,0,0,0,0,0,0,94.69556698315817,0.0,normal
1,0.05,0,0,0,0,0,0,0,0,0,1,0,0,0,0,71.22145794532739,0.0,normal
0,0.05,0,0,0,0,0,0,0,0,0,0,0,0,0,0,95.60093579144254,0.0,normal
0,0.08,0,0,0,0,0,0,0,0,0,0,0,0,1,0,62.20645355325394,30.0,suspicious
0,0.1,0,0,0,0,0,0,0,0,1,1,0,0,0,0,83.41331365882846,0.0,normal
0,0.1,0,0,0,0,0,0,0,0,1,0,0,0,0,0,77.05419886566432,0.0,normal
2,0.1,0,0,0,0,0,0,0,0,1,0,0,0,1,0,94.61948594645223,30.0,malicious
1,0.05,0,0,0,0,0,0,0,0,0,0,0,0,0,0,67.83367788034647,0.0,normal
1,0.05,0,0,0,0,0,0,0,0,0,0,0,0,0,0,95.45380138401451,0.0,normal
0,0.5,0,1,0,0,0,0,0,0,0,1,0,0,0,0,80.31565869085317,0.0,malicious
0,0.08,0,0,0,0,0,0,0,0,0,0,0,0,0,0,75.19350421505106,0.0,normal
0,0.5,0,1,0,0,0,0,0,1,0,0,0,1,0,0,54.12371230518962,60.0,malicious
1,0.08,0,0,0,0,0,0,0,0,0,0,0,0,0,0,100.0,0.0,normal
0,1.0,0,0,0,1,0,0,0,0,0,0,0,0,0,0,48.2149277784232,0.0,malicious
4,0.35,0,0,0,0,0,0,0,1,1,1,0,0,0,1,56.97208219090505,15.0,malicious
0,0.25,0,0,0,0,0,0,1,1,0,0,0,0,1,0,83.77862768297187,30.0,normal
2,0.08,0,0,0,0,0,0,0,1,0,0,0,0,0,0,73.82481642037118,0.0,suspicious
0,0.08,0,0,0,0,0,0,0,0,0,0,0,0,0,0,100.0,0.0,normal
2,0.85,1,0,0,0,0,0,0,1,0,0,0,0,0,0,72.31449335117355,0.0,malicious
0,0.05,0,0,0,0,0,0,0,0,0,0,0,0,1,0,81.41782999685583,30.0,normal
0,0.1,0,0,0,0,0,0,0,0,0,0,0,0,0,0,84.03843872619619,0.0,normal
1,0.1,0,0,0,0,0,0,0,0,0,0,0,0,1,0,78.91858861214413,30.0,normal
0,0.08,0,0,0,0,0,0,0,0,0,0,0,0,0,0,95.59372153679504,0.0,normal
0,0.1,0,0,0,0,0,0,0,0,1,1,0,0,0,0,77.3633897971094,0.0,suspicious
0,0.1,0,0,0,0,0,0,0,0,0,0,0,0,0,0,92.47250191224074,0.0,normal
1,0.08,0,0,0,0,0,0,0,1,0,1,0,0,0,1,91.07691066174647,15.0,suspicious
0,0.08,0,0,0,0,0,0,0,0,0,0,0,0,0,0,80.74136777870048,0.0,normal
0,0.35,0,0,0,0,0,0,0,0,1,0,0,0,0,0,65.11438412332235,0.0,normal
0,0.08,0,0,0,0,0,0,0,0,0,0,0,0,0,0,88.0998772415496,0.0,normal
0,0.3,0,0,0,0,0,0,0,0,0,0,0,0,0,0,82.74148262634631,0.0,normal
0,0.25,0,0,0,0,0,0,1,1,0,1,0,0,0,0,74.68807597515269,0.0,suspicious
0,0.9,0,0,1,0,0,0,0,0,1,0,0,0,0,1,91.3854805762447,15.0,malicious
0,0.3,0,0,0,0,0,0,0,0,1,0,0,0,0,0,94.69581389797256,0.0,normal
2,0.3,0,0,0,0,0,0,0,0,0,1,0,0,0,0,90.73418136686774,0.0,suspicious
0,0.1,0,0,0,0,0,0,0,1,1,0,0,0,0,0,66.84564537166872,0.0,normal
1,0.05,0,0,0,0,0,0,0,0,0,0,0,0,0,0,75.35153472752073,0.0,normal
0,0.05,0,0,0,0,0,0,0,0,0,0,0,0,0,0,87.30119517887088,0.0,normal
1,0.55,0,0,0,0,1,0,0,1,1,0,0,0,0,0,68.96755422853485,0.0,malicious
1,0.1,0,0,0,0,0,0,0,0,1,0,0,0,0,0,87.01359815933331,0.0,normal
0,0.85,1,0,0,0,0,0,0,0,0,1,0,1,0,0,61.68613596242202,60.0,malicious
1,0.1,0,0,0,0,0,0,0,0,1,0,0,0,0,1,91.41043898190219,15.0,normal
1,0.08,0,0,0,0,0,0,0,0,0,0,0,0,0,1,82.98206085369571,15.0,normal
0,0.5,0,1,0,0,0,0,0,0,1,0,0,0,0,1,66.22985743840864,15.0,malicious
0,0.08,0,0,0,0,0,0,0,0,0,0,0,0,1,0,82.35380949372019,30.0,normal
1,0.1,0,0,0,0,0,0,0,0,0,1,0,0,0,1,80.67785072575639,15.0,suspicious
1,0.9,0,0,1,0,0,0,0,0,1,1,0,0,0,1,91.33731021957723,15.0,suspicious
0,0.1,0,0,0,0,0,0,0,0,0,0,0,0,0,0,78.90408010149562,0.0,normal
2,0.05,0,0,0,0,0,0,0,0,0,0,0,0,0,0,88.33876755179509,0.0,normal
1,0.35,0,0,0,0,0,0,0,0,0,1,0,0,0,0,48.84955450666543,0.0,malicious
0,0.08,0,0,0,0,0,0,0,0,1,0,0,0,0,0,84.46041099015638,0.0,normal
1,0.1,0,0,0,0,0,0,0,0,1,0,0,0,0,1,90.0994435029384,15.0,normal
0,0.3,0,0,0,0,0,0,0,1,0,0,0,0,0,0,91.99392273192585,0.0,normal
0,0.1,0,0,0,0,0,0,0,0,1,1,0,0,0,1,98.54472047931236,15.0,normal
0,0.05,0,0,0,0,0,0,0,0,0,0,0,0,0,0,76.29507970128745,0.0,normal
0,0.3,0,0,0,0,0,0,0,0,0,1,0,0,0,0,79.61641776630039,0.0,normal
0,0.05,0,0,0,0,0,0,0,1,0,0,0,0,0,0,92.36815911537668,0.0,normal
1,0.35,0,0,0,0,0,0,0,1,0,0,0,0,0,1,59.60096767036135,15.0,malicious
0,0.05,0,0,0,0,0,0,0,0,0,0,0,0,0,0,79.54941248869797,0.0,normal
0,0.08,0,0,0,0,0,0,0,0,0,0,0,1,0,0,73.58270814352034,60.0,normal
0,0.1,0,0,0,0,0,0,0,0,0,0,0,0,0,0,66.11869768842958,0.0,normal
0,0.35,0,0,0,0,0,0,0,0,0,0,0,0,0,0,75.29882267398574,0.0,normal
0,0.08,0,0,0,0,0,0,0,0,0,0,0,0,0,1,100.0,15.0,normal
3,0.35,0,0,0,0,0,0,0,0,1,0,0,0,0,0,67.62143878370084,0.0,malicious
7,0.35,0,0,0,0,0,0,0,0,1,0,0,0,0,0,73.20016647957765,0.0,malicious
3,0.35,0,0,0,0,0,0,0,0,1,0,0,0,0,0,63.795229125784125,0.0,malicious
0,0.1,0,0,0,0,0,0,0,0,1,0,0,0,0,0,72.92545258773784,0.0,normal
0,0.25,0,0,0,0,0,0,1,0,0,1,0,0,0,0,84.31708897232892,0.0,normal
0,0.1,0,0,0,0,0,0,0,0,1,0,0,0,0,0,76.56635099945953,0.0,normal
0,0.1,0,0,0,0,0,0,0,0,0,0,0,0,0,0,99.35844161175045,0.0,normal
0,0.9,0,0,1,0,0,0,0,0,1,1,0,0,0,0,66.677476722883,0.0,malicious
1,0.3,0,0,0,0,0,0,0,0,0,0,0,1,0,0,63.23449108529717,60.0,malicious
1,0.08,0,0,0,0,0,0,0,0,0,0,0,0,0,0,75.34626912203498,0.0,normal
2,0.1,0,0,0,0,0,0,0,0,0,1,0,0,1,1,84.9829537771032,45.0,malicious
0,0.55,0,0,0,0,1,0,0,0,0,0,0,0,0,0,88.1971139544263,0.0,normal
1,0.1,0,0,0,0,0,0,0,0,0,0,0,0,0,0,78.35119338715222,0.0,normal
1,0.08,0,0,0,0,0,0,0,0,0,0,0,0,0,1,76.21397699754068,15.0,normal
0,0.05,0,0,0,0,0,0,0,0,0,1,0,0,0,0,76.89152809852443,0.0,normal
3,0.35,0,0,0,0,0,0,0,0,0,1,0,0,0,0,69.233380648052,0.0,malicious
2,0.35,0,0,0,0,0,0,0,0,0,0,0,0,0,0,87.72292126097477,0.0,normal
0,0.55,0,0,0,0,1,0,0,0,0,0,0,1,0,0,84.3819635838297,60.0,suspicious
0,0.08,0,0,0,0,0,0,0,0,0,0,0,0,0,0,73.61154429071028,0.0,normal
0,0.9,0,0,1,0,0,0,0,0,0,0,0,0,0,0,52.32052107751491,0.0,malicious
1,0.1,0,0,0,0,0,0,0,0,0,0,0,0,0,0,70.75591277025734,0.0,normal
0,0.3,0,0,0,0,0,0,0,0,1,0,0,0,0,0,98.6610907713181,0.0,normal
0,0.05,0,0,0,0,0,0,0,0,0,0,0,0,0,0,78.84939007729945,0.0,normal
0,0.1,0,0,0,0,0,0,0,0,1,0,0,1,0,0,80.25204342562846,60.0,malicious
1,0.3,0,0,0,0,0,0,0,1,1,0,0,0,1,1,94.19879987721137,45.0,malicious
0,0.08,0,0,0,0,0,0,0,0,0,0,0,1,0,0,88.49443983894409,60.0,normal
0,0.05,0,0,0,0,0,0,0,0,0,1,0,0,0,0,94.32753310951422,0.0,normal
1,0.1,0,0,0,0,0,0,0,0,0,0,0,0,0,0,73.0034701741548,0.0,normal
0,0.3,0,0,0,0,0,0,0,0,1,0,0,0,0,0,63.246503423988315,0.0,suspicious
0,0.08,0,0,0,0,0,0,0,0,0,0,0,0,0,1,91.8141330856681,15.0,normal
1,0.05,0,0,0,0,0,0,0,0,0,0,0,0,0,0,68.23454664898287,0.0,suspicious
1,0.05,0,0,0,0,0,0,0,0,0,0,0,0,0,0,85.46121238741769,0.0,normal
0,0.08,0,0,0,0,0,0,0,0,0,0,0,0,0,0,76.54794804490884,0.0,normal
1,0.08,0,0,0,0,0,0,0,0,0,1,0,0,0,0,89.3443299210183,0.0,normal
1,0.3,0,0,0,0,0,0,0,0,1,0,0,0,0,0,72.08850393291516,0.0,normal
1,0.35,0,0,0,0,0,0,0,0,0,0,0,0,0,0,78.15508323160175,0.0,normal
0,0.05,0,0,0,0,0,0,0,0,0,0,0,0,0,1,100.0,15.0,normal
1,0.85,1,0,0,0,0,0,0,0,0,0,0,0,0,0,74.77693683696165,0.0,malicious
0,0.45,0,0,0,0,0,1,0,0,0,1,0,0,0,0,74.18996335740106,0.0,suspicious
1,0.1,0,0,0,0,0,0,0,0,1,1,0,0,0,0,72.2921654225082,0.0,malicious
0,0.1,0,0,0,0,0,0,0,0,1,0,0,0,0,1,65.92764594940414,15.0,normal
0,0.1,0,0,0,0,0,0,0,0,0,0,0,0,0,0,100.0,0.0,normal
0,0.1,0,0,0,0,0,0,0,0,0,0,0,0,0,0,91.94511354644641,0.0,normal
1,0.55,0,0,0,0,1,0,0,0,0,0,0,0,0,0,62.044251536636814,0.0,malicious
2,0.08,0,0,0,0,0,0,0,0,1,0,0,0,0,0,73.7896393456177,0.0,malicious
0,0.35,0,0,0,0,0,0,0,0,0,1,0,0,0,1,78.90899309033279,15.0,suspicious
3,0.35,0,0,0,0,0,0,0,0,0,0,0,0,0,0,82.38794898193584,0.0,malicious
0,0.08,0,0,0,0,0,0,0,0,1,0,0,0,0,0,81.55523678224084,0.0,normal
6,0.35,0,0,0,0,0,0,0,0,1,1,0,0,0,0,62.99787681223931,0.0,malicious
1,0.05,0,0,0,0,0,0,0,0,0,1,0,0,0,0,68.30380947114114,0.0,normal
0,0.08,0,0,0,0,0,0,0,0,0,0,0,0,0,0,97.64187700043438,0.0,normal
2,0.1,0,0,0,0,0,0,0,0,0,0,0,0,0,0,78.1371752020916,0.0,normal
0,0.08,0,0,0,0,0,0,0,0,0,0,0,0,0,0,92.8954963324384,0.0,normal
0,0.08,0,0,0,0,0,0,0,0,0,0,0,1,0,0,78.10079252239714,60.0,normal
0,0.08,0,0,0,0,0,0,0,0,0,0,0,0,0,0,63.58483071712969,0.0,normal
0,0.08,0,0,0,0,0,0,0,0,0,0,0,0,0,0,76.91463344277778,0.0,normal
1,0.45,0,0,0,0,0,1,0,0,0,1,0,0,0,0,99.7579577456118,0.0,malicious
1,0.05,0,0,0,0,0,0,0,0,0,0,0,1,0,0,86.40218760852092,60.0,suspicious
0,0.55,0,0,0,0,1,0,0,0,0,0,0,0,0,0,58.14832507555902,0.0,suspicious
0,0.1,0,0,0,0,0,0,0,0,0,1,0,0,0,0,76.53282744022327,0.0,normal
1,0.1,0,0,0,0,0,0,0,0,1,0,0,0,0,0,60.33385047434107,0.0,malicious
1,0.08,0,0,0,0,0,0,0,0,0,0,0,0,0,0,91.96961590266692,0.0,normal
0,0.08,0,0,0,0,0,0,0,0,0,0,0,0,0,0,58.081517242750316,0.0,normal
1,0.08,0,0,0,0,0,0,0,0,0,1,0,0,0,0,81.03995326561567,0.0,suspicious
1,0.08,0,0,0,0,0,0,0,0,0,0,0,0,0,0,86.0283655391051,0.0,normal
0,0.08,0,0,0,0,0,0,0,0,0,0,0,1,0,0,69.199385736229,60.0,normal
2,0.08,0,0,0,0,0,0,0,0,0,0,0,0,0,0,100.0,0.0,normal
0,0.05,0,0,0,0,0,0,0,0,0,0,0,0,0,0,81.64264727119584,0.0,suspicious
0,0.08,0,0,0,0,0,0,0,0,0,0,0,0,0,0,72.91322833475829,0.0,normal
3,0.35,0,0,0,0,0,0,0,1,0,0,0,0,0,0,64.59552869523358,0.0,malicious
0,0.45,0,0,0,0,0,1,0,1,0,1,0,0,0,0,87.74167551919587,0.0,suspicious
0,0.05,0,0,0,0,0,0,0,0,0,0,0,0,0,0,81.55671920808474,0.0,normal
0,0.25,0,0,0,0,0,0,1,1,0,1,0,0,0,0,99.45085935296362,0.0,normal
1,0.1,0,0,0,0,0,0,0,0,1,0,0,0,0,0,94.61055550041524,0.0,normal
2,0.08,0,0,0,0,0,0,0,0,0,0,0,0,0,0,83.80550576384498,0.0,normal
3,0.1,0,0,0,0,0,0,0,0,0,0,0,1,0,0,76.75561704733806,60.0,malicious
0,0.5,0,1,0,0,0,0,0,0,1,0,0,1,0,0,87.89350362918829,60.0,malicious
1,0.45,0,0,0,0,0,1,0,1,0,0,0,0,0,1,72.87298267323752,15.0,malicious
1,0.25,0,0,0,0,0,0,1,0,0,1,0,0,0,0,84.36621104121562,0.0,normal
1,0.1,0,0,0,0,0,0,0,0,0,1,0,0,0,0,86.99231990247605,0.0,normal
0,0.3,0,0,0,0,0,0,0,1,0,0,0,0,0,0,87.10553582390465,0.0,normal
0,0.08,0,0,0,0,0,0,0,0,0,0,0,0,0,0,98.2338864767061,0.0,normal
0,0.1,0,0,0,0,0,0,0,1,0,0,0,0,0,0,87.28351542360303,0.0,normal
1,0.1,0,0,0,0,0,0,0,0,0,0,0,0,1,0,96.05725221321883,30.0,normal
2,0.5,0,1,0,0,0,0,0,1,1,0,0,0,0,0,53.962408227393105,0.0,malicious
0,0.1,0,0,0,0,0,0,0,0,0,0,0,0,0,0,87.0323330775889,0.0,normal
2,0.1,0,0,0,0,0,0,0,0,0,0,0,0,0,0,78.72378824470556,0.0,normal
2,0.1,0,0,0,0,0,0,0,0,1,1,0,0,0,0,94.24450225291493,0.0,malicious
1,0.08,0,0,0,0,0,0,0,0,0,0,0,0,0,0,100.0,0.0,normal
1,0.08,0,0,0,0,0,0,0,0,0,0,0,0,0,0,68.74908979764011,0.0,suspicious
1,0.1,0,0,0,0,0,0,0,1,0,0,0,0,0,0,77.6611378773243,0.0,normal
1,0.1,0,0,0,0,0,0,0,1,0,1,0,1,0,0,84.7257120842256,60.0,malicious
0,0.05,0,0,0,0,0,0,0,1,1,0,0,0,0,0,93.00311398200552,0.0,normal
1,0.5,0,1,0,0,0,0,0,1,1,0,0,0,0,0,65.11215274124655,0.0,malicious
1,0.1,0,0,0,0,0,0,0,0,1,0,0,0,1,1,100.0,45.0,suspicious
0,0.1,0,0,0,0,0,0,0,0,0,0,0,0,1,1,79.04870305482008,45.0,normal
0,0.08,0,0,0,0,0,0,0,0,0,0,0,0,0,1,95.60644213291505,15.0,normal
1,0.1,0,0,0,0,0,0,0,0,1,0,0,0,0,0,55.13824584886422,0.0,suspicious
0,0.08,0,0,0,0,0,0,0,0,1,0,0,0,0,1,76.45805847522699,15.0,normal
0,0.05,0,0,0,0,0,0,0,0,0,0,0,0,0,0,73.08155933118108,0.0,normal
0,1.0,0,0,0,1,0,0,0,0,0,1,0,0,0,1,66.11662399892543,15.0,malicious
0,0.05,0,0,0,0,0,0,0,1,0,0,0,0,1,0,88.82420227261082,30.0,normal
0,0.1,0,0,0,0,0,0,0,0,0,0,0,0,0,0,100.0,0.0,normal
0,0.1,0,0,0,0,0,0,0,0,1,1,0,0,0,0,78.23893068933691,0.0,normal
0,0.55,0,0,0,0,1,0,0,0,0,1,0,0,0,0,68.12367909552734,0.0,malicious
1,0.25,0,0,0,0,0,0,1,0,0,1,0,0,0,0,86.96873245455463,0.0,malicious
0,0.85,1,0,0,0,0,0,0,0,1,0,0,0,0,0,81.34564768931665,0.0,malicious
0,0.3,0,0,0,0,0,0,0,1,1,0,0,0,0,0,87.74113698291166,0.0,normal
2,0.08,0,0,0,0,0,0,0,0,0,0,0,0,0,0,82.3900126494402,0.0,normal
0,0.08,0,0,0,0,0,0,0,0,0,0,0,0,0,0,74.71652697752982,0.0,normal
1,0.08,0,0,0,0,0,0,0,0,0,0,0,0,0,0,67.52947827666551,0.0,normal
0,0.05,0,0,0,0,0,0,0,0,0,0,0,0,0,0,100.0,0.0,normal
0,0.45,0,0,0,0,0,1,0,1,1,0,0,0,1,1,80.24628121729721,45.0,malicious
0,0.05,0,0,0,0,0,0,0,0,0,0,0,0,0,1,83.81600802851229,15.0,normal
1,0.1,0,0,0,0,0,0,0,0,1,0,0,0,0,1,100.0,15.0,normal
0,0.05,0,0,0,0,0,0,0,0,0,0,0,0,0,1,69.95417877345726,15.0,normal
0,0.08,0,0,0,0,0,0,0,0,0,0,0,0,0,0,76.13956474248403,0.0,normal
1,0.05,0,0,0,0,0,0,0,0,0,0,0,0,0,1,97.99977432933605,15.0,normal
0,0.25,0,0,0,0,0,0,1,1,0,1,0,0,0,0,84.75935606720337,0.0,suspicious
0,0.25,0,0,0,0,0,0,1,0,1,1,0,0,0,0,92.87510323891347,0.0,normal
0,0.08,0,0,0,0,0,0,0,0,0,0,0,0,0,0,79.63654553101333,0.0,normal
0,0.08,0,0,0,0,0,0,0,0,0,0,0,0,0,1,75.69280480678931,15.0,normal
0,0.1,0,0,0,0,0,0,0,0,1,0,0,0,0,1,63.92754001519809,15.0,suspicious
1,0.1,0,0,0,0,0,0,0,0,1,0,0,0,0,0,75.01683504802443,0.0,normal
1,0.05,0,0,0,0,0,0,0,0,0,0,0,0,0,0,96.8579448636783,0.0,normal
2,0.08,0,0,0,0,0,0,0,0,0,0,0,0,0,0,100.0,0.0,normal
5,0.35,0,0,0,0,0,0,0,0,0,0,0,0,0,0,83.31905039815184,0.0,malicious
4,0.08,0,0,0,0,0,0,0,0,0,0,0,0,0,0,73.47959152942663,0.0,malicious
0,0.1,0,0,0,0,0,0,0,0,0,0,0,0,0,1,92.69166142735227,15.0,normal
1,0.05,0,0,0,0,0,0,0,0,0,0,0,1,0,1,87.71820465014534,75.0,suspicious
0,0.08,0,0,0,0,0,0,0,0,0,0,0,0,0,0,72.97987262569788,0.0,normal
0,0.08,0,0,0,0,0,0,0,0,0,0,0,0,0,0,81.59491633400424,0.0,normal
0,1.0,0,0,0,1,0,0,0,0,0,1,0,0,0,0,77.17855109352094,0.0,malicious
1,0.5,0,1,0,0,0,0,0,0,0,0,0,0,0,0,71.07049522235539,0.0,malicious
0,0.1,0,0,0,0,0,0,0,0,0,0,0,1,0,0,77.67760589096352,60.0,normal
6,0.35,0,0,0,0,0,0,0,1,1,1,0,0,0,0,82.0085787849425,0.0,malicious
0,0.08,0,0,0,0,0,0,0,0,0,1,0,0,0,0,76.19784857111786,0.0,normal
1,0.08,0,0,0,0,0,0,0,0,0,0,0,0,0,0,88.65216282070672,0.0,normal
0,0.08,0,0,0,0,0,0,0,0,0,0,0,0,0,0,86.33210042951465,0.0,normal
0,0.3,0,0,0,0,0,0,0,0,0,1,0,0,0,0,95.76795441909735,0.0,normal
0,0.08,0,0,0,0,0,0,0,0,0,1,0,0,0,0,67.59391437474022,0.0,normal
2,0.25,0,0,0,0,0,0,1,0,1,0,0,0,0,0,75.60604393164877,0.0,malicious
2,0.08,0,0,0,0,0,0,0,0,0,0,0,1,0,0,66.25171049393333,60.0,malicious
1,0.1,0,0,0,0,0,0,0,0,0,0,1,0,0,0,98.51788923162731,70.0,suspicious
1,0.08,0,0,0,0,0,0,0,0,0,0,0,0,0,0,80.53064119512004,0.0,normal
1,0.08,0,0,0,0,0,0,0,1,0,0,0,0,0,0,95.69120290913501,0.0,normal
1,0.45,0,0,0,0,0,1,0,0,0,0,0,0,0,0,82.50185321278266,0.0,suspicious
2,0.35,0,0,0,0,0,0,0,0,1,0,0,0,0,0,68.83275124045312,0.0,malicious
0,0.1,0,0,0,0,0,0,0,0,0,0,0,0,0,0,97.08440475300722,0.0,normal
1,0.1,0,0,0,0,0,0,0,0,1,0,0,0,0,0,93.4344953793913,0.0,normal
1,0.1,0,0,0,0,0,0,0,0,0,0,0,0,0,0,62.87758916893842,0.0,normal
2,0.35,0,0,0,0,0,0,0,0,0,0,0,0,0,0,77.60392034567953,0.0,normal
2,0.1,0,0,0,0,0,0,0,0,0,0,0,1,0,1,74.14619022528623,75.0,malicious
0,0.05,0,0,0,0,0,0,0,0,0,0,0,0,0,0,49.785296919927,0.0,normal
7,0.35,0,0,0,0,0,0,0,0,0,0,0,0,0,0,71.96843133686755,0.0,malicious
0,0.3,0,0,0,0,0,0,0,0,1,1,0,0,0,0,85.19772613948022,0.0,normal
0,0.08,0,0,0,0,0,0,0,0,0,0,0,0,0,1,87.21233878021042,15.0,normal
2,0.05,0,0,0,0,0,0,0,0,0,0,1,0,0,0,88.20132779180464,70.0,malicious
0,0.5,0,1,0,0,0,0,0,0,1,0,0,0,0,0,59.299732931820735,0.0,malicious
0,0.05,0,0,0,0,0,0,0,1,0,0,0,0,0,0,85.30484477223268,0.0,normal
0,0.08,0,0,0,0,0,0,0,1,0,0,0,0,0,0,67.23776577564695,0.0,normal
0,0.05,0,0,0,0,0,0,0,0,0,1,0,0,0,1,76.40850718670646,15.0,normal
0,0.08,0,0,0,0,0,0,0,0,0,0,0,0,0,0,93.50469573470374,0.0,normal
1,0.05,0,0,0,0,0,0,0,1,0,0,0,0,0,0,69.09119921187394,0.0,suspicious
5,0.35,0,0,0,0,0,0,0,0,1,1,0,0,0,1,52.93925015572056,15.0,malicious
0,0.08,0,0,0,0,0,0,0,0,1,0,0,0,0,0,95.88658227484025,0.0,normal
0,0.5,0,1,0,0,0,0,0,1,0,1,0,0,0,1,76.17048379413276,15.0,malicious
0,0.05,0,0,0,0,0,0,0,0,0,0,0,0,0,0,77.7943130403527,0.0,normal
0,0.1,0,0,0,0,0,0,0,0,1,0,0,0,0,1,73.7901333632916,15.0,suspicious
0,0.3,0,0,0,0,0,0,0,0,0,0,0,0,0,0,89.11895851112301,0.0,normal
1,0.08,0,0,0,0,0,0,0,0,0,0,0,0,0,1,96.39964109936383,15.0,normal
0,0.05,0,0,0,0,0,0,0,0,0,0,0,0,0,1,74.30922949025022,15.0,normal
1,0.45,0,0,0,0,0,1,0,0,0,1,0,0,1,0,78.4174412469117,30.0,malicious
1,0.05,0,0,0,0,0,0,0,0,0,0,0,0,0,0,86.35169087402627,0.0,normal
0,0.05,0,0,0,0,0,0,0,0,0,0,0,0,0,0,81.09199675738363,0.0,normal
0,0.3,0,0,0,0,0,0,0,0,1,1,0,0,0,0,80.56456940934133,0.0,normal
0,0.1,0,0,0,0,0,0,0,1,1,0,0,0,0,0,88.26209663434074,0.0,normal
0,0.3,0,0,0,0,0,0,0,0,0,1,0,0,0,0,62.24939284611265,0.0,normal
0,0.5,0,1,0,0,0,0,0,0,0,1,0,0,0,0,64.04348467299953,0.0,suspicious
0,0.08,0,0,0,0,0,0,0,0,0,0,0,1,0,0,89.79851315762559,60.0,normal
1,0.35,0,0,0,0,0,0,0,0,0,1,0,0,0,0,49.760638296032525,0.0,malicious
0,0.08,0,0,0,0,0,0,0,0,0,0,0,0,0,0,75.58437406722405,0.0,suspicious
1,0.55,0,0,0,0,1,0,0,0,1,0,0,0,1,1,63.851772441464206,45.0,malicious
1,0.05,0,0,0,0,0,0,0,1,1,1,0,0,0,1,74.77041238636042,15.0,malicious
0,0.08,0,0,0,0,0,0,0,1,0,0,0,0,0,0,72.64648576218062,0.0,suspicious
0,0.9,0,0,1,0,0,0,0,0,1,0,0,0,0,0,77.81751887728134,0.0,malicious
4,0.35,0,0,0,0,0,0,0,0,0,1,0,0,0,1,68.51923034153239,15.0,malicious
1,0.08,0,0,0,0,0,0,0,0,0,0,0,0,0,0,96.64357184604938,0.0,normal
3,0.25,0,0,0,0,0,0,1,0,0,0,0,0,0,0,89.3669117977405,0.0,malicious
1,0.08,0,0,0,0,0,0,0,0,0,0,0,0,0,0,97.47005767748338,0.0,normal
1,0.1,0,0,0,0,0,0,0,0,1,0,0,0,0,0,83.19111368496401,0.0,normal
0,0.05,0,0,0,0,0,0,0,0,0,0,0,0,0,1,76.59793213492651,15.0,normal
1,0.25,0,0,0,0,0,0,1,1,1,1,0,0,0,1,84.61879094402968,15.0,malicious
1,0.08,0,0,0,0,0,0,0,0,0,0,0,0,0,0,83.12035895103921,0.0,normal
0,0.55,0,0,0,0,1,0,0,1,0,1,0,0,0,0,72.34536327066266,0.0,malicious
1,0.05,0,0,0,0,0,0,0,0,0,0,0,0,0,0,76.69796064444049,0.0,normal
0,0.08,0,0,0,0,0,0,0,0,0,0,0,0,0,0,69.1942512098469,0.0,normal
1,0.08,0,0,0,0,0,0,0,0,0,0,0,0,0,0,62.39842599046037,0.0,normal
0,0.9,0,0,1,0,0,0,0,1,0,0,0,0,0,0,76.57379637537625,0.0,malicious
1,0.5,0,1,0,0,0,0,0,0,1,0,0,0,0,0,68.40075770692695,0.0,malicious
0,0.08,0,0,0,0,0,0,0,0,0,0,0,0,0,1,100.0,15.0,normal
0,0.05,0,0,0,0,0,0,0,0,0,0,0,0,0,0,92.24827488235043,0.0,normal
0,1.0,0,0,0,1,0,0,0,1,0,0,0,1,0,1,77.98197881459657,75.0,malicious
0,0.08,0,0,0,0,0,0,0,0,0,0,0,0,0,1,80.99527788324512,15.0,normal
0,0.1,0,0,0,0,0,0,0,0,0,0,0,0,0,0,95.63535885797862,0.0,normal
0,0.1,0,0,0,0,0,0,0,0,1,0,0,0,0,1,100.0,15.0,normal
2,0.1,0,0,0,0,0,0,0,0,0,0,0,0,0,1,79.04908373168355,15.0,normal
0,0.05,0,0,0,0,0,0,0,0,0,1,0,0,0,1,100.0,15.0,normal
0,0.05,0,0,0,0,0,0,0,0,0,0,0,0,0,0,89.7852855910295,0.0,normal
0,0.08,0,0,0,0,0,0,0,0,0,0,0,0,0,0,91.20100899124078,0.0,normal
3,0.55,0,0,0,0,1,0,0,1,0,0,0,0,0,1,67.2774510605243,15.0,malicious
1,0.08,0,0,0,0,0,0,0,0,0,0,0,0,0,0,97.07331211787317,0.0,normal
2,0.9,0,0,1,0,0,0,0,0,1,0,0,0,1,0,70.48177466627841,30.0,malicious
4,0.35,0,0,0,0,0,0,0,0,1,0,0,0,0,0,52.73700285576808,0.0,malicious
0,0.5,0,1,0,0,0,0,0,0,0,1,0,0,0,0,63.84483242025127,0.0,malicious
0,0.05,0,0,0,0,0,0,0,0,0,0,0,0,0,0,91.90689762394973,0.0,normal
1,0.5,0,1,0,0,0,0,0,1,1,0,0,0,0,0,53.447251789622385,0.0,malicious
1,0.1,0,0,0,0,0,0,0,0,1,0,0,0,0,0,72.14334771308455,0.0,suspicious
0,0.1,0,0,0,0,0,0,0,0,1,0,0,0,0,0,77.76014659135342,0.0,suspicious
0,0.05,0,0,0,0,0,0,0,0,0,0,0,0,0,0,90.71260172619897,0.0,normal
2,0.35,0,0,0,0,0,0,0,0,0,0,0,0,0,0,86.74786772937772,0.0,normal
0,0.08,0,0,0,0,0,0,0,1,0,0,0,0,0,1,43.112630561560565,15.0,suspicious
0,0.25,0,0,0,0,0,0,1,1,0,0,0,1,0,0,81.12513168156383,60.0,normal
1,0.1,0,0,0,0,0,0,0,0,0,0,0,0,0,0,87.36903352880704,0.0,normal
0,0.1,0,0,0,0,0,0,0,1,1,0,0,0,0,0,93.00234869964551,0.0,normal
1,0.1,0,0,0,0,0,0,0,0,1,1,0,1,0,1,95.19221289146273,75.0,malicious
0,0.55,0,0,0,0,1,0,0,1,0,0,0,0,0,0,79.08422146918593,0.0,suspicious
1,0.08,0,0,0,0,0,0,0,0,0,0,1,1,0,0,98.57341364937598,100.0,malicious
1,0.05,0,0,0,0,0,0,0,0,0,0,0,0,0,0,83.03818147219268,0.0,normal
1,0.1,0,0,0,0,0,0,0,0,1,1,0,0,1,1,100.0,45.0,malicious
1,0.1,0,0,0,0,0,0,0,0,1,0,0,0,0,0,84.3751593881589,0.0,normal
0,0.45,0,0,0,0,0,1,0,1,1,1,0,0,0,0,99.06761259296457,0.0,malicious
0,0.05,0,0,0,0,0,0,0,0,0,0,0,0,0,0,100.0,0.0,normal
0,0.05,0,0,0,0,0,0,0,1,0,0,0,0,0,0,98.09718149199001,0.0,normal
0,0.3,0,0,0,0,0,0,0,0,0,0,0,0,0,0,80.91754422255067,0.0,normal
0,0.05,0,0,0,0,0,0,0,0,0,0,0,0,0,0,67.76071274638565,0.0,normal
1,1.0,0,0,0,1,0,0,0,1,0,1,0,0,0,0,50.8021978742829,0.0,malicious
0,0.85,1,0,0,0,0,0,0,0,1,0,0,0,0,0,79.49367610862905,0.0,malicious
0,0.1,0,0,0,0,0,0,0,0,0,0,0,0,0,0,78.4868417783568,0.0,normal
2,0.35,0,0,0,0,0,0,0,1,1,1,0,0,0,0,52.47739133080292,0.0,malicious
1,0.55,0,0,0,0,1,0,0,0,0,0,0,0,0,0,61.21101872904988,0.0,malicious
0,0.25,0,0,0,0,0,0,1,0,0,1,1,0,0,0,86.22208569255402,70.0,malicious
0,0.08,0,0,0,0,0,0,0,0,0,0,0,0,0,0,59.08819496518667,0.0,normal
0,0.5,0,1,0,0,0,0,0,0,0,0,0,0,0,0,84.13452509935277,0.0,normal
0,0.08,0,0,0,0,0,0,0,0,0,0,0,1,0,0,91.3471963389417,60.0,normal
0,0.05,0,0,0,0,0,0,0,0,0,0,0,0,0,0,100.0,0.0,normal
0,0.1,0,0,0,0,0,0,0,0,1,0,0,0,0,0,76.77595586293131,0.0,normal
1,0.25,0,0,0,0,0,0,1,1,0,0,0,0,0,0,93.67270531874267,0.0,suspicious
0,0.08,0,0,0,0,0,0,0,0,0,0,0,0,0,1,100.0,15.0,normal
1,0.05,0,0,0,0,0,0,0,0,0,0,0,0,0,0,92.89266794293506,0.0,normal
0,0.25,0,0,0,0,0,0,1,1,1,1,0,0,0,0,93.2161315872346,0.0,suspicious
0,0.1,0,0,0,0,0,0,0,0,0,0,1,0,0,0,94.52862514492283,70.0,normal
2,0.5,0,1,0,0,0,0,0,0,0,1,0,0,0,0,82.44750903444125,0.0,malicious
0,0.05,0,0,0,0,0,0,0,0,0,0,0,0,0,0,75.4822960788634,0.0,normal
2,0.25,0,0,0,0,0,0,1,1,0,0,0,0,0,0,76.54867902928373,0.0,suspicious
0,0.05,0,0,0,0,0,0,0,1,0,0,0,0,0,1,83.94509514638453,15.0,normal
0,0.85,1,0,0,0,0,0,0,0,0,0,0,0,0,0,62.47906069483894,0.0,malicious
0,0.1,0,0,0,0,0,0,0,0,0,0,0,0,0,0,66.07139711685572,0.0,normal
0,0.1,0,0,0,0,0,0,0,0,0,0,0,0,0,0,87.46512803575155,0.0,normal
0,0.1,0,0,0,0,0,0,0,0,1,0,0,0,0,0,69.0610695477673,0.0,normal
1,0.25,0,0,0,0,0,0,1,0,0,1,0,0,1,1,89.32121298099946,45.0,malicious
2,0.08,0,0,0,0,0,0,0,0,0,1,0,0,0,1,96.12689351658412,15.0,suspicious
1,0.3,0,0,0,0,0,0,0,1,1,1,0,0,0,0,87.4637950612618,0.0,malicious
1,0.08,0,0,0,0,0,0,0,0,0,1,0,0,0,1,73.49928007009828,15.0,malicious
0,0.5,0,1,0,0,0,0,0,0,1,1,0,0,0,1,77.03050054397619,15.0,malicious
0,0.05,0,0,0,0,0,0,0,0,0,0,0,0,1,0,97.28199987746474,30.0,normal
1,0.3,0,0,0,0,0,0,0,1,0,1,0,0,0,0,100.0,0.0,normal
2,0.08,0,0,0,0,0,0,0,0,0,0,0,0,0,0,76.61976218773954,0.0,normal
0,0.1,0,0,0,0,0,0,0,0,0,1,0,0,0,1,88.80228024526863,15.0,normal
0,0.08,0,0,0,0,0,0,0,1,0,0,0,0,0,0,80.6353508084084,0.0,normal
0,0.08,0,0,0,0,0,0,0,1,1,0,0,1,0,0,85.60934990295972,60.0,suspicious
1,0.25,0,0,0,0,0,0,1,0,0,0,0,0,0,0,90.88868277157987,0.0,normal
0,0.55,0,0,0,0,1,0,0,0,0,1,0,0,0,1,73.34845257305427,15.0,malicious
0,0.5,0,1,0,0,0,0,0,1,1,1,0,0,0,0,84.29925665779601,0.0,malicious
1,0.08,0,0,0,0,0,0,0,0,0,0,0,0,0,1,97.04697955917877,15.0,suspicious
0,0.1,0,0,0,0,0,0,0,0,0,0,0,0,0,1,81.71668955097178,15.0,normal
1,0.3,0,0,0,0,0,0,0,0,0,1,0,0,0,0,87.99922775436285,0.0,normal
0,1.0,0,0,0,1,0,0,0,0,0,0,0,0,0,1,53.81724583998944,15.0,malicious
1,0.35,0,0,0,0,0,0,0,1,1,1,0,0,0,0,87.20297938200768,0.0,malicious
1,0.25,0,0,0,0,0,0,1,1,0,0,0,1,0,0,95.45304582333746,60.0,suspicious
0,0.08,0,0,0,0,0,0,0,0,0,0,0,0,0,0,70.66650362742615,0.0,normal
0,0.1,0,0,0,0,0,0,0,0,0,0,0,0,0,0,79.65534739187021,0.0,normal
1,0.08,0,0,0,0,0,0,0,1,0,0,0,0,0,0,94.53360375535283,0.0,normal
0,0.08,0,0,0,0,0,0,0,0,0,0,0,0,0,0,77.0507197695834,0.0,normal
1,0.1,0,0,0,0,0,0,0,0,1,0,0,0,0,0,78.03255408910937,0.0,suspicious
0,1.0,0,0,0,1,0,0,0,1,1,0,0,0,0,0,72.36631635099013,0.0,malicious
0,0.25,0,0,0,0,0,0,1,1,0,0,0,0,0,0,64.21018670174927,0.0,suspicious
1,0.05,0,0,0,0,0,0,0,0,0,0,0,0,0,1,71.55967869443286,15.0,normal
0,0.05,0,0,0,0,0,0,0,1,0,0,0,0,0,0,88.47928957686177,0.0,normal
0,0.9,0,0,1,0,0,0,0,0,1,0,0,0,0,0,71.51831758692506,0.0,malicious
0,0.08,0,0,0,0,0,0,0,0,0,1,0,0,0,0,88.67047552046435,0.0,normal
2,0.08,0,0,0,0,0,0,0,0,0,0,0,0,0,0,98.51381778582859,0.0,normal
0,0.1,0,0,0,0,0,0,0,0,1,1,0,0,0,0,90.724374961931,0.0,normal
0,0.55,0,0,0,0,1,0,0,0,0,1,0,0,0,0,58.00406120031842,0.0,malicious
1,0.05,0,0,0,0,0,0,0,0,0,0,0,0,0,0,80.99183577602106,0.0,normal
0,0.08,0,0,0,0,0,0,0,0,0,0,0,1,0,0,85.42861984864369,60.0,normal
0,0.1,0,0,0,0,0,0,0,0,0,0,0,0,0,1,98.46411369422883,15.0,normal
0,0.05,0,0,0,0,0,0,0,0,0,0,0,0,0,0,78.0918831515925,0.0,normal
0,0.3,0,0,0,0,0,0,0,0,0,0,0,0,0,0,80.02998012835201,0.0,suspicious
0,0.08,0,0,0,0,0,0,0,0,0,0,0,0,0,1,93.46469323699631,15.0,normal
0,0.25,0,0,0,0,0,0,1,0,0,1,0,0,0,0,81.31425275532456,0.0,normal
3,0.08,0,0,0,0,0,0,0,0,0,0,0,0,0,0,86.99628158655227,0.0,suspicious
0,0.25,0,0,0,0,0,0,1,1,0,0,0,0,0,0,93.94709853629415,0.0,normal
1,0.05,0,0,0,0,0,0,0,0,0,0,0,0,0,0,85.95574184909293,0.0,normal
0,0.1,0,0,0,0,0,0,0,0,0,0,0,0,0,1,95.83856263230226,15.0,normal
0,0.1,0,0,0,0,0,0,0,0,1,0,0,1,0,0,76.232173712832,60.0,normal
0,0.05,0,0,0,0,0,0,0,0,0,0,0,0,0,0,78.01413651709852,0.0,normal
1,0.55,0,0,0,0,1,0,0,1,1,1,0,0,0,0,62.81900406190389,0.0,malicious
0,0.08,0,0,0,0,0,0,0,0,0,0,0,0,0,0,100.0,0.0,normal
0,0.1,0,0,0,0,0,0,0,0,0,0,0,0,0,0,89.95664717198285,0.0,normal
1,0.05,0,0,0,0,0,0,0,1,0,0,0,0,0,0,95.27255318042793,0.0,normal
0,0.05,0,0,0,0,0,0,0,0,0,0,0,0,0,0,97.30833328224955,0.0,normal
1,0.5,0,1,0,0,0,0,0,1,0,1,0,0,0,1,56.820341375699954,15.0,malicious
0,0.08,0,0,0,0,0,0,0,1,0,0,0,0,0,0,96.71177294606301,0.0,normal
0,0.05,0,0,0,0,0,0,0,0,0,1,0,0,0,0,100.0,0.0,normal
0,0.1,0,0,0,0,0,0,0,0,1,0,0,0,0,0,100.0,0.0,normal
2,0.08,0,0,0,0,0,0,0,0,1,0,0,0,0,0,84.48739384626136,0.0,malicious
1,0.08,0,0,0,0,0,0,0,0,0,0,0,0,0,0,71.94684219241304,0.0,normal
0,0.25,0,0,0,0,0,0,1,0,1,1,0,0,0,0,74.88663801187846,0.0,malicious
1,0.05,0,0,0,0,0,0,0,0,0,0,0,0,0,0,74.67127340027662,0.0,suspicious
2,0.05,0,0,0,0,0,0,0,0,0,0,0,0,0,1,71.64599429402762,15.0,malicious
2,0.05,0,0,0,0,0,0,0,0,0,1,0,0,0,0,97.81984324196698,0.0,suspicious
0,1.0,0,0,0,1,0,0,0,1,0,1,0,0,0,0,82.29272550296845,0.0,malicious
0,0.1,0,0,0,0,0,0,0,1,0,0,0,0,0,1,87.85199293842166,15.0,normal
0,0.08,0,0,0,0,0,0,0,1,0,1,0,0,0,0,99.13010735912076,0.0,normal
0,0.08,0,0,0,0,0,0,0,1,0,0,0,0,0,0,86.0012288738544,0.0,normal
0,0.3,0,0,0,0,0,0,0,1,1,0,0,0,0,0,85.73863428293271,0.0,suspicious
3,0.35,0,0,0,0,0,0,0,0,0,0,1,0,0,0,62.03553920608226,70.0,malicious
0,0.08,0,0,0,0,0,0,0,0,0,0,0,0,1,0,86.52583064870785,30.0,normal
0,0.05,0,0,0,0,0,0,0,0,0,0,0,0,0,1,86.84370005857636,15.0,normal
0,0.08,0,0,0,0,0,0,0,0,0,0,0,0,0,0,78.5794522782864,0.0,normal
1,0.1,0,0,0,0,0,0,0,0,0,0,0,0,0,0,82.6872090688487,0.0,normal
0,0.55,0,0,0,0,1,0,0,0,0,0,0,0,0,0,65.0734365177746,0.0,suspicious
0,0.3,0,0,0,0,0,0,0,1,0,1,0,0,0,0,87.99305970447773,0.0,normal
1,0.05,0,0,0,0,0,0,0,0,0,0,0,0,0,0,91.91539814790636,0.0,normal
0,0.08,0,0,0,0,0,0,0,0,0,0,0,0,0,0,94.7440099247234,0.0,normal
1,0.55,0,0,0,0,1,0,0,0,0,1,0,0,0,0,75.88519444835136,0.0,malicious
0,0.25,0,0,0,0,0,0,1,1,1,1,0,0,0,0,81.26072670657027,0.0,malicious
1,0.08,0,0,0,0,0,0,0,0,0,0,0,0,0,0,95.01740407663272,0.0,normal
3,0.35,0,0,0,0,0,0,0,0,1,0,0,0,0,1,63.93065382125618,15.0,malicious
2,0.1,0,0,0,0,0,0,0,0,1,0,1,0,0,0,74.01703001281471,70.0,malicious
0,0.1,0,0,0,0,0,0,0,0,0,1,0,0,0,0,92.28869217982755,0.0,normal
1,0.3,0,0,0,0,0,0,0,0,1,0,0,0,0,1,68.78717701845193,15.0,malicious
1,1.0,0,0,0,1,0,0,0,0,0,0,0,0,0,0,68.62939926788867,0.0,malicious
1,0.05,0,0,0,0,0,0,0,0,0,1,0,0,0,0,86.83195451467272,0.0,normal
2,0.08,0,0,0,0,0,0,0,0,0,0,0,0,0,0,79.13613056621743,0.0,normal
0,0.05,0,0,0,0,0,0,0,0,0,0,0,0,0,0,98.21739917269802,0.0,normal
1,0.1,0,0,0,0,0,0,0,0,0,0,0,0,0,0,78.95295149330957,0.0,normal
1,0.08,0,0,0,0,0,0,0,0,0,0,0,0,0,0,92.43561256085351,0.0,normal
0,0.1,0,0,0,0,0,0,0,0,0,0,0,0,0,0,93.07495453694244,0.0,normal
1,0.85,1,0,0,0,0,0,0,0,0,1,0,0,0,0,63.805823940610765,0.0,malicious
0,0.1,0,0,0,0,0,0,0,0,0,0,0,0,0,0,75.71046265364754,0.0,normal
0,0.3,0,0,0,0,0,0,0,0,0,0,0,0,0,1,90.79741035345312,15.0,normal
1,0.05,0,0,0,0,0,0,0,0,0,0,0,0,0,0,92.10861084418373,0.0,suspicious
0,0.08,0,0,0,0,0,0,0,0,0,0,0,0,0,0,94.84924517997757,0.0,normal
0,0.3,0,0,0,0,0,0,0,1,1,0,0,0,0,0,87.08291990766722,0.0,normal
1,0.08,0,0,0,0,0,0,0,0,0,0,0,0,0,0,81.81830675484288,0.0,normal
0,0.08,0,0,0,0,0,0,0,0,0,0,0,0,0,0,92.27328734130977,0.0,normal
2,0.1,0,0,0,0,0,0,0,0,0,0,0,0,0,1,95.46639065771434,15.0,normal
0,0.05,0,0,0,0,0,0,0,1,0,0,0,0,0,1,83.48565742050029,15.0,normal
3,0.35,0,0,0,0,0,0,0,1,1,1,0,0,0,0,69.92318217222713,0.0,malicious
0,0.05,0,0,0,0,0,0,0,1,0,1,0,0,0,0,74.44034313961536,0.0,normal
2,0.1,0,0,0,0,0,0,0,0,0,0,0,0,0,0,97.61877335735647,0.0,suspicious
2,0.08,0,0,0,0,0,0,0,0,0,0,0,1,0,0,85.92407024354995,60.0,suspicious
1,0.05,0,0,0,0,0,0,0,0,1,0,0,0,0,1,81.71642684658862,15.0,suspicious
0,0.1,0,0,0,0,0,0,0,0,0,0,0,0,0,0,97.65943519846948,0.0,normal
1,0.3,0,0,0,0,0,0,0,1,0,0,0,0,0,0,81.25600731022958,0.0,normal
1,0.9,0,0,1,0,0,0,0,0,1,0,0,0,0,0,53.92152685299574,0.0,malicious
0,0.08,0,0,0,0,0,0,0,0,0,0,0,0,0,0,67.18298575594832,0.0,normal
0,0.25,0,0,0,0,0,0,1,0,1,1,0,0,0,0,82.40850900202508,0.0,suspicious
1,0.35,0,0,0,0,0,0,0,0,0,1,0,0,0,0,58.663604511874524,0.0,malicious
0,0.05,0,0,0,0,0,0,0,0,0,0,0,1,0,0,94.73769603107583,60.0,normal
1,0.08,0,0,0,0,0,0,0,0,1,1,0,0,0,0,84.65101733890913,0.0,suspicious
1,0.05,0,0,0,0,0,0,0,0,0,0,0,0,0,1,69.22809780959321,15.0,normal
0,0.1,0,0,0,0,0,0,0,0,0,0,0,0,1,0,67.71423342469984,30.0,normal
0,0.35,0,0,0,0,0,0,0,1,1,1,0,0,0,0,61.272869089166726,0.0,malicious
0,0.1,0,0,0,0,0,0,0,1,1,0,0,0,0,0,78.94084188798229,0.0,normal
1,0.1,0,0,0,0,0,0,0,0,0,0,0,0,0,0,76.37778965664931,0.0,normal
0,0.55,0,0,0,0,1,0,0,0,0,0,0,0,0,0,67.91075225520433,0.0,suspicious
2,0.1,0,0,0,0,0,0,0,0,0,0,0,0,0,0,77.33175175488184,0.0,malicious
0,0.3,0,0,0,0,0,0,0,0,0,0,0,0,0,1,78.04945841893236,15.0,normal
1,0.1,0,0,0,0,0,0,0,0,1,0,0,0,0,0,69.044419242009,0.0,suspicious
0,0.5,0,1,0,0,0,0,0,0,0,0,0,0,0,1,62.89964873918761,15.0,malicious
1,1.0,0,0,0,1,0,0,0,0,0,0,0,1,0,1,69.15908002536474,75.0,malicious
0,0.85,1,0,0,0,0,0,0,1,0,0,0,0,0,0,82.8062134688552,0.0,malicious
2,0.08,0,0,0,0,0,0,0,0,0,1,1,0,0,0,91.08996266174456,70.0,malicious
0,0.05,0,0,0,0,0,0,0,0,0,0,0,0,0,0,89.59120435349729,0.0,normal
0,0.5,0,1,0,0,0,0,0,1,0,1,0,0,0,0,84.55187027728013,0.0,malicious
4,0.35,0,0,0,0,0,0,0,0,1,0,0,0,0,0,68.7227339274363,0.0,malicious
2,0.35,0,0,0,0,0,0,0,0,0,0,0,1,0,0,58.83302796328485,60.0,malicious
0,0.1,0,0,0,0,0,0,0,0,0,0,0,0,0,0,91.496688535741,0.0,normal
0,0.08,0,0,0,0,0,0,0,0,0,1,0,0,0,0,85.38298552448202,0.0,normal
1,0.1,0,0,0,0,0,0,0,0,0,0,0,0,0,0,94.32649001708259,0.0,normal
3,0.05,0,0,0,0,0,0,0,0,0,0,0,0,0,1,83.52721749722052,15.0,malicious
0,0.55,0,0,0,0,1,0,0,0,0,1,0,0,0,0,65.20129902436352,0.0,malicious
3,0.35,0,0,0,0,0,0,0,1,0,1,0,0,0,0,62.40960310752163,0.0,malicious
0,0.3,0,0,0,0,0,0,0,0,0,1,0,0,0,0,67.96792060902331,0.0,suspicious
0,0.1,0,0,0,0,0,0,0,0,0,0,0,0,0,0,70.66695676517902,0.0,normal
2,0.1,0,0,0,0,0,0,0,0,1,0,0,0,0,0,71.3868247792294,0.0,malicious
2,0.08,0,0,0,0,0,0,0,0,0,0,0,0,0,0,80.05852079348249,0.0,normal
0,0.05,0,0,0,0,0,0,0,1,0,0,0,1,0,0,100.0,60.0,normal
0,0.5,0,1,0,0,0,0,0,1,0,0,0,0,0,0,69.84797827721879,0.0,suspicious
0,0.05,0,0,0,0,0,0,0,0,0,0,0,0,0,0,95.64023153417372,0.0,normal
1,0.08,0,0,0,0,0,0,0,0,0,0,0,0,0,0,82.61232336891567,0.0,normal
0,0.55,0,0,0,0,1,0,0,0,0,0,0,0,1,0,58.82157129687543,30.0,malicious
0,0.5,0,1,0,0,0,0,0,0,0,0,0,0,0,0,80.16724009091527,0.0,suspicious
2,0.35,0,0,0,0,0,0,0,0,1,1,0,0,0,0,69.34399477372776,0.0,malicious
2,0.1,0,0,0,0,0,0,0,0,0,0,0,1,0,0,76.51873568267273,60.0,malicious
2,0.05,0,0,0,0,0,0,0,0,0,0,0,0,0,0,62.17577816492243,0.0,suspicious
1,0.35,0,0,0,0,0,0,0,1,0,0,0,0,0,0,74.08936828236268,0.0,suspicious
1,0.1,0,0,0,0,0,0,0,0,1,1,0,0,0,0,88.23741755427005,0.0,normal
0,0.05,0,0,0,0,0,0,0,0,0,0,0,0,0,0,87.43961753289368,0.0,suspicious
1,0.05,0,0,0,0,0,0,0,0,0,0,0,0,1,0,92.85124434973959,30.0,normal
0,0.08,0,0,0,0,0,0,0,0,0,0,0,0,0,0,90.54448556714615,0.0,normal
1,0.05,0,0,0,0,0,0,0,0,0,0,0,0,0,0,81.55691022762616,0.0,normal
1,0.1,0,0,0,0,0,0,0,0,0,0,0,0,0,0,86.26534783007062,0.0,normal
1,0.1,0,0,0,0,0,0,0,0,0,0,0,0,0,0,71.39291580314946,0.0,normal
1,0.3,0,0,0,0,0,0,0,0,0,0,0,0,0,1,65.55553592305648,15.0,normal
0,0.08,0,0,0,0,0,0,0,0,0,0,0,0,0,0,84.0879251386422,0.0,normal
1,0.5,0,1,0,0,0,0,0,0,0,0,0,0,0,0,70.59942514974814,0.0,malicious
1,0.1,0,0,0,0,0,0,0,0,0,0,0,0,1,0,89.42395394118718,30.0,suspicious
1,0.1,0,0,0,0,0,0,0,0,1,0,0,0,0,1,83.04568320786174,15.0,suspicious
0,0.08,0,0,0,0,0,0,0,0,0,1,0,0,1,0,100.0,30.0,normal
1,0.1,0,0,0,0,0,0,0,0,0,0,0,0,0,1,88.37710912664379,15.0,normal
1,0.1,0,0,0,0,0,0,0,1,1,0,0,0,0,0,94.02518587057986,0.0,normal
0,0.1,0,0,0,0,0,0,0,0,0,0,0,0,0,0,83.78173171708362,0.0,normal
1,0.08,0,0,0,0,0,0,0,0,0,0,0,1,0,0,82.97243473924917,60.0,normal
1,0.05,0,0,0,0,0,0,0,1,0,0,0,0,0,0,73.97857748691993,0.0,normal
0,0.25,0,0,0,0,0,0,1,0,1,0,0,0,0,0,80.84742561279688,0.0,normal
0,0.9,0,0,1,0,0,0,0,1,1,0,0,0,1,0,58.762176561895444,30.0,malicious
1,0.1,0,0,0,0,0,0,0,0,1,0,0,0,0,1,90.73265629787974,15.0,suspicious
0,0.05,0,0,0,0,0,0,0,0,0,0,0,0,1,0,69.07499290363762,30.0,normal
0,0.08,0,0,0,0,0,0,0,0,0,0,0,0,0,0,90.74920299519302,0.0,normal
0,0.05,0,0,0,0,0,0,0,0,0,0,1,0,0,0,53.4325179779769,70.0,suspicious
2,0.08,0,0,0,0,0,0,0,0,0,0,0,0,0,0,74.08766715163779,0.0,normal
1,0.05,0,0,0,0,0,0,0,0,0,0,0,0,0,0,76.37148406311366,0.0,normal
0,0.08,0,0,0,0,0,0,0,0,0,0,0,0,0,0,84.62626091503144,0.0,normal
0,0.1,0,0,0,0,0,0,0,0,0,0,0,0,0,0,71.82360295472006,0.0,normal
0,0.05,0,0,0,0,0,0,0,0,0,0,1,0,0,1,80.81638436349233,85.0,suspicious
0,0.9,0,0,1,0,0,0,0,1,1,0,0,0,0,0,64.57944944143124,0.0,malicious
1,0.05,0,0,0,0,0,0,0,0,0,0,0,0,0,1,92.4135248174484,15.0,normal
0,0.05,0,0,0,0,0,0,0,0,0,0,0,0,0,0,100.0,0.0,normal
3,0.05,0,0,0,0,0,0,0,0,0,0,0,0,0,1,83.06555772526019,15.0,suspicious
1,0.3,0,0,0,0,0,0,0,0,0,0,0,0,0,0,89.04626035029118,0.0,normal
0,0.45,0,0,0,0,0,1,0,1,0,0,0,0,0,0,98.36608451706422,0.0,normal
0,0.08,0,0,0,0,0,0,0,0,0,0,0,0,0,0,93.17485879060742,0.0,normal
0,0.35,0,0,0,0,0,0,0,0,0,1,0,0,0,0,71.44826256598967,0.0,normal
0,0.1,0,0,0,0,0,0,0,0,0,0,0,0,0,1,90.0607313333209,15.0,normal
0,0.45,0,0,0,0,0,1,0,0,0,0,0,0,0,1,84.31159144153703,15.0,normal
0,0.05,0,0,0,0,0,0,0,0,0,0,0,0,0,0,100.0,0.0,normal
0,0.05,0,0,0,0,0,0,0,0,0,0,0,0,0,0,87.06004191151465,0.0,normal
1,0.05,0,0,0,0,0,0,0,0,0,0,0,0,1,0,68.5695171568967,30.0,normal
1,0.05,0,0,0,0,0,0,0,0,0,0,0,0,0,0,84.2369577885656,0.0,normal
0,0.08,0,0,0,0,0,0,0,0,0,1,0,0,0,0,80.30414669002566,0.0,normal
0,0.1,0,0,0,0,0,0,0,0,0,0,0,0,0,1,89.39939955076908,15.0,normal
0,0.55,0,0,0,0,1,0,0,0,1,0,0,0,0,0,56.039661555047616,0.0,malicious
1,0.1,0,0,0,0,0,0,0,0,1,0,1,0,0,0,70.6967328372884,70.0,malicious
3,0.35,0,0,0,0,0,0,0,1,0,1,0,0,0,0,72.84616415493184,0.0,malicious
0,0.08,0,0,0,0,0,0,0,0,0,1,0,0,0,1,100.0,15.0,normal
1,0.08,0,0,0,0,0,0,0,0,0,0,0,0,0,0,88.216554334653,0.0,normal
1,0.1,0,0,0,0,0,0,0,0,0,0,0,0,0,1,76.75999101327517,15.0,normal
0,0.08,0,0,0,0,0,0,0,0,0,0,0,0,0,0,85.33939260567936,0.0,normal
1,0.05,0,0,0,0,0,0,0,0,0,0,0,1,0,0,94.8745466696437,60.0,suspicious
0,0.05,0,0,0,0,0,0,0,0,0,0,0,0,0,0,77.50949015134304,0.0,normal
1,0.3,0,0,0,0,0,0,0,0,1,0,0,0,0,0,79.75574387018843,0.0,suspicious
1,0.05,0,0,0,0,0,0,0,0,0,0,0,0,0,0,100.0,0.0,normal
0,0.1,0,0,0,0,0,0,0,0,0,0,0,0,0,0,73.52670313504959,0.0,normal
0,0.05,0,0,0,0,0,0,0,1,0,1,0,0,1,0,76.75776604614056,30.0,suspicious
0,0.05,0,0,0,0,0,0,0,1,1,0,0,0,0,0,81.84608301097983,0.0,normal
0,0.05,0,0,0,0,0,0,0,0,0,0,0,1,0,0,64.92176286353904,60.0,normal
3,0.08,0,0,0,0,0,0,0,0,0,0,0,0,0,0,99.96874200280142,0.0,normal
0,1.0,0,0,0,1,0,0,0,0,0,0,0,1,0,0,51.41251427662776,60.0,malicious
0,0.08,0,0,0,0,0,0,0,0,0,1,0,0,0,0,100.0,0.0,normal
1,0.08,0,0,0,0,0,0,0,0,0,0,0,0,0,1,97.63326800436133,15.0,normal
0,0.08,0,0,0,0,0,0,0,0,0,1,0,0,0,0,65.86541753278647,0.0,normal
1,0.05,0,0,0,0,0,0,0,0,0,1,0,0,0,1,73.95240575450349,15.0,malicious
1,0.1,0,0,0,0,0,0,0,0,1,0,0,0,0,0,74.89995830962495,0.0,normal
1,0.85,1,0,0,0,0,0,0,0,1,0,0,0,0,1,65.0976265888491,15.0,malicious
0,0.25,0,0,0,0,0,0,1,1,1,1,0,0,0,0,96.13349958023572,0.0,normal
0,0.1,0,0,0,0,0,0,0,0,0,0,0,0,0,0,94.43536571577943,0.0,normal
4,0.35,0,0,0,0,0,0,0,0,1,1,0,1,0,0,78.23736337666486,60.0,malicious
1,0.1,0,0,0,0,0,0,0,0,0,0,0,1,0,0,79.65967679149851,60.0,malicious
0,0.08,0,0,0,0,0,0,0,0,0,0,0,0,0,0,82.82385377837271,0.0,normal
1,0.05,0,0,0,0,0,0,0,0,0,0,0,0,0,0,84.29095159883714,0.0,normal
1,0.1,0,0,0,0,0,0,0,0,0,0,0,0,1,0,81.48933414133025,30.0,normal
1,0.05,0,0,0,0,0,0,0,0,0,0,0,0,0,0,74.90013356176165,0.0,normal
2,0.25,0,0,0,0,0,0,1,0,0,1,0,0,0,0,100.0,0.0,malicious
0,0.08,0,0,0,0,0,0,0,1,0,0,0,0,0,0,87.82917888044325,0.0,normal
0,0.1,0,0,0,0,0,0,0,0,0,0,0,0,0,0,80.23142322629961,0.0,normal
1,0.1,0,0,0,0,0,0,0,0,1,0,0,0,0,0,92.20808219342439,0.0,normal
0,0.1,0,0,0,0,0,0,0,0,0,0,0,0,1,0,100.0,30.0,normal
1,0.1,0,0,0,0,0,0,0,0,1,0,0,0,0,1,75.41018393023813,15.0,suspicious
1,0.35,0,0,0,0,0,0,0,0,0,0,0,0,0,0,69.42950569274397,0.0,normal
1,0.08,0,0,0,0,0,0,0,0,0,0,0,0,0,1,73.29444396690832,15.0,normal
1,0.1,0,0,0,0,0,0,0,0,1,0,0,0,1,1,75.76035453228289,45.0,suspicious
1,0.08,0,0,0,0,0,0,0,0,0,0,0,0,0,0,92.35598388151072,0.0,normal
0,0.05,0,0,0,0,0,0,0,0,0,0,0,0,0,0,76.16557197289733,0.0,normal
2,0.3,0,0,0,0,0,0,0,0,0,0,0,0,0,0,85.8626226446002,0.0,suspicious
0,0.05,0,0,0,0,0,0,0,1,0,0,0,0,0,1,90.39579207185892,15.0,normal
2,0.85,1,0,0,0,0,0,0,1,0,0,0,0,0,0,67.96766068629465,0.0,malicious
1,0.08,0,0,0,0,0,0,0,0,0,0,0,0,0,1,100.0,15.0,normal
1,0.05,0,0,0,0,0,0,0,0,1,0,0,0,0,0,84.27968790557198,0.0,normal
0,0.1,0,0,0,0,0,0,0,0,1,1,0,1,0,1,85.3500783003952,75.0,malicious
2,0.85,1,0,0,0,0,0,0,0,0,1,0,0,0,0,94.51217049773729,0.0,malicious
1,0.5,0,1,0,0,0,0,0,0,1,0,0,0,0,0,74.50312282616876,0.0,malicious
0,0.1,0,0,0,0,0,0,0,0,1,0,0,0,0,0,89.24901899116897,0.0,normal
0,0.9,0,0,1,0,0,0,0,0,0,0,0,0,0,0,69.73670491655045,0.0,malicious
0,0.08,0,0,0,0,0,0,0,0,0,0,0,1,0,0,60.47549371981965,60.0,suspicious
0,0.3,0,0,0,0,0,0,0,0,0,1,0,0,0,0,64.91403674677102,0.0,normal
0,0.05,0,0,0,0,0,0,0,0,0,0,0,0,1,0,82.30613192418919,30.0,normal
2,0.1,0,0,0,0,0,0,0,0,0,0,0,0,0,0,100.0,0.0,normal
1,0.25,0,0,0,0,0,0,1,0,1,0,0,0,0,1,83.06594273532704,15.0,malicious
0,0.05,0,0,0,0,0,0,0,0,0,0,0,0,0,0,100.0,0.0,normal
1,0.05,0,0,0,0,0,0,0,0,0,0,0,0,0,0,94.27609029735231,0.0,normal
3,0.08,0,0,0,0,0,0,0,0,0,1,0,0,0,0,82.95818167471329,0.0,malicious
0,0.05,0,0,0,0,0,0,0,0,0,0,0,0,0,0,89.21052839304339,0.0,normal
1,0.05,0,0,0,0,0,0,0,0,0,0,0,1,0,0,71.2685741922989,60.0,malicious
0,0.85,1,0,0,0,0,0,0,1,0,0,0,1,0,0,77.89850098714724,60.0,malicious
1,0.1,0,0,0,0,0,0,0,0,0,0,0,0,0,0,75.894533094125,0.0,suspicious
0,0.08,0,0,0,0,0,0,0,0,1,0,0,1,0,0,76.10524296461766,60.0,suspicious
5,0.35,0,0,0,0,0,0,0,0,0,0,0,0,0,0,50.91908910823595,0.0,malicious
1,0.05,0,0,0,0,0,0,0,0,0,0,0,0,0,0,81.62941396365797,0.0,normal
1,0.25,0,0,0,0,0,0,1,1,0,0,0,0,0,1,73.39598424537321,15.0,malicious
3,0.1,0,0,0,0,0,0,0,0,0,0,0,0,1,0,80.99169238251196,30.0,malicious
0,0.05,0,0,0,0,0,0,0,1,0,0,0,1,0,1,80.19254038223954,75.0,normal
0,0.08,0,0,0,0,0,0,0,0,0,0,0,0,0,0,80.7913377082375,0.0,normal
4,0.35,0,0,0,0,0,0,0,0,0,1,0,0,0,1,62.34233666828435,15.0,malicious
0,0.08,0,0,0,0,0,0,0,0,0,0,0,0,0,0,96.24931224527923,0.0,normal
0,0.08,0,0,0,0,0,0,0,1,0,0,0,0,0,0,83.64628117266066,0.0,normal
1,0.1,0,0,0,0,0,0,0,0,1,0,0,0,0,0,77.60074583185057,0.0,suspicious
0,0.08,0,0,0,0,0,0,0,1,0,0,0,0,0,0,92.741046137949,0.0,normal
1,0.08,0,0,0,0,0,0,0,0,0,0,0,0,0,0,80.3927695379008,0.0,normal
0,0.08,0,0,0,0,0,0,0,0,0,1,0,0,0,0,94.33014139930832,0.0,normal
1,0.05,0,0,0,0,0,0,0,0,0,0,0,0,0,1,59.17775959938905,15.0,suspicious
0,0.1,0,0,0,0,0,0,0,0,1,1,0,1,0,0,65.27613885137194,60.0,malicious
0,0.08,0,0,0,0,0,0,0,0,0,0,0,0,0,1,100.0,15.0,normal
0,0.85,1,0,0,0,0,0,0,0,0,0,0,0,0,0,82.8236502311375,0.0,suspicious
0,0.1,0,0,0,0,0,0,0,0,1,0,0,0,0,0,74.06962985738026,0.0,normal
1,0.35,0,0,0,0,0,0,0,0,0,1,0,0,1,0,63.817717772619794,30.0,malicious
0,0.05,0,0,0,0,0,0,0,0,1,0,0,0,0,0,90.44797437436351,0.0,normal
1,0.05,0,0,0,0,0,0,0,0,0,0,0,0,0,1,84.05966921031523,15.0,normal
2,0.1,0,0,0,0,0,0,0,0,1,0,0,0,1,0,86.42865942730187,30.0,malicious
1,0.55,0,0,0,0,1,0,0,1,0,1,0,0,0,0,48.85930581494229,0.0,malicious
2,0.85,1,0,0,0,0,0,0,0,0,1,0,0,0,0,73.63615330091687,0.0,malicious
4,0.35,0,0,0,0,0,0,0,0,0,0,0,0,0,0,67.79832070919008,0.0,malicious
0,0.05,0,0,0,0,0,0,0,0,0,0,0,0,0,1,89.15278886294942,15.0,normal
1,0.85,1,0,0,0,0,0,0,0,0,1,0,0,0,0,67.07350162715933,0.0,malicious
1,0.55,0,0,0,0,1,0,0,1,1,1,0,0,0,0,99.14948094967849,0.0,malicious
0,1.0,0,0,0,1,0,0,0,1,0,1,0,0,1,0,69.47787414743054,30.0,malicious
0,0.1,0,0,0,0,0,0,0,0,0,0,0,0,0,0,100.0,0.0,normal
0,0.5,0,1,0,0,0,0,0,0,1,1,0,0,0,0,75.7970060390288,0.0,malicious
0,0.08,0,0,0,0,0,0,0,0,0,0,0,0,0,1,100.0,15.0,normal
2,0.1,0,0,0,0,0,0,0,0,1,0,0,1,0,0,89.80289097717,60.0,malicious
0,0.05,0,0,0,0,0,0,0,0,0,0,0,0,0,0,100.0,0.0,normal
2,0.5,0,1,0,0,0,0,0,0,0,0,0,0,0,0,64.57212284984551,0.0,malicious
1,0.55,0,0,0,0,1,0,0,0,0,1,0,0,0,1,78.6142203291716,15.0,malicious
0,0.05,0,0,0,0,0,0,0,0,0,0,0,0,0,0,82.11801529654795,0.0,normal
4,0.35,0,0,0,0,0,0,0,0,0,0,0,0,0,0,60.33798161217042,0.0,malicious
0,0.08,0,0,0,0,0,0,0,0,0,1,0,0,0,0,84.73635390578946,0.0,normal
0,0.05,0,0,0,0,0,0,0,0,0,0,0,0,0,0,96.98708824018905,0.0,normal
0,0.08,0,0,0,0,0,0,0,0,0,0,0,0,0,0,76.99321759346492,0.0,normal
0,0.1,0,0,0,0,0,0,0,0,1,0,0,0,0,0,65.09427528603712,0.0,normal
2,0.08,0,0,0,0,0,0,0,0,1,0,0,0,0,0,99.67006085047018,0.0,normal
1,0.25,0,0,0,0,0,0,1,1,0,0,0,0,0,0,100.0,0.0,normal
1,0.85,1,0,0,0,0,0,0,0,1,0,0,0,0,0,74.68211161518991,0.0,malicious
1,0.1,0,0,0,0,0,0,0,0,1,0,0,0,0,0,65.34866825493106,0.0,suspicious
1,0.85,1,0,0,0,0,0,0,0,1,1,0,0,0,0,75.48553244497576,0.0,malicious
0,0.1,0,0,0,0,0,0,0,0,0,0,0,0,0,0,71.43463639503904,0.0,normal
1,0.35,0,0,0,0,0,0,0,1,0,1,0,0,0,0,78.63948303286011,0.0,malicious
0,0.08,0,0,0,0,0,0,0,0,0,0,0,0,0,1,72.478178934016,15.0,normal
1,0.3,0,0,0,0,0,0,0,1,0,0,0,0,0,1,73.89554797132226,15.0,normal
0,0.25,0,0,0,0,0,0,1,1,0,1,0,0,0,0,70.37982014006532,0.0,malicious
2,0.1,0,0,0,0,0,0,0,0,1,0,0,0,0,0,97.86094160242857,0.0,suspicious
2,0.08,0,0,0,0,0,0,0,0,0,0,0,0,0,0,98.64387692882775,0.0,normal
2,0.1,0,0,0,0,0,0,0,0,0,0,0,0,0,0,71.51112791983152,0.0,suspicious
1,0.3,0,0,0,0,0,0,0,0,0,1,0,0,0,1,60.29691713114929,15.0,malicious
0,0.45,0,0,0,0,0,1,0,1,0,0,0,0,0,0,87.29361019852875,0.0,normal
0,0.3,0,0,0,0,0,0,0,0,0,0,0,0,0,0,57.46992813808564,0.0,normal
1,0.5,0,1,0,0,0,0,0,0,0,0,0,0,0,0,67.55015283223494,0.0,suspicious
1,0.3,0,0,0,0,0,0,0,0,0,1,0,0,0,0,67.33258070603578,0.0,suspicious
2,0.05,0,0,0,0,0,0,0,0,0,0,0,0,0,0,67.24789213831063,0.0,suspicious
0,0.05,0,0,0,0,0,0,0,0,0,0,0,0,0,0,92.36187876651515,0.0,normal
0,0.08,0,0,0,0,0,0,0,0,1,0,0,1,0,0,74.96839189333946,60.0,suspicious
0,0.9,0,0,1,0,0,0,0,0,0,1,0,0,0,0,55.87349880570122,0.0,malicious
0,0.85,1,0,0,0,0,0,0,0,0,1,0,0,0,0,75.2766748886736,0.0,malicious
0,0.08,0,0,0,0,0,0,0,0,0,0,0,0,0,0,66.3415268162529,0.0,normal
0,0.55,0,0,0,0,1,0,0,1,0,1,0,0,0,0,79.6848380373655,0.0,malicious
0,0.05,0,0,0,0,0,0,0,0,0,0,0,0,0,0,85.75092760434235,0.0,normal
0,0.1,0,0,0,0,0,0,0,0,0,0,0,0,0,0,92.0480379029331,0.0,normal
0,1.0,0,0,0,1,0,0,0,0,0,0,0,0,0,0,67.30718718087526,0.0,malicious
0,0.08,0,0,0,0,0,0,0,0,0,0,0,0,0,0,58.48414893695988,0.0,normal
0,0.85,1,0,0,0,0,0,0,0,0,0,0,0,0,0,68.50858617016713,0.0,malicious
1,0.1,0,0,0,0,0,0,0,0,0,0,0,0,0,0,76.6241747327763,0.0,normal
1,0.35,0,0,0,0,0,0,0,1,1,0,0,0,0,0,73.38607190803346,0.0,malicious
0,0.55,0,0,0,0,1,0,0,0,0,1,0,0,0,0,74.61613605835916,0.0,suspicious
1,0.1,0,0,0,0,0,0,0,0,0,0,0,0,0,0,76.1987560990334,0.0,normal
0,1.0,0,0,0,1,0,0,0,1,0,0,0,0,0,0,62.091241728902695,0.0,malicious
0,0.08,0,0,0,0,0,0,0,0,0,0,0,0,0,1,80.57556110590036,15.0,normal
4,0.35,0,0,0,0,0,0,0,0,1,0,0,1,0,0,70.97880621186643,60.0,malicious
0,0.1,0,0,0,0,0,0,0,0,0,0,1,0,0,0,92.66031508509165,70.0,normal
1,0.08,0,0,0,0,0,0,0,0,0,0,0,0,0,0,86.35809545525875,0.0,normal
0,0.05,0,0,0,0,0,0,0,0,0,0,0,0,1,0,68.05508542867409,30.0,normal
0,0.05,0,0,0,0,0,0,0,0,0,0,0,0,0,0,93.53069707088028,0.0,normal
1,0.1,0,0,0,0,0,0,0,0,0,0,0,0,0,0,85.20330775098002,0.0,normal
1,0.35,0,0,0,0,0,0,0,1,0,1,0,1,0,0,40.56713189720075,60.0,malicious
1,0.3,0,0,0,0,0,0,0,0,0,1,0,0,0,0,81.38339688557195,0.0,suspicious
1,0.05,0,0,0,0,0,0,0,0,0,0,0,0,0,0,82.92470896232095,0.0,normal
0,0.45,0,0,0,0,0,1,0,0,0,1,0,0,0,0,76.5640087705531,0.0,suspicious
0,0.55,0,0,0,0,1,0,0,1,1,1,0,0,0,0,57.718768129204896,0.0,malicious
1,0.08,0,0,0,0,0,0,0,0,0,0,1,0,0,0,79.74046392016065,70.0,suspicious
0,0.08,0,0,0,0,0,0,0,1,0,0,0,0,0,0,84.59007565799561,0.0,normal
0,0.3,0,0,0,0,0,0,0,0,1,1,0,0,0,0,86.27279751864512,0.0,suspicious
0,0.05,0,0,0,0,0,0,0,0,1,0,0,0,0,0,77.45883718515273,0.0,normal
1,0.1,0,0,0,0,0,0,0,1,0,0,0,0,0,0,84.96202046425746,0.0,normal
1,0.05,0,0,0,0,0,0,0,0,0,0,0,0,0,0,84.01652930005112,0.0,normal
0,0.05,0,0,0,0,0,0,0,0,0,0,0,0,0,0,69.73345023368137,0.0,normal
0,0.05,0,0,0,0,0,0,0,0,0,0,0,0,0,0,87.67084276895329,0.0,normal
1,0.1,0,0,0,0,0,0,0,1,1,0,0,1,0,0,85.78357285893568,60.0,malicious
0,0.08,0,0,0,0,0,0,0,0,0,0,0,0,0,0,60.25729455579998,0.0,normal
0,0.85,1,0,0,0,0,0,0,0,1,1,0,0,0,0,69.82921303080533,0.0,malicious
0,0.05,0,0,0,0,0,0,0,0,1,0,0,0,0,0,99.54662230668065,0.0,normal
0,0.1,0,0,0,0,0,0,0,0,1,0,0,0,0,0,92.69203202290186,0.0,normal
0,0.05,0,0,0,0,0,0,0,0,0,0,0,0,1,0,68.62864091001163,30.0,normal
1,0.05,0,0,0,0,0,0,0,0,0,0,0,0,0,0,70.09430921370355,0.0,normal
0,0.08,0,0,0,0,0,0,0,0,0,0,0,0,0,0,71.66018477232073,0.0,normal
1,0.1,0,0,0,0,0,0,0,0,0,0,0,0,0,0,59.49567266540165,0.0,normal
0,0.08,0,0,0,0,0,0,0,0,0,0,0,0,0,1,70.03120766669629,15.0,normal
1,0.35,0,0,0,0,0,0,0,0,0,1,0,0,0,0,74.48752779507656,0.0,suspicious
1,0.05,0,0,0,0,0,0,0,0,0,0,0,0,0,1,69.41968603522778,15.0,suspicious
2,0.05,0,0,0,0,0,0,0,1,0,0,0,0,0,1,98.52811874702431,15.0,malicious
1,0.1,0,0,0,0,0,0,0,0,0,0,0,0,0,0,89.52972884211725,0.0,normal
0,0.45,0,0,0,0,0,1,0,0,0,0,0,0,1,1,89.56948814211277,45.0,malicious
5,0.35,0,0,0,0,0,0,0,1,0,1,0,0,0,0,76.00570822253432,0.0,malicious
0,0.05,0,0,0,0,0,0,0,0,0,1,0,0,0,0,87.27469422534375,0.0,normal
0,0.08,0,0,0,0,0,0,0,0,0,0,0,0,0,1,76.95590312854713,15.0,normal
0,0.85,1,0,0,0,0,0,0,0,0,1,0,0,0,0,70.30792571647258,0.0,malicious
1,0.25,0,0,0,0,0,0,1,1,0,0,0,0,0,0,81.85085935443404,0.0,suspicious
0,0.05,0,0,0,0,0,0,0,0,0,0,0,0,0,0,100.0,0.0,normal
0,0.5,0,1,0,0,0,0,0,0,0,1,0,0,0,0,63.02751065976922,0.0,malicious
2,0.5,0,1,0,0,0,0,0,0,0,1,0,1,0,0,68.67779613553192,60.0,malicious
0,0.25,0,0,0,0,0,0,1,1,1,0,0,0,0,0,86.13352681104888,0.0,suspicious
0,0.05,0,0,0,0,0,0,0,0,0,0,0,0,0,0,80.52944481930918,0.0,normal
0,0.1,0,0,0,0,0,0,0,0,0,1,0,0,0,1,90.95603796179276,15.0,normal
1,0.3,0,0,0,0,0,0,0,1,0,0,0,0,0,1,89.4094445563821,15.0,malicious
0,0.25,0,0,0,0,0,0,1,0,1,1,0,0,0,0,78.63384073359461,0.0,suspicious
0,0.05,0,0,0,0,0,0,0,0,0,0,1,0,1,0,53.02099131517971,100.0,malicious
1,0.1,0,0,0,0,0,0,0,0,0,0,0,0,0,0,70.77757000400744,0.0,normal
1,0.35,0,0,0,0,0,0,0,0,1,0,0,0,0,0,66.36395923846884,0.0,suspicious
0,0.08,0,0,0,0,0,0,0,0,0,1,0,0,0,0,98.58265972034361,0.0,normal
0,0.1,0,0,0,0,0,0,0,0,0,0,0,0,0,0,63.11996525633204,0.0,normal
3,0.35,0,0,0,0,0,0,0,0,0,0,0,0,0,0,74.96616217460385,0.0,malicious
3,0.35,0,0,0,0,0,0,0,0,0,0,0,0,0,0,57.760361853034254,0.0,malicious
1,0.05,0,0,0,0,0,0,0,0,0,0,0,0,0,0,72.75674027312105,0.0,normal
0,0.05,0,0,0,0,0,0,0,0,0,0,0,0,0,1,100.0,15.0,normal
0,0.3,0,0,0,0,0,0,0,1,1,0,0,0,0,0,93.171556450593,0.0,normal
1,0.1,0,0,0,0,0,0,0,0,0,0,0,0,0,1,100.0,15.0,normal
0,0.1,0,0,0,0,0,0,0,0,0,0,1,0,0,0,76.81181963306939,70.0,suspicious
0,0.05,0,0,0,0,0,0,0,0,0,0,0,0,0,0,75.77763393020254,0.0,normal
1,0.35,0,0,0,0,0,0,0,0,1,1,0,0,0,0,62.11677573455093,0.0,malicious
0,0.5,0,1,0,0,0,0,0,0,0,0,0,0,0,0,71.5134021640658,0.0,suspicious
1,0.08,0,0,0,0,0,0,0,0,0,1,0,0,0,1,86.54460950675632,15.0,normal
1,0.3,0,0,0,0,0,0,0,0,0,1,0,0,0,0,66.4777610838095,0.0,malicious
0,0.5,0,1,0,0,0,0,0,0,1,0,0,0,0,0,90.20737654062162,0.0,suspicious
2,0.25,0,0,0,0,0,0,1,1,1,1,0,0,0,0,91.49173157009805,0.0,malicious
3,0.35,0,0,0,0,0,0,0,1,0,0,0,0,0,0,87.81112468143195,0.0,malicious
1,0.05,0,0,0,0,0,0,0,0,0,0,0,0,0,0,79.76939753010276,0.0,normal
0,0.1,0,0,0,0,0,0,0,0,0,0,0,0,0,0,92.79773821074168,0.0,normal
1,0.05,0,0,0,0,0,0,0,1,0,0,0,0,0,0,96.2206929343937,0.0,normal
0,0.08,0,0,0,0,0,0,0,0,0,0,0,0,0,1,85.40015411459937,15.0,normal
0,0.08,0,0,0,0,0,0,0,1,0,0,0,0,0,0,74.87066954050479,0.0,normal
2,0.1,0,0,0,0,0,0,0,0,1,0,0,0,0,0,100.0,0.0,normal
0,0.1,0,0,0,0,0,0,0,1,1,1,0,0,0,1,66.63689842678053,15.0,malicious
0,0.55,0,0,0,0,1,0,0,1,1,1,0,0,0,0,73.0531831326071,0.0,malicious
2,0.35,0,0,0,0,0,0,0,0,0,0,0,0,0,0,79.93993421970546,0.0,suspicious
0,0.08,0,0,0,0,0,0,0,0,0,0,0,1,0,0,92.96041805718372,60.0,normal
0,1.0,0,0,0,1,0,0,0,0,0,1,0,0,1,0,59.46333428279592,30.0,malicious
1,0.1,0,0,0,0,0,0,0,0,0,0,0,0,0,0,74.68794918854107,0.0,normal
1,0.9,0,0,1,0,0,0,0,0,0,0,0,1,0,0,86.87197658921255,60.0,malicious
0,0.08,0,0,0,0,0,0,0,0,0,0,0,0,0,0,82.49459100951194,0.0,normal
0,0.1,0,0,0,0,0,0,0,0,1,0,0,0,0,0,91.2401257948428,0.0,normal
1,0.05,0,0,0,0,0,0,0,0,0,0,0,0,0,0,81.53641561349257,0.0,normal
1,0.08,0,0,0,0,0,0,0,0,0,0,0,0,0,0,79.20855439651919,0.0,normal
1,0.08,0,0,0,0,0,0,0,1,1,0,0,0,0,0,97.41534984394009,0.0,normal
3,0.1,0,0,0,0,0,0,0,0,0,0,0,0,0,0,87.91549310603158,0.0,suspicious
1,0.08,0,0,0,0,0,0,0,0,0,0,0,0,0,0,88.36164665580168,0.0,normal
4,0.35,0,0,0,0,0,0,0,0,1,1,0,0,0,0,79.43038963622466,0.0,malicious
0,0.08,0,0,0,0,0,0,0,0,0,0,0,0,0,1,66.63527060736854,15.0,normal
0,0.3,0,0,0,0,0,0,0,0,1,1,0,0,0,1,100.0,15.0,normal
0,0.1,0,0,0,0,0,0,0,1,1,0,0,0,0,0,100.0,0.0,normal
0,0.05,0,0,0,0,0,0,0,0,1,0,1,0,0,1,82.65714226167238,85.0,suspicious
0,0.08,0,0,0,0,0,0,0,0,0,0,0,0,0,0,73.85213976350809,0.0,normal
1,0.05,0,0,0,0,0,0,0,0,0,0,0,0,0,0,68.5930574574122,0.0,normal
4,0.35,0,0,0,0,0,0,0,0,1,0,0,0,0,0,66.97962406463891,0.0,malicious
0,0.08,0,0,0,0,0,0,0,1,1,0,0,0,0,0,100.0,0.0,normal
1,0.05,0,0,0,0,0,0,0,0,1,0,0,0,0,0,83.19116944948158,0.0,normal
1,0.08,0,0,0,0,0,0,0,0,1,0,0,0,0,0,53.25973885291224,0.0,malicious
0,0.1,0,0,0,0,0,0,0,0,1,0,0,0,0,1,84.20846425280627,15.0,normal
0,0.35,0,0,0,0,0,0,0,0,0,1,0,0,0,0,70.59347283318787,0.0,normal
1,0.3,0,0,0,0,0,0,0,0,0,0,0,0,0,0,54.09962675530545,0.0,suspicious
1,0.08,0,0,0,0,0,0,0,0,0,0,0,0,0,0,89.21925396540352,0.0,normal
0,0.5,0,1,0,0,0,0,0,1,1,0,0,0,1,0,39.83845175820681,30.0,malicious
0,0.08,0,0,0,0,0,0,0,0,0,0,0,0,0,0,93.86349956509395,0.0,normal
3,0.05,0,0,0,0,0,0,0,1,0,0,0,0,0,0,88.70079944642346,0.0,malicious
1,0.1,0,0,0,0,0,0,0,0,0,0,0,0,0,0,76.49019826304055,0.0,normal
0,0.25,0,0,0,0,0,0,1,1,1,0,0,0,0,0,61.83025202654812,0.0,suspicious
1,0.08,0,0,0,0,0,0,0,0,0,0,0,0,0,0,80.33285041384457,0.0,normal
2,0.05,0,0,0,0,0,0,0,1,0,0,0,0,0,1,89.54063567155546,15.0,malicious
1,0.08,0,0,0,0,0,0,0,0,0,0,0,0,0,0,73.49855853706111,0.0,normal
0,0.08,0,0,0,0,0,0,0,0,0,0,0,0,0,0,67.65963372462582,0.0,normal
0,0.05,0,0,0,0,0,0,0,0,0,1,0,0,0,1,69.52346801053693,15.0,suspicious
0,0.08,0,0,0,0,0,0,0,0,0,0,0,0,0,0,96.16753749760547,0.0,suspicious
0,0.1,0,0,0,0,0,0,0,0,1,0,0,0,0,0,100.0,0.0,normal
0,0.1,0,0,0,0,0,0,0,0,1,0,0,0,0,0,86.0231902316833,0.0,normal
0,0.25,0,0,0,0,0,0,1,0,0,0,0,0,1,1,100.0,45.0,normal
0,0.25,0,0,0,0,0,0,1,0,1,1,0,0,0,0,84.52864535727959,0.0,normal
1,0.85,1,0,0,0,0,0,0,1,0,1,0,0,0,0,57.0574262506248,0.0,malicious
0,0.08,0,0,0,0,0,0,0,0,0,0,0,0,0,0,91.33902450535362,0.0,normal
0,0.05,0,0,0,0,0,0,0,0,0,0,0,0,0,1,91.1716732867285,15.0,normal
0,0.1,0,0,0,0,0,0,0,1,0,1,0,0,0,0,79.2899254425504,0.0,suspicious
0,0.5,0,1,0,0,0,0,0,0,1,0,0,0,0,0,58.812437328085885,0.0,suspicious
0,0.5,0,1,0,0,0,0,0,0,0,1,0,0,0,0,56.5283385788422,0.0,malicious
0,0.1,0,0,0,0,0,0,0,0,0,0,0,0,0,0,87.11651323335926,0.0,normal
0,0.5,0,1,0,0,0,0,0,0,1,1,1,0,0,0,71.00392813771055,70.0,malicious
1,0.35,0,0,0,0,0,0,0,0,1,0,0,0,0,0,77.40539114366359,0.0,suspicious
1,0.08,0,0,0,0,0,0,0,0,0,0,1,0,0,0,68.0520094681437,70.0,malicious
1,0.55,0,0,0,0,1,0,0,1,0,1,0,0,0,0,52.257636103251244,0.0,malicious
2,0.05,0,0,0,0,0,0,0,0,0,0,0,0,0,0,86.39393165559248,0.0,normal
1,1.0,0,0,0,1,0,0,0,0,0,0,0,0,0,0,67.53380553968627,0.0,malicious
2,0.05,0,0,0,0,0,0,0,1,0,0,0,0,0,1,83.10062709587062,15.0,malicious
1,0.45,0,0,0,0,0,1,0,0,0,1,0,0,0,0,100.0,0.0,suspicious
0,0.1,0,0,0,0,0,0,0,0,0,1,0,0,0,1,74.4484331309999,15.0,normal
0,0.05,0,0,0,0,0,0,0,0,0,0,0,0,0,0,76.27564363153516,0.0,normal
1,0.05,0,0,0,0,0,0,0,1,0,0,0,0,0,0,72.6016013690275,0.0,normal
0,0.85,1,0,0,0,0,0,0,1,0,1,0,0,0,0,89.32754195349537,0.0,malicious
0,0.1,0,0,0,0,0,0,0,0,0,0,0,0,0,0,100.0,0.0,normal
0,0.08,0,0,0,0,0,0,0,0,0,0,0,0,0,1,75.51774896250522,15.0,normal
1,0.05,0,0,0,0,0,0,0,0,0,0,0,1,0,0,85.10137404109585,60.0,suspicious
1,0.05,0,0,0,0,0,0,0,0,0,0,0,0,0,1,100.0,15.0,normal
0,0.25,0,0,0,0,0,0,1,0,0,1,0,0,0,1,83.78223450172513,15.0,normal
2,0.3,0,0,0,0,0,0,0,1,1,0,0,0,0,0,93.87580919944119,0.0,malicious
1,0.08,0,0,0,0,0,0,0,0,0,0,0,0,0,0,89.84301295554494,0.0,normal
1,0.25,0,0,0,0,0,0,1,0,1,1,0,0,0,0,66.22118213593741,0.0,malicious
1,0.05,0,0,0,0,0,0,0,0,0,0,0,0,0,0,100.0,0.0,normal
0,0.1,0,0,0,0,0,0,0,0,0,0,0,0,0,0,65.25574382228464,0.0,normal
0,0.1,0,0,0,0,0,0,0,0,0,0,0,0,0,0,100.0,0.0,normal
1,0.1,0,0,0,0,0,0,0,0,1,0,0,0,1,0,88.44097215498537,30.0,suspicious
0,0.25,0,0,0,0,0,0,1,0,0,0,0,0,0,0,90.45807141750427,0.0,normal
0,0.5,0,1,0,0,0,0,0,0,1,1,0,1,0,1,69.50865992305332,75.0,malicious
1,0.05,0,0,0,0,0,0,0,0,0,0,0,0,0,0,72.02730385247347,0.0,suspicious
0,0.1,0,0,0,0,0,0,0,0,0,0,0,0,1,0,100.0,30.0,normal
0,1.0,0,0,0,1,0,0,0,0,0,0,0,0,1,0,80.51384404910688,30.0,malicious
0,0.25,0,0,0,0,0,0,1,1,1,0,0,0,0,1,94.95170957765824,15.0,normal
1,0.05,0,0,0,0,0,0,0,0,0,0,0,0,0,0,87.82500825649753,0.0,suspicious
4,0.35,0,0,0,0,0,0,0,1,0,0,0,0,0,0,89.38817776893156,0.0,malicious
0,0.08,0,0,0,0,0,0,0,0,0,0,0,0,0,0,100.0,0.0,normal
2,0.35,0,0,0,0,0,0,0,1,0,1,0,0,0,0,86.83725802072325,0.0,malicious
1,0.25,0,0,0,0,0,0,1,0,0,0,0,0,0,0,98.96481432336229,0.0,normal
1,0.08,0,0,0,0,0,0,0,0,0,0,0,0,1,0,75.88923403681913,30.0,suspicious
5,0.35,0,0,0,0,0,0,0,0,1,1,0,0,0,1,67.46358595835602,15.0,malicious
2,0.1,0,0,0,0,0,0,0,0,0,0,0,0,0,1,95.52422255872192,15.0,suspicious
1,0.1,0,0,0,0,0,0,0,0,0,0,0,0,1,0,85.70308679490662,30.0,normal
0,0.1,0,0,0,0,0,0,0,0,0,1,0,0,0,0,93.43522746889987,0.0,normal
2,0.35,0,0,0,0,0,0,0,0,0,0,1,0,0,0,44.5165054596018,70.0,malicious
0,0.05,0,0,0,0,0,0,0,0,1,0,0,0,0,0,94.53082338430612,0.0,normal
1,0.1,0,0,0,0,0,0,0,0,0,0,0,0,0,0,61.963023727075054,0.0,normal
2,0.08,0,0,0,0,0,0,0,1,0,0,0,0,1,1,79.25221728460784,45.0,malicious
3,0.08,0,0,0,0,0,0,0,0,0,0,0,0,0,0,100.0,0.0,normal
0,0.3,0,0,0,0,0,0,0,0,1,0,0,0,0,0,92.56257896263632,0.0,normal
1,0.05,0,0,0,0,0,0,0,0,0,0,0,0,0,0,87.84624401242898,0.0,normal
0,0.9,0,0,1,0,0,0,0,0,0,0,0,0,0,0,82.72063830693145,0.0,malicious
1,0.5,0,1,0,0,0,0,0,0,1,1,0,1,0,0,72.8481060112842,60.0,malicious
1,0.08,0,0,0,0,0,0,0,0,0,0,0,0,0,0,83.75492559723158,0.0,normal
1,0.1,0,0,0,0,0,0,0,0,0,0,0,0,0,0,91.38887508668651,0.0,normal
0,0.05,0,0,0,0,0,0,0,0,0,0,0,0,0,0,89.93091375491585,0.0,normal
4,0.35,0,0,0,0,0,0,0,1,0,1,0,0,0,0,73.86663387793888,0.0,malicious
0,0.08,0,0,0,0,0,0,0,1,0,0,0,0,0,0,95.51403601487337,0.0,normal
0,0.05,0,0,0,0,0,0,0,0,1,0,0,0,0,0,93.89917356846469,0.0,normal
1,0.45,0,0,0,0,0,1,0,0,0,0,0,0,0,0,90.15807774529932,0.0,normal
1,0.1,0,0,0,0,0,0,0,1,0,0,0,0,0,0,76.44430012898201,0.0,normal
0,0.08,0,0,0,0,0,0,0,0,1,0,0,0,0,0,95.4763321169211,0.0,normal
0,0.3,0,0,0,0,0,0,0,0,0,0,0,0,0,0,80.41226561764613,0.0,normal
1,0.25,0,0,0,0,0,0,1,0,1,0,0,0,1,0,91.63738779318568,30.0,malicious
2,0.45,0,0,0,0,0,1,0,1,0,0,0,1,0,0,92.1338408497054,60.0,malicious
0,0.08,0,0,0,0,0,0,0,0,1,0,0,0,0,0,95.75949726332621,0.0,normal
0,0.05,0,0,0,0,0,0,0,1,0,0,0,0,0,0,81.99537660933976,0.0,normal
0,1.0,0,0,0,1,0,0,0,0,0,0,0,0,0,0,57.04959072190924,0.0,malicious
0,0.08,0,0,0,0,0,0,0,0,0,0,0,0,0,0,88.94910142614752,0.0,normal
1,0.05,0,0,0,0,0,0,0,0,0,0,0,0,0,0,84.79765430888614,0.0,normal
0,0.1,0,0,0,0,0,0,0,0,0,0,0,1,0,0,72.52568484987431,60.0,normal
0,0.08,0,0,0,0,0,0,0,0,0,0,0,0,0,0,94.02149294113114,0.0,normal
1,0.1,0,0,0,0,0,0,0,0,0,0,0,0,0,0,76.82786082040495,0.0,normal
1,0.08,0,0,0,0,0,0,0,0,0,0,0,0,0,0,80.75437479641677,0.0,normal
0,0.55,0,0,0,0,1,0,0,0,0,1,0,0,0,0,66.9426897982647,0.0,malicious
0,0.1,0,0,0,0,0,0,0,0,1,0,0,0,0,1,92.24151505416285,15.0,normal
0,0.5,0,1,0,0,0,0,0,1,1,1,0,0,1,0,72.04220030008786,30.0,malicious
0,0.3,0,0,0,0,0,0,0,1,0,0,0,0,0,0,100.0,0.0,normal
1,0.1,0,0,0,0,0,0,0,0,0,0,0,0,0,0,87.02251758161644,0.0,normal
1,0.08,0,0,0,0,0,0,0,0,0,0,0,1,0,0,100.0,60.0,normal
0,0.1,0,0,0,0,0,0,0,0,0,0,1,0,0,0,74.14602826062008,70.0,suspicious
1,0.1,0,0,0,0,0,0,0,0,0,0,0,0,0,0,92.50301866533944,0.0,normal
0,0.08,0,0,0,0,0,0,0,1,0,0,0,0,0,0,95.76000488777875,0.0,normal
0,0.1,0,0,0,0,0,0,0,0,0,0,0,1,0,0,100.0,60.0,normal
1,0.1,0,0,0,0,0,0,0,0,0,0,0,0,0,1,95.33051469180744,15.0,normal
0,0.08,0,0,0,0,0,0,0,1,0,0,0,0,0,0,83.73225037748148,0.0,normal
0,0.05,0,0,0,0,0,0,0,0,0,1,0,0,0,0,80.16305011799872,0.0,normal
1,0.55,0,0,0,0,1,0,0,0,0,0,0,0,0,0,75.37560375232971,0.0,suspicious
0,0.08,0,0,0,0,0,0,0,0,0,0,0,1,0,0,81.86307432482621,60.0,normal
1,0.1,0,0,0,0,0,0,0,0,0,0,0,0,0,0,92.13337562007192,0.0,normal
0,0.05,0,0,0,0,0,0,0,0,0,0,0,1,0,0,77.9264032357543,60.0,normal
3,0.45,0,0,0,0,0,1,0,0,0,0,0,0,0,0,71.26766300499057,0.0,malicious
0,0.08,0,0,0,0,0,0,0,1,1,0,0,0,0,0,68.59271301187061,0.0,normal
0,0.85,1,0,0,0,0,0,0,0,0,1,0,0,0,0,70.37380985263653,0.0,malicious
0,0.35,0,0,0,0,0,0,0,1,0,1,0,0,0,0,66.44277911128273,0.0,suspicious
0,0.1,0,0,0,0,0,0,0,1,0,0,0,0,0,0,89.3717025672306,0.0,normal
0,0.05,0,0,0,0,0,0,0,0,0,0,0,0,0,0,89.9069465745942,0.0,normal
1,0.05,0,0,0,0,0,0,0,0,0,0,0,0,0,0,87.0816144238912,0.0,normal
1,0.1,0,0,0,0,0,0,0,1,1,0,0,0,0,0,76.38827854018513,0.0,malicious
1,0.5,0,1,0,0,0,0,0,1,1,0,0,0,0,1,60.7470901877295,15.0,malicious
0,0.05,0,0,0,0,0,0,0,0,0,0,0,0,0,0,74.03202306578348,0.0,normal
0,0.3,0,0,0,0,0,0,0,0,1,0,0,0,0,1,95.75659315265713,15.0,normal
0,0.08,0,0,0,0,0,0,0,0,0,0,0,0,0,0,80.83500530829127,0.0,normal
2,0.5,0,1,0,0,0,0,0,0,0,0,0,0,0,0,67.1178615421391,0.0,malicious
1,0.1,0,0,0,0,0,0,0,0,0,0,0,0,0,0,78.1354180227891,0.0,suspicious
0,0.1,0,0,0,0,0,0,0,0,1,0,0,0,0,0,79.55801984939204,0.0,suspicious
0,0.1,0,0,0,0,0,0,0,0,0,0,1,0,1,1,52.5133821757623,100.0,malicious
1,0.5,0,1,0,0,0,0,0,0,1,0,0,0,0,0,79.9686358865953,0.0,malicious
0,0.05,0,0,0,0,0,0,0,0,0,0,0,0,1,0,85.16464005872156,30.0,normal
0,0.05,0,0,0,0,0,0,0,0,0,0,0,0,0,0,83.00949057249315,0.0,normal
1,0.05,0,0,0,0,0,0,0,0,0,0,0,0,1,0,98.05364108585762,30.0,normal
1,0.1,0,0,0,0,0,0,0,0,0,0,0,0,0,0,68.48648733004524,0.0,normal
0,0.08,0,0,0,0,0,0,0,0,0,0,0,0,0,0,88.71069524719515,0.0,normal
1,0.1,0,0,0,0,0,0,0,0,0,0,0,0,0,0,75.59138065190916,0.0,normal
1,0.1,0,0,0,0,0,0,0,0,0,0,0,0,0,0,76.12896683681825,0.0,normal
1,0.9,0,0,1,0,0,0,0,0,0,0,0,0,0,0,72.7100560868378,0.0,malicious
0,0.08,0,0,0,0,0,0,0,0,0,0,0,0,0,0,100.0,0.0,normal
1,0.05,0,0,0,0,0,0,0,0,0,0,0,1,0,0,82.09357371836751,60.0,malicious
1,0.3,0,0,0,0,0,0,0,0,0,0,0,0,0,0,75.48353922233328,0.0,normal
0,0.25,0,0,0,0,0,0,1,0,1,1,0,0,0,0,80.98644295671849,0.0,suspicious
0,0.1,0,0,0,0,0,0,0,0,0,0,0,0,0,0,89.78993960716883,0.0,normal
1,0.1,0,0,0,0,0,0,0,0,0,0,0,0,0,0,75.62517011156446,0.0,normal
0,0.08,0,0,0,0,0,0,0,0,0,0,0,0,0,0,62.593526483392466,0.0,normal
1,0.08,0,0,0,0,0,0,0,0,0,0,0,0,0,0,79.71179021267483,0.0,normal
0,0.1,0,0,0,0,0,0,0,1,0,0,0,0,0,0,78.15378143773854,0.0,normal
1,0.05,0,0,0,0,0,0,0,0,0,0,0,0,1,0,100.0,30.0,normal
0,0.08,0,0,0,0,0,0,0,1,0,0,0,0,0,0,81.03107556391022,0.0,normal
1,0.3,0,0,0,0,0,0,0,1,0,1,0,0,1,0,81.0699440138193,30.0,malicious
4,0.35,0,0,0,0,0,0,0,0,1,1,0,0,0,0,72.38688706259606,0.0,malicious
1,0.08,0,0,0,0,0,0,0,0,1,0,0,0,0,1,93.05823943196047,15.0,suspicious
2,0.08,0,0,0,0,0,0,0,0,0,0,0,0,0,0,86.42250247640928,0.0,normal
0,0.08,0,0,0,0,0,0,0,0,0,0,0,0,0,0,97.05381252074261,0.0,normal
2,0.1,0,0,0,0,0,0,0,0,0,0,0,0,0,0,94.2244729922384,0.0,normal
2,0.05,0,0,0,0,0,0,0,1,1,0,0,0,0,0,100.0,0.0,suspicious
0,0.05,0,0,0,0,0,0,0,0,0,0,0,0,0,0,94.3502713465874,0.0,normal
1,0.05,0,0,0,0,0,0,0,0,0,0,0,0,0,0,86.06051155509637,0.0,normal
0,0.1,0,0,0,0,0,0,0,0,1,0,0,0,0,0,61.11508192100432,0.0,normal
0,0.1,0,0,0,0,0,0,0,0,1,0,0,0,0,0,73.75548614693122,0.0,normal
0,0.85,1,0,0,0,0,0,0,0,0,0,0,0,0,0,68.6434314494628,0.0,malicious
0,0.05,0,0,0,0,0,0,0,0,0,0,0,0,0,0,84.04486534096516,0.0,normal
0,0.05,0,0,0,0,0,0,0,0,0,0,0,1,0,0,89.99051173892433,60.0,normal
0,0.1,0,0,0,0,0,0,0,0,1,1,0,0,0,0,100.0,0.0,normal
0,0.05,0,0,0,0,0,0,0,0,1,0,0,1,0,0,92.41553234006317,60.0,suspicious
1,0.05,0,0,0,0,0,0,0,0,0,0,0,0,0,0,73.0528989921758,0.0,normal
2,0.08,0,0,0,0,0,0,0,0,0,0,0,1,0,0,79.42936817432475,60.0,malicious
0,0.85,1,0,0,0,0,0,0,1,0,0,0,0,0,1,73.44786442259361,15.0,malicious
2,0.08,0,0,0,0,0,0,0,0,0,0,0,0,0,0,93.66958135622656,0.0,normal
2,0.35,0,0,0,0,0,0,0,0,0,1,0,0,0,0,73.48752301911469,0.0,malicious
3,0.35,0,0,0,0,0,0,0,0,0,1,0,0,0,0,60.041055475671335,0.0,suspicious
1,0.9,0,0,1,0,0,0,0,0,0,1,0,0,0,1,59.69549245401461,15.0,malicious
0,0.1,0,0,0,0,0,0,0,0,0,0,0,0,0,0,80.24376299916143,0.0,normal
0,0.08,0,0,0,0,0,0,0,0,0,0,0,0,0,0,80.95416460774621,0.0,normal
1,0.5,0,1,0,0,0,0,0,0,1,0,0,0,0,1,72.47664906960335,15.0,malicious
0,0.05,0,0,0,0,0,0,0,0,0,0,0,0,0,0,64.40371438595702,0.0,normal
0,0.3,0,0,0,0,0,0,0,1,0,1,0,1,0,0,98.07583741488348,60.0,suspicious
0,0.5,0,1,0,0,0,0,0,1,1,1,0,0,0,0,66.34552683438561,0.0,malicious
0,0.1,0,0,0,0,0,0,0,0,0,0,0,0,0,0,91.80214174613897,0.0,normal
0,0.85,1,0,0,0,0,0,0,0,1,1,0,0,0,0,64.56058139795441,0.0,malicious
1,0.55,0,0,0,0,1,0,0,0,0,0,0,0,0,0,83.09715393270042,0.0,suspicious
1,0.1,0,0,0,0,0,0,0,0,0,0,0,0,0,0,93.19688315288644,0.0,normal
1,0.08,0,0,0,0,0,0,0,0,1,0,0,0,1,0,91.60202302812338,30.0,suspicious
1,0.9,0,0,1,0,0,0,0,0,0,0,0,0,0,0,86.95681172045933,0.0,malicious
2,0.85,1,0,0,0,0,0,0,0,1,0,0,0,0,0,47.31223280975124,0.0,malicious
0,0.1,0,0,0,0,0,0,0,0,1,0,0,0,0,1,83.14589695641862,15.0,normal
0,0.85,1,0,0,0,0,0,0,0,0,0,0,0,0,0,74.80916464771717,0.0,malicious
2,0.3,0,0,0,0,0,0,0,1,0,1,0,0,0,0,95.42224115737744,0.0,suspicious
0,0.9,0,0,1,0,0,0,0,0,0,1,0,1,0,0,55.95216977544723,60.0,malicious
0,0.1,0,0,0,0,0,0,0,0,0,0,0,0,0,0,97.46487474566581,0.0,normal
1,0.08,0,0,0,0,0,0,0,1,0,0,0,0,0,0,74.90571170392354,0.0,normal
3,0.08,0,0,0,0,0,0,0,0,0,0,0,0,0,0,90.60092975047584,0.0,malicious
0,0.55,0,0,0,0,1,0,0,1,0,1,0,0,0,1,79.74496854725022,15.0,malicious
0,0.55,0,0,0,0,1,0,0,0,1,0,0,0,0,0,69.05417528163137,0.0,malicious
3,0.1,0,0,0,0,0,0,0,0,0,0,0,0,0,0,76.22029339415107,0.0,malicious
1,0.35,0,0,0,0,0,0,0,0,1,1,0,0,0,0,72.14293829832224,0.0,malicious
0,0.1,0,0,0,0,0,0,0,1,1,0,0,0,0,0,81.72368473211556,0.0,normal
0,0.25,0,0,0,0,0,0,1,1,1,1,0,0,0,1,83.8704541585425,15.0,malicious
0,0.08,0,0,0,0,0,0,0,0,0,0,0,0,0,0,94.0925991235633,0.0,normal
0,0.1,0,0,0,0,0,0,0,0,0,0,0,0,0,1,81.57001896566024,15.0,normal
1,0.3,0,0,0,0,0,0,0,0,0,0,0,0,1,0,92.30025403108925,30.0,malicious
0,0.08,0,0,0,0,0,0,0,0,0,0,0,0,0,0,91.40911401503593,0.0,normal
0,0.08,0,0,0,0,0,0,0,0,0,0,0,0,0,1,77.10615062380724,15.0,normal
1,0.1,0,0,0,0,0,0,0,0,1,0,0,0,0,0,96.96039920144595,0.0,normal
1,0.05,0,0,0,0,0,0,0,0,0,0,0,0,0,1,100.0,15.0,normal
1,0.05,0,0,0,0,0,0,0,0,0,0,0,0,0,0,100.0,0.0,normal
1,0.05,0,0,0,0,0,0,0,1,0,0,0,1,1,1,97.13176981251702,100.0,suspicious
0,0.5,0,1,0,0,0,0,0,0,1,0,0,0,0,0,56.3656062930723,0.0,suspicious
0,0.05,0,0,0,0,0,0,0,0,0,0,0,0,0,0,81.41049565481026,0.0,normal
1,0.08,0,0,0,0,0,0,0,0,0,0,0,0,0,0,73.52735033443957,0.0,normal
0,1.0,0,0,0,1,0,0,0,0,0,0,0,0,0,0,74.36021422743858,0.0,malicious
1,0.05,0,0,0,0,0,0,0,0,0,0,0,0,0,1,75.58728663735673,15.0,normal
0,0.05,0,0,0,0,0,0,0,0,0,0,0,0,0,0,85.52269216852244,0.0,normal
3,0.35,0,0,0,0,0,0,0,0,1,0,0,1,0,0,57.72462995383658,60.0,malicious
1,0.08,0,0,0,0,0,0,0,0,0,0,0,0,0,0,83.94016478029687,0.0,normal
0,0.05,0,0,0,0,0,0,0,0,0,0,0,0,1,1,91.36777657750723,45.0,normal
1,0.35,0,0,0,0,0,0,0,0,0,1,0,0,0,0,55.614505771418735,0.0,malicious
0,0.1,0,0,0,0,0,0,0,0,0,0,0,0,0,0,95.06781210291697,0.0,normal
3,0.08,0,0,0,0,0,0,0,0,0,0,0,0,0,1,62.11919694582858,15.0,malicious
0,0.25,0,0,0,0,0,0,1,1,1,0,1,0,0,0,48.17939158146025,70.0,malicious
0,0.05,0,0,0,0,0,0,0,0,0,0,0,0,0,0,74.46594307373783,0.0,normal
0,0.08,0,0,0,0,0,0,0,0,0,0,0,0,0,0,100.0,0.0,normal
1,0.45,0,0,0,0,0,1,0,0,0,1,0,0,0,1,86.14706553614977,15.0,malicious
1,0.08,0,0,0,0,0,0,0,0,0,1,0,0,0,0,87.45845805818055,0.0,suspicious
0,0.08,0,0,0,0,0,0,0,0,1,0,0,0,0,0,72.08468351196271,0.0,normal
0,0.1,0,0,0,0,0,0,0,0,1,0,0,0,0,1,100.0,15.0,normal
1,0.05,0,0,0,0,0,0,0,0,0,0,0,0,0,0,92.6030687831788,0.0,normal
1,0.3,0,0,0,0,0,0,0,0,1,1,0,0,0,0,71.48817955450498,0.0,suspicious
0,0.08,0,0,0,0,0,0,0,0,0,0,0,0,0,0,91.0825732518225,0.0,normal
0,0.25,0,0,0,0,0,0,1,0,0,0,0,0,0,1,89.54230592150617,15.0,normal
0,0.08,0,0,0,0,0,0,0,0,0,0,0,0,0,0,79.44937843638519,0.0,normal
0,0.08,0,0,0,0,0,0,0,0,1,0,0,0,0,0,57.50794464371302,0.0,normal
0,0.08,0,0,0,0,0,0,0,0,0,0,0,0,0,0,90.02974859798924,0.0,normal
0,0.08,0,0,0,0,0,0,0,0,0,0,0,0,0,1,65.373389577642,15.0,normal
0,0.9,0,0,1,0,0,0,0,1,0,1,0,0,0,0,58.50332529201688,0.0,malicious
0,0.3,0,0,0,0,0,0,0,0,0,1,0,0,0,0,83.26756540821583,0.0,normal
0,0.35,0,0,0,0,0,0,0,0,0,0,0,0,0,0,88.601653049876,0.0,normal
0,0.08,0,0,0,0,0,0,0,0,0,0,0,0,0,0,92.75221284179949,0.0,normal
1,0.55,0,0,0,0,1,0,0,0,0,0,0,0,0,0,72.91222468911057,0.0,malicious
0,0.05,0,0,0,0,0,0,0,0,0,0,0,0,0,1,63.16440773082428,15.0,normal
2,0.08,0,0,0,0,0,0,0,0,0,0,0,0,0,1,74.89713119866926,15.0,normal
0,0.05,0,0,0,0,0,0,0,0,1,0,0,0,0,0,50.56064995950845,0.0,suspicious
0,0.08,0,0,0,0,0,0,0,0,0,0,0,0,0,0,77.62444349864202,0.0,normal
0,0.1,0,0,0,0,0,0,0,0,0,0,0,0,0,0,80.76673305489743,0.0,normal
1,0.05,0,0,0,0,0,0,0,0,0,1,0,0,0,0,73.25336412299635,0.0,normal
1,0.45,0,0,0,0,0,1,0,0,0,0,0,0,0,0,83.6809357217465,0.0,normal
0,0.05,0,0,0,0,0,0,0,0,0,0,0,1,0,0,86.97936319546181,60.0,normal
0,0.08,0,0,0,0,0,0,0,0,0,0,0,0,0,0,83.44628170498314,0.0,normal
0,0.08,0,0,0,0,0,0,0,0,0,1,0,0,0,0,77.87091747498448,0.0,normal
0,0.05,0,0,0,0,0,0,0,0,1,1,0,0,0,0,63.497910191999374,0.0,suspicious
0,0.55,0,0,0,0,1,0,0,0,0,0,0,0,0,0,51.80029516394086,0.0,malicious
4,0.35,0,0,0,0,0,0,0,1,0,1,0,0,0,0,46.45840065911645,0.0,malicious
0,0.1,0,0,0,0,0,0,0,0,0,0,0,0,0,0,69.24275869832786,0.0,normal
0,0.1,0,0,0,0,0,0,0,0,0,0,0,0,0,1,83.56941685696971,15.0,normal
0,0.35,0,0,0,0,0,0,0,0,1,0,0,0,0,0,64.98466910455177,0.0,suspicious
1,0.5,0,1,0,0,0,0,0,1,1,0,0,0,0,0,81.61233947045694,0.0,malicious
4,0.35,0,0,0,0,0,0,0,1,0,1,0,0,0,0,54.406000340177364,0.0,malicious
1,0.3,0,0,0,0,0,0,0,1,0,0,0,0,0,0,100.0,0.0,normal
0,0.45,0,0,0,0,0,1,0,0,0,0,0,0,0,0,88.85847123950668,0.0,suspicious
2,0.08,0,0,0,0,0,0,0,0,0,0,0,0,0,0,76.84712536503224,0.0,malicious
0,0.3,0,0,0,0,0,0,0,0,0,1,0,0,0,0,94.32942277122436,0.0,normal
0,0.55,0,0,0,0,1,0,0,0,0,0,0,0,0,1,62.67336050267413,15.0,malicious
0,0.1,0,0,0,0,0,0,0,0,0,0,0,0,0,1,75.42952700515472,15.0,normal
1,0.9,0,0,1,0,0,0,0,0,0,0,0,0,0,0,78.29368009118201,0.0,malicious
0,0.1,0,0,0,0,0,0,0,0,0,0,0,0,1,0,77.77907681955168,30.0,normal
6,0.35,0,0,0,0,0,0,0,0,0,1,0,0,0,0,69.37043784085272,0.0,malicious
1,0.08,0,0,0,0,0,0,0,0,0,0,0,0,0,1,71.53666755173839,15.0,suspicious
0,0.3,0,0,0,0,0,0,0,0,0,0,1,1,0,0,84.92991030603973,100.0,suspicious
1,1.0,0,0,0,1,0,0,0,0,0,1,0,0,0,0,57.39986939184525,0.0,malicious
3,0.35,0,0,0,0,0,0,0,0,1,1,0,0,0,1,76.21667478105766,15.0,malicious
2,0.35,0,0,0,0,0,0,0,1,1,0,0,0,0,0,64.39210539069626,0.0,malicious
4,0.35,0,0,0,0,0,0,0,1,1,1,0,0,0,0,52.617558565112006,0.0,malicious
0,0.08,0,0,0,0,0,0,0,0,0,0,0,1,0,0,100.0,60.0,normal
1,0.55,0,0,0,0,1,0,0,0,0,0,0,1,0,0,55.54222013739947,60.0,malicious
1,0.1,0,0,0,0,0,0,0,0,0,0,0,0,0,1,56.126028722186405,15.0,suspicious
3,0.1,0,0,0,0,0,0,0,1,1,0,0,0,0,0,94.32075338168119,0.0,malicious
0,0.05,0,0,0,0,0,0,0,0,0,0,0,0,1,0,77.32995507949755,30.0,normal
1,0.08,0,0,0,0,0,0,0,0,0,0,0,0,0,0,65.4123703456741,0.0,normal
0,0.05,0,0,0,0,0,0,0,0,0,0,0,0,1,0,97.44085467031819,30.0,normal
0,1.0,0,0,0,1,0,0,0,0,1,1,0,0,0,0,86.56083278727911,0.0,malicious
0,0.08,0,0,0,0,0,0,0,0,0,0,0,0,0,1,58.74293406280647,15.0,normal
0,0.3,0,0,0,0,0,0,0,1,0,1,0,0,0,0,52.718278531158056,0.0,suspicious
1,0.05,0,0,0,0,0,0,0,0,0,0,1,0,0,1,100.0,85.0,normal
0,0.08,0,0,0,0,0,0,0,0,0,0,0,0,0,0,67.789430219989,0.0,normal
1,0.5,0,1,0,0,0,0,0,0,0,1,0,0,0,0,63.790503630404146,0.0,malicious
0,0.08,0,0,0,0,0,0,0,0,0,0,0,0,0,0,96.39411757962462,0.0,normal
0,0.08,0,0,0,0,0,0,0,0,0,0,0,0,0,0,74.12202950257661,0.0,normal
2,0.35,0,0,0,0,0,0,0,0,0,1,0,0,0,0,65.48900545852975,0.0,malicious
0,0.1,0,0,0,0,0,0,0,0,0,0,0,0,0,0,90.8056273488242,0.0,normal
0,0.08,0,0,0,0,0,0,0,0,0,0,1,0,0,0,90.43994827870145,70.0,normal
0,0.08,0,0,0,0,0,0,0,0,0,0,0,0,0,0,61.08616981902103,0.0,normal
7,0.35,0,0,0,0,0,0,0,1,1,1,0,0,0,0,75.33900427763668,0.0,malicious
0,0.05,0,0,0,0,0,0,0,0,0,0,0,0,0,0,58.995375828055366,0.0,normal
1,0.1,0,0,0,0,0,0,0,0,0,0,0,0,0,0,92.92734683438002,0.0,normal
0,0.05,0,0,0,0,0,0,0,0,0,0,0,1,0,0,89.07782123480158,60.0,normal
1,0.1,0,0,0,0,0,0,0,0,0,0,0,0,0,0,94.51047733178297,0.0,normal
0,0.05,0,0,0,0,0,0,0,0,0,0,0,1,0,1,99.48096380846815,75.0,normal
0,0.9,0,0,1,0,0,0,0,0,0,0,0,0,0,0,67.44604035695218,0.0,malicious
0,0.08,0,0,0,0,0,0,0,0,0,0,0,0,0,1,72.72462063034949,15.0,normal
1,0.05,0,0,0,0,0,0,0,0,0,0,0,0,0,0,89.72116463724151,0.0,normal
0,0.5,0,1,0,0,0,0,0,0,1,1,0,0,0,1,50.79494197589612,15.0,malicious
0,0.3,0,0,0,0,0,0,0,0,0,1,0,0,0,1,88.4839643113299,15.0,normal
0,0.1,0,0,0,0,0,0,0,0,1,0,0,0,0,0,84.95204702493389,0.0,normal
1,0.35,0,0,0,0,0,0,0,0,1,1,1,0,0,1,67.23915667690721,85.0,malicious
1,0.45,0,0,0,0,0,1,0,1,0,0,0,0,0,0,96.57142062398172,0.0,suspicious
0,0.1,0,0,0,0,0,0,0,0,0,0,0,0,0,0,95.48633986719037,0.0,normal
1,0.05,0,0,0,0,0,0,0,0,0,0,0,1,0,0,100.0,60.0,normal
0,0.08,0,0,0,0,0,0,0,0,1,0,0,0,0,1,98.4314844201216,15.0,normal
0,0.08,0,0,0,0,0,0,0,0,0,0,0,0,0,0,74.45254914603085,0.0,normal
1,0.05,0,0,0,0,0,0,0,0,0,0,0,0,1,0,86.55910790409335,30.0,suspicious
0,0.05,0,0,0,0,0,0,0,0,0,0,0,0,0,0,100.0,0.0,normal
0,0.05,0,0,0,0,0,0,0,0,0,0,0,0,0,0,73.67979245527621,0.0,normal
1,0.05,0,0,0,0,0,0,0,0,0,0,0,0,0,0,91.53861740573386,0.0,normal
0,0.08,0,0,0,0,0,0,0,0,1,0,0,0,0,0,79.87562249169608,0.0,normal
1,0.1,0,0,0,0,0,0,0,0,0,0,0,0,0,0,90.23555210723366,0.0,normal
0,0.1,0,0,0,0,0,0,0,0,1,0,0,0,0,0,82.18655062383499,0.0,normal
0,0.08,0,0,0,0,0,0,0,0,0,0,0,0,1,0,84.3227967944845,30.0,normal
0,0.08,0,0,0,0,0,0,0,0,0,0,1,0,0,0,79.03484118842596,70.0,suspicious
1,0.05,0,0,0,0,0,0,0,0,1,0,0,0,0,0,83.1619632857825,0.0,normal
0,0.5,0,1,0,0,0,0,0,1,0,0,0,0,0,0,55.538456023767495,0.0,suspicious
0,0.08,0,0,0,0,0,0,0,0,0,0,0,1,0,0,90.13589044919439,60.0,normal
3,0.35,0,0,0,0,0,0,0,0,0,0,0,0,0,1,44.842451178400644,15.0,malicious
1,0.25,0,0,0,0,0,0,1,0,0,1,0,0,0,0,81.15228028001417,0.0,suspicious
1,0.1,0,0,0,0,0,0,0,0,0,0,0,0,0,0,87.89539766986128,0.0,normal
1,1.0,0,0,0,1,0,0,0,0,1,1,0,0,0,0,82.98054172323842,0.0,malicious
1,0.05,0,0,0,0,0,0,0,0,0,0,0,1,0,0,78.47085625560887,60.0,suspicious
0,0.08,0,0,0,0,0,0,0,0,0,0,0,0,0,1,84.08931435090805,15.0,normal
1,0.1,0,0,0,0,0,0,0,0,0,0,0,0,0,0,81.53484913017743,0.0,normal
0,0.85,1,0,0,0,0,0,0,0,0,0,0,0,0,1,69.48838558762218,15.0,malicious
0,0.1,0,0,0,0,0,0,0,1,1,0,0,0,0,1,74.25817414456151,15.0,suspicious
0,0.25,0,0,0,0,0,0,1,0,0,1,0,0,0,0,74.51785902545112,0.0,suspicious
0,0.05,0,0,0,0,0,0,0,0,0,0,0,0,0,0,98.81653331823216,0.0,normal
0,0.08,0,0,0,0,0,0,0,0,0,0,0,0,0,0,100.0,0.0,normal
0,0.08,0,0,0,0,0,0,0,0,0,0,0,0,0,0,99.31202280433368,0.0,normal
0,0.45,0,0,0,0,0,1,0,0,1,0,0,0,0,0,83.26147152688603,0.0,normal
1,0.1,0,0,0,0,0,0,0,0,0,1,0,0,0,1,78.35201441530475,15.0,suspicious
3,0.35,0,0,0,0,0,0,0,1,0,1,0,1,0,0,75.66230607811913,60.0,malicious
1,0.05,0,0,0,0,0,0,0,0,0,0,0,0,0,0,78.47950408955924,0.0,normal
0,0.25,0,0,0,0,0,0,1,1,0,0,0,0,0,0,100.0,0.0,normal
0,0.25,0,0,0,0,0,0,1,1,0,0,0,0,0,0,68.17999876134897,0.0,normal
1,0.08,0,0,0,0,0,0,0,0,0,0,0,0,0,0,100.0,0.0,normal
0,0.08,0,0,0,0,0,0,0,1,0,0,0,0,1,0,76.80600260468152,30.0,suspicious
0,0.1,0,0,0,0,0,0,0,0,1,0,0,0,0,0,78.82721023568796,0.0,normal
0,0.1,0,0,0,0,0,0,0,1,1,1,0,1,0,0,95.90457688985401,60.0,malicious
3,0.08,0,0,0,0,0,0,0,0,0,0,0,0,0,1,93.55860577126249,15.0,malicious
0,0.5,0,1,0,0,0,0,0,1,1,1,0,1,0,0,77.0022750177059,60.0,malicious
1,0.85,1,0,0,0,0,0,0,1,1,0,0,1,0,0,67.90266966797411,60.0,malicious
0,0.3,0,0,0,0,0,0,0,1,0,0,0,0,0,0,99.17012382169347,0.0,normal
0,0.55,0,0,0,0,1,0,0,0,0,0,0,0,0,0,69.09933793846984,0.0,normal
0,0.05,0,0,0,0,0,0,0,0,0,0,0,0,0,0,73.67215393942804,0.0,normal
1,0.1,0,0,0,0,0,0,0,0,0,0,0,0,0,1,78.06963135284808,15.0,normal
0,0.08,0,0,0,0,0,0,0,0,0,0,0,0,0,1,68.42212564510885,15.0,normal
0,0.45,0,0,0,0,0,1,0,0,1,0,0,1,0,0,85.10438260127273,60.0,malicious
1,0.5,0,1,0,0,0,0,0,1,1,1,0,0,0,0,69.67351350321965,0.0,malicious
1,0.08,0,0,0,0,0,0,0,0,0,0,0,0,0,0,85.05850640492432,0.0,normal
0,0.1,0,0,0,0,0,0,0,0,0,1,0,0,0,0,94.44883200527241,0.0,normal
0,0.9,0,0,1,0,0,0,0,0,1,1,0,0,0,0,74.71938453425572,0.0,malicious
1,0.55,0,0,0,0,1,0,0,1,0,0,0,0,0,1,53.7333387284247,15.0,malicious
0,0.05,0,0,0,0,0,0,0,0,0,0,0,0,0,0,69.84248057295555,0.0,normal
1,0.85,1,0,0,0,0,0,0,1,1,1,0,0,0,0,59.86567417679444,0.0,malicious
0,0.08,0,0,0,0,0,0,0,0,0,0,0,0,0,1,69.0199017479355,15.0,normal
0,0.08,0,0,0,0,0,0,0,0,0,0,0,1,0,0,100.0,60.0,normal
2,0.85,1,0,0,0,0,0,0,0,0,1,0,0,0,0,83.72113581066463,0.0,malicious
1,0.5,0,1,0,0,0,0,0,1,0,0,0,0,0,0,63.43960284197524,0.0,suspicious
0,0.08,0,0,0,0,0,0,0,0,0,0,0,0,0,0,82.8766529397459,0.0,normal
0,0.08,0,0,0,0,0,0,0,0,0,0,0,0,0,0,85.17018044610482,0.0,normal
1,0.05,0,0,0,0,0,0,0,0,0,1,0,0,0,0,63.518780997297085,0.0,suspicious
2,0.35,0,0,0,0,0,0,0,0,0,1,0,0,0,0,73.70467067951984,0.0,suspicious
2,0.05,0,0,0,0,0,0,0,0,0,0,0,0,0,0,64.69006670218661,0.0,malicious
0,0.08,0,0,0,0,0,0,0,0,0,0,0,0,0,0,84.31774210209767,0.0,normal
1,0.1,0,0,0,0,0,0,0,0,0,0,0,0,0,0,85.70505768082646,0.0,normal
0,0.1,0,0,0,0,0,0,0,0,0,0,0,0,0,0,85.50007417927829,0.0,normal
0,0.08,0,0,0,0,0,0,0,0,0,0,0,0,0,0,98.9036062931523,0.0,normal
1,0.5,0,1,0,0,0,0,0,1,1,1,0,0,1,1,85.27478206577467,45.0,malicious
0,0.85,1,0,0,0,0,0,0,0,0,0,0,0,0,1,100.0,15.0,suspicious
0,0.25,0,0,0,0,0,0,1,0,0,1,0,0,0,0,93.66990134448007,0.0,normal
1,0.05,0,0,0,0,0,0,0,0,0,0,0,0,0,0,89.38254648917292,0.0,normal
1,0.05,0,0,0,0,0,0,0,0,0,0,0,0,0,0,86.65485704120599,0.0,normal
1,0.05,0,0,0,0,0,0,0,0,0,1,0,0,0,0,96.42610318800678,0.0,normal
0,1.0,0,0,0,1,0,0,0,1,0,1,0,0,0,0,44.0412299766156,0.0,malicious
0,0.05,0,0,0,0,0,0,0,0,0,0,0,0,0,0,89.92751027192377,0.0,normal
0,0.05,0,0,0,0,0,0,0,0,0,0,0,0,0,0,96.4279320472301,0.0,normal
0,0.35,0,0,0,0,0,0,0,1,0,0,0,0,0,0,87.1607928085856,0.0,normal
0,0.3,0,0,0,0,0,0,0,0,1,1,0,0,0,0,66.99136434109607,0.0,suspicious
1,0.05,0,0,0,0,0,0,0,0,0,0,0,0,0,0,81.03817571237536,0.0,normal
0,0.08,0,0,0,0,0,0,0,0,0,0,0,0,0,0,100.0,0.0,normal
2,0.25,0,0,0,0,0,0,1,0,0,0,0,1,0,0,86.38821856219846,60.0,malicious
4,0.35,0,0,0,0,0,0,0,0,0,0,0,0,0,0,46.789122354679435,0.0,suspicious
0,0.25,0,0,0,0,0,0,1,1,0,0,0,1,0,0,72.62397229964922,60.0,malicious
1,0.85,1,0,0,0,0,0,0,0,0,1,0,0,0,0,70.41583378111862,0.0,malicious
0,0.1,0,0,0,0,0,0,0,0,1,0,0,0,0,0,76.62708545518885,0.0,normal
0,0.05,0,0,0,0,0,0,0,0,0,0,0,0,0,0,92.67267776982015,0.0,normal
0,0.1,0,0,0,0,0,0,0,0,0,0,0,1,0,0,87.77273890527417,60.0,normal
1,0.3,0,0,0,0,0,0,0,1,0,0,0,0,0,1,78.40403292713764,15.0,suspicious
1,0.08,0,0,0,0,0,0,0,0,0,0,0,0,0,0,88.15905253028527,0.0,normal
0,0.25,0,0,0,0,0,0,1,1,1,1,0,0,0,0,80.22975641056001,0.0,malicious
0,0.08,0,0,0,0,0,0,0,1,0,0,0,0,0,1,81.0027023647355,15.0,normal
0,0.5,0,1,0,0,0,0,0,1,0,1,0,0,0,1,44.72574795734513,15.0,malicious
0,0.1,0,0,0,0,0,0,0,0,0,0,0,0,0,1,86.44258645447142,15.0,normal
1,0.3,0,0,0,0,0,0,0,0,0,0,0,0,0,0,74.98857591371629,0.0,normal
0,0.05,0,0,0,0,0,0,0,0,0,0,0,0,0,0,86.04789654907154,0.0,normal
0,0.05,0,0,0,0,0,0,0,0,0,1,0,0,0,0,72.53927731590682,0.0,normal
1,0.05,0,0,0,0,0,0,0,0,0,0,0,1,0,0,88.74995946751642,60.0,normal
0,0.1,0,0,0,0,0,0,0,0,1,0,0,0,0,0,86.93349755214857,0.0,normal
0,0.1,0,0,0,0,0,0,0,0,0,0,0,0,0,1,88.62117915627931,15.0,normal
0,0.25,0,0,0,0,0,0,1,0,1,0,1,0,0,0,91.68796024997798,70.0,suspicious
0,0.08,0,0,0,0,0,0,0,0,0,0,0,0,0,0,74.92727486625544,0.0,suspicious
0,0.08,0,0,0,0,0,0,0,0,0,0,0,0,0,1,79.66824359369299,15.0,normal
0,0.5,0,1,0,0,0,0,0,0,0,0,0,1,0,0,71.3461157855805,60.0,malicious
1,0.05,0,0,0,0,0,0,0,1,0,0,0,1,0,0,70.53306402830896,60.0,malicious
0,0.1,0,0,0,0,0,0,0,0,1,0,0,0,0,0,100.0,0.0,normal
1,0.05,0,0,0,0,0,0,0,0,0,0,0,0,0,0,96.17798354994638,0.0,normal
1,0.05,0,0,0,0,0,0,0,0,0,0,0,1,0,0,84.12077608377776,60.0,suspicious
0,0.1,0,0,0,0,0,0,0,0,0,0,0,0,0,0,78.59148263298113,0.0,normal
2,0.35,0,0,0,0,0,0,0,0,1,1,0,0,0,0,61.05062735067385,0.0,malicious
2,0.08,0,0,0,0,0,0,0,0,1,0,0,0,0,0,90.69775157925275,0.0,malicious
0,0.1,0,0,0,0,0,0,0,0,0,0,0,0,0,1,88.38094601198198,15.0,normal
0,0.1,0,0,0,0,0,0,0,0,0,0,0,1,0,0,75.02585040800334,60.0,normal
0,0.05,0,0,0,0,0,0,0,0,0,0,0,0,0,0,81.03422500197686,0.0,normal
0,0.05,0,0,0,0,0,0,0,0,0,1,0,0,0,0,79.12000154531279,0.0,normal
0,0.25,0,0,0,0,0,0,1,1,0,1,0,0,0,0,83.98413280528764,0.0,normal
1,0.08,0,0,0,0,0,0,0,1,0,0,0,0,0,0,62.46210253116381,0.0,suspicious
0,0.9,0,0,1,0,0,0,0,1,0,0,0,0,0,0,43.92562913006428,0.0,malicious
0,0.5,0,1,0,0,0,0,0,0,0,1,0,0,0,0,50.91519875411784,0.0,malicious
0,0.08,0,0,0,0,0,0,0,0,1,0,0,0,0,0,100.0,0.0,normal
1,0.05,0,0,0,0,0,0,0,0,0,0,0,0,0,0,74.13343930400539,0.0,normal
1,0.08,0,0,0,0,0,0,0,0,0,0,0,0,0,0,67.58098212512425,0.0,normal
0,0.08,0,0,0,0,0,0,0,0,0,0,0,0,0,1,79.71643760002996,15.0,normal
1,0.1,0,0,0,0,0,0,0,0,1,0,0,0,0,0,86.34439373951835,0.0,normal
0,0.1,0,0,0,0,0,0,0,1,0,0,0,0,0,0,100.0,0.0,normal
0,0.08,0,0,0,0,0,0,0,0,0,1,0,0,0,0,87.63422717542839,0.0,normal
1,0.1,0,0,0,0,0,0,0,0,1,0,0,0,0,1,83.67048053375822,15.0,suspicious
1,0.85,1,0,0,0,0,0,0,0,0,1,0,0,0,0,72.56417701151636,0.0,malicious
1,0.1,0,0,0,0,0,0,0,0,0,0,0,0,0,0,78.43482464642685,0.0,normal
6,0.35,0,0,0,0,0,0,0,1,1,0,0,0,0,0,79.07796773970057,0.0,malicious
1,0.1,0,0,0,0,0,0,0,0,0,1,0,0,0,0,59.6719651297417,0.0,suspicious
2,0.1,0,0,0,0,0,0,0,0,1,0,0,0,0,0,80.78493813075357,0.0,malicious
1,0.35,0,0,0,0,0,0,0,0,1,0,0,0,0,0,62.53213157511334,0.0,suspicious
2,0.1,0,0,0,0,0,0,0,0,1,0,0,0,0,0,77.7329959040098,0.0,suspicious
0,0.1,0,0,0,0,0,0,0,0,1,0,0,1,0,0,86.69348855399844,60.0,normal
2,0.08,0,0,0,0,0,0,0,1,0,0,0,0,0,0,72.31649273352781,0.0,suspicious
0,0.1,0,0,0,0,0,0,0,0,0,0,0,0,0,0,65.45246455605152,0.0,normal
2,0.08,0,0,0,0,0,0,0,0,0,0,0,0,0,0,97.98367086071204,0.0,normal
1,0.1,0,0,0,0,0,0,0,0,0,0,0,0,1,0,72.23775134864148,30.0,suspicious
2,0.1,0,0,0,0,0,0,0,1,0,0,0,0,0,0,76.43174236737332,0.0,suspicious
1,0.1,0,0,0,0,0,0,0,0,0,0,0,0,1,0,100.0,30.0,normal
0,0.05,0,0,0,0,0,0,0,0,0,0,0,0,0,0,60.85008292061545,0.0,normal
1,0.05,0,0,0,0,0,0,0,0,0,0,0,0,0,0,86.76431871207083,0.0,normal
0,0.1,0,0,0,0,0,0,0,1,0,0,0,0,0,0,78.31272407426889,0.0,normal
0,0.05,0,0,0,0,0,0,0,0,0,0,0,0,0,0,100.0,0.0,normal
2,0.35,0,0,0,0,0,0,0,1,1,1,1,0,0,1,37.48986854163364,85.0,malicious
0,0.1,0,0,0,0,0,0,0,0,0,0,0,0,0,0,75.64227886588345,0.0,normal
1,0.1,0,0,0,0,0,0,0,0,0,1,0,0,0,1,86.9206220734922,15.0,suspicious
1,0.85,1,0,0,0,0,0,0,0,0,1,0,0,0,0,65.81612245669972,0.0,malicious
1,0.05,0,0,0,0,0,0,0,0,1,0,0,0,0,1,91.57403107983862,15.0,normal
2,0.1,0,0,0,0,0,0,0,0,1,0,0,1,0,0,66.59038287991552,60.0,malicious
0,0.1,0,0,0,0,0,0,0,0,1,0,0,0,0,0,77.66771194362605,0.0,normal
0,0.3,0,0,0,0,0,0,0,0,1,0,0,0,0,0,95.01191902702632,0.0,normal
0,0.08,0,0,0,0,0,0,0,0,0,0,0,0,0,0,91.8038744146544,0.0,normal
0,0.9,0,0,1,0,0,0,0,0,0,1,0,0,0,0,70.72146943206127,0.0,malicious
0,0.08,0,0,0,0,0,0,0,0,0,0,0,0,0,0,88.07853104915816,0.0,normal
1,0.08,0,0,0,0,0,0,0,0,0,0,0,0,0,0,100.0,0.0,normal
0,0.35,0,0,0,0,0,0,0,0,1,0,0,0,0,0,72.04198684121084,0.0,normal
2,0.5,0,1,0,0,0,0,0,1,1,0,0,0,0,0,60.35730567803633,0.0,malicious
0,0.25,0,0,0,0,0,0,1,0,0,0,0,0,0,0,85.68172809525444,0.0,normal
1,0.5,0,1,0,0,0,0,0,0,0,0,0,0,0,0,58.35754218061013,0.0,malicious
0,0.08,0,0,0,0,0,0,0,1,0,0,0,0,1,0,72.00070160291598,30.0,suspicious
0,0.1,0,0,0,0,0,0,0,0,0,0,0,0,0,0,100.0,0.0,normal
0,0.1,0,0,0,0,0,0,0,0,0,0,0,0,0,0,96.40093525778491,0.0,normal
0,0.1,0,0,0,0,0,0,0,0,0,0,0,0,0,0,77.40387963497888,0.0,normal
0,0.08,0,0,0,0,0,0,0,0,0,0,0,1,0,0,85.17391090131666,60.0,normal
0,0.08,0,0,0,0,0,0,0,0,0,0,0,1,0,0,98.87424126841235,60.0,normal
0,0.1,0,0,0,0,0,0,0,0,0,0,0,0,0,1,54.70348565829474,15.0,normal
0,0.3,0,0,0,0,0,0,0,0,1,0,0,0,0,0,94.9496096266073,0.0,normal
0,0.08,0,0,0,0,0,0,0,0,0,0,0,0,0,0,90.06517517226176,0.0,normal
0,0.1,0,0,0,0,0,0,0,0,0,0,0,0,0,0,85.92984307053239,0.0,normal
0,0.05,0,0,0,0,0,0,0,0,0,0,0,0,0,0,70.43383167101571,0.0,normal
1,0.08,0,0,0,0,0,0,0,0,0,0,0,0,0,0,100.0,0.0,normal
0,0.5,0,1,0,0,0,0,0,0,0,0,0,0,0,1,64.17892291545515,15.0,malicious
4,0.35,0,0,0,0,0,0,0,1,1,1,0,0,0,1,51.9550494990965,15.0,malicious
0,0.45,0,0,0,0,0,1,0,0,1,0,0,0,0,1,72.79267539706512,15.0,suspicious
0,0.05,0,0,0,0,0,0,0,0,0,0,0,1,0,1,79.4198206558736,75.0,normal
0,0.05,0,0,0,0,0,0,0,0,1,0,0,0,0,1,71.27899787132608,15.0,normal
0,0.1,0,0,0,0,0,0,0,0,0,0,0,0,0,0,81.90052914322222,0.0,normal
1,0.08,0,0,0,0,0,0,0,0,0,0,0,0,0,1,100.0,15.0,normal
1,0.05,0,0,0,0,0,0,0,0,0,0,0,0,0,0,86.48246882971095,0.0,normal
1,0.85,1,0,0,0,0,0,0,1,0,0,0,0,0,0,80.86595776388947,0.0,malicious
0,0.08,0,0,0,0,0,0,0,0,0,0,0,0,1,1,81.06422145708645,45.0,normal
2,0.1,0,0,0,0,0,0,0,0,1,0,0,0,0,1,89.89028699057728,15.0,suspicious
2,0.35,0,0,0,0,0,0,0,1,0,1,0,0,0,0,67.39050311058936,0.0,malicious
0,1.0,0,0,0,1,0,0,0,0,0,1,0,0,0,1,77.47587181938748,15.0,malicious
0,0.08,0,0,0,0,0,0,0,0,1,0,0,0,0,1,82.40650966855135,15.0,normal
0,0.25,0,0,0,0,0,0,1,1,1,0,0,0,0,0,75.98555723684518,0.0,suspicious
1,0.1,0,0,0,0,0,0,0,0,0,0,0,0,0,0,90.46582084197209,0.0,normal
0,0.08,0,0,0,0,0,0,0,0,0,0,0,0,0,0,74.46998144532864,0.0,normal
1,0.05,0,0,0,0,0,0,0,0,0,0,0,0,0,0,57.537558728847735,0.0,suspicious
0,0.05,0,0,0,0,0,0,0,0,1,0,0,0,0,0,100.0,0.0,normal
1,0.05,0,0,0,0,0,0,0,0,0,0,0,0,1,0,89.52827869331676,30.0,normal
1,0.05,0,0,0,0,0,0,0,0,0,0,0,0,0,0,79.10145908384484,0.0,normal
2,0.1,0,0,0,0,0,0,0,0,1,0,0,0,0,0,78.49924303133302,0.0,suspicious
1,0.05,0,0,0,0,0,0,0,0,0,0,0,0,0,0,89.6689339635022,0.0,normal
2,0.35,0,0,0,0,0,0,0,0,1,0,0,0,0,1,69.17311571647409,15.0,malicious
0,0.3,0,0,0,0,0,0,0,1,0,1,0,1,0,0,75.17461235033667,60.0,malicious
0,0.08,0,0,0,0,0,0,0,0,0,0,0,0,0,0,80.07413567539243,0.0,normal
0,0.1,0,0,0,0,0,0,0,0,0,0,0,0,0,0,77.49756945239295,0.0,normal
1,0.08,0,0,0,0,0,0,0,0,0,0,0,1,0,0,79.56308035234619,60.0,suspicious
1,0.08,0,0,0,0,0,0,0,0,0,0,0,0,0,0,100.0,0.0,normal
0,0.1,0,0,0,0,0,0,0,0,0,0,0,0,0,0,90.44251508620597,0.0,normal
1,0.3,0,0,0,0,0,0,0,1,0,0,0,0,0,0,74.43519620030375,0.0,suspicious
0,0.1,0,0,0,0,0,0,0,0,0,0,0,0,0,0,80.9780239361217,0.0,normal
1,0.25,0,0,0,0,0,0,1,0,0,0,0,0,0,0,92.40349356863425,0.0,normal
2,0.3,0,0,0,0,0,0,0,0,0,0,0,0,0,1,80.54545474729794,15.0,malicious
2,0.08,0,0,0,0,0,0,0,0,0,0,0,0,0,0,86.03528075945644,0.0,normal
0,0.25,0,0,0,0,0,0,1,0,0,0,0,0,1,0,79.68382172202048,30.0,suspicious
0,0.25,0,0,0,0,0,0,1,0,0,1,0,0,0,0,93.74941952690766,0.0,normal
1,0.5,0,1,0,0,0,0,0,0,0,1,0,0,0,0,59.11822484254524,0.0,malicious
1,0.1,0,0,0,0,0,0,0,0,1,0,0,0,0,0,97.25694710368762,0.0,normal
0,0.05,0,0,0,0,0,0,0,0,0,0,0,0,0,1,90.4951748581154,15.0,normal
0,0.05,0,0,0,0,0,0,0,0,0,0,0,0,0,0,80.01892089692781,0.0,normal
1,0.3,0,0,0,0,0,0,0,1,1,0,0,0,0,0,84.35112810598372,0.0,suspicious
0,0.08,0,0,0,0,0,0,0,0,0,0,1,1,1,0,58.71212356487756,100.0,malicious
0,0.1,0,0,0,0,0,0,0,0,1,0,0,0,0,0,78.44483346997902,0.0,normal
1,0.05,0,0,0,0,0,0,0,1,0,0,0,0,0,0,92.62075191309562,0.0,normal
1,0.1,0,0,0,0,0,0,0,0,1,0,0,0,1,0,76.26749105795281,30.0,malicious
2,0.35,0,0,0,0,0,0,0,0,0,0,0,0,0,0,69.61757789541528,0.0,malicious
0,0.05,0,0,0,0,0,0,0,0,0,0,0,0,0,1,84.80335045492147,15.0,normal
5,0.35,0,0,0,0,0,0,0,1,0,0,0,0,1,0,76.77665247843215,30.0,malicious
0,0.1,0,0,0,0,0,0,0,0,1,0,0,0,0,0,85.36075126815922,0.0,normal
0,0.1,0,0,0,0,0,0,0,0,0,0,0,0,1,0,67.5667469975588,30.0,normal
0,0.5,0,1,0,0,0,0,0,0,1,0,0,0,0,0,80.4548836971293,0.0,suspicious
0,0.55,0,0,0,0,1,0,0,0,1,1,0,0,0,1,73.31630814366915,15.0,malicious
0,0.1,0,0,0,0,0,0,0,1,0,0,0,0,0,0,97.28831403398853,0.0,normal
0,0.3,0,0,0,0,0,0,0,0,0,0,0,0,0,0,90.90855323357238,0.0,suspicious
3,0.35,0,0,0,0,0,0,0,0,0,1,0,1,0,0,79.17360179187827,60.0,malicious
1,0.08,0,0,0,0,0,0,0,0,0,0,0,0,0,0,95.46187253169978,0.0,suspicious
1,0.1,0,0,0,0,0,0,0,1,0,0,0,1,0,0,88.32700443263612,60.0,suspicious
2,0.5,0,1,0,0,0,0,0,1,1,1,0,0,1,0,73.83410688189002,30.0,malicious
4,0.35,0,0,0,0,0,0,0,0,0,0,0,0,0,0,84.26563056852179,0.0,malicious
1,0.9,0,0,1,0,0,0,0,0,1,1,0,0,0,0,59.20189704405979,0.0,malicious
0,0.45,0,0,0,0,0,1,0,1,1,1,0,0,0,0,100.0,0.0,malicious
0,0.05,0,0,0,0,0,0,0,0,0,0,0,0,0,0,92.5437455577221,0.0,normal
2,0.1,0,0,0,0,0,0,0,0,0,0,1,0,0,0,80.39419652653076,70.0,malicious
1,0.9,0,0,1,0,0,0,0,0,0,0,0,0,0,1,63.35105260740983,15.0,malicious
1,0.55,0,0,0,0,1,0,0,0,0,1,0,0,0,0,35.91299619320897,0.0,malicious
1,0.5,0,1,0,0,0,0,0,0,0,1,0,0,0,0,58.42383446732915,0.0,malicious
1,0.35,0,0,0,0,0,0,0,0,1,0,0,0,0,0,78.1563459038028,0.0,suspicious
0,0.25,0,0,0,0,0,0,1,0,0,0,0,0,1,0,100.0,30.0,normal
0,0.25,0,0,0,0,0,0,1,0,0,0,0,0,0,0,63.86279988786347,0.0,normal
0,0.1,0,0,0,0,0,0,0,0,1,0,0,0,0,0,91.70272523250424,0.0,normal
1,0.08,0,0,0,0,0,0,0,1,0,0,0,0,0,0,81.25390284996733,0.0,suspicious
1,0.55,0,0,0,0,1,0,0,1,0,1,0,0,0,1,82.02362361411306,15.0,malicious
0,0.08,0,0,0,0,0,0,0,0,0,0,0,0,0,0,78.85253460419209,0.0,normal
0,0.55,0,0,0,0,1,0,0,0,0,0,0,0,0,0,48.60835304121799,0.0,suspicious
1,0.05,0,0,0,0,0,0,0,1,0,0,0,0,0,0,75.02115007644419,0.0,normal
1,0.05,0,0,0,0,0,0,0,0,0,0,0,0,0,0,85.6694918210129,0.0,normal
0,0.08,0,0,0,0,0,0,0,0,0,0,0,0,0,0,100.0,0.0,normal
0,0.5,0,1,0,0,0,0,0,0,0,1,0,0,0,0,58.99771564410294,0.0,malicious
4,0.35,0,0,0,0,0,0,0,0,0,0,0,0,0,0,42.090650783571135,0.0,malicious
0,0.08,0,0,0,0,0,0,0,0,0,0,0,0,0,0,80.93156663485149,0.0,normal
0,0.08,0,0,0,0,0,0,0,0,0,0,0,0,0,0,85.44180568162896,0.0,normal
1,0.25,0,0,0,0,0,0,1,1,1,0,0,0,1,0,77.74764425356257,30.0,malicious
3,0.1,0,0,0,0,0,0,0,0,1,0,0,0,0,1,81.9364098623254,15.0,malicious
1,0.05,0,0,0,0,0,0,0,0,0,0,0,0,0,0,84.49419875120958,0.0,normal
2,0.1,0,0,0,0,0,0,0,0,0,0,0,0,0,1,84.52113029416684,15.0,suspicious
2,0.25,0,0,0,0,0,0,1,1,0,1,0,0,0,1,87.62646343743509,15.0,malicious
0,0.05,0,0,0,0,0,0,0,0,0,0,0,0,0,0,100.0,0.0,normal
1,0.05,0,0,0,0,0,0,0,0,0,0,0,0,0,0,85.36200122025231,0.0,normal
1,0.5,0,1,0,0,0,0,0,0,0,1,0,0,1,0,72.29820142056619,30.0,malicious
0,0.55,0,0,0,0,1,0,0,1,1,0,0,0,0,0,60.52720036462196,0.0,malicious
1,0.05,0,0,0,0,0,0,0,0,0,0,0,0,1,0,100.0,30.0,normal
0,0.08,0,0,0,0,0,0,0,0,0,0,0,1,0,0,91.74470446914592,60.0,normal
0,0.1,0,0,0,0,0,0,0,0,1,0,0,0,0,1,88.58517138522073,15.0,normal
1,0.05,0,0,0,0,0,0,0,0,0,0,0,0,0,0,88.80735666207617,0.0,normal
0,0.08,0,0,0,0,0,0,0,0,0,0,0,0,0,1,63.4041784435159,15.0,normal
1,0.45,0,0,0,0,0,1,0,1,0,1,0,0,0,1,81.38231191864791,15.0,malicious
0,0.08,0,0,0,0,0,0,0,1,0,0,0,0,0,1,69.3628771562318,15.0,normal
0,0.1,0,0,0,0,0,0,0,0,0,0,0,0,0,1,99.42137450621811,15.0,normal
2,0.1,0,0,0,0,0,0,0,0,0,0,1,0,0,0,80.6144024157343,70.0,malicious
0,0.1,0,0,0,0,0,0,0,0,1,0,0,0,0,0,87.02924382209375,0.0,normal
4,0.35,0,0,0,0,0,0,0,1,0,0,0,0,0,0,62.057640194900124,0.0,malicious
0,0.1,0,0,0,0,0,0,0,0,0,0,0,0,0,0,81.55935282012238,0.0,normal
0,0.08,0,0,0,0,0,0,0,0,0,0,0,0,0,0,71.97870189542812,0.0,normal
0,0.05,0,0,0,0,0,0,0,0,0,0,0,0,0,0,81.68861476722,0.0,normal
0,0.45,0,0,0,0,0,1,0,1,0,1,0,0,0,0,90.83239910347906,0.0,malicious
0,0.05,0,0,0,0,0,0,0,0,0,0,0,0,0,0,95.80419392181642,0.0,normal
0,0.08,0,0,0,0,0,0,0,0,0,0,0,0,0,0,91.57518619834951,0.0,normal
1,0.1,0,0,0,0,0,0,0,0,0,0,0,0,0,0,89.28755757941812,0.0,normal
2,0.08,0,0,0,0,0,0,0,0,0,0,0,0,0,0,84.24130122303416,0.0,suspicious
2,0.55,0,0,0,0,1,0,0,0,0,1,0,1,1,0,65.19246017819725,90.0,malicious
1,0.1,0,0,0,0,0,0,0,0,0,0,0,0,0,0,83.0858467227943,0.0,normal
0,0.3,0,0,0,0,0,0,0,0,0,0,0,0,0,0,89.02632136670843,0.0,normal
1,0.05,0,0,0,0,0,0,0,0,0,0,0,0,0,0,59.965317368311986,0.0,suspicious
0,0.08,0,0,0,0,0,0,0,0,0,0,0,0,0,0,83.51367098844791,0.0,suspicious
0,0.08,0,0,0,0,0,0,0,0,0,0,0,0,0,0,93.19707728175152,0.0,normal
1,0.05,0,0,0,0,0,0,0,0,0,0,0,0,0,0,79.35600949568601,0.0,normal
0,0.1,0,0,0,0,0,0,0,0,1,0,0,0,0,0,80.48267880877935,0.0,normal
1,0.1,0,0,0,0,0,0,0,0,0,0,0,0,0,1,94.15948730163416,15.0,normal
0,0.08,0,0,0,0,0,0,0,0,0,0,0,0,0,0,77.45837496207598,0.0,normal
0,0.08,0,0,0,0,0,0,0,0,0,1,0,0,0,0,81.46842413271472,0.0,normal
1,0.08,0,0,0,0,0,0,0,0,0,0,0,0,0,0,66.86806447533216,0.0,normal
1,0.1,0,0,0,0,0,0,0,0,0,0,1,0,0,0,82.01059558605374,70.0,malicious
0,0.05,0,0,0,0,0,0,0,0,0,0,0,0,0,1,92.66389405234654,15.0,normal
0,1.0,0,0,0,1,0,0,0,0,0,1,0,0,0,0,72.61714436165636,0.0,malicious
1,0.1,0,0,0,0,0,0,0,0,1,0,0,0,0,1,100.0,15.0,normal
1,0.1,0,0,0,0,0,0,0,0,1,0,1,0,0,0,89.65289702608122,70.0,malicious
0,0.08,0,0,0,0,0,0,0,1,0,0,0,0,0,0,94.09493692895285,0.0,normal
1,0.08,0,0,0,0,0,0,0,0,0,0,0,0,0,0,92.18914865638648,0.0,normal
0,0.1,0,0,0,0,0,0,0,0,0,0,0,0,0,0,100.0,0.0,normal
1,0.05,0,0,0,0,0,0,0,0,0,0,0,0,0,0,88.63720121539791,0.0,normal
1,0.05,0,0,0,0,0,0,0,0,0,0,0,0,0,1,97.13438017125091,15.0,suspicious
1,0.3,0,0,0,0,0,0,0,0,1,1,0,0,0,0,91.51608994808319,0.0,suspicious
0,0.1,0,0,0,0,0,0,0,0,0,0,0,0,0,0,63.72541785521337,0.0,normal
0,0.05,0,0,0,0,0,0,0,0,0,0,0,0,0,0,80.89478107105167,0.0,normal
0,0.85,1,0,0,0,0,0,0,0,1,1,0,0,0,0,63.76862977647386,0.0,malicious
1,0.05,0,0,0,0,0,0,0,0,0,0,0,0,0,0,72.59479429655148,0.0,normal
1,0.05,0,0,0,0,0,0,0,1,0,0,0,0,0,0,95.27611939177075,0.0,normal
5,0.35,0,0,0,0,0,0,0,1,1,1,0,0,0,0,62.54228350880634,0.0,malicious
0,0.1,0,0,0,0,0,0,0,0,1,0,0,0,1,0,86.89031073050329,30.0,suspicious
1,0.08,0,0,0,0,0,0,0,0,1,0,0,1,0,0,88.77589193465028,60.0,suspicious
0,0.08,0,0,0,0,0,0,0,0,1,1,0,0,0,0,77.30117620649976,0.0,malicious
0,0.1,0,0,0,0,0,0,0,0,1,0,0,1,0,0,77.51008577703854,60.0,suspicious
3,0.35,0,0,0,0,0,0,0,0,1,0,0,0,0,1,65.85724576379084,15.0,malicious
0,0.55,0,0,0,0,1,0,0,1,0,1,0,0,0,1,77.22103891983298,15.0,malicious
2,0.1,0,0,0,0,0,0,0,0,0,0,0,0,0,0,82.89077579960413,0.0,normal
0,0.1,0,0,0,0,0,0,0,1,1,0,0,0,0,0,68.41183111200041,0.0,normal
1,0.9,0,0,1,0,0,0,0,0,0,1,0,0,0,0,59.69900435771059,0.0,malicious
0,0.05,0,0,0,0,0,0,0,0,0,0,0,0,0,0,100.0,0.0,normal
0,0.05,0,0,0,0,0,0,0,0,0,0,0,0,0,0,99.9666244917349,0.0,normal
3,0.35,0,0,0,0,0,0,0,0,0,0,0,0,0,0,55.11743723764377,0.0,malicious
3,0.5,0,1,0,0,0,0,0,1,1,1,0,0,0,0,73.56205407629612,0.0,malicious
2,0.1,0,0,0,0,0,0,0,0,1,0,0,0,0,0,79.46478459271677,0.0,suspicious
2,0.35,0,0,0,0,0,0,0,0,1,0,0,0,0,0,81.02134063164058,0.0,malicious
0,0.08,0,0,0,0,0,0,0,0,0,0,0,0,0,0,95.57176230630546,0.0,normal
0,0.05,0,0,0,0,0,0,0,0,0,0,0,0,0,0,82.97600042316532,0.0,normal
0,0.1,0,0,0,0,0,0,0,0,1,0,0,0,0,0,81.239866861748,0.0,normal
0,0.05,0,0,0,0,0,0,0,0,0,0,0,0,0,0,93.5503590287837,0.0,normal
0,0.05,0,0,0,0,0,0,0,1,0,0,0,0,0,0,83.6028524297483,0.0,normal
2,0.35,0,0,0,0,0,0,0,0,0,0,0,1,0,0,58.8160839867639,60.0,malicious
0,0.25,0,0,0,0,0,0,1,1,1,1,1,0,1,0,92.30369881613036,100.0,malicious
1,0.1,0,0,0,0,0,0,0,0,0,0,0,0,0,0,63.25380174600109,0.0,suspicious
3,0.35,0,0,0,0,0,0,0,1,0,1,0,0,0,0,57.17247743738508,0.0,malicious
0,0.1,0,0,0,0,0,0,0,0,0,0,0,0,0,0,98.65720251119917,0.0,normal
0,0.05,0,0,0,0,0,0,0,0,0,0,0,0,0,0,100.0,0.0,normal
0,0.1,0,0,0,0,0,0,0,0,0,0,0,0,0,0,79.3487806912739,0.0,normal
0,0.05,0,0,0,0,0,0,0,0,0,0,0,0,0,0,56.92051391130977,0.0,normal
1,0.45,0,0,0,0,0,1,0,0,0,0,0,1,0,0,74.44920684679443,60.0,malicious
0,0.1,0,0,0,0,0,0,0,0,1,0,0,0,0,0,67.45795467161341,0.0,normal
0,0.08,0,0,0,0,0,0,0,0,0,0,0,0,0,1,100.0,15.0,suspicious
0,0.05,0,0,0,0,0,0,0,0,0,0,0,0,0,1,67.68299772598436,15.0,normal
1,0.55,0,0,0,0,1,0,0,0,1,1,1,0,0,0,70.13893582114316,70.0,malicious
0,0.1,0,0,0,0,0,0,0,1,1,0,0,0,0,0,62.660654689919625,0.0,suspicious
0,0.5,0,1,0,0,0,0,0,0,1,0,0,1,0,0,73.44031742705826,60.0,malicious
0,0.08,0,0,0,0,0,0,0,0,0,0,0,0,1,0,63.308585572744434,30.0,normal
0,0.08,0,0,0,0,0,0,0,0,0,0,0,0,0,0,74.87902656614169,0.0,normal
1,0.35,0,0,0,0,0,0,0,1,0,1,0,0,0,0,78.32816796238599,0.0,malicious
0,0.08,0,0,0,0,0,0,0,0,0,0,0,0,0,0,73.83574048223437,0.0,normal
1,0.25,0,0,0,0,0,0,1,0,1,0,0,0,0,0,89.77234110808025,0.0,suspicious
2,0.5,0,1,0,0,0,0,0,0,0,1,0,0,0,1,65.63006561413314,15.0,malicious
2,0.08,0,0,0,0,0,0,0,0,0,0,0,0,0,0,94.59641250054925,0.0,normal
1,0.55,0,0,0,0,1,0,0,1,0,0,0,0,0,0,75.9258458106344,0.0,malicious
0,0.08,0,0,0,0,0,0,0,0,0,0,0,0,0,0,74.8429373036672,0.0,normal
1,0.55,0,0,0,0,1,0,0,1,1,1,0,0,0,0,69.52435131156476,0.0,malicious
0,0.85,1,0,0,0,0,0,0,0,0,0,0,0,0,0,55.953578493554105,0.0,malicious
1,0.9,0,0,1,0,0,0,0,1,1,0,0,0,1,1,78.3700614358269,45.0,malicious
1,0.08,0,0,0,0,0,0,0,0,1,0,0,0,0,0,100.0,0.0,normal
0,1.0,0,0,0,1,0,0,0,1,1,0,0,0,0,0,60.99906113745561,0.0,malicious
0,0.08,0,0,0,0,0,0,0,0,0,0,0,0,0,0,72.48046943206191,0.0,normal
2,0.45,0,0,0,0,0,1,0,0,1,0,0,0,0,0,96.13517063543775,0.0,malicious
1,0.55,0,0,0,0,1,0,0,1,0,1,0,0,0,1,76.0800185692508,15.0,malicious
1,0.9,0,0,1,0,0,0,0,1,0,1,0,0,0,0,82.32052761847451,0.0,malicious
2,0.1,0,0,0,0,0,0,0,0,0,0,0,0,0,0,74.19524449024107,0.0,normal
0,0.1,0,0,0,0,0,0,0,0,1,0,0,0,0,0,87.32467128570404,0.0,normal
0,0.1,0,0,0,0,0,0,0,0,0,0,0,0,0,0,79.9687371594608,0.0,normal
0,0.05,0,0,0,0,0,0,0,1,0,0,0,0,0,1,99.96827010293674,15.0,normal
1,0.05,0,0,0,0,0,0,0,0,1,0,0,0,0,0,69.61774195329849,0.0,normal
3,0.1,0,0,0,0,0,0,0,0,0,0,0,1,0,0,54.45794511418837,60.0,malicious
1,0.08,0,0,0,0,0,0,0,0,1,0,0,0,1,0,99.4340812911314,30.0,suspicious
0,0.05,0,0,0,0,0,0,0,0,0,0,0,0,0,0,78.79882567676113,0.0,normal
0,0.05,0,0,0,0,0,0,0,0,0,0,0,0,0,1,96.39052936956381,15.0,normal
0,0.45,0,0,0,0,0,1,0,1,0,1,0,0,0,0,83.57777687276908,0.0,suspicious
1,0.08,0,0,0,0,0,0,0,0,0,0,0,0,0,0,100.0,0.0,normal
0,0.08,0,0,0,0,0,0,0,0,0,0,0,0,1,0,92.46766707969041,30.0,normal
0,0.85,1,0,0,0,0,0,0,1,0,0,0,0,0,0,44.21770342785396,0.0,malicious
0,0.1,0,0,0,0,0,0,0,0,1,0,0,0,0,0,64.25435387747359,0.0,normal
0,0.5,0,1,0,0,0,0,0,1,0,0,0,0,0,0,50.30547977712684,0.0,malicious
1,0.3,0,0,0,0,0,0,0,0,1,1,0,0,0,0,99.60909201350148,0.0,suspicious
1,0.08,0,0,0,0,0,0,0,0,0,0,0,0,0,0,91.24743066968374,0.0,normal
1,0.05,0,0,0,0,0,0,0,0,0,0,0,0,0,0,84.87394925458071,0.0,normal
1,0.35,0,0,0,0,0,0,0,1,1,0,0,0,0,1,67.02450528934047,15.0,malicious
0,0.3,0,0,0,0,0,0,0,0,0,0,0,0,0,1,74.43831180865459,15.0,normal
0,0.08,0,0,0,0,0,0,0,0,0,0,0,0,0,0,100.0,0.0,normal
1,0.1,0,0,0,0,0,0,0,0,0,0,0,0,0,0,89.91811280801137,0.0,normal
0,0.1,0,0,0,0,0,0,0,0,0,0,0,0,0,0,79.87764458031388,0.0,normal
1,0.05,0,0,0,0,0,0,0,0,0,1,0,0,0,1,90.67630000215877,15.0,suspicious
0,0.1,0,0,0,0,0,0,0,0,0,0,0,0,0,0,69.04804614206444,0.0,normal
0,0.1,0,0,0,0,0,0,0,0,0,0,0,0,0,0,92.71788780516155,0.0,normal
1,0.05,0,0,0,0,0,0,0,0,0,0,0,0,0,0,78.96987819731075,0.0,normal
2,0.05,0,0,0,0,0,0,0,0,0,0,0,0,0,0,65.42313559381087,0.0,suspicious
0,0.08,0,0,0,0,0,0,0,0,0,0,0,0,0,0,100.0,0.0,normal
0,0.1,0,0,0,0,0,0,0,0,1,0,0,1,0,0,88.5771515302157,60.0,normal
0,0.08,0,0,0,0,0,0,0,0,0,0,0,0,0,0,85.60868848733809,0.0,normal
1,0.3,0,0,0,0,0,0,0,0,1,0,0,0,0,0,92.16634723333573,0.0,normal
3,0.35,0,0,0,0,0,0,0,0,1,1,0,0,0,0,90.3421624981049,0.0,malicious
0,0.05,0,0,0,0,0,0,0,0,0,0,0,0,0,0,79.3729538787577,0.0,normal
1,0.1,0,0,0,0,0,0,0,0,1,0,0,0,0,0,89.66673300236428,0.0,normal
0,0.08,0,0,0,0,0,0,0,0,0,0,0,0,0,0,81.60032302280543,0.0,normal
0,0.85,1,0,0,0,0,0,0,1,0,1,0,1,0,0,53.58292350204857,60.0,suspicious
1,0.1,0,0,0,0,0,0,0,0,1,0,0,0,1,0,86.7384220372754,30.0,malicious
0,0.1,0,0,0,0,0,0,0,0,0,0,0,0,0,0,74.5311866974181,0.0,suspicious
0,0.1,0,0,0,0,0,0,0,0,0,0,0,0,0,0,90.2234496662721,0.0,normal
2,0.08,0,0,0,0,0,0,0,0,0,0,0,0,0,0,70.06655660549714,0.0,suspicious
1,0.08,0,0,0,0,0,0,0,0,0,0,0,0,0,0,77.28366468247798,0.0,suspicious
2,0.35,0,0,0,0,0,0,0,1,0,0,0,0,0,0,52.62360058974296,0.0,malicious
0,0.1,0,0,0,0,0,0,0,1,0,0,0,0,0,1,100.0,15.0,normal
1,0.08,0,0,0,0,0,0,0,0,0,0,0,0,0,0,64.61644442651787,0.0,normal
0,0.5,0,1,0,0,0,0,0,1,1,1,0,1,0,0,72.72255685588453,60.0,malicious
2,0.35,0,0,0,0,0,0,0,0,1,0,0,0,0,0,75.27962802525973,0.0,malicious
1,0.1,0,0,0,0,0,0,0,0,1,0,0,0,0,0,78.6078698155785,0.0,normal
0,0.3,0,0,0,0,0,0,0,0,0,0,0,0,0,0,91.1578850837473,0.0,normal
2,1.0,0,0,0,1,0,0,0,0,0,0,0,0,0,1,52.26242278009295,15.0,malicious
1,0.05,0,0,0,0,0,0,0,0,0,0,0,0,0,0,87.62082042208752,0.0,normal
0,0.08,0,0,0,0,0,0,0,0,0,0,0,0,0,0,85.47365469046008,0.0,normal
0,0.08,0,0,0,0,0,0,0,0,0,0,0,0,0,0,69.04486796749856,0.0,normal
2,0.35,0,0,0,0,0,0,0,0,0,0,0,0,0,0,57.106507279141574,0.0,malicious
0,0.1,0,0,0,0,0,0,0,0,0,0,0,0,0,0,96.52763604043156,0.0,normal
1,0.1,0,0,0,0,0,0,0,0,0,1,0,0,0,0,100.0,0.0,normal
1,0.55,0,0,0,0,1,0,0,1,1,0,0,0,0,0,64.7504667781017,0.0,malicious
0,0.08,0,0,0,0,0,0,0,0,0,1,0,0,0,0,81.64066840339521,0.0,normal
2,0.1,0,0,0,0,0,0,0,0,0,1,0,0,0,0,78.6554556996489,0.0,malicious
0,0.1,0,0,0,0,0,0,0,0,0,0,0,0,0,0,94.62129682995722,0.0,normal
1,0.1,0,0,0,0,0,0,0,0,0,0,0,0,0,0,100.0,0.0,normal
0,0.1,0,0,0,0,0,0,0,0,1,0,0,0,0,0,100.0,0.0,normal
0,0.05,0,0,0,0,0,0,0,0,0,0,0,0,0,1,97.74788558949803,15.0,normal
0,0.5,0,1,0,0,0,0,0,0,1,1,0,0,0,0,99.10459556326911,0.0,malicious
2,0.45,0,0,0,0,0,1,0,0,0,1,0,0,0,0,62.596215647599976,0.0,malicious
1,0.08,0,0,0,0,0,0,0,0,0,0,0,0,0,0,99.04754322571156,0.0,normal
1,0.9,0,0,1,0,0,0,0,0,1,0,0,0,0,0,66.48502566936638,0.0,malicious
2,0.05,0,0,0,0,0,0,0,0,0,0,0,0,0,0,74.27812661959949,0.0,suspicious
0,0.45,0,0,0,0,0,1,0,0,0,0,0,0,0,1,84.91471469159619,15.0,normal
0,0.1,0,0,0,0,0,0,0,0,0,0,0,0,0,0,80.93107459402931,0.0,normal
2,0.1,0,0,0,0,0,0,0,0,1,0,0,0,0,0,85.41692157894883,0.0,suspicious
0,0.05,0,0,0,0,0,0,0,0,0,0,0,0,0,0,53.429174289899,0.0,normal
0,0.85,1,0,0,0,0,0,0,1,0,1,0,0,0,0,49.617982412172175,0.0,malicious
0,1.0,0,0,0,1,0,0,0,0,0,1,0,0,0,0,59.2715040312645,0.0,malicious
0,0.08,0,0,0,0,0,0,0,0,1,0,0,0,0,0,99.1654689483682,0.0,normal
1,0.08,0,0,0,0,0,0,0,0,0,0,0,0,0,0,83.07820347975208,0.0,normal
1,0.3,0,0,0,0,0,0,0,0,0,0,0,0,0,0,75.28916540241867,0.0,normal
1,0.08,0,0,0,0,0,0,0,0,0,0,0,0,0,1,80.53797913065766,15.0,normal
1,0.08,0,0,0,0,0,0,0,0,0,0,0,0,0,0,64.09237817074943,0.0,suspicious
2,1.0,0,0,0,1,0,0,0,0,0,1,0,1,0,0,70.855051016374,60.0,malicious
0,0.85,1,0,0,0,0,0,0,0,0,0,0,0,0,0,67.19604589495083,0.0,malicious
0,0.1,0,0,0,0,0,0,0,0,1,0,0,0,0,0,75.19566117840859,0.0,normal
1,0.1,0,0,0,0,0,0,0,1,0,0,0,0,1,0,95.02226767192974,30.0,normal
3,0.35,0,0,0,0,0,0,0,0,0,1,0,0,0,0,82.56997202747274,0.0,malicious
1,0.05,0,0,0,0,0,0,0,1,0,0,0,0,0,1,96.3825576628609,15.0,normal
1,0.08,0,0,0,0,0,0,0,0,0,0,0,1,0,0,75.2097842276703,60.0,suspicious
2,0.5,0,1,0,0,0,0,0,1,0,0,0,0,0,0,81.64629230032283,0.0,malicious
3,0.1,0,0,0,0,0,0,0,0,0,0,0,0,0,0,88.68961230806578,0.0,suspicious
0,0.08,0,0,0,0,0,0,0,0,0,0,0,1,0,0,67.5393369330364,60.0,suspicious
1,0.1,0,0,0,0,0,0,0,0,1,0,0,0,0,0,62.69553595444259,0.0,suspicious
1,0.08,0,0,0,0,0,0,0,0,0,0,0,0,0,1,83.03147364752432,15.0,normal
1,0.05,0,0,0,0,0,0,0,0,0,0,0,0,0,0,78.76131939162731,0.0,normal
0,0.05,0,0,0,0,0,0,0,0,0,0,0,0,0,1,88.5083363823604,15.0,normal
0,0.1,0,0,0,0,0,0,0,0,0,0,0,1,0,0,88.69299884099198,60.0,normal
2,0.08,0,0,0,0,0,0,0,0,0,0,0,0,1,1,86.86649195801152,45.0,suspicious
1,0.3,0,0,0,0,0,0,0,0,1,1,0,0,0,0,85.45475289375868,0.0,suspicious
3,0.1,0,0,0,0,0,0,0,0,0,0,0,0,0,0,77.20444791945451,0.0,malicious
2,0.35,0,0,0,0,0,0,0,1,0,0,0,0,0,0,76.5894859586356,0.0,suspicious
0,0.1,0,0,0,0,0,0,0,0,0,0,0,0,0,0,77.53585875935069,0.0,normal
1,0.1,0,0,0,0,0,0,0,0,0,0,0,0,0,1,71.26663760644693,15.0,normal
0,0.3,0,0,0,0,0,0,0,0,1,1,0,0,0,0,72.16538702724965,0.0,suspicious
2,0.5,0,1,0,0,0,0,0,0,0,1,0,0,0,1,70.11168978789438,15.0,malicious
3,0.08,0,0,0,0,0,0,0,0,0,0,0,0,0,0,91.75997837944185,0.0,suspicious
0,1.0,0,0,0,1,0,0,0,0,1,1,0,0,0,0,55.21589162986709,0.0,malicious
0,0.5,0,1,0,0,0,0,0,1,0,0,0,0,0,0,66.82103989389866,0.0,malicious
0,0.35,0,0,0,0,0,0,0,0,0,0,0,0,0,0,52.94519711771477,0.0,suspicious
0,0.1,0,0,0,0,0,0,0,0,0,0,0,0,0,1,68.64204444410298,15.0,normal
0,0.05,0,0,0,0,0,0,0,0,0,0,0,0,0,0,97.81089655570176,0.0,normal
3,0.05,0,0,0,0,0,0,0,0,0,0,0,0,1,0,78.4824827437794,30.0,malicious
0,0.05,0,0,0,0,0,0,0,0,0,0,0,0,0,0,86.87731869904066,0.0,normal
1,0.1,0,0,0,0,0,0,0,0,1,0,0,0,0,0,94.44287806641768,0.0,normal
0,0.05,0,0,0,0,0,0,0,0,1,0,0,0,0,0,100.0,0.0,normal
0,0.05,0,0,0,0,0,0,0,0,0,0,0,0,0,0,100.0,0.0,normal
0,0.55,0,0,0,0,1,0,0,1,0,1,0,0,0,0,86.3770697086832,0.0,malicious
1,0.05,0,0,0,0,0,0,0,0,0,0,0,0,0,0,76.12296722308655,0.0,normal
4,0.35,0,0,0,0,0,0,0,1,0,0,0,0,0,0,67.51170999517436,0.0,malicious
0,0.3,0,0,0,0,0,0,0,1,0,1,0,0,0,0,69.21788307271444,0.0,normal
1,0.05,0,0,0,0,0,0,0,1,0,0,0,0,0,1,81.00389500773836,15.0,suspicious
0,0.08,0,0,0,0,0,0,0,0,0,0,0,0,0,0,84.41734302931145,0.0,normal
0,0.08,0,0,0,0,0,0,0,0,0,0,0,1,0,0,69.03069600445521,60.0,normal
1,0.35,0,0,0,0,0,0,0,0,0,0,0,0,0,0,85.36278696371662,0.0,normal
0,0.05,0,0,0,0,0,0,0,0,0,0,0,0,0,0,99.58165616786316,0.0,normal
1,0.08,0,0,0,0,0,0,0,0,1,0,0,0,0,0,65.0344757235369,0.0,suspicious
0,0.05,0,0,0,0,0,0,0,0,0,0,0,0,0,0,88.77423703262893,0.0,normal
0,0.1,0,0,0,0,0,0,0,0,0,0,0,0,0,1,94.29657097822921,15.0,normal
0,0.3,0,0,0,0,0,0,0,0,1,0,0,0,0,0,59.83747409108393,0.0,normal
0,0.05,0,0,0,0,0,0,0,0,0,0,0,0,0,0,47.3735299091803,0.0,normal
0,0.1,0,0,0,0,0,0,0,0,1,1,0,0,0,0,100.0,0.0,normal
0,0.5,0,1,0,0,0,0,0,0,0,0,0,0,0,0,80.56921511772718,0.0,normal
0,0.55,0,0,0,0,1,0,0,0,0,1,0,0,1,0,87.59091444271812,30.0,malicious
0,0.05,0,0,0,0,0,0,0,0,0,0,0,0,0,0,75.55307980885543,0.0,normal
0,0.08,0,0,0,0,0,0,0,0,0,0,0,0,0,0,79.54149460261632,0.0,normal
0,0.25,0,0,0,0,0,0,1,0,1,0,0,0,0,0,65.26362757579531,0.0,suspicious
0,0.05,0,0,0,0,0,0,0,0,0,0,0,0,1,0,100.0,30.0,normal
2,0.08,0,0,0,0,0,0,0,0,0,0,0,0,0,0,70.84945910578004,0.0,normal
0,0.25,0,0,0,0,0,0,1,1,1,1,0,0,0,0,75.23640561175493,0.0,malicious
2,0.3,0,0,0,0,0,0,0,0,0,1,0,0,0,0,90.53063467431173,0.0,malicious
0,0.55,0,0,0,0,1,0,0,0,1,0,0,0,0,0,54.57602676504361,0.0,malicious
0,0.1,0,0,0,0,0,0,0,0,0,0,0,0,1,0,85.99064624293712,30.0,normal
0,0.5,0,1,0,0,0,0,0,0,0,1,0,1,0,0,54.100251774919066,60.0,malicious
0,0.08,0,0,0,0,0,0,0,0,0,0,0,0,0,0,56.991876121464834,0.0,suspicious
6,0.35,0,0,0,0,0,0,0,1,0,0,0,0,0,0,70.01214345742392,0.0,malicious
1,0.3,0,0,0,0,0,0,0,0,1,1,0,0,0,0,63.57952111460845,0.0,malicious
1,0.08,0,0,0,0,0,0,0,0,0,0,0,0,0,1,72.22279834397234,15.0,suspicious
0,0.1,0,0,0,0,0,0,0,0,1,0,0,0,0,0,99.0337905059541,0.0,normal
1,0.1,0,0,0,0,0,0,0,0,0,0,0,0,0,0,88.47753821074971,0.0,normal
0,0.45,0,0,0,0,0,1,0,0,0,1,0,0,0,0,80.30131189987165,0.0,normal
0,0.08,0,0,0,0,0,0,0,0,0,0,0,0,0,0,94.97452556312751,0.0,normal
1,0.1,0,0,0,0,0,0,0,0,1,0,0,0,0,0,55.64393098619681,0.0,malicious
0,0.05,0,0,0,0,0,0,0,0,0,0,0,0,0,0,77.59428318284947,0.0,suspicious
1,0.1,0,0,0,0,0,0,0,0,1,0,0,0,0,0,100.0,0.0,normal
1,0.25,0,0,0,0,0,0,1,1,0,0,0,0,0,0,75.91509557126224,0.0,suspicious
0,0.3,0,0,0,0,0,0,0,1,0,0,0,0,0,0,94.5519345913778,0.0,normal
1,0.1,0,0,0,0,0,0,0,0,1,0,0,0,0,0,89.93929599182104,0.0,normal
0,0.05,0,0,0,0,0,0,0,0,0,0,0,0,0,0,100.0,0.0,normal
0,0.55,0,0,0,0,1,0,0,0,0,0,0,0,0,0,77.7348436048971,0.0,suspicious
0,0.05,0,0,0,0,0,0,0,0,0,0,0,0,0,0,92.61943516999575,0.0,normal
0,0.45,0,0,0,0,0,1,0,0,0,1,0,0,0,0,85.16323938348064,0.0,suspicious
0,0.08,0,0,0,0,0,0,0,0,0,0,1,0,0,0,77.7681258967838,70.0,normal
0,0.08,0,0,0,0,0,0,0,0,0,0,0,0,0,0,75.82784492906444,0.0,normal
1,0.05,0,0,0,0,0,0,0,0,0,1,0,0,0,0,86.99691669415245,0.0,normal
0,0.55,0,0,0,0,1,0,0,0,0,1,0,0,0,0,58.08203973468645,0.0,suspicious
3,0.35,0,0,0,0,0,0,0,0,0,1,0,0,0,0,97.74070372489312,0.0,malicious
1,0.08,0,0,0,0,0,0,0,0,0,0,0,1,0,1,88.4184479173286,75.0,suspicious
1,0.85,1,0,0,0,0,0,0,0,1,0,0,0,0,0,63.34000763560403,0.0,malicious
0,0.08,0,0,0,0,0,0,0,0,0,0,0,0,1,0,71.99391526978933,30.0,normal
0,0.08,0,0,0,0,0,0,0,0,0,0,0,0,0,0,89.15394077496293,0.0,normal
1,0.05,0,0,0,0,0,0,0,1,0,0,0,0,0,0,85.12497048919909,0.0,normal
1,0.1,0,0,0,0,0,0,0,0,0,0,0,0,0,0,90.28197104927308,0.0,normal
1,0.08,0,0,0,0,0,0,0,0,0,0,0,0,0,0,81.91772481679993,0.0,normal
0,0.1,0,0,0,0,0,0,0,0,1,0,0,0,0,1,80.11273060346574,15.0,normal
0,0.08,0,0,0,0,0,0,0,0,0,0,0,0,1,1,77.0053474252454,45.0,normal
1,0.35,0,0,0,0,0,0,0,1,1,0,0,0,0,0,75.65580445890392,0.0,malicious
0,0.1,0,0,0,0,0,0,0,0,0,0,0,0,0,1,87.15108982777039,15.0,normal
0,0.1,0,0,0,0,0,0,0,0,0,0,0,0,0,0,85.36337510897155,0.0,normal
0,0.05,0,0,0,0,0,0,0,0,0,0,0,0,0,0,90.8413564688745,0.0,normal
2,0.9,0,0,1,0,0,0,0,0,1,0,0,0,0,0,75.95416735981465,0.0,malicious
0,0.25,0,0,0,0,0,0,1,0,0,0,0,0,0,0,100.0,0.0,normal
0,0.08,0,0,0,0,0,0,0,0,0,0,0,0,0,0,100.0,0.0,normal
1,0.05,0,0,0,0,0,0,0,0,0,0,0,0,0,0,70.3577445248005,0.0,normal
0,0.3,0,0,0,0,0,0,0,0,1,1,0,0,0,0,92.31520716709547,0.0,suspicious
0,0.05,0,0,0,0,0,0,0,0,0,0,0,1,0,0,64.4575199895027,60.0,normal
0,0.25,0,0,0,0,0,0,1,1,0,1,0,0,0,1,85.99484995261314,15.0,suspicious
0,0.05,0,0,0,0,0,0,0,1,0,0,0,0,1,1,82.71364273276151,45.0,normal
1,0.08,0,0,0,0,0,0,0,0,0,0,0,0,0,1,91.63395885394516,15.0,normal
0,0.1,0,0,0,0,0,0,0,0,1,0,0,0,0,1,77.07403630263053,15.0,normal
1,0.05,0,0,0,0,0,0,0,0,0,0,0,0,0,0,72.94201910515449,0.0,normal
0,0.1,0,0,0,0,0,0,0,0,0,0,0,0,0,0,84.8862203064699,0.0,normal
1,0.3,0,0,0,0,0,0,0,1,1,0,0,0,0,0,89.5247160203838,0.0,suspicious
0,0.05,0,0,0,0,0,0,0,0,0,0,0,0,0,0,96.48515805955225,0.0,normal
0,0.1,0,0,0,0,0,0,0,0,0,0,0,0,1,1,92.20505352982386,45.0,normal
0,0.08,0,0,0,0,0,0,0,0,0,0,0,0,0,0,100.0,0.0,normal
0,0.08,0,0,0,0,0,0,0,0,0,1,0,0,0,0,90.64855389870003,0.0,normal
1,0.5,0,1,0,0,0,0,0,0,0,0,0,0,0,0,48.964855820393865,0.0,malicious
1,0.1,0,0,0,0,0,0,0,0,0,0,0,0,0,0,81.6780810921194,0.0,normal
2,0.1,0,0,0,0,0,0,0,0,1,0,0,0,0,0,77.4248758429617,0.0,malicious
0,0.08,0,0,0,0,0,0,0,1,0,0,0,0,0,0,100.0,0.0,normal
0,0.1,0,0,0,0,0,0,0,0,1,0,0,0,0,1,82.4228715504294,15.0,normal
0,0.05,0,0,0,0,0,0,0,0,0,0,0,0,0,1,70.20538733989332,15.0,normal
0,0.1,0,0,0,0,0,0,0,0,0,1,0,1,0,0,53.97520985178906,60.0,malicious
1,0.3,0,0,0,0,0,0,0,0,1,0,0,0,0,0,74.20670256032103,0.0,suspicious
0,0.3,0,0,0,0,0,0,0,1,0,1,0,0,0,0,99.26586537829702,0.0,normal
3,0.05,0,0,0,0,0,0,0,0,0,0,0,0,0,1,86.56049955504079,15.0,malicious
0,0.45,0,0,0,0,0,1,0,0,0,0,0,0,0,1,79.83429641482728,15.0,normal
0,0.08,0,0,0,0,0,0,0,0,0,0,0,0,0,0,100.0,0.0,normal
1,0.35,0,0,0,0,0,0,0,0,1,1,0,0,0,0,70.0453616060734,0.0,malicious
1,0.08,0,0,0,0,0,0,0,0,0,0,0,0,0,0,83.62957432709672,0.0,normal
0,0.05,0,0,0,0,0,0,0,0,0,0,0,0,0,0,85.33781336765131,0.0,normal
0,0.1,0,0,0,0,0,0,0,0,0,0,0,0,0,0,94.19748792326145,0.0,normal
1,0.1,0,0,0,0,0,0,0,0,0,0,0,0,0,0,99.76760206848579,0.0,normal
1,0.85,1,0,0,0,0,0,0,1,0,1,0,0,0,0,77.65510466708301,0.0,malicious
2,0.35,0,0,0,0,0,0,0,0,0,0,0,0,0,0,53.06566083584985,0.0,malicious
0,0.05,0,0,0,0,0,0,0,0,0,0,0,0,0,0,87.03960127228831,0.0,normal
0,0.1,0,0,0,0,0,0,0,0,0,0,0,0,0,0,78.95958760250824,0.0,normal
4,0.35,0,0,0,0,0,0,0,1,0,0,0,0,0,1,66.02887793194515,15.0,malicious
1,0.5,0,1,0,0,0,0,0,0,0,0,0,0,0,0,59.661498295659314,0.0,malicious
0,0.5,0,1,0,0,0,0,0,0,0,1,0,0,0,0,71.0072441356287,0.0,malicious
0,0.05,0,0,0,0,0,0,0,0,0,0,0,0,0,0,91.13997421509436,0.0,normal
5,0.35,0,0,0,0,0,0,0,0,0,0,0,0,0,0,74.47364054934528,0.0,malicious
0,0.08,0,0,0,0,0,0,0,0,0,0,0,0,0,0,87.4629801624879,0.0,normal
0,0.45,0,0,0,0,0,1,0,0,0,0,0,0,0,0,86.96526548784183,0.0,normal
0,0.3,0,0,0,0,0,0,0,0,0,1,0,0,0,0,79.02727268494263,0.0,normal
2,0.05,0,0,0,0,0,0,0,0,0,0,0,0,0,0,67.79080665086096,0.0,normal
1,0.35,0,0,0,0,0,0,0,1,0,0,0,0,0,1,61.56298950645838,15.0,malicious
1,0.05,0,0,0,0,0,0,0,1,0,0,0,0,0,1,93.71094607489458,15.0,normal
0,0.08,0,0,0,0,0,0,0,0,0,0,0,0,0,0,83.56914859881006,0.0,normal
1,0.3,0,0,0,0,0,0,0,0,0,1,0,0,1,0,92.20466062164235,30.0,malicious
0,0.1,0,0,0,0,0,0,0,0,1,0,0,0,0,0,77.45748771620785,0.0,normal
1,0.3,0,0,0,0,0,0,0,1,0,0,0,0,0,0,88.07776630962287,0.0,normal
0,0.1,0,0,0,0,0,0,0,0,1,0,0,0,0,1,71.61771437425702,15.0,normal
1,0.1,0,0,0,0,0,0,0,0,1,0,0,0,0,0,85.99633911178947,0.0,normal
0,0.08,0,0,0,0,0,0,0,0,0,1,0,0,0,0,91.73715339807538,0.0,normal
0,0.1,0,0,0,0,0,0,0,0,0,0,0,0,0,0,92.98708643407339,0.0,normal
3,0.05,0,0,0,0,0,0,0,0,0,0,0,0,0,0,88.51826023779522,0.0,suspicious
2,0.08,0,0,0,0,0,0,0,0,1,1,0,0,1,0,89.29958343042804,30.0,malicious
0,0.08,0,0,0,0,0,0,0,0,0,0,0,0,0,0,90.809978794886,0.0,normal
2,0.1,0,0,0,0,0,0,0,1,0,0,0,0,0,0,72.01761768967731,0.0,malicious
2,0.1,0,0,0,0,0,0,0,0,1,0,0,0,0,0,88.08612178690326,0.0,suspicious
0,0.25,0,0,0,0,0,0,1,1,1,1,0,0,0,0,72.58891743699334,0.0,malicious
3,0.9,0,0,1,0,0,0,0,0,0,0,0,0,0,0,62.03668307439207,0.0,malicious
3,0.1,0,0,0,0,0,0,0,0,1,0,0,0,0,1,89.87338523522097,15.0,malicious
0,0.08,0,0,0,0,0,0,0,0,0,0,0,0,0,1,94.57679708903206,15.0,normal
0,0.1,0,0,0,0,0,0,0,0,1,0,0,0,0,1,100.0,15.0,normal
0,0.08,0,0,0,0,0,0,0,0,0,0,0,0,0,0,94.08602636740841,0.0,normal
1,0.5,0,1,0,0,0,0,0,1,0,0,0,0,0,0,66.94525928679734,0.0,malicious
0,0.05,0,0,0,0,0,0,0,0,0,0,0,0,0,0,81.28893493889214,0.0,normal
1,0.05,0,0,0,0,0,0,0,0,0,0,0,0,0,0,84.13471896667096,0.0,normal
0,0.25,0,0,0,0,0,0,1,1,1,1,0,0,0,0,69.22598915592457,0.0,malicious
1,0.1,0,0,0,0,0,0,0,0,0,0,0,0,0,0,97.2676645443581,0.0,suspicious
1,0.05,0,0,0,0,0,0,0,0,0,0,1,0,0,0,100.0,70.0,normal
0,0.08,0,0,0,0,0,0,0,0,0,0,0,0,0,0,63.79135850268935,0.0,normal
0,0.1,0,0,0,0,0,0,0,0,0,0,0,0,1,0,77.5575677157986,30.0,normal
1,0.05,0,0,0,0,0,0,0,0,0,0,0,0,0,0,84.19633836260306,0.0,normal
1,0.5,0,1,0,0,0,0,0,0,0,1,0,0,0,0,65.18338894995291,0.0,malicious
0,0.05,0,0,0,0,0,0,0,0,0,0,0,0,0,1,99.1863808594803,15.0,normal
1,0.1,0,0,0,0,0,0,0,0,0,0,0,0,0,0,73.93194193910136,0.0,normal
1,0.05,0,0,0,0,0,0,0,0,1,0,0,0,1,0,92.73659576270826,30.0,suspicious
0,0.05,0,0,0,0,0,0,0,0,0,0,0,0,0,1,78.73635062602015,15.0,normal
0,0.05,0,0,0,0,0,0,0,0,0,0,0,0,0,0,89.22675206294805,0.0,normal
0,0.05,0,0,0,0,0,0,0,0,0,0,0,0,0,0,88.99487162104307,0.0,normal
1,0.1,0,0,0,0,0,0,0,0,1,0,0,0,0,0,90.45373872639347,0.0,normal
0,0.1,0,0,0,0,0,0,0,0,0,0,0,0,0,0,71.99309734939597,0.0,normal
0,0.3,0,0,0,0,0,0,0,1,0,0,0,0,0,0,63.28919261107307,0.0,suspicious
0,0.05,0,0,0,0,0,0,0,0,0,0,0,0,0,1,89.19944871380828,15.0,normal
0,0.1,0,0,0,0,0,0,0,1,1,0,0,0,0,0,91.8725830138615,0.0,normal
0,0.08,0,0,0,0,0,0,0,0,0,0,0,0,0,0,69.77376738793359,0.0,normal
1,0.08,0,0,0,0,0,0,0,0,0,0,0,0,0,0,100.0,0.0,normal
0,1.0,0,0,0,1,0,0,0,1,1,0,0,0,0,1,65.51578714957485,15.0,malicious
0,0.3,0,0,0,0,0,0,0,0,0,0,0,0,0,1,87.823424113094,15.0,normal
0,0.1,0,0,0,0,0,0,0,0,1,0,0,0,0,1,94.53484665667517,15.0,normal
0,0.05,0,0,0,0,0,0,0,0,0,0,0,0,0,0,69.92777603914486,0.0,normal
0,0.08,0,0,0,0,0,0,0,0,0,0,0,0,0,0,73.62969311702949,0.0,normal
1,0.35,0,0,0,0,0,0,0,0,0,1,0,0,0,0,64.1396892940592,0.0,suspicious
3,0.3,0,0,0,0,0,0,0,0,0,1,0,0,0,0,68.38381350470384,0.0,malicious
0,0.08,0,0,0,0,0,0,0,0,1,0,0,0,0,0,80.18767585168361,0.0,normal
0,0.1,0,0,0,0,0,0,0,0,0,0,0,0,1,1,81.96262100719721,45.0,normal
0,0.08,0,0,0,0,0,0,0,0,0,0,0,0,0,0,84.03521988270013,0.0,normal
0,0.08,0,0,0,0,0,0,0,0,0,1,0,0,0,0,77.70123401523628,0.0,normal
0,0.08,0,0,0,0,0,0,0,0,0,1,0,0,0,0,92.5761220819693,0.0,normal
1,0.1,0,0,0,0,0,0,0,0,0,0,1,0,0,1,81.50864779203435,85.0,suspicious
0,0.05,0,0,0,0,0,0,0,0,0,1,0,0,0,0,84.95995609396394,0.0,normal
0,0.08,0,0,0,0,0,0,0,1,0,0,0,0,0,0,91.25174805993392,0.0,normal
1,0.05,0,0,0,0,0,0,0,0,0,0,0,0,0,0,84.62110369348208,0.0,normal
0,0.1,0,0,0,0,0,0,0,0,1,0,0,0,0,0,82.88417070802792,0.0,normal
0,0.25,0,0,0,0,0,0,1,1,0,1,0,0,0,0,95.04437645737016,0.0,normal
0,0.1,0,0,0,0,0,0,0,0,0,0,0,0,0,1,73.90516539403787,15.0,normal
0,0.08,0,0,0,0,0,0,0,0,0,0,0,0,0,0,68.79134971050057,0.0,normal
0,0.05,0,0,0,0,0,0,0,0,0,0,0,0,0,0,84.2239510192505,0.0,normal
0,0.55,0,0,0,0,1,0,0,1,0,0,0,0,0,0,74.28308445647758,0.0,normal
2,0.08,0,0,0,0,0,0,0,0,0,0,0,0,0,0,100.0,0.0,normal
1,0.1,0,0,0,0,0,0,0,0,0,0,0,0,0,0,49.307313078248974,0.0,suspicious
0,0.05,0,0,0,0,0,0,0,0,0,0,1,0,0,0,69.17484346747288,70.0,normal
1,0.05,0,0,0,0,0,0,0,1,0,0,0,0,0,1,80.67973321684066,15.0,suspicious
1,0.55,0,0,0,0,1,0,0,1,0,0,0,0,0,0,58.85422524537866,0.0,malicious
1,0.1,0,0,0,0,0,0,0,0,1,0,0,1,0,0,90.42480833438762,60.0,suspicious
0,0.08,0,0,0,0,0,0,0,0,1,0,0,0,0,0,84.65353448589704,0.0,normal
1,0.3,0,0,0,0,0,0,0,0,0,0,0,0,0,0,86.33942464695319,0.0,normal
0,0.05,0,0,0,0,0,0,0,0,0,0,0,0,0,0,82.29229282305364,0.0,normal
0,0.05,0,0,0,0,0,0,0,0,0,0,0,0,0,0,100.0,0.0,normal
6,0.35,0,0,0,0,0,0,0,1,1,0,0,0,0,0,81.8446536015551,0.0,malicious
0,0.05,0,0,0,0,0,0,0,0,0,0,0,0,0,0,66.01662822885322,0.0,normal
0,0.08,0,0,0,0,0,0,0,0,0,0,0,1,0,0,89.02314029856001,60.0,normal
0,0.08,0,0,0,0,0,0,0,0,0,0,0,0,0,0,96.0821071833825,0.0,normal
0,0.05,0,0,0,0,0,0,0,0,1,0,0,1,0,0,67.41723512526067,60.0,malicious
1,0.05,0,0,0,0,0,0,0,0,0,1,0,0,1,0,86.9087136954654,30.0,normal
1,0.45,0,0,0,0,0,1,0,1,0,1,0,0,0,0,78.29112679698073,0.0,malicious
1,0.35,0,0,0,0,0,0,0,0,0,1,0,0,0,0,86.58614099402669,0.0,suspicious
4,0.35,0,0,0,0,0,0,0,1,0,0,0,0,0,0,70.2346377297142,0.0,malicious
0,0.08,0,0,0,0,0,0,0,0,0,0,0,0,0,0,68.08627033926041,0.0,normal
0,0.08,0,0,0,0,0,0,0,0,1,0,0,0,0,0,65.06316444009853,0.0,suspicious
0,0.05,0,0,0,0,0,0,0,0,0,0,0,0,0,1,67.2891919852594,15.0,normal
0,0.05,0,0,0,0,0,0,0,0,0,0,0,0,0,1,73.39893862253156,15.0,normal
0,0.1,0,0,0,0,0,0,0,0,0,0,1,0,0,1,84.73579664829144,85.0,normal
0,0.05,0,0,0,0,0,0,0,0,0,0,1,0,0,0,82.47022678869065,70.0,normal
1,0.9,0,0,1,0,0,0,0,0,0,0,0,0,0,0,58.68942103093038,0.0,malicious
1,0.25,0,0,0,0,0,0,1,0,0,1,0,0,0,0,88.83213432250798,0.0,normal
3,0.08,0,0,0,0,0,0,0,0,0,0,0,0,1,1,100.0,45.0,malicious
1,0.08,0,0,0,0,0,0,0,0,0,0,0,0,0,0,73.96296836154592,0.0,normal
0,0.1,0,0,0,0,0,0,0,0,0,0,0,0,0,0,100.0,0.0,normal
1,0.1,0,0,0,0,0,0,0,1,1,0,0,0,0,0,92.02389460433002,0.0,suspicious
1,0.05,0,0,0,0,0,0,0,0,0,0,0,0,0,1,88.53353315854062,15.0,normal
0,0.1,0,0,0,0,0,0,0,0,0,1,0,0,0,0,69.42469285610885,0.0,normal
0,0.85,1,0,0,0,0,0,0,0,0,1,0,0,0,0,56.08657330396071,0.0,malicious
0,1.0,0,0,0,1,0,0,0,1,0,0,0,0,1,0,71.04814986516222,30.0,malicious
2,0.05,0,0,0,0,0,0,0,0,0,0,0,0,0,0,84.77507898655213,0.0,normal
0,0.05,0,0,0,0,0,0,0,0,0,1,0,0,0,0,66.0412498288569,0.0,normal
1,0.45,0,0,0,0,0,1,0,1,0,1,0,0,0,1,76.1879516962093,15.0,suspicious
4,0.35,0,0,0,0,0,0,0,0,0,1,0,1,0,0,53.56638511038601,60.0,malicious
0,0.05,0,0,0,0,0,0,0,1,1,0,0,0,0,0,75.30481833701549,0.0,normal
0,0.1,0,0,0,0,0,0,0,0,0,0,0,0,0,0,56.46006698915329,0.0,normal
1,0.1,0,0,0,0,0,0,0,0,1,0,0,0,0,0,89.91281288422,0.0,suspicious
2,0.35,0,0,0,0,0,0,0,0,1,1,0,0,0,1,66.07088982672943,15.0,malicious
0,0.05,0,0,0,0,0,0,0,1,0,0,0,0,0,0,92.99498072542657,0.0,normal
0,0.05,0,0,0,0,0,0,0,0,0,0,0,0,0,1,81.6310922824022,15.0,normal
0,0.1,0,0,0,0,0,0,0,0,1,0,0,0,0,0,75.7492667877249,0.0,normal
0,0.55,0,0,0,0,1,0,0,1,0,1,0,0,0,1,63.48644537024196,15.0,suspicious
0,0.55,0,0,0,0,1,0,0,0,0,0,1,0,0,0,54.80683658619796,70.0,malicious
0,0.05,0,0,0,0,0,0,0,1,1,0,0,0,1,1,83.42543264294159,45.0,suspicious
0,0.05,0,0,0,0,0,0,0,1,0,0,0,0,1,0,84.09936891643318,30.0,normal
3,0.1,0,0,0,0,0,0,0,0,1,0,0,0,0,0,100.0,0.0,malicious
0,0.3,0,0,0,0,0,0,0,1,1,1,0,0,0,0,100.0,0.0,normal
4,0.35,0,0,0,0,0,0,0,1,1,1,0,0,0,0,39.35771840505717,0.0,malicious
0,0.1,0,0,0,0,0,0,0,0,0,0,0,0,0,0,87.11878997763732,0.0,normal
0,0.08,0,0,0,0,0,0,0,0,1,0,0,0,0,1,93.30483456912398,15.0,normal
1,0.1,0,0,0,0,0,0,0,0,0,0,0,0,0,1,69.18406681263254,15.0,normal
0,1.0,0,0,0,1,0,0,0,1,0,0,0,0,0,1,54.009428136174904,15.0,malicious
0,0.05,0,0,0,0,0,0,0,0,0,0,0,0,0,0,88.14532486793856,0.0,normal
1,0.08,0,0,0,0,0,0,0,0,0,0,0,0,1,0,90.72256452876378,30.0,normal
1,0.05,0,0,0,0,0,0,0,1,0,0,0,0,0,0,75.00947272549239,0.0,normal
1,0.35,0,0,0,0,0,0,0,0,0,0,1,0,0,0,42.0419647409677,70.0,suspicious
0,0.1,0,0,0,0,0,0,0,1,0,0,0,0,0,0,86.80306825479883,0.0,normal
0,0.05,0,0,0,0,0,0,0,0,0,0,0,0,0,0,88.59381035993061,0.0,normal
1,0.45,0,0,0,0,0,1,0,1,0,0,0,0,0,0,82.50581730781579,0.0,suspicious
3,0.05,0,0,0,0,0,0,0,0,0,1,0,0,0,0,79.4588439028815,0.0,malicious
4,0.9,0,0,1,0,0,0,0,0,0,1,0,0,0,0,70.33536626328089,0.0,malicious
1,0.08,0,0,0,0,0,0,0,0,1,1,0,0,0,0,95.58399033395006,0.0,normal
0,0.1,0,0,0,0,0,0,0,0,1,0,0,0,0,0,100.0,0.0,normal
0,0.05,0,0,0,0,0,0,0,0,0,0,0,0,0,0,98.79466745629041,0.0,normal
1,0.08,0,0,0,0,0,0,0,0,0,0,0,0,0,0,82.88767976392717,0.0,normal
1,0.25,0,0,0,0,0,0,1,1,0,0,0,0,0,0,84.09591421939847,0.0,suspicious
0,0.55,0,0,0,0,1,0,0,0,0,0,0,0,0,1,71.01325645717544,15.0,malicious
5,0.35,0,0,0,0,0,0,0,0,0,0,0,0,0,0,61.55707101346019,0.0,malicious
2,0.35,0,0,0,0,0,0,0,1,0,0,0,0,0,0,66.37332666706239,0.0,malicious
1,0.08,0,0,0,0,0,0,0,0,0,0,0,0,0,1,91.06442071561885,15.0,normal
0,0.85,1,0,0,0,0,0,0,1,0,0,0,0,0,1,76.41504647143447,15.0,malicious
1,0.55,0,0,0,0,1,0,0,1,1,1,1,0,0,0,56.007486125919044,70.0,malicious
0,0.08,0,0,0,0,0,0,0,0,0,0,0,1,0,0,94.18720801733396,60.0,normal
2,0.05,0,0,0,0,0,0,0,0,0,0,0,0,0,0,96.79640670453092,0.0,normal
0,0.05,0,0,0,0,0,0,0,0,0,0,0,0,0,0,94.25624318495369,0.0,normal
1,0.1,0,0,0,0,0,0,0,0,1,0,0,0,0,0,98.71474959599279,0.0,normal
0,0.9,0,0,1,0,0,0,0,0,0,0,0,0,0,0,76.50562868056241,0.0,malicious
1,0.85,1,0,0,0,0,0,0,0,0,0,0,0,1,0,54.280208819290024,30.0,malicious
0,0.5,0,1,0,0,0,0,0,0,0,1,0,0,0,0,74.92703546060017,0.0,malicious
0,0.1,0,0,0,0,0,0,0,0,1,0,0,0,0,1,83.03383377771137,15.0,normal
1,0.25,0,0,0,0,0,0,1,0,0,0,0,0,0,0,92.53090446457873,0.0,normal
2,0.05,0,0,0,0,0,0,0,0,0,0,0,0,0,0,91.56230543125056,0.0,normal
1,0.05,0,0,0,0,0,0,0,0,0,0,0,0,0,0,82.23472401233069,0.0,normal
1,0.85,1,0,0,0,0,0,0,1,1,0,0,0,0,0,64.34275407602397,0.0,malicious
1,0.05,0,0,0,0,0,0,0,0,1,0,0,0,0,0,89.8159718370293,0.0,normal
0,0.1,0,0,0,0,0,0,0,0,1,1,0,0,0,0,91.60247401497202,0.0,normal
4,0.35,0,0,0,0,0,0,0,0,0,1,0,0,1,0,44.665351114294744,30.0,malicious
0,0.5,0,1,0,0,0,0,0,0,0,0,0,0,0,0,61.00026560887644,0.0,suspicious
1,0.1,0,0,0,0,0,0,0,0,1,0,0,1,0,0,85.21799363299107,60.0,malicious
2,0.1,0,0,0,0,0,0,0,0,1,0,0,0,0,0,86.92833802170347,0.0,suspicious
0,0.5,0,1,0,0,0,0,0,0,0,0,0,0,0,1,64.02496119551819,15.0,malicious
0,0.05,0,0,0,0,0,0,0,0,0,0,0,0,0,0,86.48021043982155,0.0,normal
0,0.1,0,0,0,0,0,0,0,0,0,0,0,0,0,1,84.04680325853471,15.0,normal
0,0.05,0,0,0,0,0,0,0,0,0,0,0,0,0,0,92.08041265080804,0.0,normal
0,0.08,0,0,0,0,0,0,0,1,0,0,0,0,0,0,90.23919024361352,0.0,normal
0,0.9,0,0,1,0,0,0,0,0,0,1,0,0,0,0,72.94618311908387,0.0,malicious
0,0.08,0,0,0,0,0,0,0,0,0,0,0,0,0,0,74.78363889137567,0.0,normal
2,0.35,0,0,0,0,0,0,0,0,0,0,0,0,0,0,72.90949866388287,0.0,suspicious
1,0.05,0,0,0,0,0,0,0,0,0,0,0,1,0,0,73.23273489157575,60.0,suspicious
0,0.1,0,0,0,0,0,0,0,0,0,0,0,0,0,1,63.20118643672154,15.0,normal
1,0.08,0,0,0,0,0,0,0,0,0,0,0,0,0,0,74.14453790662932,0.0,normal
0,0.05,0,0,0,0,0,0,0,0,0,0,0,0,0,0,87.20303600384617,0.0,normal
1,0.05,0,0,0,0,0,0,0,0,0,1,0,0,1,0,87.77580448742846,30.0,suspicious
0,0.08,0,0,0,0,0,0,0,0,0,0,0,0,0,1,70.2362494374544,15.0,normal
0,0.05,0,0,0,0,0,0,0,0,0,0,0,1,0,0,67.11163184138502,60.0,suspicious
0,0.05,0,0,0,0,0,0,0,0,0,1,1,0,0,0,76.44755098653798,70.0,malicious
0,0.05,0,0,0,0,0,0,0,0,0,0,0,0,0,0,76.33412728783088,0.0,normal
1,0.08,0,0,0,0,0,0,0,0,0,0,0,1,0,0,79.30755378304266,60.0,suspicious
1,0.1,0,0,0,0,0,0,0,0,0,0,0,0,0,0,94.97995596539218,0.0,normal
0,0.1,0,0,0,0,0,0,0,0,0,0,0,0,0,0,85.877907559092,0.0,normal
0,0.3,0,0,0,0,0,0,0,0,1,1,0,0,0,0,90.97148482321923,0.0,normal
2,0.5,0,1,0,0,0,0,0,0,1,1,0,0,0,0,55.9518798818385,0.0,malicious
0,0.08,0,0,0,0,0,0,0,0,0,1,0,0,0,1,87.88230957180158,15.0,normal
0,0.08,0,0,0,0,0,0,0,0,0,0,0,0,0,0,70.68987432559304,0.0,normal
1,0.1,0,0,0,0,0,0,0,0,1,0,0,0,0,0,85.30936535344755,0.0,suspicious
1,0.05,0,0,0,0,0,0,0,0,0,0,0,0,0,0,87.90246607092918,0.0,normal
0,0.05,0,0,0,0,0,0,0,0,0,0,0,0,0,0,100.0,0.0,normal
1,0.08,0,0,0,0,0,0,0,0,0,0,0,0,0,0,85.08879485875589,0.0,normal
0,0.1,0,0,0,0,0,0,0,0,1,0,0,0,0,0,76.50676073047687,0.0,normal
0,0.25,0,0,0,0,0,0,1,1,1,0,0,1,0,0,100.0,60.0,suspicious
1,0.08,0,0,0,0,0,0,0,0,0,1,0,0,0,0,85.50866312371645,0.0,suspicious
1,0.08,0,0,0,0,0,0,0,0,0,1,0,0,0,0,88.05760491945047,0.0,suspicious
1,0.08,0,0,0,0,0,0,0,0,0,0,0,0,1,0,87.49825200705583,30.0,normal
0,0.08,0,0,0,0,0,0,0,0,0,1,0,0,0,0,79.2330653042641,0.0,normal
0,0.08,0,0,0,0,0,0,0,0,0,0,0,0,0,1,62.301198935518826,15.0,normal
0,0.25,0,0,0,0,0,0,1,1,0,1,0,0,0,0,79.93490355918932,0.0,suspicious
0,0.08,0,0,0,0,0,0,0,0,0,0,0,0,0,0,89.07745892630099,0.0,normal
1,0.35,0,0,0,0,0,0,0,0,0,1,0,0,0,0,100.0,0.0,normal
0,0.08,0,0,0,0,0,0,0,0,0,0,0,0,0,0,76.48174526735465,0.0,normal
0,0.08,0,0,0,0,0,0,0,0,0,0,0,0,0,0,63.63796508082874,0.0,normal
0,0.1,0,0,0,0,0,0,0,0,0,0,0,0,0,0,82.60799429800211,0.0,normal
0,0.1,0,0,0,0,0,0,0,1,1,1,0,0,0,0,83.8010134054781,0.0,suspicious
1,0.08,0,0,0,0,0,0,0,0,0,0,0,0,0,1,92.6757151676756,15.0,normal
4,0.08,0,0,0,0,0,0,0,0,0,0,0,0,0,0,92.21314533063358,0.0,malicious
3,0.5,0,1,0,0,0,0,0,0,0,1,0,0,0,0,71.08525256174549,0.0,malicious
1,0.05,0,0,0,0,0,0,0,0,0,0,0,0,0,0,57.746126038908145,0.0,normal
1,0.55,0,0,0,0,1,0,0,1,0,1,0,0,0,0,56.28328027602247,0.0,malicious
1,0.08,0,0,0,0,0,0,0,0,0,0,0,0,0,0,91.26779462344427,0.0,normal
1,0.85,1,0,0,0,0,0,0,1,0,1,0,0,0,0,38.60381469369145,0.0,malicious
1,0.85,1,0,0,0,0,0,0,1,0,0,0,0,0,1,79.65352434248031,15.0,malicious
1,0.1,0,0,0,0,0,0,0,0,0,0,0,0,0,0,83.62981070117587,0.0,normal
1,0.1,0,0,0,0,0,0,0,0,1,0,0,0,0,0,100.0,0.0,normal
0,0.05,0,0,0,0,0,0,0,1,0,0,0,0,0,0,89.75025606217571,0.0,normal
0,0.1,0,0,0,0,0,0,0,0,1,0,0,0,0,0,87.87902930180351,0.0,normal
1,0.08,0,0,0,0,0,0,0,0,0,0,0,0,1,0,90.18081404486283,30.0,normal
0,0.08,0,0,0,0,0,0,0,0,0,0,0,0,0,0,83.22373746657314,0.0,normal
0,0.08,0,0,0,0,0,0,0,0,0,0,0,0,0,0,57.03793319225411,0.0,normal
0,0.08,0,0,0,0,0,0,0,0,0,0,0,0,0,0,73.0596900964901,0.0,normal
1,0.1,0,0,0,0,0,0,0,0,0,1,0,0,0,0,81.96070743097617,0.0,suspicious
0,0.08,0,0,0,0,0,0,0,0,0,0,0,0,0,0,98.17730148225058,0.0,normal
1,0.1,0,0,0,0,0,0,0,0,0,0,0,0,0,0,82.14541365889804,0.0,suspicious
0,0.1,0,0,0,0,0,0,0,0,1,0,0,0,0,0,65.16130264521543,0.0,normal
1,0.05,0,0,0,0,0,0,0,0,0,0,0,0,0,0,93.86889732265419,0.0,normal
1,0.08,0,0,0,0,0,0,0,0,0,0,0,0,0,0,86.72976686106844,0.0,normal
0,0.3,0,0,0,0,0,0,0,0,0,1,0,0,0,0,84.05711565420634,0.0,normal
0,0.05,0,0,0,0,0,0,0,0,0,0,0,0,0,0,100.0,0.0,normal
3,0.35,0,0,0,0,0,0,0,0,0,0,0,0,0,0,68.43989691727128,0.0,malicious
0,0.1,0,0,0,0,0,0,0,0,0,0,0,0,0,1,100.0,15.0,normal
3,0.35,0,0,0,0,0,0,0,0,0,0,0,0,0,0,71.58202905885267,0.0,malicious
0,0.08,0,0,0,0,0,0,0,0,0,0,0,0,0,0,91.25337481546858,0.0,normal
0,0.1,0,0,0,0,0,0,0,0,0,0,0,0,0,0,81.74188391368895,0.0,normal
0,0.05,0,0,0,0,0,0,0,0,0,0,0,0,0,0,100.0,0.0,normal
0,0.05,0,0,0,0,0,0,0,0,0,0,0,0,0,1,80.95077454054635,15.0,normal
1,0.1,0,0,0,0,0,0,0,0,0,0,0,0,0,0,88.19131195858957,0.0,normal
0,0.05,0,0,0,0,0,0,0,0,0,0,0,0,0,0,82.80679364583416,0.0,normal
0,0.08,0,0,0,0,0,0,0,0,0,0,0,0,0,0,80.5442212405253,0.0,normal
1,0.55,0,0,0,0,1,0,0,0,0,0,0,0,0,0,64.80424712070463,0.0,malicious
0,0.05,0,0,0,0,0,0,0,0,0,0,0,1,0,0,74.85130682826966,60.0,normal
0,0.05,0,0,0,0,0,0,0,0,0,1,0,0,0,0,100.0,0.0,normal
1,0.25,0,0,0,0,0,0,1,1,1,0,0,0,0,0,75.02674858588051,0.0,suspicious
1,0.1,0,0,0,0,0,0,0,0,0,0,0,0,0,0,68.3288978711509,0.0,normal
1,0.1,0,0,0,0,0,0,0,0,1,0,0,0,0,1,84.22454671245136,15.0,normal
1,0.35,0,0,0,0,0,0,0,0,0,1,0,0,0,0,87.10952741791735,0.0,normal
0,0.05,0,0,0,0,0,0,0,0,0,0,0,0,0,0,87.37413956781928,0.0,normal
1,0.1,0,0,0,0,0,0,0,0,0,0,0,0,0,0,94.33509871038424,0.0,normal
0,0.05,0,0,0,0,0,0,0,0,0,0,0,0,0,0,86.27835391842352,0.0,normal
0,0.1,0,0,0,0,0,0,0,0,1,0,0,0,0,0,97.07653211527631,0.0,normal
0,0.55,0,0,0,0,1,0,0,0,1,0,0,0,0,0,76.06587744302668,0.0,suspicious
0,0.1,0,0,0,0,0,0,0,1,0,0,0,0,0,0,96.41796862734795,0.0,normal
0,0.1,0,0,0,0,0,0,0,0,0,0,0,0,0,0,86.61922737861903,0.0,normal
1,0.1,0,0,0,0,0,0,0,0,0,0,0,0,0,0,69.85447039486729,0.0,suspicious
1,0.08,0,0,0,0,0,0,0,0,0,0,0,0,0,0,97.42857202218786,0.0,normal
0,0.1,0,0,0,0,0,0,0,0,1,0,0,0,0,0,89.01757295487442,0.0,normal
0,0.1,0,0,0,0,0,0,0,0,0,0,0,0,0,0,81.71313379071178,0.0,normal
3,0.35,0,0,0,0,0,0,0,0,1,1,0,0,0,1,74.18759658361715,15.0,malicious
1,0.1,0,0,0,0,0,0,0,0,1,0,0,0,0,0,79.46067239528816,0.0,suspicious
0,0.1,0,0,0,0,0,0,0,0,1,0,0,0,0,0,76.55364253297368,0.0,normal
0,0.1,0,0,0,0,0,0,0,0,0,0,0,0,0,0,80.29171065633655,0.0,normal
1,0.1,0,0,0,0,0,0,0,0,1,0,1,0,0,0,94.95584107200732,70.0,suspicious
1,0.1,0,0,0,0,0,0,0,0,0,0,0,0,0,0,79.42042298933058,0.0,normal
0,0.25,0,0,0,0,0,0,1,1,0,1,0,0,0,0,66.66122838817506,0.0,malicious
0,0.1,0,0,0,0,0,0,0,0,0,1,0,1,0,0,94.32620000702246,60.0,normal
0,0.5,0,1,0,0,0,0,0,0,1,0,0,0,0,0,55.565547919357755,0.0,malicious
0,0.1,0,0,0,0,0,0,0,0,0,0,0,0,0,0,66.01402458475252,0.0,normal
0,0.05,0,0,0,0,0,0,0,0,1,0,0,1,0,1,91.39967237854431,75.0,normal
0,0.85,1,0,0,0,0,0,0,0,1,1,0,0,0,0,80.99335045956333,0.0,malicious
0,0.1,0,0,0,0,0,0,0,0,1,0,0,0,0,0,94.6349078032466,0.0,normal
0,0.1,0,0,0,0,0,0,0,0,0,0,0,0,0,0,84.21282447362063,0.0,normal
0,0.1,0,0,0,0,0,0,0,0,0,0,0,0,0,0,78.31449265747459,0.0,normal
1,0.05,0,0,0,0,0,0,0,0,0,0,0,0,0,0,70.5668154089713,0.0,normal
3,0.35,0,0,0,0,0,0,0,0,0,1,0,1,1,0,71.50707591205725,90.0,malicious
0,0.1,0,0,0,0,0,0,0,0,0,0,0,0,1,0,87.52495321807265,30.0,normal
0,0.08,0,0,0,0,0,0,0,1,0,0,0,0,1,0,75.15468129151697,30.0,normal
0,0.1,0,0,0,0,0,0,0,0,1,1,0,0,0,1,89.62968436874168,15.0,normal
0,0.05,0,0,0,0,0,0,0,0,0,0,0,0,0,0,61.53575200034678,0.0,normal
3,0.35,0,0,0,0,0,0,0,0,0,1,0,0,0,0,65.78263636778092,0.0,malicious
3,0.1,0,0,0,0,0,0,0,1,0,0,0,0,0,0,91.47518899817814,0.0,malicious
0,0.45,0,0,0,0,0,1,0,0,0,0,1,1,0,0,87.5338965508698,100.0,malicious
1,0.55,0,0,0,0,1,0,0,0,1,1,1,0,0,0,59.13137121001074,70.0,malicious
0,0.25,0,0,0,0,0,0,1,0,0,0,0,0,0,0,72.76298155595319,0.0,normal
4,0.35,0,0,0,0,0,0,0,0,0,0,0,0,0,0,67.3100719400531,0.0,malicious
1,0.55,0,0,0,0,1,0,0,1,0,1,0,0,0,0,67.3436876163881,0.0,malicious
1,0.1,0,0,0,0,0,0,0,0,1,0,0,0,0,0,92.2447723490175,0.0,normal
4,0.35,0,0,0,0,0,0,0,0,0,1,0,0,0,0,63.891136079047385,0.0,malicious
0,0.1,0,0,0,0,0,0,0,0,0,0,0,0,0,0,78.11122636434855,0.0,normal
0,0.08,0,0,0,0,0,0,0,0,0,0,0,1,0,0,57.911626605494405,60.0,normal
0,0.1,0,0,0,0,0,0,0,0,0,0,0,0,0,0,73.11368957988853,0.0,normal
3,0.1,0,0,0,0,0,0,0,0,0,0,0,0,0,1,72.09546591588042,15.0,malicious
0,0.08,0,0,0,0,0,0,0,0,0,0,0,0,0,1,68.22206577638019,15.0,normal
0,0.05,0,0,0,0,0,0,0,0,0,0,0,0,0,0,87.55517915068276,0.0,normal
0,1.0,0,0,0,1,0,0,0,0,1,1,0,0,0,0,70.75437776756043,0.0,malicious
0,0.1,0,0,0,0,0,0,0,0,1,0,0,0,0,0,80.82142781368873,0.0,normal
0,0.08,0,0,0,0,0,0,0,0,0,0,0,0,0,0,63.100843545124306,0.0,suspicious
1,0.1,0,0,0,0,0,0,0,0,0,0,0,0,0,0,82.03615503031094,0.0,normal
0,0.5,0,1,0,0,0,0,0,0,1,1,0,0,0,0,59.82027530941875,0.0,malicious
1,0.08,0,0,0,0,0,0,0,0,0,0,0,0,0,0,63.693230802297336,0.0,normal
0,0.25,0,0,0,0,0,0,1,0,1,0,0,0,0,1,80.64199839132068,15.0,suspicious
0,0.1,0,0,0,0,0,0,0,0,0,0,0,0,0,1,92.66215314802669,15.0,suspicious
1,0.1,0,0,0,0,0,0,0,0,0,0,0,0,0,0,90.3334847611101,0.0,normal
2,0.35,0,0,0,0,0,0,0,1,1,0,0,0,0,0,58.28150755061975,0.0,malicious
1,1.0,0,0,0,1,0,0,0,0,0,1,0,0,0,0,87.70268208577374,0.0,malicious
1,0.05,0,0,0,0,0,0,0,0,0,0,0,0,0,0,76.30030930021194,0.0,normal
0,0.1,0,0,0,0,0,0,0,0,0,0,0,0,0,0,88.86336798215176,0.0,normal
1,0.08,0,0,0,0,0,0,0,0,0,0,0,0,0,0,73.62637957977739,0.0,normal
0,0.1,0,0,0,0,0,0,0,0,1,0,1,0,0,0,60.24186494753836,70.0,malicious
0,0.35,0,0,0,0,0,0,0,1,0,1,0,0,0,0,64.69120908435605,0.0,suspicious
0,0.1,0,0,0,0,0,0,0,0,0,0,0,0,0,0,83.7771532695323,0.0,normal
0,0.1,0,0,0,0,0,0,0,0,0,0,0,0,0,1,86.00348923018092,15.0,normal
0,0.05,0,0,0,0,0,0,0,0,0,1,0,0,0,0,56.583379246981565,0.0,suspicious
2,0.05,0,0,0,0,0,0,0,0,0,1,0,0,0,0,100.0,0.0,suspicious
0,0.08,0,0,0,0,0,0,0,0,0,0,0,0,0,0,88.87643450483773,0.0,normal
0,0.08,0,0,0,0,0,0,0,0,0,0,0,0,0,0,82.77958484062789,0.0,normal
0,0.25,0,0,0,0,0,0,1,0,0,0,0,0,0,0,88.82747484742455,0.0,normal
1,0.5,0,1,0,0,0,0,0,0,0,1,0,0,0,0,71.92935508623735,0.0,malicious
1,0.3,0,0,0,0,0,0,0,0,0,0,0,0,0,1,64.59111224576914,15.0,suspicious
0,0.85,1,0,0,0,0,0,0,1,0,1,0,0,0,0,64.00534150551546,0.0,malicious
1,0.05,0,0,0,0,0,0,0,0,0,1,0,0,0,0,76.09722044447352,0.0,suspicious
0,0.05,0,0,0,0,0,0,0,0,0,0,0,0,0,0,88.20610261846507,0.0,normal
2,0.35,0,0,0,0,0,0,0,0,0,0,0,0,0,1,69.09424442050222,15.0,malicious
0,0.08,0,0,0,0,0,0,0,0,0,0,0,0,0,0,82.99448378835535,0.0,normal
0,0.08,0,0,0,0,0,0,0,0,0,0,0,0,0,1,68.32895268580367,15.0,normal
0,0.55,0,0,0,0,1,0,0,1,0,1,0,0,0,0,82.3016540490826,0.0,malicious
2,0.08,0,0,0,0,0,0,0,0,0,0,0,1,1,1,95.83893281878107,100.0,malicious
0,0.05,0,0,0,0,0,0,0,0,0,0,0,1,0,0,100.0,60.0,normal
0,0.5,0,1,0,0,0,0,0,0,0,0,0,1,1,0,57.59790509148723,90.0,malicious
1,0.55,0,0,0,0,1,0,0,0,0,0,0,0,0,0,71.60359704218511,0.0,malicious
0,0.05,0,0,0,0,0,0,0,0,0,0,0,0,1,1,83.10365980070631,45.0,normal
1,0.1,0,0,0,0,0,0,0,1,1,0,0,0,1,0,100.0,30.0,suspicious
1,0.08,0,0,0,0,0,0,0,0,0,0,0,0,0,1,100.0,15.0,normal
0,0.3,0,0,0,0,0,0,0,0,0,1,0,0,0,0,100.0,0.0,normal
1,0.08,0,0,0,0,0,0,0,0,0,0,0,0,0,0,71.9395880668121,0.0,normal
1,0.05,0,0,0,0,0,0,0,0,0,0,0,0,0,0,82.16384907440374,0.0,normal
1,0.05,0,0,0,0,0,0,0,0,0,0,0,0,0,1,69.08270979275929,15.0,normal
1,0.05,0,0,0,0,0,0,0,0,0,0,0,0,1,1,97.55085032654726,45.0,suspicious
0,0.08,0,0,0,0,0,0,0,0,0,0,0,0,0,0,100.0,0.0,normal
1,0.05,0,0,0,0,0,0,0,0,0,0,0,0,0,1,76.36310599251038,15.0,suspicious
1,0.08,0,0,0,0,0,0,0,0,0,0,0,0,0,0,96.42908101983227,0.0,normal
0,0.08,0,0,0,0,0,0,0,0,0,0,0,0,0,0,74.45589584437538,0.0,normal
0,0.1,0,0,0,0,0,0,0,0,0,1,0,0,0,0,83.11960354233103,0.0,normal
1,0.05,0,0,0,0,0,0,0,0,0,0,0,0,0,0,79.99464546231448,0.0,normal
0,0.08,0,0,0,0,0,0,0,0,0,0,0,0,0,1,66.39808479303801,15.0,normal
0,0.3,0,0,0,0,0,0,0,0,1,1,0,0,1,1,87.94934058634958,45.0,suspicious
0,0.1,0,0,0,0,0,0,0,0,1,0,0,0,0,0,73.10713153316063,0.0,normal
1,0.08,0,0,0,0,0,0,0,0,0,0,0,1,0,0,78.03973491915642,60.0,suspicious
1,0.1,0,0,0,0,0,0,0,0,0,0,0,0,0,0,86.64886373753515,0.0,normal
0,0.1,0,0,0,0,0,0,0,0,1,0,0,0,0,0,89.68144293627198,0.0,normal
0,0.05,0,0,0,0,0,0,0,0,0,0,0,0,0,0,79.16051319256015,0.0,normal
1,0.35,0,0,0,0,0,0,0,0,0,1,0,0,0,0,69.51226053747577,0.0,malicious
1,0.45,0,0,0,0,0,1,0,1,0,1,0,0,0,0,87.84683982635799,0.0,malicious
0,0.08,0,0,0,0,0,0,0,0,1,0,0,0,0,0,90.38733432944231,0.0,normal
0,0.08,0,0,0,0,0,0,0,0,0,0,0,0,0,0,86.96848266386962,0.0,normal
0,0.05,0,0,0,0,0,0,0,1,0,0,0,0,0,0,100.0,0.0,normal
0,0.1,0,0,0,0,0,0,0,0,1,0,0,0,0,0,87.85701987091149,0.0,normal
1,0.35,0,0,0,0,0,0,0,0,0,0,0,0,0,0,73.24062028735675,0.0,normal
0,0.08,0,0,0,0,0,0,0,0,0,0,0,0,0,1,80.41407729935005,15.0,normal
0,0.1,0,0,0,0,0,0,0,0,0,0,0,0,0,0,82.7793129803089,0.0,normal
1,0.45,0,0,0,0,0,1,0,1,0,0,0,0,0,1,70.23227654290878,15.0,malicious
0,0.08,0,0,0,0,0,0,0,0,0,0,0,0,0,1,97.15877261468391,15.0,normal
1,0.05,0,0,0,0,0,0,0,0,0,0,0,0,0,0,82.74606889035962,0.0,normal
1,0.25,0,0,0,0,0,0,1,1,0,1,0,0,0,1,91.9729282255627,15.0,malicious
2,0.08,0,0,0,0,0,0,0,0,0,0,0,0,0,0,82.9222183192064,0.0,normal
0,0.3,0,0,0,0,0,0,0,1,1,0,0,1,0,0,86.40771433307239,60.0,malicious
1,0.05,0,0,0,0,0,0,0,0,0,0,0,0,0,0,87.38146033232313,0.0,normal
0,0.25,0,0,0,0,0,0,1,0,0,1,0,0,0,0,81.38601613061226,0.0,normal
2,0.35,0,0,0,0,0,0,0,0,0,0,0,0,0,0,63.53372202397603,0.0,malicious
1,0.08,0,0,0,0,0,0,0,0,0,0,0,0,0,0,94.63957926893507,0.0,normal
2,0.08,0,0,0,0,0,0,0,0,0,0,0,0,0,0,84.58668357309269,0.0,normal
0,0.1,0,0,0,0,0,0,0,1,1,0,0,1,0,0,70.8618264966012,60.0,malicious
0,0.25,0,0,0,0,0,0,1,0,0,0,0,0,0,0,80.41596235792936,0.0,normal
0,0.85,1,0,0,0,0,0,0,0,1,1,0,1,0,0,41.487183266137116,60.0,malicious
0,0.1,0,0,0,0,0,0,0,1,0,0,0,0,0,0,76.23503530541247,0.0,normal
0,0.05,0,0,0,0,0,0,0,0,1,0,0,0,0,0,89.02458832817761,0.0,normal
0,0.3,0,0,0,0,0,0,0,0,0,0,0,0,0,0,92.20505861615449,0.0,normal
1,0.25,0,0,0,0,0,0,1,0,0,0,0,0,0,0,66.24894436996239,0.0,suspicious
1,0.05,0,0,0,0,0,0,0,0,0,0,0,0,0,0,77.15772822277772,0.0,normal
0,0.55,0,0,0,0,1,0,0,0,0,0,0,0,0,0,80.50247836071708,0.0,suspicious
2,0.05,0,0,0,0,0,0,0,0,0,0,0,0,0,1,81.4178291451906,15.0,normal
1,0.08,0,0,0,0,0,0,0,0,0,0,0,0,1,0,99.57124276348934,30.0,normal
3,0.3,0,0,0,0,0,0,0,0,0,1,0,0,0,0,97.17104631051976,0.0,malicious
1,0.3,0,0,0,0,0,0,0,1,0,1,1,0,1,0,100.0,100.0,malicious
0,0.85,1,0,0,0,0,0,0,1,1,0,0,0,0,0,66.89122724793397,0.0,malicious
1,0.05,0,0,0,0,0,0,0,0,0,0,0,0,0,0,93.9669292412539,0.0,normal
1,0.1,0,0,0,0,0,0,0,0,0,0,0,0,0,1,72.23364498213704,15.0,normal
1,0.25,0,0,0,0,0,0,1,0,1,1,0,0,0,0,79.26124491896951,0.0,malicious
0,0.1,0,0,0,0,0,0,0,0,1,0,0,0,0,0,92.68148229095468,0.0,normal
0,0.08,0,0,0,0,0,0,0,0,0,1,0,0,1,0,100.0,30.0,normal
2,0.1,0,0,0,0,0,0,0,0,0,1,0,0,0,1,94.46100012541908,15.0,malicious
0,0.05,0,0,0,0,0,0,0,0,0,0,0,0,0,0,89.08220258778296,0.0,normal
1,0.08,0,0,0,0,0,0,0,0,0,0,0,1,0,0,79.2725885071417,60.0,suspicious
2,0.08,0,0,0,0,0,0,0,0,1,0,0,0,0,0,83.96006261106481,0.0,malicious
0,0.05,0,0,0,0,0,0,0,0,0,0,0,0,0,1,90.42787133075626,15.0,normal
1,0.55,0,0,0,0,1,0,0,0,1,1,0,0,0,0,39.67997451544119,0.0,malicious
1,0.5,0,1,0,0,0,0,0,1,0,1,0,0,0,0,62.28721767153428,0.0,malicious
1,0.1,0,0,0,0,0,0,0,0,1,0,0,0,0,0,93.49938027332908,0.0,suspicious
2,0.1,0,0,0,0,0,0,0,0,0,0,0,0,0,0,100.0,0.0,normal
0,0.05,0,0,0,0,0,0,0,0,0,0,0,0,1,1,81.37485215482072,45.0,suspicious
1,0.35,0,0,0,0,0,0,0,1,0,1,0,0,0,0,74.8424082184195,0.0,malicious
0,0.08,0,0,0,0,0,0,0,0,0,0,0,0,0,0,76.54048698345613,0.0,normal
0,0.08,0,0,0,0,0,0,0,0,0,0,0,0,0,0,69.59057437546657,0.0,normal
1,0.05,0,0,0,0,0,0,0,0,0,0,0,0,0,0,89.2014095779609,0.0,normal
0,0.1,0,0,0,0,0,0,0,0,0,0,0,0,0,0,78.46000280370707,0.0,normal
0,0.55,0,0,0,0,1,0,0,0,0,1,0,0,0,1,65.5578297425125,15.0,malicious
1,0.05,0,0,0,0,0,0,0,1,0,1,0,0,0,0,93.6108500028437,0.0,suspicious
0,0.08,0,0,0,0,0,0,0,0,0,0,0,0,0,0,75.87127900188536,0.0,normal
0,0.08,0,0,0,0,0,0,0,0,1,0,0,0,0,0,100.0,0.0,normal
0,0.5,0,1,0,0,0,0,0,1,0,0,0,0,0,0,64.22510412617386,0.0,malicious
0,0.3,0,0,0,0,0,0,0,0,0,0,0,0,0,0,84.84492057982115,0.0,normal
0,0.1,0,0,0,0,0,0,0,0,0,1,0,0,0,0,86.67872484940588,0.0,normal
0,0.08,0,0,0,0,0,0,0,0,0,0,0,0,0,0,78.91461208549129,0.0,normal
0,0.05,0,0,0,0,0,0,0,0,0,0,0,0,0,0,90.53431290619586,0.0,normal
1,0.1,0,0,0,0,0,0,0,0,0,0,0,0,0,0,88.47276934775043,0.0,normal
1,0.85,1,0,0,0,0,0,0,0,0,0,0,0,0,0,80.50557960388792,0.0,malicious
0,0.25,0,0,0,0,0,0,1,0,1,0,0,0,0,0,100.0,0.0,normal
1,0.55,0,0,0,0,1,0,0,0,0,0,0,0,0,0,72.09027596468684,0.0,malicious
0,0.85,1,0,0,0,0,0,0,1,0,1,0,1,0,0,83.31713122150931,60.0,malicious
1,0.25,0,0,0,0,0,0,1,0,1,1,0,0,0,1,82.38253172597152,15.0,malicious
0,0.1,0,0,0,0,0,0,0,0,0,0,0,0,0,0,84.2826845564307,0.0,normal
0,0.05,0,0,0,0,0,0,0,0,0,0,0,0,0,0,91.90678517529074,0.0,normal
1,0.3,0,0,0,0,0,0,0,1,1,1,0,1,0,0,100.0,60.0,malicious
0,0.1,0,0,0,0,0,0,0,0,0,0,0,0,0,0,79.53449287534986,0.0,normal
3,0.35,0,0,0,0,0,0,0,0,1,0,0,0,0,1,62.754315961690445,15.0,malicious
1,0.85,1,0,0,0,0,0,0,1,0,1,0,0,0,0,48.98453068975033,0.0,malicious
5,0.35,0,0,0,0,0,0,0,1,0,0,0,0,0,0,61.07804618533425,0.0,malicious
3,0.1,0,0,0,0,0,0,0,0,1,0,0,0,0,0,88.0608612143801,0.0,malicious
0,0.55,0,0,0,0,1,0,0,1,1,0,0,0,0,0,69.82668598236691,0.0,malicious
1,0.08,0,0,0,0,0,0,0,0,0,0,0,0,0,0,79.45611410298523,0.0,normal
0,0.08,0,0,0,0,0,0,0,0,0,0,1,0,0,0,90.65233191591278,70.0,normal
1,0.1,0,0,0,0,0,0,0,0,0,0,0,0,0,0,100.0,0.0,normal
1,0.05,0,0,0,0,0,0,0,0,0,0,0,0,0,0,100.0,0.0,normal
1,0.1,0,0,0,0,0,0,0,0,0,0,0,0,0,1,90.91379484818962,15.0,normal
0,0.05,0,0,0,0,0,0,0,0,0,0,0,0,0,1,91.95186956690486,15.0,normal
0,0.1,0,0,0,0,0,0,0,0,0,0,0,0,0,1,74.64887600116514,15.0,normal
0,0.85,1,0,0,0,0,0,0,1,1,0,0,0,0,0,68.55868879031824,0.0,malicious
1,0.08,0,0,0,0,0,0,0,0,0,0,0,0,0,1,98.7941791671677,15.0,normal
1,0.35,0,0,0,0,0,0,0,0,1,0,0,0,0,1,75.79412250880003,15.0,malicious
2,0.08,0,0,0,0,0,0,0,0,0,0,0,0,0,0,77.15036257112004,0.0,suspicious
0,0.1,0,0,0,0,0,0,0,0,0,0,0,0,1,0,96.38947413511877,30.0,normal
0,0.05,0,0,0,0,0,0,0,0,0,0,0,0,0,0,80.7672864116984,0.0,normal
4,0.35,0,0,0,0,0,0,0,0,1,1,0,0,1,0,67.58355466194129,30.0,malicious
0,0.05,0,0,0,0,0,0,0,0,0,0,0,0,0,1,76.38717045092186,15.0,normal
0,0.1,0,0,0,0,0,0,0,0,0,0,0,0,0,1,71.50796459552805,15.0,normal
1,0.1,0,0,0,0,0,0,0,0,0,0,0,0,0,0,96.46894185162148,0.0,normal
0,0.08,0,0,0,0,0,0,0,0,0,0,0,0,0,1,84.60668345005766,15.0,normal
0,0.1,0,0,0,0,0,0,0,0,1,0,0,0,0,0,76.1968861916792,0.0,normal
1,0.08,0,0,0,0,0,0,0,0,0,0,1,0,0,0,75.90542966119777,70.0,malicious
1,0.1,0,0,0,0,0,0,0,1,0,1,0,0,0,0,57.72456853510863,0.0,malicious
0,0.55,0,0,0,0,1,0,0,1,0,1,0,0,0,1,64.2242366823389,15.0,malicious
1,0.05,0,0,0,0,0,0,0,0,1,0,0,0,0,1,87.69672509617057,15.0,normal
0,0.25,0,0,0,0,0,0,1,0,0,1,0,0,0,0,74.54062029110585,0.0,suspicious
2,0.05,0,0,0,0,0,0,0,0,0,0,0,0,0,0,86.79622394041895,0.0,normal
0,0.05,0,0,0,0,0,0,0,0,0,0,0,0,0,0,69.81877219679767,0.0,normal
1,0.08,0,0,0,0,0,0,0,0,0,0,0,0,0,0,74.0768803543535,0.0,suspicious
1,0.25,0,0,0,0,0,0,1,0,1,1,0,0,0,0,100.0,0.0,malicious
0,0.5,0,1,0,0,0,0,0,1,0,1,0,1,0,0,74.03097544844498,60.0,malicious
0,0.1,0,0,0,0,0,0,0,0,1,0,0,0,0,0,87.13633650981323,0.0,normal
0,0.08,0,0,0,0,0,0,0,1,0,0,0,0,0,0,87.4861481470467,0.0,normal
0,0.08,0,0,0,0,0,0,0,0,0,0,1,0,0,0,76.86074329645061,70.0,suspicious
2,0.45,0,0,0,0,0,1,0,1,0,1,0,0,0,0,91.31273673837323,0.0,malicious
0,0.08,0,0,0,0,0,0,0,0,0,0,0,0,0,0,88.26944727972649,0.0,normal
1,0.05,0,0,0,0,0,0,0,0,0,0,0,0,0,0,86.94633327056081,0.0,normal
0,0.85,1,0,0,0,0,0,0,0,0,0,0,0,0,0,58.83339563685769,0.0,suspicious
0,0.3,0,0,0,0,0,0,0,0,1,1,0,0,0,0,82.7835095106504,0.0,suspicious
1,0.1,0,0,0,0,0,0,0,1,0,1,0,0,0,0,95.4299374993914,0.0,suspicious
0,0.08,0,0,0,0,0,0,0,0,0,0,0,1,1,0,67.32263435961957,90.0,suspicious
0,0.45,0,0,0,0,0,1,0,0,1,0,0,0,0,0,85.09012386053888,0.0,normal
0,0.08,0,0,0,0,0,0,0,0,0,0,0,0,0,0,80.16895218478535,0.0,normal
0,0.1,0,0,0,0,0,0,0,0,0,0,0,0,0,0,57.31487728847168,0.0,normal
0,0.08,0,0,0,0,0,0,0,0,0,0,0,0,0,1,87.57858339939077,15.0,normal
0,0.1,0,0,0,0,0,0,0,0,1,0,0,0,0,0,86.54219963662814,0.0,normal
1,0.1,0,0,0,0,0,0,0,0,1,0,0,0,0,1,53.926328024647056,15.0,malicious
2,0.1,0,0,0,0,0,0,0,0,0,0,0,0,0,1,87.07427444137971,15.0,suspicious
0,0.1,0,0,0,0,0,0,0,0,1,0,0,0,0,0,81.31675051584342,0.0,normal
0,0.1,0,0,0,0,0,0,0,0,1,0,0,0,0,0,76.12174648363799,0.0,normal
0,0.3,0,0,0,0,0,0,0,1,1,1,0,0,0,0,81.50334791796234,0.0,suspicious
0,0.3,0,0,0,0,0,0,0,0,1,1,0,0,0,0,75.70455512507827,0.0,suspicious
0,0.08,0,0,0,0,0,0,0,0,0,0,0,0,0,0,82.51269525203088,0.0,normal
2,0.05,0,0,0,0,0,0,0,0,0,0,0,0,0,0,64.78334405708384,0.0,suspicious
1,0.08,0,0,0,0,0,0,0,0,0,0,0,0,0,0,81.06154886536184,0.0,normal
10,0.35,0,0,0,0,0,0,0,1,0,1,0,0,0,0,50.9407219030699,0.0,malicious
0,0.05,0,0,0,0,0,0,0,0,0,0,1,0,0,0,81.85834263039854,70.0,normal
1,0.55,0,0,0,0,1,0,0,0,1,0,0,0,0,0,56.57345325333846,0.0,malicious
0,0.1,0,0,0,0,0,0,0,0,0,0,0,0,0,0,79.55240283052247,0.0,normal
6,0.35,0,0,0,0,0,0,0,0,0,1,0,0,0,1,61.427227718036704,15.0,malicious
0,0.85,1,0,0,0,0,0,0,0,1,0,0,0,0,0,54.59431951388707,0.0,malicious
1,0.08,0,0,0,0,0,0,0,0,0,0,0,0,0,0,76.3776338600576,0.0,normal
8,0.35,0,0,0,0,0,0,0,0,1,0,0,0,0,0,46.39181726479568,0.0,malicious
0,0.1,0,0,0,0,0,0,0,0,1,0,0,0,0,0,79.58358774828586,0.0,normal
0,0.08,0,0,0,0,0,0,0,1,0,0,0,0,0,0,87.13337766598396,0.0,normal
1,0.25,0,0,0,0,0,0,1,0,1,1,0,0,0,1,78.75435181055286,15.0,malicious
0,0.08,0,0,0,0,0,0,0,0,0,0,0,0,0,0,100.0,0.0,normal
0,0.3,0,0,0,0,0,0,0,0,0,0,0,0,0,1,66.1031186781005,15.0,normal
0,0.5,0,1,0,0,0,0,0,0,0,0,0,0,0,1,64.12811452353064,15.0,suspicious
0,0.05,0,0,0,0,0,0,0,0,0,0,0,0,0,0,80.34041062801303,0.0,normal
1,0.05,0,0,0,0,0,0,0,0,0,0,0,0,0,0,82.96578535379135,0.0,normal
0,0.08,0,0,0,0,0,0,0,0,0,0,0,0,0,0,87.46091181643023,0.0,normal
1,0.25,0,0,0,0,0,0,1,0,0,0,0,0,0,0,100.0,0.0,normal
0,0.05,0,0,0,0,0,0,0,0,0,0,0,0,0,1,74.35808717122143,15.0,normal
0,0.05,0,0,0,0,0,0,0,0,0,0,0,0,0,0,85.2463924713245,0.0,normal
0,0.05,0,0,0,0,0,0,0,0,0,0,0,0,0,1,87.77036425305744,15.0,suspicious
0,0.08,0,0,0,0,0,0,0,0,0,0,0,0,0,0,94.58845805883718,0.0,normal
1,0.08,0,0,0,0,0,0,0,0,0,0,0,0,0,0,82.82497778118474,0.0,normal
1,0.25,0,0,0,0,0,0,1,0,0,0,0,0,1,0,68.14804241387894,30.0,malicious
2,0.5,0,1,0,0,0,0,0,1,1,1,0,0,0,0,76.25425169942633,0.0,malicious
0,0.55,0,0,0,0,1,0,0,0,1,1,0,0,0,0,48.598387607956404,0.0,malicious
1,0.1,0,0,0,0,0,0,0,0,1,0,0,0,0,0,72.6675906935945,0.0,suspicious
0,0.08,0,0,0,0,0,0,0,0,0,0,0,0,0,0,72.82369997741662,0.0,normal
1,0.1,0,0,0,0,0,0,0,0,1,0,0,1,0,0,97.00364842012719,60.0,malicious
1,0.5,0,1,0,0,0,0,0,0,1,0,0,0,0,0,72.05205893313736,0.0,malicious
1,0.55,0,0,0,0,1,0,0,0,0,0,0,0,1,1,56.81930784027024,45.0,malicious
0,0.05,0,0,0,0,0,0,0,0,0,0,0,0,0,1,57.505376886092996,15.0,normal
0,0.08,0,0,0,0,0,0,0,1,0,0,0,0,1,0,98.72383618684844,30.0,normal
1,0.08,0,0,0,0,0,0,0,1,0,0,0,0,0,0,87.44983164038324,0.0,normal
1,0.1,0,0,0,0,0,0,0,0,0,0,0,0,0,0,77.2283902599587,0.0,normal
0,0.1,0,0,0,0,0,0,0,0,0,0,0,0,0,1,91.73197971973626,15.0,normal
0,0.08,0,0,0,0,0,0,0,0,0,0,0,0,0,0,92.98782406716782,0.0,normal
0,0.08,0,0,0,0,0,0,0,0,0,0,0,0,0,0,75.34829603718227,0.0,normal
0,0.08,0,0,0,0,0,0,0,0,0,1,0,0,1,0,92.51762606915224,30.0,normal
0,0.08,0,0,0,0,0,0,0,0,0,0,0,0,0,0,82.11342647099242,0.0,normal
0,0.3,0,0,0,0,0,0,0,1,0,1,0,0,0,0,51.614519869503894,0.0,malicious
2,0.35,0,0,0,0,0,0,0,0,0,1,0,0,0,0,72.18232712922669,0.0,malicious
0,0.1,0,0,0,0,0,0,0,0,0,0,0,0,0,0,86.74359247687755,0.0,normal
2,0.55,0,0,0,0,1,0,0,1,0,0,0,1,0,0,55.251419689087776,60.0,malicious
1,0.55,0,0,0,0,1,0,0,1,0,1,0,0,0,0,64.53909770579595,0.0,malicious
0,0.1,0,0,0,0,0,0,0,0,1,1,0,0,0,0,56.90150018879696,0.0,malicious
0,0.45,0,0,0,0,0,1,0,0,0,0,0,1,0,0,83.50413989056729,60.0,suspicious
1,0.1,0,0,0,0,0,0,0,0,0,0,0,0,0,1,73.78328625994315,15.0,normal
0,0.05,0,0,0,0,0,0,0,0,0,0,0,0,0,0,87.76320827369736,0.0,normal
2,0.1,0,0,0,0,0,0,0,0,1,1,0,0,0,0,85.11995776718695,0.0,malicious
1,0.1,0,0,0,0,0,0,0,0,0,0,0,1,1,0,83.61565279434394,90.0,malicious
0,0.55,0,0,0,0,1,0,0,0,1,0,0,0,0,0,54.73801207234514,0.0,malicious
0,0.08,0,0,0,0,0,0,0,1,0,0,0,0,0,1,100.0,15.0,normal
0,0.3,0,0,0,0,0,0,0,0,0,0,0,0,0,0,100.0,0.0,normal
0,0.55,0,0,0,0,1,0,0,0,1,0,0,0,0,1,64.65914746151527,15.0,malicious
1,0.1,0,0,0,0,0,0,0,0,1,0,0,0,0,1,79.5211309147054,15.0,malicious
2,0.08,0,0,0,0,0,0,0,0,0,0,0,0,0,0,100.0,0.0,normal
2,0.9,0,0,1,0,0,0,0,0,1,0,0,0,0,0,88.67049077105992,0.0,malicious
0,0.05,0,0,0,0,0,0,0,0,0,0,0,0,0,1,76.9359586832642,15.0,normal
0,0.08,0,0,0,0,0,0,0,0,0,0,0,0,0,0,92.26792053892754,0.0,normal
0,0.1,0,0,0,0,0,0,0,0,1,0,0,0,0,1,83.62161284183115,15.0,normal
1,0.05,0,0,0,0,0,0,0,0,1,0,0,0,0,0,93.14446507193284,0.0,normal
3,0.35,0,0,0,0,0,0,0,0,1,1,0,0,0,0,73.27954940138402,0.0,malicious
0,0.1,0,0,0,0,0,0,0,0,1,0,0,0,0,0,88.0198178932479,0.0,normal
1,0.85,1,0,0,0,0,0,0,0,0,0,0,0,0,1,75.2857111872447,15.0,malicious
1,0.08,0,0,0,0,0,0,0,0,0,0,0,0,0,0,87.99003106010517,0.0,normal
0,0.5,0,1,0,0,0,0,0,0,1,0,0,1,0,0,64.94268496758025,60.0,malicious
0,0.1,0,0,0,0,0,0,0,0,0,0,0,0,0,0,71.70763527647087,0.0,normal
0,0.08,0,0,0,0,0,0,0,0,0,1,0,0,0,1,84.10863300276618,15.0,suspicious
0,0.25,0,0,0,0,0,0,1,0,0,0,0,0,0,0,100.0,0.0,normal
1,0.05,0,0,0,0,0,0,0,0,0,0,0,1,0,0,75.09288332833506,60.0,suspicious
0,0.1,0,0,0,0,0,0,0,0,1,0,0,0,0,0,90.76799159658263,0.0,normal
0,0.05,0,0,0,0,0,0,0,0,0,0,0,0,0,0,59.40868700114902,0.0,normal
1,0.35,0,0,0,0,0,0,0,0,1,0,0,0,0,0,73.41579126019587,0.0,suspicious
0,0.45,0,0,0,0,0,1,0,0,1,0,0,1,0,0,91.93510146912755,60.0,malicious
0,0.05,0,0,0,0,0,0,0,1,0,0,0,0,0,1,89.06682287553348,15.0,normal
2,0.1,0,0,0,0,0,0,0,0,1,0,0,0,0,0,74.1373190919738,0.0,malicious
1,0.05,0,0,0,0,0,0,0,0,1,0,0,0,0,1,62.69963361220079,15.0,suspicious
0,0.05,0,0,0,0,0,0,0,0,0,0,0,0,0,1,90.38857786563473,15.0,normal
0,0.9,0,0,1,0,0,0,0,1,0,0,0,0,0,1,39.053483011325696,15.0,malicious
0,0.1,0,0,0,0,0,0,0,0,1,0,0,0,0,0,100.0,0.0,normal
1,0.1,0,0,0,0,0,0,0,0,0,0,0,0,0,0,83.14005966261516,0.0,normal
2,0.08,0,0,0,0,0,0,0,0,0,0,0,0,0,0,75.18556370697948,0.0,normal
1,0.1,0,0,0,0,0,0,0,0,0,0,0,0,0,0,68.85288424564172,0.0,normal
0,0.5,0,1,0,0,0,0,0,0,0,1,0,0,0,0,55.70253266154982,0.0,malicious
0,0.1,0,0,0,0,0,0,0,0,1,0,0,0,0,0,72.98152964535622,0.0,normal
0,0.1,0,0,0,0,0,0,0,0,0,0,0,0,0,0,100.0,0.0,normal
0,0.1,0,0,0,0,0,0,0,0,0,0,0,0,0,0,55.67463117836131,0.0,normal
1,0.08,0,0,0,0,0,0,0,0,0,0,0,0,0,0,86.71296065303915,0.0,normal
6,0.35,0,0,0,0,0,0,0,0,0,1,0,0,0,0,63.79235306992929,0.0,malicious
1,0.85,1,0,0,0,0,0,0,0,0,0,0,0,0,0,56.09032725704498,0.0,malicious
0,0.05,0,0,0,0,0,0,0,1,0,0,0,0,0,0,96.31944484415303,0.0,normal
1,0.08,0,0,0,0,0,0,0,0,0,0,0,0,0,0,79.28485918343924,0.0,normal
0,0.05,0,0,0,0,0,0,0,0,0,0,0,0,0,0,96.999806748456,0.0,normal
0,0.45,0,0,0,0,0,1,0,1,0,1,0,0,0,1,86.73827817204486,15.0,malicious
0,0.08,0,0,0,0,0,0,0,0,0,1,0,0,0,0,100.0,0.0,normal
0,0.05,0,0,0,0,0,0,0,0,0,0,0,0,0,0,64.26321037585102,0.0,normal
0,0.9,0,0,1,0,0,0,0,0,0,1,0,0,0,0,53.95057765314556,0.0,malicious
0,0.05,0,0,0,0,0,0,0,0,0,0,0,0,0,0,81.33276215076901,0.0,normal
0,0.08,0,0,0,0,0,0,0,0,0,0,0,0,0,0,90.82895341082448,0.0,normal
0,0.55,0,0,0,0,1,0,0,1,0,0,0,0,0,0,89.0219986413277,0.0,suspicious
0,0.25,0,0,0,0,0,0,1,1,0,1,0,0,0,0,73.74408287321563,0.0,normal
1,0.05,0,0,0,0,0,0,0,0,0,0,0,0,0,0,100.0,0.0,normal
0,0.05,0,0,0,0,0,0,0,1,0,0,0,0,1,0,75.46616448446397,30.0,normal
5,0.35,0,0,0,0,0,0,0,1,0,0,0,1,0,0,67.99774924427227,60.0,malicious
1,0.05,0,0,0,0,0,0,0,0,0,0,0,0,0,0,71.31965416685813,0.0,normal
1,0.05,0,0,0,0,0,0,0,0,0,0,0,0,1,0,84.68620263070507,30.0,normal
0,0.3,0,0,0,0,0,0,0,0,1,0,0,0,1,0,95.03320391865896,30.0,normal
1,0.05,0,0,0,0,0,0,0,0,0,0,0,1,0,0,83.89242266998674,60.0,suspicious
1,0.3,0,0,0,0,0,0,0,0,1,0,0,0,0,0,81.25723995953831,0.0,suspicious
0,0.08,0,0,0,0,0,0,0,0,0,0,0,0,0,0,76.2737377013892,0.0,normal
1,0.3,0,0,0,0,0,0,0,1,0,0,0,0,0,0,86.22025217345498,0.0,normal
0,0.05,0,0,0,0,0,0,0,0,0,0,0,0,0,0,74.51589628085421,0.0,normal
0,0.1,0,0,0,0,0,0,0,0,0,0,0,0,0,0,81.42522472679804,0.0,normal
0,0.05,0,0,0,0,0,0,0,0,1,0,0,0,0,0,100.0,0.0,normal
1,0.25,0,0,0,0,0,0,1,1,0,1,0,0,0,1,85.25649708157438,15.0,malicious
1,0.05,0,0,0,0,0,0,0,0,0,0,0,0,0,0,85.95151747902827,0.0,normal
0,0.1,0,0,0,0,0,0,0,1,1,0,0,0,0,1,63.20910318668875,15.0,suspicious
0,0.05,0,0,0,0,0,0,0,0,0,0,0,0,0,0,68.411602802139,0.0,normal
0,0.08,0,0,0,0,0,0,0,0,0,0,0,0,0,0,72.83411734520325,0.0,normal
0,0.1,0,0,0,0,0,0,0,0,0,0,0,0,0,0,92.78259792261323,0.0,normal
1,0.1,0,0,0,0,0,0,0,0,0,0,0,0,0,0,73.06682780196532,0.0,normal
0,0.25,0,0,0,0,0,0,1,0,0,1,0,0,0,0,100.0,0.0,normal
1,0.1,0,0,0,0,0,0,0,0,0,0,0,0,0,0,87.40597834177105,0.0,normal
1,0.05,0,0,0,0,0,0,0,0,0,0,0,0,0,0,83.9188367918588,0.0,normal
0,0.08,0,0,0,0,0,0,0,0,0,1,0,1,0,0,79.28206939879261,60.0,malicious
0,0.05,0,0,0,0,0,0,0,0,0,1,0,0,0,0,74.23758061054912,0.0,normal
0,0.1,0,0,0,0,0,0,0,0,1,0,0,0,0,0,85.64375772647963,0.0,normal
1,0.35,0,0,0,0,0,0,0,0,1,0,0,0,0,0,70.32277045988766,0.0,suspicious
2,0.05,0,0,0,0,0,0,0,0,0,0,0,0,0,1,63.30131589969111,15.0,suspicious
1,0.25,0,0,0,0,0,0,1,0,1,1,0,0,0,0,77.8987529777672,0.0,malicious
0,0.1,0,0,0,0,0,0,0,1,0,0,0,0,0,1,100.0,15.0,normal
1,0.1,0,0,0,0,0,0,0,0,0,0,0,0,0,1,85.255785803261,15.0,normal
1,0.55,0,0,0,0,1,0,0,0,1,1,0,0,0,0,47.07752068329576,0.0,suspicious
1,0.05,0,0,0,0,0,0,0,0,0,0,0,0,0,0,86.43994996084345,0.0,normal
1,0.1,0,0,0,0,0,0,0,0,0,0,0,0,0,0,85.4241866006606,0.0,normal
2,0.1,0,0,0,0,0,0,0,0,1,0,0,0,1,0,76.61598332034889,30.0,malicious
0,0.08,0,0,0,0,0,0,0,0,0,0,0,0,0,1,91.92982553112061,15.0,normal
1,0.08,0,0,0,0,0,0,0,0,0,0,0,0,0,1,70.66927785417548,15.0,normal
2,0.35,0,0,0,0,0,0,0,0,0,0,0,0,0,0,47.45629447899604,0.0,malicious
0,0.1,0,0,0,0,0,0,0,0,0,0,0,0,0,0,79.34075060807746,0.0,normal
0,0.25,0,0,0,0,0,0,1,1,0,1,0,1,0,0,100.0,60.0,malicious
0,0.08,0,0,0,0,0,0,0,0,0,0,0,0,0,0,78.76795203239712,0.0,normal
0,0.1,0,0,0,0,0,0,0,1,0,0,0,0,0,0,85.60294364316286,0.0,normal
1,0.1,0,0,0,0,0,0,0,0,0,0,0,0,0,0,95.17739938364012,0.0,normal
0,0.08,0,0,0,0,0,0,0,0,0,0,0,0,0,0,69.47821747005688,0.0,normal
0,0.25,0,0,0,0,0,0,1,0,0,1,0,0,0,0,91.40749894234412,0.0,suspicious
0,0.05,0,0,0,0,0,0,0,0,0,1,0,0,0,0,76.39884123494161,0.0,normal
0,0.08,0,0,0,0,0,0,0,0,0,0,0,0,0,0,92.81416724049141,0.0,normal
0,0.08,0,0,0,0,0,0,0,0,0,0,0,0,0,0,100.0,0.0,normal
1,0.05,0,0,0,0,0,0,0,0,0,0,0,0,0,0,85.36228591213427,0.0,normal
0,0.85,1,0,0,0,0,0,0,0,0,1,0,0,0,0,80.67979080758106,0.0,malicious
0,0.3,0,0,0,0,0,0,0,1,0,0,0,0,0,0,100.0,0.0,normal
0,0.05,0,0,0,0,0,0,0,0,0,0,0,0,0,1,83.00904508466795,15.0,normal
1,0.1,0,0,0,0,0,0,0,0,0,0,0,0,0,0,83.34836570487425,0.0,normal
1,0.1,0,0,0,0,0,0,0,0,0,0,0,0,1,0,89.51321508177034,30.0,normal
0,0.1,0,0,0,0,0,0,0,0,0,0,0,0,0,1,72.33617974195161,15.0,normal
2,0.05,0,0,0,0,0,0,0,0,0,0,0,0,0,1,88.21353425722447,15.0,suspicious
0,0.9,0,0,1,0,0,0,0,1,1,0,0,0,0,1,57.06699215915704,15.0,malicious
1,0.08,0,0,0,0,0,0,0,0,0,0,0,0,0,1,73.8687571875604,15.0,normal
5,0.35,0,0,0,0,0,0,0,0,0,1,0,0,0,0,78.73809524617614,0.0,malicious
0,0.08,0,0,0,0,0,0,0,0,0,0,0,1,0,0,92.00588507065345,60.0,normal
0,0.05,0,0,0,0,0,0,0,0,0,0,0,1,0,0,90.5210118648344,60.0,normal
0,0.08,0,0,0,0,0,0,0,0,0,0,0,0,0,0,93.03638978339936,0.0,normal
0,0.05,0,0,0,0,0,0,0,0,0,0,0,0,0,0,56.19313125353264,0.0,normal
0,0.08,0,0,0,0,0,0,0,0,0,0,0,0,0,0,98.63484625570949,0.0,normal
0,0.3,0,0,0,0,0,0,0,0,0,1,0,1,1,1,88.40997915463568,100.0,malicious
2,0.08,0,0,0,0,0,0,0,0,0,0,0,0,0,0,58.48824961178373,0.0,suspicious
1,1.0,0,0,0,1,0,0,0,0,1,0,0,0,0,0,82.06315210423506,0.0,malicious
0,0.05,0,0,0,0,0,0,0,0,0,0,0,0,0,0,97.59085182908862,0.0,normal
0,0.05,0,0,0,0,0,0,0,0,0,0,0,0,0,0,100.0,0.0,suspicious
1,0.08,0,0,0,0,0,0,0,0,0,0,0,0,0,0,92.1431960433247,0.0,normal
1,0.85,1,0,0,0,0,0,0,0,0,1,0,0,0,1,63.460159212673474,15.0,malicious
0,0.05,0,0,0,0,0,0,0,0,0,0,0,0,0,0,82.8717550587687,0.0,normal
0,0.5,0,1,0,0,0,0,0,0,0,0,0,0,0,0,70.1247588921685,0.0,suspicious
0,0.3,0,0,0,0,0,0,0,0,0,1,0,0,0,0,91.36539229508897,0.0,normal
0,0.05,0,0,0,0,0,0,0,0,0,0,0,0,0,0,68.16429483697583,0.0,normal
1,0.1,0,0,0,0,0,0,0,0,1,0,0,0,0,0,100.0,0.0,normal
1,0.85,1,0,0,0,0,0,0,0,1,1,0,0,0,0,65.78258294886558,0.0,malicious
0,0.08,0,0,0,0,0,0,0,0,0,0,0,0,0,1,67.46960509940263,15.0,normal
0,0.1,0,0,0,0,0,0,0,0,1,0,0,0,0,0,83.99212913721556,0.0,normal
1,0.45,0,0,0,0,0,1,0,0,1,1,0,0,0,0,77.49013460525548,0.0,malicious
3,0.35,0,0,0,0,0,0,0,0,0,1,0,0,0,1,50.13881881772251,15.0,malicious
1,0.05,0,0,0,0,0,0,0,0,0,0,0,0,0,0,60.92405085801711,0.0,normal
0,1.0,0,0,0,1,0,0,0,1,0,1,0,0,0,0,77.48202854491045,0.0,malicious
0,0.1,0,0,0,0,0,0,0,0,0,0,0,0,0,0,85.80480049675546,0.0,normal
0,0.1,0,0,0,0,0,0,0,0,1,0,0,1,0,0,92.69535463755797,60.0,suspicious
0,0.1,0,0,0,0,0,0,0,0,1,0,0,0,0,0,43.43707935493993,0.0,suspicious
0,0.35,0,0,0,0,0,0,0,1,0,0,0,0,1,1,63.94714523590537,45.0,suspicious
2,0.35,0,0,0,0,0,0,0,1,1,0,0,0,1,0,41.779798917850115,30.0,malicious
1,0.05,0,0,0,0,0,0,0,0,0,0,0,0,0,0,100.0,0.0,normal
1,0.45,0,0,0,0,0,1,0,0,0,0,0,0,1,0,88.59481157915381,30.0,malicious
3,0.5,0,1,0,0,0,0,0,1,1,1,0,0,0,0,71.20004061910892,0.0,malicious
1,0.55,0,0,0,0,1,0,0,0,0,0,0,0,0,1,83.23708938766941,15.0,suspicious
0,0.08,0,0,0,0,0,0,0,0,0,0,0,0,0,0,83.88081513180006,0.0,normal
4,0.35,0,0,0,0,0,0,0,0,0,1,0,0,0,0,56.31202924693194,0.0,malicious
3,0.08,0,0,0,0,0,0,0,0,0,0,0,0,0,1,89.90140686061696,15.0,suspicious
2,0.05,0,0,0,0,0,0,0,0,0,0,0,0,0,0,72.86754913500344,0.0,suspicious
0,0.05,0,0,0,0,0,0,0,1,0,0,0,0,0,0,100.0,0.0,normal
2,0.5,0,1,0,0,0,0,0,0,0,0,0,0,0,0,80.09627228035636,0.0,malicious
0,0.3,0,0,0,0,0,0,0,1,0,1,0,0,0,0,90.91038503364402,0.0,normal
5,0.35,0,0,0,0,0,0,0,0,0,0,0,0,0,0,71.87961030731539,0.0,malicious
0,0.08,0,0,0,0,0,0,0,0,0,0,0,0,0,0,73.83530405255928,0.0,normal
0,0.08,0,0,0,0,0,0,0,0,0,0,0,0,0,1,77.59318912072521,15.0,normal
0,0.1,0,0,0,0,0,0,0,0,0,0,0,0,0,0,85.01950546550134,0.0,normal
1,0.1,0,0,0,0,0,0,0,0,0,0,0,0,0,0,78.531263310048,0.0,normal
1,0.9,0,0,1,0,0,0,0,0,0,0,0,0,0,0,51.95286757776817,0.0,malicious
0,0.3,0,0,0,0,0,0,0,1,1,0,0,0,0,0,74.41729550153559,0.0,normal
0,0.05,0,0,0,0,0,0,0,0,1,0,0,0,0,1,76.57959871988191,15.0,normal
1,0.25,0,0,0,0,0,0,1,0,1,1,0,0,0,0,74.43174227641622,0.0,malicious
0,0.08,0,0,0,0,0,0,0,0,0,0,0,0,0,0,88.35472616565484,0.0,normal
0,0.3,0,0,0,0,0,0,0,1,0,0,0,0,0,0,82.75105829410482,0.0,normal
0,0.3,0,0,0,0,0,0,0,0,1,1,0,0,0,0,65.3758110081238,0.0,suspicious
0,0.08,0,0,0,0,0,0,0,0,1,0,0,0,0,1,89.08941382158469,15.0,normal
0,0.08,0,0,0,0,0,0,0,0,0,0,0,0,0,0,89.39457932919521,0.0,normal
0,0.55,0,0,0,0,1,0,0,0,0,0,0,0,0,0,64.02696743890374,0.0,suspicious
0,0.1,0,0,0,0,0,0,0,0,0,0,1,0,1,1,100.0,100.0,normal
1,0.08,0,0,0,0,0,0,0,0,0,0,0,0,0,0,60.72430608714961,0.0,normal
2,0.05,0,0,0,0,0,0,0,0,0,0,0,0,0,0,92.75657515238628,0.0,normal
0,0.08,0,0,0,0,0,0,0,0,0,0,0,0,0,0,91.25828971436448,0.0,normal
0,0.08,0,0,0,0,0,0,0,0,0,0,0,0,0,1,77.13142652993994,15.0,normal
0,0.55,0,0,0,0,1,0,0,1,0,0,0,1,0,0,78.56704340897623,60.0,malicious
1,0.1,0,0,0,0,0,0,0,1,0,0,0,0,0,0,72.53618291683887,0.0,normal
2,0.08,0,0,0,0,0,0,0,1,0,0,0,0,0,0,98.02637180641253,0.0,suspicious
0,0.25,0,0,0,0,0,0,1,1,0,0,0,0,0,0,100.0,0.0,normal
3,0.35,0,0,0,0,0,0,0,1,1,0,1,0,0,0,73.72784372678467,70.0,malicious
0,0.05,0,0,0,0,0,0,0,0,0,0,0,0,0,0,87.18980935309982,0.0,normal
0,0.08,0,0,0,0,0,0,0,0,0,0,0,0,0,0,72.48105528196653,0.0,normal
2,0.35,0,0,0,0,0,0,0,0,0,1,0,0,0,0,61.084062470438,0.0,malicious
0,0.1,0,0,0,0,0,0,0,0,0,0,0,1,0,0,69.99050307837904,60.0,normal
0,0.3,0,0,0,0,0,0,0,1,0,0,0,0,1,1,89.52137247206096,45.0,suspicious
1,0.05,0,0,0,0,0,0,0,0,0,0,0,0,0,0,76.40794068528733,0.0,normal
1,0.1,0,0,0,0,0,0,0,0,0,0,0,0,0,0,85.91706501945862,0.0,normal
0,0.1,0,0,0,0,0,0,0,0,0,0,0,0,0,0,64.41116629340846,0.0,normal
0,0.05,0,0,0,0,0,0,0,0,1,0,0,0,0,0,86.21107299822002,0.0,normal
0,0.08,0,0,0,0,0,0,0,0,0,0,0,0,1,0,76.30472698004621,30.0,normal
0,0.05,0,0,0,0,0,0,0,0,0,0,0,0,0,0,71.8983181654875,0.0,normal
0,0.05,0,0,0,0,0,0,0,0,0,0,0,1,1,0,90.54322827660877,90.0,normal
0,0.5,0,1,0,0,0,0,0,0,0,0,0,0,0,0,96.97385576649737,0.0,normal
0,0.05,0,0,0,0,0,0,0,0,0,0,0,0,0,0,74.47784839817365,0.0,normal
0,0.25,0,0,0,0,0,0,1,0,1,0,0,0,0,0,86.59838745760655,0.0,suspicious
1,1.0,0,0,0,1,0,0,0,0,0,0,0,0,0,0,71.06435334476501,0.0,malicious
0,0.45,0,0,0,0,0,1,0,0,1,1,0,0,0,0,68.93349601064817,0.0,malicious
1,0.3,0,0,0,0,0,0,0,0,0,0,0,0,0,1,88.63258930988114,15.0,normal
0,0.05,0,0,0,0,0,0,0,0,1,0,0,1,0,0,84.00907467423968,60.0,suspicious
0,0.05,0,0,0,0,0,0,0,0,0,0,0,0,0,0,78.7781094977183,0.0,normal
2,0.05,0,0,0,0,0,0,0,0,0,0,0,0,0,0,68.6914122704682,0.0,suspicious
0,0.1,0,0,0,0,0,0,0,0,1,0,0,0,0,0,90.2264858143482,0.0,normal
0,0.55,0,0,0,0,1,0,0,1,1,1,0,0,0,0,69.63916220451368,0.0,malicious
0,0.1,0,0,0,0,0,0,0,0,0,0,0,0,0,0,79.94152422999781,0.0,normal
0,0.05,0,0,0,0,0,0,0,1,0,0,0,0,0,0,63.304062834258545,0.0,normal
0,0.9,0,0,1,0,0,0,0,1,1,1,0,0,0,0,70.85112181908559,0.0,malicious
0,0.08,0,0,0,0,0,0,0,0,0,0,0,0,0,1,83.36797271703502,15.0,normal
0,0.25,0,0,0,0,0,0,1,0,0,0,0,0,0,0,64.09494525482167,0.0,normal
2,0.08,0,0,0,0,0,0,0,0,0,0,0,0,0,0,78.13707529468661,0.0,normal
0,0.08,0,0,0,0,0,0,0,0,0,0,0,0,0,1,69.66708149337622,15.0,normal
1,0.08,0,0,0,0,0,0,0,0,0,0,1,0,0,0,93.74055897270848,70.0,suspicious
0,0.05,0,0,0,0,0,0,0,0,0,0,0,0,0,0,76.92363658017035,0.0,normal
0,0.1,0,0,0,0,0,0,0,0,0,0,0,0,0,1,79.25796873077245,15.0,normal
4,0.25,0,0,0,0,0,0,1,0,1,0,0,0,0,0,96.08036846720012,0.0,suspicious
1,0.05,0,0,0,0,0,0,0,0,0,0,0,0,0,0,87.39562469645975,0.0,normal
0,0.05,0,0,0,0,0,0,0,0,0,0,0,0,0,0,76.6216792932969,0.0,normal
0,0.3,0,0,0,0,0,0,0,0,1,1,0,0,0,1,70.45130594962419,15.0,malicious
0,0.1,0,0,0,0,0,0,0,0,0,0,0,0,0,1,75.51039285821835,15.0,normal
1,0.5,0,1,0,0,0,0,0,0,0,0,0,1,0,0,82.59192179698277,60.0,malicious
0,0.05,0,0,0,0,0,0,0,0,0,0,0,0,0,0,98.20602148427812,0.0,normal
2,0.08,0,0,0,0,0,0,0,0,0,0,0,0,0,0,77.9943639511281,0.0,normal
2,0.08,0,0,0,0,0,0,0,0,1,0,0,0,0,0,81.20205867248961,0.0,suspicious
0,0.05,0,0,0,0,0,0,0,1,0,0,0,0,1,0,82.48586728569616,30.0,normal
0,0.3,0,0,0,0,0,0,0,1,0,0,0,0,0,0,76.47912583828956,0.0,normal
0,0.1,0,0,0,0,0,0,0,0,1,0,0,0,0,0,100.0,0.0,normal
0,0.05,0,0,0,0,0,0,0,0,0,0,0,0,0,0,85.7738628653703,0.0,normal
0,0.55,0,0,0,0,1,0,0,1,0,0,1,0,0,0,78.36566682152892,70.0,malicious
1,0.1,0,0,0,0,0,0,0,0,0,0,0,0,0,0,65.25983568238073,0.0,normal
0,0.08,0,0,0,0,0,0,0,0,0,0,0,0,0,0,84.93297831552727,0.0,normal
1,0.05,0,0,0,0,0,0,0,0,0,0,0,0,0,1,90.36223006101208,15.0,normal
1,0.45,0,0,0,0,0,1,0,0,1,0,0,0,0,0,80.26233884011991,0.0,malicious
2,0.08,0,0,0,0,0,0,0,0,0,0,0,0,0,0,88.11090529632364,0.0,normal
0,0.05,0,0,0,0,0,0,0,0,0,1,0,0,0,0,79.10666093717785,0.0,normal
0,0.08,0,0,0,0,0,0,0,0,0,0,0,0,0,1,80.90808232171418,15.0,normal
0,0.5,0,1,0,0,0,0,0,1,1,0,0,0,0,0,40.348260040571716,0.0,malicious
1,0.08,0,0,0,0,0,0,0,0,0,0,0,0,0,0,86.9916765623759,0.0,normal
1,0.08,0,0,0,0,0,0,0,0,0,0,0,1,0,0,56.501347723452,60.0,malicious
0,0.08,0,0,0,0,0,0,0,0,0,1,0,0,0,0,88.9144702625638,0.0,normal
0,0.05,0,0,0,0,0,0,0,0,0,0,0,0,0,0,83.39393673951284,0.0,normal
1,0.1,0,0,0,0,0,0,0,0,1,0,0,0,0,1,73.3677246400052,15.0,suspicious
0,0.35,0,0,0,0,0,0,0,0,1,1,0,0,0,0,64.03915072152715,0.0,suspicious
0,0.1,0,0,0,0,0,0,0,0,0,0,0,0,0,0,68.07789543770983,0.0,normal
0,0.08,0,0,0,0,0,0,0,1,0,0,0,0,0,1,82.42946801870305,15.0,normal
0,0.08,0,0,0,0,0,0,0,0,0,0,0,0,0,0,67.92427361268851,0.0,normal
1,0.05,0,0,0,0,0,0,0,0,0,0,0,0,0,0,66.3747193741769,0.0,normal
0,0.45,0,0,0,0,0,1,0,0,1,0,0,0,0,0,74.42924730957124,0.0,normal
4,0.35,0,0,0,0,0,0,0,1,0,0,0,0,0,0,58.85513999463034,0.0,malicious
1,0.1,0,0,0,0,0,0,0,0,0,0,0,0,0,0,88.99831510754373,0.0,normal
4,0.35,0,0,0,0,0,0,0,1,1,1,0,0,0,0,47.21692784832254,0.0,malicious
0,0.1,0,0,0,0,0,0,0,0,0,0,0,0,0,0,70.25974644633686,0.0,normal
0,0.05,0,0,0,0,0,0,0,0,0,1,0,0,0,1,88.79648369838215,15.0,normal
0,0.3,0,0,0,0,0,0,0,0,0,1,0,0,0,0,100.0,0.0,normal
0,0.08,0,0,0,0,0,0,0,1,0,0,0,0,1,0,93.79541213899175,30.0,normal
0,0.05,0,0,0,0,0,0,0,0,0,0,0,0,0,0,75.86441857630166,0.0,normal
1,0.25,0,0,0,0,0,0,1,0,0,1,0,0,0,0,100.0,0.0,suspicious
2,0.08,0,0,0,0,0,0,0,0,0,0,1,0,0,1,89.2181832096817,85.0,malicious
0,0.1,0,0,0,0,0,0,0,0,1,0,0,0,0,0,100.0,0.0,normal
1,0.1,0,0,0,0,0,0,0,0,1,0,0,1,0,0,94.90684609616471,60.0,malicious
0,0.05,0,0,0,0,0,0,0,0,0,0,0,0,0,0,100.0,0.0,normal
0,0.9,0,0,1,0,0,0,0,0,0,1,0,0,0,0,90.78321384066182,0.0,malicious
1,0.05,0,0,0,0,0,0,0,0,0,0,0,0,0,0,91.82054450274373,0.0,normal
0,0.25,0,0,0,0,0,0,1,1,1,1,0,0,0,0,76.17382126868432,0.0,malicious
0,0.08,0,0,0,0,0,0,0,1,0,0,0,0,0,0,88.97505689890367,0.0,normal
0,0.25,0,0,0,0,0,0,1,0,0,1,0,0,0,0,66.97081104582577,0.0,suspicious
2,0.55,0,0,0,0,1,0,0,0,0,0,0,0,0,1,79.49410320315198,15.0,malicious
0,0.08,0,0,0,0,0,0,0,0,1,0,0,0,0,0,84.93185175103365,0.0,normal
1,0.08,0,0,0,0,0,0,0,0,0,1,0,0,0,1,71.26750858745905,15.0,malicious
0,0.08,0,0,0,0,0,0,0,0,0,0,0,0,0,1,88.73489353380573,15.0,normal
1,0.05,0,0,0,0,0,0,0,0,0,0,0,0,0,0,97.52017283238438,0.0,normal
1,0.55,0,0,0,0,1,0,0,0,1,1,0,1,0,1,47.88362472839683,75.0,malicious
1,0.05,0,0,0,0,0,0,0,0,0,0,0,0,0,0,66.27242761250722,0.0,normal
0,0.1,0,0,0,0,0,0,0,0,0,0,0,0,0,0,94.06882268986718,0.0,normal
1,0.55,0,0,0,0,1,0,0,0,0,0,0,0,0,0,69.1056446221457,0.0,malicious
4,0.35,0,0,0,0,0,0,0,0,0,0,0,0,0,1,67.36847788686136,15.0,malicious
1,0.9,0,0,1,0,0,0,0,0,0,1,0,0,0,0,89.45785863595388,0.0,malicious
0,0.55,0,0,0,0,1,0,0,1,0,0,0,0,1,0,86.03768875622497,30.0,malicious
0,0.05,0,0,0,0,0,0,0,0,0,0,1,0,0,0,74.72878183983373,70.0,normal
1,0.1,0,0,0,0,0,0,0,1,0,0,0,0,0,0,80.18451557485439,0.0,normal
1,0.35,0,0,0,0,0,0,0,0,0,1,0,0,0,0,88.5063443907251,0.0,malicious
1,0.35,0,0,0,0,0,0,0,0,1,1,0,0,0,0,59.91432773202045,0.0,malicious
0,0.85,1,0,0,0,0,0,0,1,1,1,0,0,1,0,78.6083723984781,30.0,malicious
0,0.1,0,0,0,0,0,0,0,0,0,0,0,0,0,0,79.37732130113676,0.0,normal
0,0.05,0,0,0,0,0,0,0,0,1,0,0,0,0,0,91.45673439272007,0.0,normal
0,0.5,0,1,0,0,0,0,0,1,1,1,0,0,0,0,74.39587142704548,0.0,malicious
1,0.1,0,0,0,0,0,0,0,0,1,1,0,0,0,0,100.0,0.0,normal
1,0.1,0,0,0,0,0,0,0,0,1,0,0,0,0,0,63.43599353966255,0.0,suspicious
0,0.1,0,0,0,0,0,0,0,0,0,0,0,0,0,0,54.84948343042417,0.0,normal
0,0.85,1,0,0,0,0,0,0,1,0,1,0,0,0,0,67.1071957767535,0.0,malicious
3,0.35,0,0,0,0,0,0,0,0,0,1,0,0,0,0,86.43623231368666,0.0,malicious
0,0.1,0,0,0,0,0,0,0,0,0,0,0,0,1,0,75.75791910283684,30.0,normal
0,0.05,0,0,0,0,0,0,0,0,0,0,0,0,0,0,73.68924378123944,0.0,normal
0,0.25,0,0,0,0,0,0,1,1,0,0,0,0,0,0,70.04483056592065,0.0,normal
0,0.9,0,0,1,0,0,0,0,0,1,1,0,0,1,0,65.75234214668036,30.0,malicious
1,0.08,0,0,0,0,0,0,0,0,0,0,0,1,0,1,78.5170393794488,75.0,malicious
3,0.55,0,0,0,0,1,0,0,1,0,0,0,0,0,0,74.15909668820166,0.0,malicious
1,0.08,0,0,0,0,0,0,0,0,0,0,0,0,0,0,58.89455325164848,0.0,normal
2,0.3,0,0,0,0,0,0,0,1,1,0,0,0,1,0,85.37888055148593,30.0,malicious
1,0.45,0,0,0,0,0,1,0,1,1,0,0,0,0,0,88.89631830105064,0.0,suspicious
0,0.25,0,0,0,0,0,0,1,0,0,0,0,0,1,1,69.18636065787172,45.0,suspicious
0,0.05,0,0,0,0,0,0,0,0,0,0,0,1,0,1,94.25939056601933,75.0,normal
1,0.1,0,0,0,0,0,0,0,0,1,0,0,0,0,0,87.94640296544058,0.0,normal
0,0.1,0,0,0,0,0,0,0,0,1,0,0,0,0,0,85.81176331605283,0.0,normal
0,0.1,0,0,0,0,0,0,0,0,0,0,0,0,0,0,64.03329409264418,0.0,normal
0,0.1,0,0,0,0,0,0,0,0,1,0,0,0,0,1,76.11714474358021,15.0,normal
1,0.05,0,0,0,0,0,0,0,0,1,0,0,0,0,0,85.86124929576582,0.0,normal
1,0.05,0,0,0,0,0,0,0,1,0,0,0,0,0,0,94.41094632932578,0.0,normal
0,0.1,0,0,0,0,0,0,0,0,0,0,1,0,0,0,72.39074155152684,70.0,suspicious
0,0.3,0,0,0,0,0,0,0,1,0,1,0,0,0,0,83.3425706723911,0.0,normal
1,0.1,0,0,0,0,0,0,0,1,0,0,0,0,0,0,100.0,0.0,normal
0,0.85,1,0,0,0,0,0,0,1,0,1,0,0,0,0,67.52871070946043,0.0,malicious
0,0.25,0,0,0,0,0,0,1,0,1,1,0,0,0,0,62.049282417274156,0.0,suspicious
1,0.1,0,0,0,0,0,0,0,0,1,0,0,0,0,0,98.1698384461539,0.0,normal
0,0.25,0,0,0,0,0,0,1,0,0,1,0,0,0,1,88.82696267434535,15.0,normal
0,0.08,0,0,0,0,0,0,0,0,0,0,0,0,0,0,100.0,0.0,normal
0,0.08,0,0,0,0,0,0,0,0,0,0,0,0,0,1,83.46234483402546,15.0,normal
1,0.1,0,0,0,0,0,0,0,0,0,0,0,0,0,0,58.18988678579068,0.0,malicious
0,0.1,0,0,0,0,0,0,0,1,0,0,0,0,0,0,92.47680294138846,0.0,normal
1,0.25,0,0,0,0,0,0,1,0,1,1,0,0,0,1,67.73363779702092,15.0,malicious
0,0.1,0,0,0,0,0,0,0,0,1,0,0,0,0,1,79.55699897639708,15.0,normal
1,0.9,0,0,1,0,0,0,0,0,0,1,0,0,0,0,81.51774824106514,0.0,malicious
1,0.08,0,0,0,0,0,0,0,0,0,0,0,0,0,0,90.23103691201378,0.0,normal
0,0.08,0,0,0,0,0,0,0,1,0,0,0,0,0,0,100.0,0.0,normal
1,0.1,0,0,0,0,0,0,0,0,0,0,0,0,0,0,89.47820092435867,0.0,normal
1,0.5,0,1,0,0,0,0,0,1,0,0,0,0,0,0,68.62391231602645,0.0,malicious
0,0.1,0,0,0,0,0,0,0,0,1,0,1,0,0,0,79.476334059916,70.0,suspicious
0,0.1,0,0,0,0,0,0,0,0,0,0,0,0,1,0,79.6831243623559,30.0,normal
0,0.05,0,0,0,0,0,0,0,0,0,0,0,0,0,0,82.7492378917937,0.0,normal
1,0.05,0,0,0,0,0,0,0,0,1,0,1,0,0,0,100.0,70.0,malicious
3,0.35,0,0,0,0,0,0,0,1,0,0,0,0,0,0,79.2284249252926,0.0,malicious
2,0.05,0,0,0,0,0,0,0,0,0,0,0,0,0,0,79.76476432995415,0.0,suspicious
1,0.5,0,1,0,0,0,0,0,0,0,0,0,0,0,0,51.881027659864934,0.0,malicious
2,0.25,0,0,0,0,0,0,1,0,0,0,0,0,0,0,100.0,0.0,normal
0,0.5,0,1,0,0,0,0,0,0,0,0,0,0,0,0,54.51129650777055,0.0,suspicious
1,0.05,0,0,0,0,0,0,0,0,0,0,0,0,0,0,57.83487954987798,0.0,suspicious
0,0.85,1,0,0,0,0,0,0,1,0,1,0,0,0,1,68.86476441410453,15.0,malicious
0,0.55,0,0,0,0,1,0,0,0,1,0,0,0,0,1,54.378481774635844,15.0,malicious
0,0.45,0,0,0,0,0,1,0,0,0,1,0,0,0,0,77.75281932261296,0.0,suspicious
1,0.25,0,0,0,0,0,0,1,0,1,0,0,0,0,0,75.07305776760208,0.0,malicious
0,0.08,0,0,0,0,0,0,0,0,0,0,0,0,1,0,100.0,30.0,normal
0,0.1,0,0,0,0,0,0,0,0,1,0,0,0,0,0,87.22661604487769,0.0,normal
1,0.85,1,0,0,0,0,0,0,0,0,0,0,0,0,0,58.171982057593254,0.0,malicious
0,0.1,0,0,0,0,0,0,0,0,0,0,0,0,0,0,79.57367566867582,0.0,normal
0,0.55,0,0,0,0,1,0,0,0,1,0,0,0,0,0,68.97650971675958,0.0,malicious
0,0.05,0,0,0,0,0,0,0,0,1,0,0,0,0,0,92.95920745350323,0.0,normal
0,0.1,0,0,0,0,0,0,0,0,1,0,0,0,0,0,86.45664056856192,0.0,normal
0,0.08,0,0,0,0,0,0,0,0,0,1,0,0,0,0,95.51174527006583,0.0,normal
0,0.1,0,0,0,0,0,0,0,0,1,0,0,0,0,1,84.49674013525042,15.0,normal
0,0.1,0,0,0,0,0,0,0,0,0,0,0,0,0,1,67.99883913806678,15.0,normal
3,0.35,0,0,0,0,0,0,0,1,0,0,0,0,0,0,66.01039917945691,0.0,malicious
1,0.1,0,0,0,0,0,0,0,0,0,0,0,0,0,0,94.66827982482693,0.0,normal
1,0.1,0,0,0,0,0,0,0,0,0,0,0,0,0,1,72.75512944494906,15.0,suspicious
1,0.3,0,0,0,0,0,0,0,0,0,1,0,0,0,1,65.90296943543012,15.0,malicious
0,0.08,0,0,0,0,0,0,0,0,0,0,0,0,0,0,100.0,0.0,normal
1,0.08,0,0,0,0,0,0,0,0,1,1,0,0,0,0,72.79131261632837,0.0,malicious
0,0.1,0,0,0,0,0,0,0,0,0,0,0,0,0,0,88.85917201936631,0.0,normal
0,0.1,0,0,0,0,0,0,0,0,0,0,0,0,0,0,63.61983619873699,0.0,normal
1,0.05,0,0,0,0,0,0,0,0,0,0,0,0,0,1,100.0,15.0,normal
2,0.05,0,0,0,0,0,0,0,0,0,0,0,0,0,0,79.67105978572224,0.0,normal
1,0.08,0,0,0,0,0,0,0,0,0,0,0,0,0,0,73.62247462960796,0.0,normal
2,0.25,0,0,0,0,0,0,1,1,0,1,1,0,0,1,64.34193064563951,85.0,malicious
2,0.08,0,0,0,0,0,0,0,0,0,0,0,0,0,1,55.350655845851236,15.0,malicious
0,0.1,0,0,0,0,0,0,0,0,1,0,0,0,0,0,89.7003713569156,0.0,normal
0,0.05,0,0,0,0,0,0,0,0,0,0,0,0,0,0,69.83367845781773,0.0,normal
0,0.08,0,0,0,0,0,0,0,0,0,0,0,0,1,0,70.09623688573298,30.0,normal
0,0.05,0,0,0,0,0,0,0,0,0,0,0,1,0,0,68.57627222182471,60.0,suspicious
0,0.5,0,1,0,0,0,0,0,0,0,1,0,0,0,1,62.092888559876414,15.0,malicious
0,0.08,0,0,0,0,0,0,0,1,0,0,0,0,0,0,73.58968199988053,0.0,normal
6,0.35,0,0,0,0,0,0,0,1,0,0,0,0,0,0,67.1468578293609,0.0,malicious
0,0.08,0,0,0,0,0,0,0,0,0,0,0,0,0,0,90.4835379932267,0.0,normal
0,0.1,0,0,0,0,0,0,0,0,1,0,0,0,0,0,87.57410425670166,0.0,normal
0,0.1,0,0,0,0,0,0,0,0,0,0,0,0,0,0,87.28372577925626,0.0,normal
1,0.3,0,0,0,0,0,0,0,0,1,1,0,0,0,0,73.67934580954768,0.0,malicious
1,0.08,0,0,0,0,0,0,0,0,0,0,0,0,0,0,84.58060730979358,0.0,normal
1,0.1,0,0,0,0,0,0,0,0,1,0,0,0,0,0,85.32588945419847,0.0,normal
2,0.08,0,0,0,0,0,0,0,0,0,0,0,0,0,0,71.08180949279095,0.0,normal
1,0.1,0,0,0,0,0,0,0,0,0,0,0,0,0,0,84.40120274660097,0.0,normal
1,0.1,0,0,0,0,0,0,0,0,0,0,0,0,0,0,100.0,0.0,normal
0,0.05,0,0,0,0,0,0,0,0,1,0,0,0,0,0,75.28419704419238,0.0,normal
0,0.05,0,0,0,0,0,0,0,0,0,0,0,1,0,0,90.62316668689095,60.0,normal
0,0.08,0,0,0,0,0,0,0,0,0,0,0,0,0,1,81.07686633755912,15.0,normal
0,0.45,0,0,0,0,0,1,0,0,1,0,0,0,0,0,58.44144682102265,0.0,suspicious
1,0.1,0,0,0,0,0,0,0,0,0,0,0,0,0,0,84.22163394862125,0.0,normal
0,0.08,0,0,0,0,0,0,0,0,0,0,0,0,0,0,54.32714749830803,0.0,normal
1,0.1,0,0,0,0,0,0,0,0,0,0,0,0,0,0,100.0,0.0,normal
2,0.1,0,0,0,0,0,0,0,0,0,0,0,0,1,0,80.64488008807315,30.0,suspicious
0,0.05,0,0,0,0,0,0,0,0,0,0,0,1,0,0,80.90705051664062,60.0,normal
0,0.55,0,0,0,0,1,0,0,0,0,1,0,0,0,0,78.27124623484423,0.0,suspicious
0,0.08,0,0,0,0,0,0,0,0,0,0,0,0,0,0,78.51782144666602,0.0,normal
0,0.05,0,0,0,0,0,0,0,0,0,0,0,0,0,0,77.11576502165386,0.0,normal
1,0.1,0,0,0,0,0,0,0,0,0,0,0,0,0,0,64.15751298835852,0.0,normal
0,0.08,0,0,0,0,0,0,0,0,0,0,0,0,0,0,81.13294342106157,0.0,normal
0,0.9,0,0,1,0,0,0,0,0,0,1,0,0,0,0,57.064194609797795,0.0,malicious
0,0.08,0,0,0,0,0,0,0,0,0,0,0,0,0,0,91.55975768601095,0.0,normal
1,0.05,0,0,0,0,0,0,0,0,0,0,0,0,1,0,76.0101053969787,30.0,normal
2,0.1,0,0,0,0,0,0,0,0,1,0,0,0,0,0,75.44521672175784,0.0,suspicious
0,0.08,0,0,0,0,0,0,0,0,0,0,0,0,0,1,77.45626407165764,15.0,normal
0,0.1,0,0,0,0,0,0,0,0,0,1,0,1,0,0,73.22560925749416,60.0,malicious
3,0.1,0,0,0,0,0,0,0,0,0,0,0,1,0,0,88.70960811520365,60.0,suspicious
0,0.3,0,0,0,0,0,0,0,1,1,0,0,0,0,0,67.74770036794021,0.0,suspicious
1,0.05,0,0,0,0,0,0,0,0,0,1,0,0,0,0,84.83862774519338,0.0,normal
1,0.08,0,0,0,0,0,0,0,0,1,0,0,0,0,1,80.5286628361822,15.0,malicious
0,0.1,0,0,0,0,0,0,0,1,0,0,1,0,0,0,67.60269713121339,70.0,suspicious
1,0.08,0,0,0,0,0,0,0,1,0,0,0,0,0,0,89.1850112056273,0.0,suspicious
1,0.05,0,0,0,0,0,0,0,0,0,0,0,0,1,0,78.83541490129798,30.0,normal
0,0.08,0,0,0,0,0,0,0,0,0,0,0,0,0,0,68.94385551045501,0.0,normal
1,0.3,0,0,0,0,0,0,0,0,1,0,0,0,0,0,91.05720125833794,0.0,normal
1,0.05,0,0,0,0,0,0,0,0,0,0,0,0,0,0,97.69763091608752,0.0,normal
0,0.05,0,0,0,0,0,0,0,0,0,0,1,0,0,0,66.51029340562444,70.0,malicious
0,0.08,0,0,0,0,0,0,0,0,0,0,0,0,0,0,75.4237880167638,0.0,normal
2,0.05,0,0,0,0,0,0,0,0,0,0,0,1,0,0,86.47676094548723,60.0,suspicious
0,0.08,0,0,0,0,0,0,0,0,0,0,0,0,0,1,97.75798344472743,15.0,normal
0,0.05,0,0,0,0,0,0,0,0,0,0,0,0,0,1,83.4035178709055,15.0,normal
1,0.1,0,0,0,0,0,0,0,0,0,0,0,0,1,1,78.74581719205358,45.0,normal
1,0.08,0,0,0,0,0,0,0,0,0,0,0,0,0,0,76.63648463957772,0.0,normal
0,0.05,0,0,0,0,0,0,0,0,0,0,0,0,0,0,98.39469558676507,0.0,normal
0,0.05,0,0,0,0,0,0,0,0,0,0,0,0,0,0,95.15955683486494,0.0,normal
1,0.05,0,0,0,0,0,0,0,1,0,0,1,0,0,0,85.4975886416892,70.0,malicious
0,0.05,0,0,0,0,0,0,0,0,0,0,0,0,0,0,81.27363579525402,0.0,normal
0,0.08,0,0,0,0,0,0,0,1,0,1,1,0,0,0,85.89536768436346,70.0,malicious
0,0.1,0,0,0,0,0,0,0,0,1,0,1,0,0,1,64.37006048713359,85.0,malicious
0,0.05,0,0,0,0,0,0,0,0,0,0,0,0,0,0,100.0,0.0,normal
1,0.35,0,0,0,0,0,0,0,1,0,1,0,0,0,0,84.53331332680884,0.0,malicious
1,0.1,0,0,0,0,0,0,0,0,0,0,0,0,0,1,69.80299424017143,15.0,normal
0,0.05,0,0,0,0,0,0,0,0,0,1,0,0,0,0,90.1937006459818,0.0,normal
0,0.1,0,0,0,0,0,0,0,0,1,0,0,0,0,0,89.71261846604983,0.0,normal
1,0.3,0,0,0,0,0,0,0,0,1,0,0,0,0,1,64.64226093051742,15.0,malicious
0,0.05,0,0,0,0,0,0,0,0,0,0,0,0,0,1,91.69242213084925,15.0,normal
1,0.25,0,0,0,0,0,0,1,0,1,1,0,0,0,0,59.09387531202907,0.0,malicious
1,0.1,0,0,0,0,0,0,0,0,0,0,0,0,0,0,80.9642237902264,0.0,normal
1,0.05,0,0,0,0,0,0,0,0,0,0,0,1,1,1,98.64796116156363,100.0,normal
3,0.35,0,0,0,0,0,0,0,0,0,1,0,0,0,0,64.23738158070553,0.0,malicious
0,0.08,0,0,0,0,0,0,0,0,0,0,1,0,0,0,79.32409192714148,70.0,normal
0,0.9,0,0,1,0,0,0,0,1,0,0,0,0,0,1,43.92646029114955,15.0,malicious
0,0.1,0,0,0,0,0,0,0,0,1,0,0,0,0,0,96.98077783150055,0.0,suspicious
3,0.35,0,0,0,0,0,0,0,0,0,0,0,0,0,1,67.275054526143,15.0,malicious
1,0.25,0,0,0,0,0,0,1,0,0,0,0,0,0,1,89.01632336031255,15.0,normal
1,0.05,0,0,0,0,0,0,0,0,0,0,0,0,0,1,91.31121485842802,15.0,normal
0,0.1,0,0,0,0,0,0,0,0,0,1,0,0,0,0,73.81819585250076,0.0,normal
0,0.1,0,0,0,0,0,0,0,0,1,0,0,0,0,0,91.79331446938052,0.0,normal
0,0.05,0,0,0,0,0,0,0,0,0,0,0,0,0,0,71.54549523300315,0.0,suspicious
0,0.05,0,0,0,0,0,0,0,0,0,0,0,0,0,1,68.19537193291882,15.0,normal
3,0.08,0,0,0,0,0,0,0,0,1,1,0,0,0,1,100.0,15.0,malicious
0,0.1,0,0,0,0,0,0,0,0,0,1,0,0,0,0,79.81376378950706,0.0,normal
1,0.05,0,0,0,0,0,0,0,0,0,0,0,0,0,1,64.23513006420063,15.0,suspicious
0,0.08,0,0,0,0,0,0,0,0,0,0,0,0,0,0,82.02016988386346,0.0,normal
0,0.1,0,0,0,0,0,0,0,0,0,0,0,0,0,0,100.0,0.0,normal
1,0.1,0,0,0,0,0,0,0,0,1,0,0,0,0,0,90.19673087298709,0.0,normal
1,0.08,0,0,0,0,0,0,0,0,0,1,0,0,0,0,92.1998400338736,0.0,normal
1,0.05,0,0,0,0,0,0,0,0,0,0,0,0,0,0,88.98798701660283,0.0,normal
0,0.1,0,0,0,0,0,0,0,1,1,0,0,0,0,0,66.33115190198903,0.0,normal
0,0.5,0,1,0,0,0,0,0,1,0,1,0,0,0,1,56.61756402012304,15.0,malicious
0,0.3,0,0,0,0,0,0,0,0,1,0,1,1,0,1,95.77108198791277,100.0,malicious
1,0.1,0,0,0,0,0,0,0,0,0,0,0,0,0,1,79.98192203572702,15.0,normal
0,0.08,0,0,0,0,0,0,0,0,1,0,0,0,0,1,74.45574758110865,15.0,normal
1,0.85,1,0,0,0,0,0,0,0,0,1,0,1,0,0,67.01952417355827,60.0,malicious
1,0.1,0,0,0,0,0,0,0,1,0,0,0,0,0,1,77.98439082756558,15.0,normal
3,0.05,0,0,0,0,0,0,0,0,0,0,0,0,1,0,59.37565407300271,30.0,malicious
0,0.08,0,0,0,0,0,0,0,0,0,0,0,0,0,1,78.17336768093419,15.0,normal
0,0.25,0,0,0,0,0,0,1,0,0,0,0,0,1,0,66.43279067654095,30.0,suspicious
0,0.1,0,0,0,0,0,0,0,0,1,1,0,0,0,0,86.17406782767328,0.0,normal
3,0.08,0,0,0,0,0,0,0,0,0,0,0,0,0,0,72.47697157726661,0.0,malicious
1,0.08,0,0,0,0,0,0,0,0,1,0,0,0,0,0,69.75788604723415,0.0,normal
0,0.3,0,0,0,0,0,0,0,1,1,1,0,0,0,0,82.4412712397418,0.0,malicious
0,0.08,0,0,0,0,0,0,0,0,0,1,0,0,0,0,92.97155068603568,0.0,normal
0,0.25,0,0,0,0,0,0,1,0,0,0,0,0,1,0,93.97417054740303,30.0,normal
0,0.5,0,1,0,0,0,0,0,1,1,0,0,0,0,0,74.81420970626313,0.0,suspicious
0,0.55,0,0,0,0,1,0,0,0,0,0,0,0,0,1,70.27541449940216,15.0,normal
2,1.0,0,0,0,1,0,0,0,0,1,0,0,0,0,0,70.61748969765468,0.0,malicious
0,0.1,0,0,0,0,0,0,0,0,1,1,0,0,0,0,82.94229804435044,0.0,normal
0,0.25,0,0,0,0,0,0,1,0,1,0,0,0,0,0,89.89758602495627,0.0,normal
0,0.1,0,0,0,0,0,0,0,0,0,0,0,0,0,0,71.64058134546987,0.0,normal
0,0.05,0,0,0,0,0,0,0,1,0,0,0,0,0,0,87.32618711733788,0.0,normal
0,0.3,0,0,0,0,0,0,0,0,1,1,0,0,0,0,79.17876208931969,0.0,suspicious
0,0.1,0,0,0,0,0,0,0,0,0,0,0,0,0,0,82.28482020516476,0.0,normal
0,0.1,0,0,0,0,0,0,0,0,1,0,0,0,0,0,94.36506927722058,0.0,normal
0,0.25,0,0,0,0,0,0,1,0,0,0,0,0,0,0,85.97812830223688,0.0,normal
0,0.85,1,0,0,0,0,0,0,1,0,0,0,0,0,0,77.04319844510938,0.0,malicious
2,0.5,0,1,0,0,0,0,0,0,0,0,0,0,0,1,73.83742893596305,15.0,malicious
1,0.1,0,0,0,0,0,0,0,0,0,0,0,0,0,0,93.2936577874946,0.0,normal
0,0.25,0,0,0,0,0,0,1,1,1,0,0,0,0,0,85.01616682020132,0.0,normal
1,0.05,0,0,0,0,0,0,0,0,0,0,0,0,0,0,67.37229786627611,0.0,normal
1,0.1,0,0,0,0,0,0,0,0,0,0,0,0,0,0,60.607813314559294,0.0,normal
0,0.08,0,0,0,0,0,0,0,0,1,0,0,0,0,0,88.6279393708795,0.0,normal
2,0.3,0,0,0,0,0,0,0,0,0,0,0,0,0,0,78.26720733957943,0.0,suspicious
0,0.3,0,0,0,0,0,0,0,0,1,1,0,1,0,0,80.60981582200874,60.0,malicious
0,0.08,0,0,0,0,0,0,0,0,0,0,1,0,0,0,77.36542828536969,70.0,normal
1,0.1,0,0,0,0,0,0,0,0,0,0,0,0,0,0,85.25512390667596,0.0,normal
0,0.35,0,0,0,0,0,0,0,1,0,0,0,0,0,0,73.17016249594633,0.0,normal
1,0.3,0,0,0,0,0,0,0,0,1,1,0,0,0,0,78.98105193092762,0.0,malicious
0,0.5,0,1,0,0,0,0,0,0,1,0,0,0,0,1,79.2278358870283,15.0,malicious
1,0.1,0,0,0,0,0,0,0,1,1,0,0,0,0,0,88.31475176108196,0.0,normal
2,0.1,0,0,0,0,0,0,0,0,0,0,0,0,0,1,94.53923416564548,15.0,normal
0,0.45,0,0,0,0,0,1,0,0,0,1,0,0,0,0,87.47630866105845,0.0,normal
0,0.08,0,0,0,0,0,0,0,0,0,0,0,0,0,0,78.59273663336697,0.0,normal
0,0.08,0,0,0,0,0,0,0,0,0,0,0,0,0,0,71.49779468729885,0.0,normal
2,0.45,0,0,0,0,0,1,0,0,0,1,0,0,0,0,82.14869752641636,0.0,malicious
0,0.08,0,0,0,0,0,0,0,0,0,0,0,0,0,0,100.0,0.0,normal
0,0.08,0,0,0,0,0,0,0,0,0,0,0,0,0,0,84.19918846659779,0.0,normal
0,0.1,0,0,0,0,0,0,0,0,0,0,0,0,0,0,79.81676792237874,0.0,normal
0,0.05,0,0,0,0,0,0,0,0,0,0,0,0,0,1,78.66429151650195,15.0,normal
1,0.05,0,0,0,0,0,0,0,0,0,0,0,0,0,1,64.0209186213508,15.0,normal
0,0.1,0,0,0,0,0,0,0,0,0,0,0,0,0,0,74.69468841220491,0.0,normal
1,0.08,0,0,0,0,0,0,0,0,0,1,0,0,0,0,77.82831634154155,0.0,normal
0,0.1,0,0,0,0,0,0,0,0,0,0,0,0,0,1,100.0,15.0,normal
0,0.08,0,0,0,0,0,0,0,0,0,0,0,1,0,0,84.2315016973911,60.0,suspicious
0,0.55,0,0,0,0,1,0,0,1,0,0,0,0,0,0,84.8130793433766,0.0,malicious
3,0.05,0,0,0,0,0,0,0,0,0,0,0,0,0,1,88.00480705725055,15.0,malicious
0,0.9,0,0,1,0,0,0,0,0,1,1,0,0,0,1,71.8960785547613,15.0,malicious
0,0.1,0,0,0,0,0,0,0,0,0,0,0,0,0,0,68.29375829255446,0.0,normal
1,0.05,0,0,0,0,0,0,0,0,0,0,0,0,0,0,80.36898361537257,0.0,normal
0,0.1,0,0,0,0,0,0,0,0,1,0,0,0,0,0,68.67281940642488,0.0,normal
1,0.5,0,1,0,0,0,0,0,1,0,1,0,0,0,0,61.33110831157751,0.0,malicious
0,0.1,0,0,0,0,0,0,0,0,1,0,0,0,0,0,83.42208088820298,0.0,normal
3,0.35,0,0,0,0,0,0,0,0,0,0,0,0,0,0,63.96386173045931,0.0,malicious
1,0.05,0,0,0,0,0,0,0,0,0,0,1,0,0,0,82.36472051873194,70.0,malicious
0,0.1,0,0,0,0,0,0,0,1,0,0,0,0,0,0,100.0,0.0,normal
0,0.05,0,0,0,0,0,0,0,0,0,0,0,0,0,1,68.38635765567611,15.0,normal
0,0.08,0,0,0,0,0,0,0,0,0,0,0,0,0,0,53.99464896947766,0.0,normal
1,0.05,0,0,0,0,0,0,0,0,0,0,0,0,0,0,98.33809656753647,0.0,normal
0,0.1,0,0,0,0,0,0,0,0,1,0,0,0,0,0,62.817549582650734,0.0,suspicious
0,0.08,0,0,0,0,0,0,0,0,0,0,0,0,0,0,93.4282399797971,0.0,normal
1,0.05,0,0,0,0,0,0,0,0,1,0,0,0,1,0,82.43276797893265,30.0,suspicious
0,0.05,0,0,0,0,0,0,0,0,0,0,0,1,1,0,95.91794341934974,90.0,normal
0,0.1,0,0,0,0,0,0,0,0,0,0,0,0,0,0,87.5158315658452,0.0,normal
0,0.05,0,0,0,0,0,0,0,0,0,0,0,0,0,0,86.54423443897188,0.0,normal
0,1.0,0,0,0,1,0,0,0,0,1,0,0,0,0,0,79.57809400440692,0.0,malicious
0,0.08,0,0,0,0,0,0,0,0,0,0,0,0,0,1,63.26855992927524,15.0,normal
0,0.05,0,0,0,0,0,0,0,0,0,0,0,0,0,0,94.3981258089037,0.0,normal
0,0.08,0,0,0,0,0,0,0,0,0,0,0,0,0,0,97.95985413285135,0.0,normal
0,0.05,0,0,0,0,0,0,0,0,0,0,0,0,0,1,100.0,15.0,normal
0,0.05,0,0,0,0,0,0,0,0,0,0,0,0,0,0,99.55332390590428,0.0,normal
0,0.3,0,0,0,0,0,0,0,1,0,1,0,0,0,0,100.0,0.0,normal
1,0.05,0,0,0,0,0,0,0,0,0,0,0,0,0,0,84.43973118393166,0.0,normal
0,0.05,0,0,0,0,0,0,0,1,0,1,0,0,0,0,80.37312476455783,0.0,suspicious
1,0.08,0,0,0,0,0,0,0,0,0,0,0,0,0,0,79.92736368888427,0.0,normal
1,0.1,0,0,0,0,0,0,0,0,1,0,0,0,1,0,77.86782547722055,30.0,malicious
0,0.08,0,0,0,0,0,0,0,0,0,0,0,1,0,0,95.95315808002135,60.0,normal
0,0.1,0,0,0,0,0,0,0,1,0,0,0,0,0,0,82.94510671561933,0.0,normal
2,0.55,0,0,0,0,1,0,0,0,0,1,0,0,0,1,50.064762705894836,15.0,malicious
1,0.25,0,0,0,0,0,0,1,0,0,0,0,0,0,0,81.0826734564104,0.0,suspicious
0,0.1,0,0,0,0,0,0,0,0,0,0,0,0,0,1,72.9896494757964,15.0,normal
0,0.1,0,0,0,0,0,0,0,0,0,0,0,0,0,0,72.86939122807266,0.0,normal
0,0.1,0,0,0,0,0,0,0,0,0,0,0,1,0,0,68.42639894927277,60.0,normal
1,0.08,0,0,0,0,0,0,0,0,0,0,0,1,1,0,93.74060917109496,90.0,suspicious
0,0.5,0,1,0,0,0,0,0,0,0,1,0,0,0,1,62.869310597119465,15.0,malicious
0,0.05,0,0,0,0,0,0,0,0,0,0,0,0,0,0,72.46205099646753,0.0,normal
0,0.05,0,0,0,0,0,0,0,0,0,0,0,1,0,0,93.6251228129938,60.0,normal
1,0.05,0,0,0,0,0,0,0,1,0,0,0,0,0,0,74.24315492105097,0.0,normal
0,0.08,0,0,0,0,0,0,0,0,0,0,0,0,0,0,88.76735498827632,0.0,normal
0,0.05,0,0,0,0,0,0,0,0,0,0,0,1,0,0,80.85334918188184,60.0,suspicious
0,0.08,0,0,0,0,0,0,0,1,0,0,0,0,0,0,100.0,0.0,normal
0,0.55,0,0,0,0,1,0,0,0,1,0,0,0,0,0,78.8278351907864,0.0,suspicious
1,0.08,0,0,0,0,0,0,0,0,0,0,0,1,0,0,56.213994843713955,60.0,malicious
0,0.05,0,0,0,0,0,0,0,0,0,0,0,0,0,0,80.36550908461054,0.0,normal
1,0.08,0,0,0,0,0,0,0,0,0,0,0,0,0,0,87.08876234586478,0.0,normal
2,0.1,0,0,0,0,0,0,0,0,0,0,0,0,0,1,95.55014068810789,15.0,suspicious
2,0.08,0,0,0,0,0,0,0,0,0,0,0,0,0,1,78.77787088840425,15.0,suspicious
3,0.3,0,0,0,0,0,0,0,1,0,1,0,0,0,0,84.03909438627552,0.0,malicious
1,0.05,0,0,0,0,0,0,0,0,0,0,0,0,0,0,84.62527304396768,0.0,normal
1,0.55,0,0,0,0,1,0,0,0,0,0,0,0,0,1,70.60774384587369,15.0,malicious
3,0.35,0,0,0,0,0,0,0,0,0,1,0,0,0,0,49.82085189223927,0.0,malicious
0,0.08,0,0,0,0,0,0,0,1,0,0,0,0,0,0,78.71554619773804,0.0,normal
5,0.35,0,0,0,0,0,0,0,0,0,0,0,0,0,0,98.77364328102104,0.0,malicious
2,0.35,0,0,0,0,0,0,0,0,0,0,0,0,1,0,60.225750791090036,30.0,malicious
0,0.08,0,0,0,0,0,0,0,0,0,0,0,0,1,0,80.86397645224534,30.0,normal
2,0.35,0,0,0,0,0,0,0,0,0,1,0,1,0,0,72.76377640492518,60.0,malicious
1,0.1,0,0,0,0,0,0,0,0,0,0,0,0,0,0,100.0,0.0,normal
4,0.35,0,0,0,0,0,0,0,0,0,0,0,0,0,0,64.87578611838609,0.0,malicious
0,0.1,0,0,0,0,0,0,0,0,0,0,0,0,0,0,55.41392323918173,0.0,normal
0,0.55,0,0,0,0,1,0,0,0,0,1,0,0,0,0,52.12380816913549,0.0,malicious
0,0.1,0,0,0,0,0,0,0,0,0,0,0,0,0,0,60.13359764481851,0.0,suspicious
0,0.1,0,0,0,0,0,0,0,0,0,0,0,0,0,1,91.12788005008713,15.0,normal
0,0.1,0,0,0,0,0,0,0,0,0,0,0,0,0,0,100.0,0.0,normal
0,0.05,0,0,0,0,0,0,0,0,0,1,0,0,0,0,68.08915041226776,0.0,normal
1,0.3,0,0,0,0,0,0,0,0,0,0,0,0,0,0,88.00371496363549,0.0,normal
1,0.1,0,0,0,0,0,0,0,0,0,0,0,1,0,0,80.50425762507646,60.0,normal
0,0.5,0,1,0,0,0,0,0,0,0,0,0,0,0,0,47.91583812898723,0.0,malicious
2,0.1,0,0,0,0,0,0,0,0,0,0,0,0,0,0,71.60287038726442,0.0,normal
0,0.5,0,1,0,0,0,0,0,1,0,1,0,0,1,0,70.76804529858285,30.0,malicious
1,0.3,0,0,0,0,0,0,0,0,0,0,0,0,0,0,93.98143961419535,0.0,normal
0,0.05,0,0,0,0,0,0,0,0,0,0,0,0,0,0,90.16111585599872,0.0,normal
0,0.9,0,0,1,0,0,0,0,1,0,0,0,0,0,0,73.88857866163718,0.0,malicious
0,0.05,0,0,0,0,0,0,0,0,0,0,0,0,0,0,59.75835334711632,0.0,normal
1,0.08,0,0,0,0,0,0,0,0,0,0,1,0,1,0,77.47004315656338,100.0,malicious
0,0.05,0,0,0,0,0,0,0,0,1,0,0,0,0,1,70.98220099081902,15.0,normal
1,0.08,0,0,0,0,0,0,0,0,0,0,0,0,0,0,92.68209673126091,0.0,normal
1,0.9,0,0,1,0,0,0,0,0,1,0,0,0,0,0,79.086408427543,0.0,malicious
0,0.05,0,0,0,0,0,0,0,0,0,0,0,0,0,0,77.13777826460006,0.0,normal
1,0.08,0,0,0,0,0,0,0,0,0,0,0,0,0,0,79.28866065989415,0.0,normal
0,0.9,0,0,1,0,0,0,0,1,0,0,0,0,0,0,73.37014554452801,0.0,malicious
0,0.9,0,0,1,0,0,0,0,0,0,0,0,0,0,0,100.0,0.0,suspicious
0,0.5,0,1,0,0,0,0,0,0,0,1,0,0,0,0,47.14748613647673,0.0,malicious
0,0.05,0,0,0,0,0,0,0,0,0,0,0,0,0,0,93.61020295020042,0.0,suspicious
0,0.3,0,0,0,0,0,0,0,1,1,1,0,0,0,0,54.91613280248828,0.0,malicious
0,0.1,0,0,0,0,0,0,0,0,1,0,0,0,0,0,74.67550072866727,0.0,normal
0,0.08,0,0,0,0,0,0,0,0,0,0,0,0,0,1,100.0,15.0,normal
0,0.25,0,0,0,0,0,0,1,1,0,0,0,0,0,0,86.15288091440974,0.0,normal
0,0.85,1,0,0,0,0,0,0,0,0,1,0,1,0,0,61.16792903163118,60.0,malicious
0,0.08,0,0,0,0,0,0,0,0,0,0,0,0,0,0,69.84025944043114,0.0,normal
0,0.05,0,0,0,0,0,0,0,1,0,0,0,0,0,0,78.53821293958748,0.0,normal
1,0.1,0,0,0,0,0,0,0,0,0,0,0,0,0,0,88.77372639987702,0.0,normal
0,0.08,0,0,0,0,0,0,0,0,0,0,0,0,0,0,82.10342747863737,0.0,normal
0,0.08,0,0,0,0,0,0,0,0,0,0,0,0,0,0,82.0281061072562,0.0,normal
0,0.85,1,0,0,0,0,0,0,0,0,1,0,0,0,0,49.86095305049514,0.0,malicious
2,0.05,0,0,0,0,0,0,0,0,0,0,0,0,0,0,100.0,0.0,normal
1,0.25,0,0,0,0,0,0,1,0,1,0,0,1,1,0,81.39596103652671,90.0,malicious
2,0.08,0,0,0,0,0,0,0,0,0,0,0,0,0,0,81.2226027237784,0.0,normal
0,0.08,0,0,0,0,0,0,0,0,0,0,0,0,0,0,82.08653657640369,0.0,normal
0,0.1,0,0,0,0,0,0,0,0,0,0,0,0,0,1,98.3961799830515,15.0,normal
0,1.0,0,0,0,1,0,0,0,0,0,1,0,0,0,0,56.90933233203124,0.0,malicious
1,0.1,0,0,0,0,0,0,0,0,1,0,0,0,0,0,64.62920849749251,0.0,normal
1,0.08,0,0,0,0,0,0,0,0,0,1,0,0,0,0,88.72157269101612,0.0,normal
1,0.05,0,0,0,0,0,0,0,0,0,0,0,0,0,0,73.30437624098545,0.0,normal
1,0.05,0,0,0,0,0,0,0,0,0,0,0,0,0,0,83.24781933977724,0.0,normal
1,0.25,0,0,0,0,0,0,1,0,0,0,0,1,0,0,86.85363260300937,60.0,suspicious
0,0.08,0,0,0,0,0,0,0,0,0,0,0,0,0,0,93.13507386043281,0.0,normal
0,0.08,0,0,0,0,0,0,0,0,0,0,0,0,0,1,99.19560139654958,15.0,normal
0,0.25,0,0,0,0,0,0,1,0,0,1,0,0,0,0,91.32432642464593,0.0,normal
1,0.1,0,0,0,0,0,0,0,0,1,0,0,0,0,0,76.95203908954883,0.0,normal
1,0.1,0,0,0,0,0,0,0,0,1,0,1,0,0,0,100.0,70.0,suspicious
0,0.08,0,0,0,0,0,0,0,0,0,0,0,0,1,0,92.25416660911232,30.0,normal
0,0.25,0,0,0,0,0,0,1,1,0,1,0,0,0,0,42.68305149192645,0.0,malicious
0,0.85,1,0,0,0,0,0,0,0,0,0,0,0,0,0,57.59872825792945,0.0,malicious
0,0.05,0,0,0,0,0,0,0,0,0,0,0,0,0,0,83.2865224962529,0.0,normal
0,0.1,0,0,0,0,0,0,0,0,1,0,0,0,0,0,83.6540476970348,0.0,normal
1,0.08,0,0,0,0,0,0,0,0,0,0,0,0,0,0,74.37324508723736,0.0,normal
0,0.25,0,0,0,0,0,0,1,0,0,1,0,0,0,0,84.39184403913876,0.0,normal
0,0.08,0,0,0,0,0,0,0,0,0,0,0,0,0,0,78.79585591538293,0.0,normal
0,0.05,0,0,0,0,0,0,0,1,0,0,0,0,0,0,85.37524926472607,0.0,normal
0,0.08,0,0,0,0,0,0,0,1,0,0,0,0,0,0,78.39429827247416,0.0,normal
2,0.05,0,0,0,0,0,0,0,0,1,0,0,0,0,1,89.19022078319817,15.0,malicious
1,0.08,0,0,0,0,0,0,0,0,0,0,0,0,0,0,100.0,0.0,normal
1,0.35,0,0,0,0,0,0,0,0,1,0,0,0,0,0,66.56448641330284,0.0,malicious
2,0.35,0,0,0,0,0,0,0,0,0,1,0,0,0,0,44.95568703743838,0.0,malicious
0,0.1,0,0,0,0,0,0,0,0,0,0,0,1,0,0,74.23956096176735,60.0,normal
0,0.3,0,0,0,0,0,0,0,0,0,0,0,0,0,0,100.0,0.0,normal
2,0.35,0,0,0,0,0,0,0,0,0,1,0,0,0,0,74.64976033628267,0.0,malicious
0,0.05,0,0,0,0,0,0,0,0,0,0,0,0,0,0,70.39232998339855,0.0,normal
0,0.05,0,0,0,0,0,0,0,0,0,0,0,0,0,0,86.57336896909598,0.0,normal
0,0.9,0,0,1,0,0,0,0,1,0,0,0,0,0,0,47.73313541190921,0.0,malicious
2,0.3,0,0,0,0,0,0,0,0,0,1,0,0,0,0,86.48045028430035,0.0,malicious
2,0.1,0,0,0,0,0,0,0,0,0,0,0,0,0,0,82.72580219234726,0.0,normal
0,0.05,0,0,0,0,0,0,0,0,0,0,0,0,0,0,90.96283583212508,0.0,normal
0,0.1,0,0,0,0,0,0,0,1,0,0,0,0,0,0,91.10384078990938,0.0,normal
0,0.08,0,0,0,0,0,0,0,0,0,0,0,0,0,0,76.14809245879627,0.0,normal
0,0.08,0,0,0,0,0,0,0,0,0,0,0,0,0,0,65.79891125741109,0.0,normal
0,0.08,0,0,0,0,0,0,0,0,0,0,0,1,1,0,94.8496630671853,90.0,normal
0,0.08,0,0,0,0,0,0,0,0,1,0,0,0,0,0,66.12496257937104,0.0,normal
1,0.05,0,0,0,0,0,0,0,0,0,0,0,0,0,0,100.0,0.0,normal
1,0.5,0,1,0,0,0,0,0,0,0,0,0,0,0,0,63.68949644693116,0.0,malicious
0,0.25,0,0,0,0,0,0,1,1,1,0,0,0,0,0,81.9094830362663,0.0,normal
1,0.1,0,0,0,0,0,0,0,0,1,1,0,0,0,0,82.96513645644052,0.0,suspicious
1,0.08,0,0,0,0,0,0,0,0,0,0,0,0,0,0,89.50599084041626,0.0,normal
0,0.05,0,0,0,0,0,0,0,0,0,0,0,0,0,0,92.5032925076627,0.0,normal
1,0.1,0,0,0,0,0,0,0,0,0,0,0,0,0,0,94.75030447964059,0.0,normal
0,0.1,0,0,0,0,0,0,0,0,0,0,0,0,0,0,79.63671834043873,0.0,normal
1,0.1,0,0,0,0,0,0,0,0,0,0,0,0,0,1,82.91908801728961,15.0,normal
2,0.05,0,0,0,0,0,0,0,0,0,0,0,0,0,1,92.0097272986171,15.0,suspicious
1,0.55,0,0,0,0,1,0,0,0,0,0,0,0,0,0,71.97286789938678,0.0,malicious
0,0.08,0,0,0,0,0,0,0,0,0,0,0,0,0,0,86.91884733938149,0.0,normal
0,0.1,0,0,0,0,0,0,0,0,0,0,0,0,0,0,76.87114981290672,0.0,normal
0,0.5,0,1,0,0,0,0,0,0,1,0,0,0,0,0,63.267949343389226,0.0,malicious
0,0.05,0,0,0,0,0,0,0,0,1,0,0,0,0,0,84.09602753115824,0.0,normal
0,0.05,0,0,0,0,0,0,0,0,0,0,0,1,0,0,94.38933599307155,60.0,normal
0,0.05,0,0,0,0,0,0,0,0,0,0,1,0,0,0,67.78179753339076,70.0,suspicious
1,0.05,0,0,0,0,0,0,0,0,0,0,0,0,0,1,61.87380182710645,15.0,normal
0,0.05,0,0,0,0,0,0,0,0,0,0,0,0,0,0,97.90654559269298,0.0,normal
5,0.35,0,0,0,0,0,0,0,0,1,1,0,0,0,0,87.8145790640659,0.0,malicious
0,0.08,0,0,0,0,0,0,0,0,0,0,0,0,0,0,74.66447370367229,0.0,normal
0,0.08,0,0,0,0,0,0,0,0,0,0,0,0,0,0,86.37965854161675,0.0,normal
0,0.05,0,0,0,0,0,0,0,0,0,0,0,0,1,1,82.59878997029033,45.0,normal
0,0.08,0,0,0,0,0,0,0,1,0,0,0,0,0,0,63.58771685132082,0.0,normal
2,0.1,0,0,0,0,0,0,0,0,1,1,0,0,0,0,94.79855594584544,0.0,malicious
0,0.05,0,0,0,0,0,0,0,0,0,0,0,0,0,0,79.90932614255973,0.0,normal
0,0.1,0,0,0,0,0,0,0,0,1,0,0,0,0,0,76.85451371112909,0.0,normal
1,0.05,0,0,0,0,0,0,0,0,0,0,0,0,0,0,80.87332780160789,0.0,normal
1,0.1,0,0,0,0,0,0,0,0,0,0,0,0,0,0,87.80421617127905,0.0,normal
1,0.85,1,0,0,0,0,0,0,0,0,0,0,0,0,0,72.09900900525594,0.0,malicious
1,0.35,0,0,0,0,0,0,0,0,0,0,1,0,0,1,57.88136263782314,85.0,malicious
0,0.1,0,0,0,0,0,0,0,0,0,0,0,0,0,0,81.13402478375615,0.0,normal
0,0.05,0,0,0,0,0,0,0,0,0,0,0,0,0,0,90.7834954631674,0.0,normal
0,0.85,1,0,0,0,0,0,0,0,0,1,0,1,0,0,78.5934993050867,60.0,malicious
1,0.08,0,0,0,0,0,0,0,0,0,0,1,0,0,0,98.59155608063915,70.0,suspicious
0,0.08,0,0,0,0,0,0,0,0,1,0,0,0,0,0,69.90515180820518,0.0,normal
0,0.25,0,0,0,0,0,0,1,1,1,0,0,0,0,0,79.5193294916085,0.0,normal
0,0.05,0,0,0,0,0,0,0,0,0,0,0,0,0,0,87.57007341425961,0.0,normal
0,0.1,0,0,0,0,0,0,0,0,1,0,0,0,0,0,80.00508331704845,0.0,normal
1,0.05,0,0,0,0,0,0,0,0,0,0,0,0,0,0,100.0,0.0,normal
0,0.08,0,0,0,0,0,0,0,0,0,0,0,0,0,1,100.0,15.0,normal
2,0.3,0,0,0,0,0,0,0,0,0,0,1,0,0,0,65.15653071435537,70.0,malicious
0,0.05,0,0,0,0,0,0,0,0,0,0,0,0,1,0,79.02132056379503,30.0,normal
0,0.1,0,0,0,0,0,0,0,1,0,0,0,0,0,0,64.22298132872848,0.0,normal
0,0.85,1,0,0,0,0,0,0,0,0,0,0,0,0,0,90.47903333611939,0.0,suspicious
0,0.08,0,0,0,0,0,0,0,0,0,0,0,0,0,0,87.98945115677569,0.0,normal
2,0.05,0,0,0,0,0,0,0,0,0,0,1,0,0,0,91.88311992523798,70.0,suspicious
0,0.08,0,0,0,0,0,0,0,0,0,0,0,0,0,0,96.74218607897895,0.0,normal
1,0.3,0,0,0,0,0,0,0,1,1,1,0,0,0,0,90.8604772155971,0.0,malicious
0,0.08,0,0,0,0,0,0,0,1,0,0,0,0,0,0,88.7977551301301,0.0,normal
1,0.08,0,0,0,0,0,0,0,0,0,0,0,0,0,0,100.0,0.0,normal
0,0.08,0,0,0,0,0,0,0,0,0,0,0,0,0,0,100.0,0.0,normal
0,0.1,0,0,0,0,0,0,0,0,1,0,0,0,0,0,74.74059304045338,0.0,normal
0,0.3,0,0,0,0,0,0,0,0,0,0,0,0,0,1,74.97151150385133,15.0,normal
0,0.05,0,0,0,0,0,0,0,0,0,0,0,0,0,0,96.84738134280985,0.0,normal
0,0.05,0,0,0,0,0,0,0,0,0,0,0,0,0,1,100.0,15.0,normal
0,0.08,0,0,0,0,0,0,0,0,0,0,0,0,1,0,87.50760700602541,30.0,normal
1,0.08,0,0,0,0,0,0,0,0,0,0,0,0,0,1,88.92275540280016,15.0,normal
0,0.08,0,0,0,0,0,0,0,0,0,0,0,0,0,0,78.7129053353168,0.0,normal
2,0.05,0,0,0,0,0,0,0,0,0,0,0,1,0,0,100.0,60.0,suspicious
1,0.3,0,0,0,0,0,0,0,0,0,1,0,0,0,0,80.70042080244016,0.0,normal
1,0.05,0,0,0,0,0,0,0,0,0,0,0,1,0,1,73.66914034484181,75.0,malicious
1,0.1,0,0,0,0,0,0,0,0,1,0,0,0,0,0,62.929981730556136,0.0,suspicious
0,0.05,0,0,0,0,0,0,0,0,0,0,0,0,0,0,100.0,0.0,normal
0,0.85,1,0,0,0,0,0,0,0,0,1,0,0,1,1,78.6807984862989,45.0,malicious
0,0.05,0,0,0,0,0,0,0,0,0,0,0,0,1,0,82.60463602786935,30.0,normal
0,0.1,0,0,0,0,0,0,0,0,0,0,0,0,0,0,91.93222431480083,0.0,normal
1,0.9,0,0,1,0,0,0,0,0,1,0,0,0,0,1,58.27988040124397,15.0,malicious
0,0.1,0,0,0,0,0,0,0,0,1,0,0,0,0,0,78.92543045632036,0.0,normal
0,0.1,0,0,0,0,0,0,0,0,1,0,0,0,0,1,84.75455083658086,15.0,normal
0,0.1,0,0,0,0,0,0,0,0,0,0,0,0,0,0,82.18195319755843,0.0,normal
0,0.08,0,0,0,0,0,0,0,0,0,0,0,0,1,0,79.46359699288394,30.0,normal
2,0.45,0,0,0,0,0,1,0,0,1,0,0,0,0,1,76.27798686255979,15.0,malicious
0,0.3,0,0,0,0,0,0,0,0,0,0,0,0,0,0,100.0,0.0,normal
1,0.08,0,0,0,0,0,0,0,1,0,0,0,0,0,1,73.22552183838592,15.0,malicious
0,0.08,0,0,0,0,0,0,0,0,0,0,0,0,0,0,64.90128168232991,0.0,normal
1,0.1,0,0,0,0,0,0,0,0,0,0,0,0,0,1,74.4805606965971,15.0,normal
0,0.05,0,0,0,0,0,0,0,0,0,0,0,0,0,0,100.0,0.0,normal
0,0.05,0,0,0,0,0,0,0,0,0,0,0,0,0,0,79.29845532678321,0.0,normal
0,0.08,0,0,0,0,0,0,0,0,1,0,0,0,0,1,81.64623070446545,15.0,normal
0,0.08,0,0,0,0,0,0,0,0,0,0,0,0,0,0,100.0,0.0,normal
1,0.25,0,0,0,0,0,0,1,1,0,1,0,0,0,0,100.0,0.0,suspicious
0,0.08,0,0,0,0,0,0,0,1,1,0,0,0,0,1,72.62307537350395,15.0,suspicious
1,0.9,0,0,1,0,0,0,0,0,0,0,0,0,0,0,62.41679450463634,0.0,malicious
0,0.05,0,0,0,0,0,0,0,0,0,0,0,0,0,0,100.0,0.0,normal
0,0.08,0,0,0,0,0,0,0,0,0,0,1,0,0,0,94.27635670993885,70.0,normal
7,0.35,0,0,0,0,0,0,0,0,0,0,0,0,0,0,56.522456509590356,0.0,malicious
0,0.08,0,0,0,0,0,0,0,0,1,0,0,1,0,0,96.91388830263651,60.0,normal
0,0.3,0,0,0,0,0,0,0,1,0,0,0,0,0,0,78.73839432018123,0.0,normal
0,0.08,0,0,0,0,0,0,0,0,0,0,0,0,0,1,83.31440314282821,15.0,normal
0,0.1,0,0,0,0,0,0,0,0,0,0,0,0,0,0,100.0,0.0,normal
0,0.25,0,0,0,0,0,0,1,0,0,0,0,0,0,0,73.89866235949529,0.0,normal
2,0.08,0,0,0,0,0,0,0,0,0,0,0,0,0,1,73.36349036950237,15.0,suspicious
1,0.25,0,0,0,0,0,0,1,1,1,1,0,1,0,0,87.17066697315329,60.0,malicious
1,0.05,0,0,0,0,0,0,0,0,0,0,0,0,0,1,68.4309797331719,15.0,suspicious
1,0.08,0,0,0,0,0,0,0,0,0,0,0,0,0,0,73.24816051481129,0.0,normal
2,0.05,0,0,0,0,0,0,0,1,0,0,0,0,0,1,79.35507262690551,15.0,suspicious
1,0.08,0,0,0,0,0,0,0,0,0,0,0,0,0,0,100.0,0.0,normal
2,0.05,0,0,0,0,0,0,0,1,0,0,0,0,0,1,98.46498208618719,15.0,suspicious
0,0.1,0,0,0,0,0,0,0,0,1,0,0,0,0,0,86.92598500339365,0.0,normal
2,0.9,0,0,1,0,0,0,0,0,1,1,0,0,0,0,87.22967557145415,0.0,malicious
1,0.1,0,0,0,0,0,0,0,0,0,0,0,0,1,0,85.12379734810573,30.0,normal
0,0.08,0,0,0,0,0,0,0,0,0,0,0,0,0,0,90.02668212654211,0.0,normal
0,1.0,0,0,0,1,0,0,0,1,0,1,0,0,0,1,72.09900810904547,15.0,malicious
0,0.05,0,0,0,0,0,0,0,0,1,0,0,0,0,0,83.59855510870045,0.0,normal
0,0.05,0,0,0,0,0,0,0,0,0,0,0,0,0,0,97.60630431404849,0.0,normal
0,0.25,0,0,0,0,0,0,1,1,0,0,0,0,0,0,88.90382488818487,0.0,normal
0,0.08,0,0,0,0,0,0,0,0,0,1,0,0,0,0,78.69432701787524,0.0,suspicious
4,0.35,0,0,0,0,0,0,0,0,0,0,0,0,0,0,78.1651706653181,0.0,malicious
1,0.08,0,0,0,0,0,0,0,0,0,0,0,0,0,0,94.80452665338079,0.0,normal
1,0.1,0,0,0,0,0,0,0,0,0,0,0,0,0,0,77.30769111214951,0.0,normal
1,0.05,0,0,0,0,0,0,0,0,0,0,0,0,0,0,93.33554488139308,0.0,normal
0,0.05,0,0,0,0,0,0,0,0,0,0,1,0,0,0,95.6006378896268,70.0,normal
2,0.08,0,0,0,0,0,0,0,0,0,0,0,0,0,1,100.0,15.0,normal
0,0.25,0,0,0,0,0,0,1,0,1,1,0,0,0,1,86.805866429709,15.0,suspicious
0,0.05,0,0,0,0,0,0,0,0,0,0,0,0,0,0,100.0,0.0,normal
1,0.05,0,0,0,0,0,0,0,0,1,0,0,1,0,0,85.41248914637171,60.0,malicious
1,0.1,0,0,0,0,0,0,0,0,0,0,0,0,0,0,100.0,0.0,suspicious
0,0.05,0,0,0,0,0,0,0,0,0,0,0,0,0,0,91.56539393188879,0.0,normal
1,0.85,1,0,0,0,0,0,0,1,0,0,0,0,0,0,67.22810790559564,0.0,suspicious
0,0.5,0,1,0,0,0,0,0,0,0,0,0,0,0,0,72.60827172971517,0.0,normal
2,0.1,0,0,0,0,0,0,0,0,0,0,0,0,0,0,84.40266797759793,0.0,normal
0,0.25,0,0,0,0,0,0,1,0,0,0,0,0,0,0,95.64063918107739,0.0,normal
0,0.08,0,0,0,0,0,0,0,0,0,0,0,0,0,0,85.95219479258503,0.0,normal
0,0.05,0,0,0,0,0,0,0,0,0,0,0,0,0,1,73.27317566603371,15.0,normal
0,0.55,0,0,0,0,1,0,0,0,1,1,0,0,0,0,50.1173125944555,0.0,malicious
0,0.1,0,0,0,0,0,0,0,0,0,0,0,0,0,1,85.71883354269264,15.0,normal
1,0.1,0,0,0,0,0,0,0,0,1,0,0,0,0,0,89.16181482466727,0.0,suspicious
0,0.05,0,0,0,0,0,0,0,0,0,0,1,0,0,0,87.05860610690739,70.0,normal
2,0.1,0,0,0,0,0,0,0,0,0,0,0,0,0,0,95.11420686560975,0.0,normal
1,0.05,0,0,0,0,0,0,0,0,1,0,0,1,0,0,98.58644280280637,60.0,malicious
1,0.1,0,0,0,0,0,0,0,0,0,0,0,0,0,0,92.07410652310321,0.0,normal
0,0.1,0,0,0,0,0,0,0,1,0,0,0,0,0,0,87.11728238032791,0.0,normal
1,0.55,0,0,0,0,1,0,0,0,0,0,0,0,0,0,70.2132176836201,0.0,malicious
0,0.1,0,0,0,0,0,0,0,1,1,0,0,0,0,0,84.41900895046815,0.0,normal
1,0.1,0,0,0,0,0,0,0,0,1,0,0,0,0,0,78.08193016502871,0.0,normal
0,0.1,0,0,0,0,0,0,0,0,0,0,0,0,0,1,71.12441631826154,15.0,normal
1,0.08,0,0,0,0,0,0,0,0,0,0,0,0,0,0,80.56993435729635,0.0,normal
0,0.08,0,0,0,0,0,0,0,1,0,0,0,0,0,0,66.83358578008534,0.0,normal
0,0.05,0,0,0,0,0,0,0,0,0,0,0,0,0,0,100.0,0.0,normal
0,0.1,0,0,0,0,0,0,0,0,1,0,0,0,0,0,96.19486711492233,0.0,normal
0,0.05,0,0,0,0,0,0,0,0,0,0,0,0,0,0,67.56857435975647,0.0,normal
0,0.3,0,0,0,0,0,0,0,0,1,0,0,0,0,0,90.23742584134618,0.0,normal
1,0.05,0,0,0,0,0,0,0,0,0,0,0,0,0,0,77.87401781871593,0.0,normal
1,0.45,0,0,0,0,0,1,0,0,1,0,0,0,0,0,59.74086483195896,0.0,malicious
1,0.1,0,0,0,0,0,0,0,0,1,0,0,0,0,0,92.81850976800511,0.0,normal
0,0.1,0,0,0,0,0,0,0,0,0,0,0,0,0,0,94.88258718130868,0.0,normal
1,0.08,0,0,0,0,0,0,0,1,0,0,0,0,0,0,97.20690702567447,0.0,normal
0,0.35,0,0,0,0,0,0,0,0,1,0,0,0,0,0,97.09476937033128,0.0,normal
3,0.35,0,0,0,0,0,0,0,1,0,1,0,0,0,0,68.90962568159861,0.0,malicious
2,0.05,0,0,0,0,0,0,0,0,0,0,0,0,0,0,82.66556306648718,0.0,normal
0,0.08,0,0,0,0,0,0,0,0,0,0,0,0,0,1,100.0,15.0,normal
0,0.05,0,0,0,0,0,0,0,1,0,0,0,0,0,0,83.84083199901428,0.0,normal
2,0.35,0,0,0,0,0,0,0,0,1,1,0,0,0,1,56.42049245946824,15.0,malicious
0,0.1,0,0,0,0,0,0,0,0,0,0,0,0,0,0,66.30463242439473,0.0,normal
0,0.05,0,0,0,0,0,0,0,0,0,0,0,0,0,0,86.82107236611722,0.0,suspicious
0,0.1,0,0,0,0,0,0,0,0,0,0,0,1,0,0,54.89687092923556,60.0,suspicious
0,0.1,0,0,0,0,0,0,0,1,1,0,0,0,0,1,97.00808451068471,15.0,normal
0,0.08,0,0,0,0,0,0,0,0,0,0,0,0,1,0,98.40724763262568,30.0,normal
0,0.1,0,0,0,0,0,0,0,0,0,0,1,0,0,0,91.99198131416507,70.0,normal
0,0.05,0,0,0,0,0,0,0,0,0,0,0,0,0,0,97.67737763716804,0.0,normal
0,0.5,0,1,0,0,0,0,0,0,1,0,0,0,0,0,56.228844971754604,0.0,malicious
0,0.05,0,0,0,0,0,0,0,0,0,0,0,0,0,0,92.03330493039107,0.0,normal
0,0.08,0,0,0,0,0,0,0,0,0,0,0,0,1,0,76.20936475809839,30.0,normal
1,0.1,0,0,0,0,0,0,0,0,0,0,0,0,0,0,73.91454814873632,0.0,normal
2,0.08,0,0,0,0,0,0,0,0,0,0,0,0,0,0,84.95598619380219,0.0,normal
0,0.85,1,0,0,0,0,0,0,0,0,0,0,0,0,1,64.91756921894043,15.0,malicious
0,0.1,0,0,0,0,0,0,0,1,0,0,0,0,1,0,88.89733583947788,30.0,normal
0,0.08,0,0,0,0,0,0,0,0,0,0,0,0,0,0,93.91978090708021,0.0,normal
0,0.3,0,0,0,0,0,0,0,0,1,0,1,1,0,0,78.69207726691056,100.0,malicious
0,0.1,0,0,0,0,0,0,0,0,0,0,0,0,0,0,73.41060694351334,0.0,normal
1,0.08,0,0,0,0,0,0,0,0,0,1,0,0,0,0,86.04856422454928,0.0,normal
0,0.3,0,0,0,0,0,0,0,0,0,1,0,0,0,0,85.37785423088397,0.0,suspicious
1,0.1,0,0,0,0,0,0,0,0,1,1,0,0,0,0,79.35064304686546,0.0,malicious
1,0.5,0,1,0,0,0,0,0,0,0,1,0,0,0,0,80.49800404867992,0.0,malicious
3,0.3,0,0,0,0,0,0,0,1,0,0,0,0,0,1,87.29135347526567,15.0,malicious
0,0.08,0,0,0,0,0,0,0,0,0,0,0,0,0,0,100.0,0.0,normal
0,0.05,0,0,0,0,0,0,0,0,0,0,0,0,0,1,82.82220665293755,15.0,normal
3,0.1,0,0,0,0,0,0,0,0,1,0,0,0,1,0,98.0942259457264,30.0,malicious
0,0.1,0,0,0,0,0,0,0,1,0,0,0,1,0,1,81.44831515915746,75.0,suspicious
0,0.05,0,0,0,0,0,0,0,0,0,0,0,0,0,0,79.74842352586833,0.0,normal
0,0.05,0,0,0,0,0,0,0,0,0,0,0,0,0,0,68.3266536258888,0.0,normal
0,0.45,0,0,0,0,0,1,0,1,0,1,0,0,0,0,84.88693990518225,0.0,malicious
1,0.1,0,0,0,0,0,0,0,0,0,0,0,0,0,0,73.27572588071904,0.0,normal
1,0.3,0,0,0,0,0,0,0,0,0,0,0,0,0,0,98.23676777145567,0.0,normal
1,0.1,0,0,0,0,0,0,0,0,1,0,0,0,0,0,92.34333841397853,0.0,normal
0,0.05,0,0,0,0,0,0,0,0,0,0,0,0,0,0,77.27655415513993,0.0,normal
0,0.5,0,1,0,0,0,0,0,0,0,1,0,0,0,0,46.787465186871664,0.0,malicious
1,0.08,0,0,0,0,0,0,0,0,0,0,0,0,0,0,95.27896781054999,0.0,normal
0,0.05,0,0,0,0,0,0,0,0,0,0,0,0,1,0,72.30912584312095,30.0,normal
0,0.08,0,0,0,0,0,0,0,0,0,0,0,0,0,0,88.64844924501631,0.0,normal
0,0.05,0,0,0,0,0,0,0,0,0,0,0,0,0,0,69.03753518289076,0.0,normal
0,0.25,0,0,0,0,0,0,1,0,0,0,0,0,0,0,66.67837997165094,0.0,normal
1,0.05,0,0,0,0,0,0,0,0,1,0,0,0,1,1,93.38211817449344,45.0,suspicious
3,0.35,0,0,0,0,0,0,0,0,0,0,0,0,0,0,55.18606302332793,0.0,malicious
0,0.05,0,0,0,0,0,0,0,0,0,0,0,0,0,0,92.38751552858434,0.0,normal
0,0.1,0,0,0,0,0,0,0,0,0,1,0,0,0,0,82.34173964467176,0.0,normal
3,0.35,0,0,0,0,0,0,0,0,0,0,0,0,0,0,74.23067167510182,0.0,malicious
0,0.45,0,0,0,0,0,1,0,1,0,0,0,0,0,0,73.55295443872869,0.0,suspicious
2,0.35,0,0,0,0,0,0,0,0,0,0,0,0,0,1,76.63585835521674,15.0,malicious
3,0.45,0,0,0,0,0,1,0,1,0,1,0,0,0,0,96.50897041073176,0.0,malicious
4,0.35,0,0,0,0,0,0,0,0,0,0,0,0,0,1,56.33699284760617,15.0,malicious
0,0.05,0,0,0,0,0,0,0,0,0,0,0,0,0,1,74.2573453262424,15.0,normal
0,0.25,0,0,0,0,0,0,1,1,0,1,0,0,0,0,72.4820288260121,0.0,malicious
0,0.08,0,0,0,0,0,0,0,0,0,1,0,0,0,0,93.56510865501575,0.0,normal
0,0.5,0,1,0,0,0,0,0,1,0,0,0,0,0,0,47.45896898942902,0.0,malicious
1,0.05,0,0,0,0,0,0,0,0,0,0,0,0,0,0,64.98920822204167,0.0,normal
0,0.05,0,0,0,0,0,0,0,0,0,0,0,0,0,1,81.85449523658436,15.0,normal
0,0.1,0,0,0,0,0,0,0,0,0,0,0,0,0,0,94.79454636087526,0.0,normal
0,0.3,0,0,0,0,0,0,0,0,0,0,0,0,0,0,88.26357496713949,0.0,normal
2,0.1,0,0,0,0,0,0,0,1,0,0,0,0,0,1,71.47506943488834,15.0,malicious
2,0.1,0,0,0,0,0,0,0,0,1,0,0,0,0,0,84.11851865980273,0.0,suspicious
0,0.08,0,0,0,0,0,0,0,0,0,0,0,0,0,0,90.78303792471387,0.0,normal
1,0.3,0,0,0,0,0,0,0,0,1,1,0,0,0,0,85.27258385102621,0.0,malicious
1,0.08,0,0,0,0,0,0,0,0,0,0,0,0,0,0,83.19618173850134,0.0,suspicious
0,0.3,0,0,0,0,0,0,0,0,1,0,0,0,0,0,100.0,0.0,normal
0,0.5,0,1,0,0,0,0,0,0,0,1,0,0,0,0,60.60099178943343,0.0,malicious
0,0.05,0,0,0,0,0,0,0,0,1,0,0,0,0,1,70.80057924502256,15.0,normal
0,0.05,0,0,0,0,0,0,0,0,0,0,0,0,0,0,100.0,0.0,normal
1,0.05,0,0,0,0,0,0,0,0,0,0,0,0,1,1,87.0292748449796,45.0,normal
0,0.55,0,0,0,0,1,0,0,0,0,1,0,0,0,0,71.20095832458145,0.0,malicious
0,0.25,0,0,0,0,0,0,1,1,0,1,0,0,0,1,89.6690982269687,15.0,suspicious
0,0.1,0,0,0,0,0,0,0,0,0,0,0,0,0,0,100.0,0.0,normal
1,0.1,0,0,0,0,0,0,0,0,0,0,0,0,0,0,60.6496677392788,0.0,suspicious
1,0.1,0,0,0,0,0,0,0,0,1,0,0,1,1,0,87.13849881940479,90.0,malicious
1,0.1,0,0,0,0,0,0,0,0,0,0,0,0,0,0,92.20654353991668,0.0,normal
2,0.85,1,0,0,0,0,0,0,0,0,0,0,0,1,0,87.2677688414102,30.0,malicious
3,0.35,0,0,0,0,0,0,0,1,1,0,0,0,0,0,90.12016730414136,0.0,malicious
1,0.1,0,0,0,0,0,0,0,0,0,0,0,0,0,0,100.0,0.0,normal
0,0.1,0,0,0,0,0,0,0,0,0,0,0,0,0,0,71.9466884439135,0.0,normal
0,0.05,0,0,0,0,0,0,0,0,1,0,0,0,0,0,90.19282262488369,0.0,normal
3,0.05,0,0,0,0,0,0,0,0,0,0,0,0,0,0,73.52213007249355,0.0,malicious
0,0.55,0,0,0,0,1,0,0,1,0,1,0,1,0,0,64.84477503649585,60.0,malicious
0,0.08,0,0,0,0,0,0,0,0,0,0,0,0,1,1,93.02304714409196,45.0,normal
3,0.35,0,0,0,0,0,0,0,1,0,1,1,0,0,0,41.70015596085629,70.0,malicious
0,0.85,1,0,0,0,0,0,0,1,0,0,0,0,0,0,65.42502535994744,0.0,suspicious
1,0.85,1,0,0,0,0,0,0,0,1,0,0,0,0,0,69.55107759334582,0.0,malicious
1,0.05,0,0,0,0,0,0,0,0,1,0,0,0,0,0,77.65424166122258,0.0,normal
0,0.5,0,1,0,0,0,0,0,0,0,0,0,0,0,1,76.79741653360807,15.0,suspicious
0,0.05,0,0,0,0,0,0,0,1,0,0,0,0,1,0,84.08866606275446,30.0,normal
1,0.1,0,0,0,0,0,0,0,0,0,0,0,0,0,0,100.0,0.0,normal
0,0.05,0,0,0,0,0,0,0,0,0,0,0,0,0,0,93.8030820823363,0.0,normal
0,0.1,0,0,0,0,0,0,0,0,1,1,0,0,0,0,100.0,0.0,normal
2,0.5,0,1,0,0,0,0,0,0,0,0,0,0,0,0,74.96998877684163,0.0,malicious
0,0.25,0,0,0,0,0,0,1,1,1,1,0,0,0,0,82.9975051798448,0.0,malicious
1,0.05,0,0,0,0,0,0,0,0,0,1,0,0,0,0,82.88251704200161,0.0,suspicious
2,0.35,0,0,0,0,0,0,0,0,0,0,0,1,0,1,71.91948995065584,75.0,malicious
1,0.1,0,0,0,0,0,0,0,1,1,1,0,0,0,0,85.89112158811899,0.0,malicious
1,0.08,0,0,0,0,0,0,0,0,0,0,0,0,0,0,74.86309831961646,0.0,normal
0,0.1,0,0,0,0,0,0,0,0,1,0,0,0,0,0,69.7780496118422,0.0,normal
2,0.08,0,0,0,0,0,0,0,1,0,0,0,0,0,0,71.1614171064275,0.0,normal
0,0.08,0,0,0,0,0,0,0,0,0,0,0,1,0,1,82.57844843860006,75.0,normal
1,0.1,0,0,0,0,0,0,0,0,0,1,0,0,0,0,91.21500941573693,0.0,normal
0,0.08,0,0,0,0,0,0,0,0,0,0,0,0,0,0,85.41999223816055,0.0,suspicious
1,0.9,0,0,1,0,0,0,0,0,0,1,0,0,0,0,73.39962909263596,0.0,malicious
1,0.1,0,0,0,0,0,0,0,0,0,0,0,0,0,0,87.1828454858771,0.0,normal
1,0.1,0,0,0,0,0,0,0,0,0,0,0,0,0,0,98.40758927492341,0.0,normal
0,0.05,0,0,0,0,0,0,0,0,0,0,0,0,0,0,62.227439840543546,0.0,normal
2,0.1,0,0,0,0,0,0,0,0,1,0,0,0,0,0,72.21271802289647,0.0,malicious
0,0.05,0,0,0,0,0,0,0,0,0,0,0,0,1,0,95.23255593327161,30.0,normal
0,0.05,0,0,0,0,0,0,0,0,0,0,0,0,0,1,91.8780719735785,15.0,normal
0,0.05,0,0,0,0,0,0,0,0,0,0,0,0,0,1,93.5662330882494,15.0,normal
0,0.3,0,0,0,0,0,0,0,1,1,0,0,0,0,1,72.74622958785785,15.0,suspicious
2,0.85,1,0,0,0,0,0,0,0,0,0,0,0,0,1,64.68155906065363,15.0,malicious
0,0.05,0,0,0,0,0,0,0,0,0,0,0,0,0,0,79.12425334286698,0.0,normal
1,0.1,0,0,0,0,0,0,0,0,0,0,0,0,0,0,84.77214556844854,0.0,normal
0,0.08,0,0,0,0,0,0,0,0,0,0,0,0,0,1,93.73158635593234,15.0,normal
0,0.08,0,0,0,0,0,0,0,1,0,0,0,0,0,0,74.92414341306487,0.0,normal
1,0.5,0,1,0,0,0,0,0,0,1,0,0,0,0,1,62.50052329544534,15.0,malicious
0,0.1,0,0,0,0,0,0,0,0,1,0,0,1,0,0,84.90031412841559,60.0,suspicious
0,0.08,0,0,0,0,0,0,0,1,0,0,0,0,0,0,78.06188530900417,0.0,normal
1,0.05,0,0,0,0,0,0,0,0,0,0,0,0,0,0,88.7422086373076,0.0,normal
0,0.1,0,0,0,0,0,0,0,0,1,1,0,0,1,0,85.94503028685966,30.0,suspicious
0,0.1,0,0,0,0,0,0,0,0,1,0,0,0,0,0,85.72720142424494,0.0,normal
0,0.1,0,0,0,0,0,0,0,0,0,0,0,0,0,0,100.0,0.0,normal
0,0.1,0,0,0,0,0,0,0,0,0,0,0,0,0,1,68.29359102996538,15.0,suspicious
0,0.1,0,0,0,0,0,0,0,0,0,0,0,0,0,0,78.69892077351118,0.0,normal
1,0.08,0,0,0,0,0,0,0,0,0,0,0,0,0,0,81.41853970269553,0.0,normal
2,0.05,0,0,0,0,0,0,0,0,0,0,0,0,0,0,90.82705102825854,0.0,normal
4,0.35,0,0,0,0,0,0,0,0,1,0,0,0,0,0,54.31527156501072,0.0,malicious
0,0.1,0,0,0,0,0,0,0,0,1,0,0,0,0,0,88.05855871831905,0.0,normal
4,0.35,0,0,0,0,0,0,0,0,1,1,0,0,0,0,74.74378616154392,0.0,malicious
0,0.1,0,0,0,0,0,0,0,0,0,0,0,0,0,0,100.0,0.0,normal
0,0.1,0,0,0,0,0,0,0,0,1,0,0,0,0,0,98.42938692184558,0.0,normal
2,0.08,0,0,0,0,0,0,0,0,0,0,0,0,0,0,90.42137002784196,0.0,normal
1,0.3,0,0,0,0,0,0,0,1,0,1,0,0,0,0,84.23341578772508,0.0,malicious
2,0.1,0,0,0,0,0,0,0,0,0,0,0,1,0,1,69.27967279167908,75.0,malicious
1,0.08,0,0,0,0,0,0,0,0,0,0,0,0,0,1,77.24307585067496,15.0,normal
2,0.1,0,0,0,0,0,0,0,0,0,0,0,0,0,0,87.03231922074704,0.0,normal
0,0.08,0,0,0,0,0,0,0,0,0,0,0,0,0,0,85.45319183509423,0.0,normal
1,0.08,0,0,0,0,0,0,0,0,0,0,0,0,0,0,82.83228472414494,0.0,normal
0,0.25,0,0,0,0,0,0,1,0,1,1,0,0,0,0,82.74065525924304,0.0,suspicious
1,0.08,0,0,0,0,0,0,0,0,0,0,0,0,0,0,100.0,0.0,suspicious
0,0.05,0,0,0,0,0,0,0,0,0,0,0,0,0,1,69.89008541697602,15.0,normal
1,0.1,0,0,0,0,0,0,0,0,1,0,0,0,0,0,87.29364118415394,0.0,normal
1,0.25,0,0,0,0,0,0,1,1,1,0,0,0,0,0,76.74214693409843,0.0,malicious
1,0.08,0,0,0,0,0,0,0,0,0,0,0,0,1,0,82.57965279440121,30.0,normal
0,0.1,0,0,0,0,0,0,0,0,0,0,0,0,0,0,86.78339804559452,0.0,normal
1,0.1,0,0,0,0,0,0,0,0,1,0,0,0,0,0,83.87860354931385,0.0,normal
1,0.05,0,0,0,0,0,0,0,0,0,0,0,0,0,0,100.0,0.0,normal
0,0.05,0,0,0,0,0,0,0,0,0,0,0,0,0,0,81.67538016166708,0.0,normal
1,0.1,0,0,0,0,0,0,0,0,1,0,0,0,0,1,83.35795070075542,15.0,malicious
0,0.08,0,0,0,0,0,0,0,0,0,0,0,0,0,1,80.55735338988858,15.0,normal
1,1.0,0,0,0,1,0,0,0,0,0,0,0,0,0,0,51.02006418859973,0.0,malicious
0,0.05,0,0,0,0,0,0,0,0,1,0,0,0,0,0,86.44593383371017,0.0,normal
0,0.05,0,0,0,0,0,0,0,0,0,0,0,0,0,1,80.24574158110406,15.0,normal
0,0.1,0,0,0,0,0,0,0,0,0,0,0,0,0,1,86.52938486738262,15.0,normal
0,0.1,0,0,0,0,0,0,0,1,0,0,0,0,0,0,83.5732365286384,0.0,suspicious
0,0.25,0,0,0,0,0,0,1,0,0,1,0,1,0,0,78.65367052919603,60.0,malicious
4,0.35,0,0,0,0,0,0,0,0,1,1,0,0,0,0,78.21456077344514,0.0,malicious
0,0.05,0,0,0,0,0,0,0,0,1,1,0,0,0,0,100.0,0.0,normal
2,0.35,0,0,0,0,0,0,0,0,0,1,0,0,0,0,77.92844584335164,0.0,suspicious
0,0.08,0,0,0,0,0,0,0,0,0,0,0,0,0,0,92.97673897292512,0.0,normal
0,0.1,0,0,0,0,0,0,0,0,0,0,0,0,0,0,96.55368431275687,0.0,normal
1,0.1,0,0,0,0,0,0,0,0,0,0,0,0,0,0,84.10343504888678,0.0,normal
0,0.08,0,0,0,0,0,0,0,0,1,0,0,0,0,0,87.30651539954908,0.0,normal
0,0.25,0,0,0,0,0,0,1,0,0,1,0,0,0,0,86.24118210165955,0.0,normal
1,0.35,0,0,0,0,0,0,0,1,0,1,0,0,0,0,52.69233108064748,0.0,malicious
0,0.3,0,0,0,0,0,0,0,0,0,0,0,0,0,0,87.08331938334547,0.0,normal
2,0.05,0,0,0,0,0,0,0,1,0,0,0,0,0,1,76.49544286423813,15.0,malicious
1,0.08,0,0,0,0,0,0,0,0,0,0,0,0,0,0,80.92719873308118,0.0,normal
0,0.5,0,1,0,0,0,0,0,0,0,1,0,0,0,0,72.43917632334616,0.0,malicious
4,0.35,0,0,0,0,0,0,0,0,0,0,0,0,0,0,53.828265391703574,0.0,malicious
1,0.55,0,0,0,0,1,0,0,0,0,1,0,0,0,0,58.84506649327275,0.0,malicious
1,0.55,0,0,0,0,1,0,0,0,0,0,0,0,0,0,88.82923353895497,0.0,suspicious
1,0.1,0,0,0,0,0,0,0,0,0,1,0,0,0,0,89.1465913602691,0.0,normal
0,0.05,0,0,0,0,0,0,0,0,0,1,0,0,0,0,82.59835736043065,0.0,normal
0,0.08,0,0,0,0,0,0,0,0,0,0,0,0,0,1,63.05985528064792,15.0,normal
2,0.85,1,0,0,0,0,0,0,1,1,0,0,1,0,0,56.50554414877837,60.0,malicious
1,0.1,0,0,0,0,0,0,0,0,1,0,0,0,0,1,75.68811107773658,15.0,normal
2,0.08,0,0,0,0,0,0,0,0,0,0,1,0,0,0,76.21153158335223,70.0,malicious
1,0.1,0,0,0,0,0,0,0,0,1,0,0,0,0,0,75.36861939916338,0.0,suspicious
0,0.08,0,0,0,0,0,0,0,0,0,0,0,0,1,0,88.89500753090005,30.0,normal
0,0.1,0,0,0,0,0,0,0,0,0,0,0,0,0,0,78.89272361658611,0.0,normal
1,0.05,0,0,0,0,0,0,0,0,0,0,0,0,0,0,70.95680134641788,0.0,normal
4,0.35,0,0,0,0,0,0,0,0,0,1,0,0,0,0,77.1376348618164,0.0,malicious
0,0.1,0,0,0,0,0,0,0,1,0,0,0,0,0,0,78.30308608401289,0.0,normal
1,0.25,0,0,0,0,0,0,1,0,0,1,0,0,0,1,100.0,15.0,suspicious
1,0.1,0,0,0,0,0,0,0,0,0,0,0,0,0,0,84.67135989766082,0.0,normal
0,0.05,0,0,0,0,0,0,0,0,0,0,0,0,0,0,89.12371186664451,0.0,normal
0,0.1,0,0,0,0,0,0,0,0,0,0,0,0,0,1,91.68295076173611,15.0,normal
0,0.08,0,0,0,0,0,0,0,0,0,0,0,0,0,1,87.61487463426892,15.0,normal
0,0.05,0,0,0,0,0,0,0,0,0,0,0,0,0,0,100.0,0.0,normal
1,0.08,0,0,0,0,0,0,0,0,0,0,0,0,0,0,90.31233536325892,0.0,normal
0,0.05,0,0,0,0,0,0,0,0,0,0,0,0,0,0,69.63819420599276,0.0,normal
2,0.35,0,0,0,0,0,0,0,0,0,0,0,0,0,0,71.51446336371357,0.0,suspicious
0,0.05,0,0,0,0,0,0,0,0,0,0,0,0,0,0,85.67119169832553,0.0,normal
2,0.35,0,0,0,0,0,0,0,0,0,0,0,0,0,1,63.70407368838897,15.0,malicious
1,0.05,0,0,0,0,0,0,0,0,0,0,0,0,0,0,81.746745708371,0.0,normal
0,0.05,0,0,0,0,0,0,0,0,0,0,1,0,0,0,71.33824380753047,70.0,suspicious
0,0.1,0,0,0,0,0,0,0,0,1,0,0,1,0,0,89.63231280240062,60.0,normal
0,0.5,0,1,0,0,0,0,0,0,1,1,1,1,0,0,48.52609310078745,100.0,malicious
1,0.55,0,0,0,0,1,0,0,0,0,0,0,1,0,0,78.32839875509286,60.0,malicious
0,0.08,0,0,0,0,0,0,0,0,1,0,0,0,0,0,98.49707759138639,0.0,normal
1,0.08,0,0,0,0,0,0,0,0,0,0,0,0,0,0,90.44663738485221,0.0,suspicious
0,0.08,0,0,0,0,0,0,0,0,0,0,0,0,0,0,77.74241829402025,0.0,normal
1,0.25,0,0,0,0,0,0,1,0,0,1,0,0,0,0,80.84999867495144,0.0,malicious
0,0.1,0,0,0,0,0,0,0,1,0,0,0,0,0,0,63.695285782670304,0.0,normal
2,0.1,0,0,0,0,0,0,0,0,1,0,0,0,0,0,100.0,0.0,suspicious
2,0.25,0,0,0,0,0,0,1,1,0,0,0,0,0,0,93.39104526420758,0.0,suspicious
3,0.1,0,0,0,0,0,0,0,0,0,0,0,0,0,0,71.48149684780219,0.0,suspicious
0,0.05,0,0,0,0,0,0,0,0,0,0,0,0,0,1,86.84031054814459,15.0,normal
0,0.05,0,0,0,0,0,0,0,0,0,0,0,0,0,1,97.67054004316034,15.0,normal
1,0.1,0,0,0,0,0,0,0,1,0,0,0,0,0,0,93.18396652874586,0.0,normal
0,0.1,0,0,0,0,0,0,0,0,0,0,0,0,0,0,87.64423653255818,0.0,normal
2,0.1,0,0,0,0,0,0,0,0,0,0,0,0,0,0,72.62244970798757,0.0,suspicious
0,0.05,0,0,0,0,0,0,0,0,0,0,1,0,1,0,94.89440795767703,100.0,normal
1,0.05,0,0,0,0,0,0,0,0,0,0,0,0,0,0,87.94434261022879,0.0,normal
0,0.1,0,0,0,0,0,0,0,0,0,0,0,0,0,0,92.62238333214114,0.0,normal
0,0.05,0,0,0,0,0,0,0,1,1,0,0,0,0,0,59.88615768687615,0.0,malicious
1,0.08,0,0,0,0,0,0,0,0,0,0,0,0,0,0,85.20744864373029,0.0,normal
0,0.1,0,0,0,0,0,0,0,0,0,0,0,0,0,0,97.21002863020745,0.0,normal
0,0.1,0,0,0,0,0,0,0,0,1,0,0,0,0,0,69.46578915490755,0.0,normal
0,0.1,0,0,0,0,0,0,0,0,0,0,1,0,0,0,94.2505052930921,70.0,normal
0,0.08,0,0,0,0,0,0,0,1,0,0,0,1,1,0,80.25725673905195,90.0,suspicious
1,0.08,0,0,0,0,0,0,0,0,0,0,0,0,0,0,68.9066921523864,0.0,normal
1,0.05,0,0,0,0,0,0,0,0,0,0,0,0,0,0,72.97534431089208,0.0,normal
1,0.85,1,0,0,0,0,0,0,0,0,0,0,0,0,0,72.15684161776902,0.0,malicious
2,0.9,0,0,1,0,0,0,0,0,1,1,0,0,0,0,60.4472856347593,0.0,malicious
3,0.1,0,0,0,0,0,0,0,0,0,0,0,0,0,0,74.4290873335312,0.0,malicious
0,0.08,0,0,0,0,0,0,0,0,0,0,1,1,0,0,92.6060261035116,100.0,suspicious
0,0.3,0,0,0,0,0,0,0,0,0,0,0,1,0,0,76.30779416761301,60.0,suspicious
0,0.05,0,0,0,0,0,0,0,0,0,0,0,0,0,0,85.50222813724726,0.0,normal
0,0.05,0,0,0,0,0,0,0,0,0,0,0,0,0,1,86.81599292199145,15.0,normal
0,0.45,0,0,0,0,0,1,0,0,0,0,0,0,0,0,91.26835621663047,0.0,normal
0,0.25,0,0,0,0,0,0,1,1,0,1,0,0,0,0,75.0493735879838,0.0,normal
1,0.05,0,0,0,0,0,0,0,0,0,0,0,0,0,0,77.10031867748862,0.0,normal
0,0.08,0,0,0,0,0,0,0,0,1,0,0,0,0,1,82.2922348255202,15.0,normal
0,0.08,0,0,0,0,0,0,0,0,0,0,0,0,0,0,95.1156946787304,0.0,normal
0,0.1,0,0,0,0,0,0,0,0,0,0,0,0,1,0,95.77795719152591,30.0,normal
0,0.1,0,0,0,0,0,0,0,0,0,0,0,0,0,1,92.5862923338249,15.0,normal
0,0.08,0,0,0,0,0,0,0,0,0,0,0,0,0,0,87.19194384359041,0.0,normal
0,0.55,0,0,0,0,1,0,0,1,1,1,0,0,1,1,80.23292083049533,45.0,malicious
0,0.1,0,0,0,0,0,0,0,0,0,0,0,0,0,0,64.69390943966798,0.0,normal
1,0.1,0,0,0,0,0,0,0,1,0,0,0,0,0,0,100.0,0.0,normal
1,0.1,0,0,0,0,0,0,0,0,1,0,0,0,0,0,75.14846535595812,0.0,suspicious
0,0.9,0,0,1,0,0,0,0,1,1,1,0,0,0,0,66.80537408923927,0.0,malicious
1,0.08,0,0,0,0,0,0,0,0,0,0,0,0,0,0,80.3302083632522,0.0,normal
0,0.08,0,0,0,0,0,0,0,0,0,0,0,0,0,0,68.82866058580296,0.0,normal
0,0.08,0,0,0,0,0,0,0,0,0,1,0,0,0,0,88.31532470854579,0.0,normal
0,0.3,0,0,0,0,0,0,0,0,0,1,0,0,0,0,95.97932622052176,0.0,normal
4,0.35,0,0,0,0,0,0,0,0,1,0,0,0,0,0,57.288705241436304,0.0,malicious
0,0.05,0,0,0,0,0,0,0,1,0,0,0,0,0,1,97.26111662988644,15.0,normal
1,0.1,0,0,0,0,0,0,0,0,0,0,0,0,0,0,97.43929389042238,0.0,normal
1,0.05,0,0,0,0,0,0,0,0,0,1,0,0,0,0,99.23826374759703,0.0,normal
0,0.45,0,0,0,0,0,1,0,1,1,0,0,0,0,0,66.23986952953427,0.0,suspicious
0,0.05,0,0,0,0,0,0,0,0,0,0,0,0,0,0,98.00763985546067,0.0,normal
2,0.1,0,0,0,0,0,0,0,0,0,0,0,0,0,0,82.46678310672789,0.0,suspicious
2,0.45,0,0,0,0,0,1,0,0,0,0,0,0,0,0,97.86366814508689,0.0,malicious
1,1.0,0,0,0,1,0,0,0,0,0,0,0,0,0,0,81.8045423705447,0.0,malicious
2,0.08,0,0,0,0,0,0,0,0,0,0,0,0,0,1,74.17883027919493,15.0,suspicious
0,0.85,1,0,0,0,0,0,0,1,1,1,0,0,0,0,80.71437862657056,0.0,malicious
0,0.1,0,0,0,0,0,0,0,0,1,0,0,0,0,0,93.2286852734118,0.0,normal
1,0.05,0,0,0,0,0,0,0,0,0,0,0,0,0,0,93.19265545464529,0.0,normal
5,0.35,0,0,0,0,0,0,0,0,1,0,0,1,0,0,75.28170598388799,60.0,malicious
0,0.1,0,0,0,0,0,0,0,0,0,0,0,0,0,0,95.93514424957534,0.0,normal
0,0.08,0,0,0,0,0,0,0,0,0,0,0,0,0,0,100.0,0.0,suspicious
0,0.05,0,0,0,0,0,0,0,0,0,0,0,0,0,1,100.0,15.0,normal
1,0.3,0,0,0,0,0,0,0,0,0,1,0,0,0,0,91.37636280987402,0.0,suspicious
2,0.05,0,0,0,0,0,0,0,0,1,0,0,0,0,0,100.0,0.0,normal
0,0.08,0,0,0,0,0,0,0,0,0,0,0,0,0,0,84.36973205644749,0.0,normal
0,0.05,0,0,0,0,0,0,0,0,0,0,0,0,0,0,100.0,0.0,normal
0,0.45,0,0,0,0,0,1,0,0,0,1,0,1,0,0,88.33011597679781,60.0,malicious
0,0.85,1,0,0,0,0,0,0,0,1,0,0,0,0,0,58.22505542408722,0.0,malicious
0,0.1,0,0,0,0,0,0,0,0,1,0,0,0,0,0,100.0,0.0,normal
1,0.05,0,0,0,0,0,0,0,0,0,0,0,0,0,0,66.60396210890286,0.0,normal
0,0.1,0,0,0,0,0,0,0,0,0,0,0,0,0,0,76.10776262675927,0.0,normal
0,0.05,0,0,0,0,0,0,0,0,0,0,0,0,0,0,80.9485578034605,0.0,normal
0,0.1,0,0,0,0,0,0,0,0,1,0,0,0,0,0,94.3128009415596,0.0,normal
0,0.08,0,0,0,0,0,0,0,0,1,0,0,1,0,0,72.77571842355903,60.0,suspicious
0,0.1,0,0,0,0,0,0,0,0,0,0,0,0,0,0,88.3586500158521,0.0,normal
1,0.08,0,0,0,0,0,0,0,0,0,0,0,0,0,0,76.72891310554809,0.0,normal
0,0.08,0,0,0,0,0,0,0,0,0,0,0,0,0,0,85.57856316661353,0.0,normal
0,0.55,0,0,0,0,1,0,0,1,1,0,0,0,0,1,59.910792928328846,15.0,suspicious
0,0.85,1,0,0,0,0,0,0,1,1,0,0,0,1,0,85.57278598107672,30.0,malicious
0,0.1,0,0,0,0,0,0,0,0,1,0,0,0,0,0,91.48160101458957,0.0,suspicious
0,0.05,0,0,0,0,0,0,0,0,0,0,0,0,0,0,79.84117790659839,0.0,normal
0,0.05,0,0,0,0,0,0,0,0,0,0,0,0,0,0,80.81554803972766,0.0,normal
1,0.25,0,0,0,0,0,0,1,0,1,1,0,0,0,0,100.0,0.0,malicious
0,0.05,0,0,0,0,0,0,0,0,0,0,0,0,0,1,74.14834373515333,15.0,normal
1,0.3,0,0,0,0,0,0,0,1,0,1,0,0,0,0,78.44199992325349,0.0,suspicious
0,0.25,0,0,0,0,0,0,1,0,0,0,0,0,0,0,85.89009292592895,0.0,normal
0,0.08,0,0,0,0,0,0,0,0,1,0,0,0,0,0,96.65195852465105,0.0,normal
0,0.08,0,0,0,0,0,0,0,0,0,0,0,0,0,0,74.89843424932525,0.0,normal
1,0.08,0,0,0,0,0,0,0,0,0,0,1,0,0,0,96.04161482572628,70.0,malicious
1,0.05,0,0,0,0,0,0,0,0,0,0,0,0,0,0,59.59158674909982,0.0,normal
2,0.35,0,0,0,0,0,0,0,0,1,0,0,0,0,0,61.63494576645892,0.0,malicious
0,0.1,0,0,0,0,0,0,0,0,0,0,0,0,1,0,81.67258010676605,30.0,normal
0,0.25,0,0,0,0,0,0,1,1,1,1,0,0,0,0,87.04480456785078,0.0,malicious
0,0.08,0,0,0,0,0,0,0,0,0,0,0,0,0,0,100.0,0.0,normal
0,0.25,0,0,0,0,0,0,1,0,1,1,0,0,0,0,100.0,0.0,normal
1,0.1,0,0,0,0,0,0,0,0,0,0,0,0,0,0,79.5981153153162,0.0,normal
0,0.05,0,0,0,0,0,0,0,0,0,0,0,0,0,0,87.20084692042855,0.0,normal
0,0.3,0,0,0,0,0,0,0,0,1,1,0,0,0,0,99.26440619376035,0.0,normal
2,0.05,0,0,0,0,0,0,0,0,0,1,0,0,0,1,77.27925756972705,15.0,malicious
0,0.55,0,0,0,0,1,0,0,0,0,0,0,1,1,0,66.26936319503746,90.0,malicious
0,0.1,0,0,0,0,0,0,0,0,0,0,0,0,0,0,100.0,0.0,normal
1,0.1,0,0,0,0,0,0,0,0,0,0,0,0,0,0,99.70522634228742,0.0,normal
1,0.35,0,0,0,0,0,0,0,0,0,1,0,0,0,0,52.20043973559123,0.0,malicious
0,0.1,0,0,0,0,0,0,0,1,0,0,0,0,0,0,75.94664849326232,0.0,normal
1,0.1,0,0,0,0,0,0,0,0,0,0,0,0,0,0,89.00845607901324,0.0,normal
1,0.3,0,0,0,0,0,0,0,1,1,1,0,0,1,1,73.12137934199632,45.0,malicious
0,0.08,0,0,0,0,0,0,0,0,0,0,0,0,0,0,83.7474566383732,0.0,normal
0,0.08,0,0,0,0,0,0,0,0,0,0,0,0,1,1,85.53366780521517,45.0,normal
0,0.5,0,1,0,0,0,0,0,0,1,0,0,0,0,0,70.66327002051733,0.0,suspicious
1,0.05,0,0,0,0,0,0,0,0,0,0,0,0,0,0,82.41718146882563,0.0,normal
0,0.08,0,0,0,0,0,0,0,0,0,0,0,0,0,0,85.26457560907107,0.0,normal
0,0.08,0,0,0,0,0,0,0,0,0,0,0,0,0,0,84.37507617457429,0.0,normal
0,0.05,0,0,0,0,0,0,0,0,0,0,0,0,0,0,92.62494846938095,0.0,normal
1,0.08,0,0,0,0,0,0,0,0,0,0,0,1,0,0,70.05815563463933,60.0,suspicious
1,0.1,0,0,0,0,0,0,0,0,0,0,0,0,0,1,79.18532122400194,15.0,normal
0,0.08,0,0,0,0,0,0,0,0,0,0,0,1,0,0,58.80330423612841,60.0,suspicious
0,0.08,0,0,0,0,0,0,0,0,0,0,0,0,0,0,89.10678822425332,0.0,normal
0,0.05,0,0,0,0,0,0,0,1,0,0,0,0,0,0,82.96562561812858,0.0,normal
0,0.1,0,0,0,0,0,0,0,1,1,0,0,0,0,0,89.06462403093622,0.0,normal
1,0.08,0,0,0,0,0,0,0,0,0,0,0,0,0,0,100.0,0.0,normal
1,0.05,0,0,0,0,0,0,0,0,0,0,0,0,0,1,76.54539383626616,15.0,normal
0,0.05,0,0,0,0,0,0,0,0,0,0,0,0,0,0,80.04850850670611,0.0,normal
1,0.1,0,0,0,0,0,0,0,1,0,0,1,0,0,0,85.93081209184923,70.0,malicious
0,0.1,0,0,0,0,0,0,0,0,0,1,0,0,0,0,100.0,0.0,normal
0,0.55,0,0,0,0,1,0,0,0,1,0,0,0,0,0,58.38092517854027,0.0,suspicious
1,0.08,0,0,0,0,0,0,0,0,0,0,0,0,0,1,76.3028035942083,15.0,normal
1,0.1,0,0,0,0,0,0,0,0,0,0,0,0,0,0,69.20321466861742,0.0,normal
1,0.08,0,0,0,0,0,0,0,0,0,0,0,0,0,0,92.67769818629658,0.0,normal
1,0.1,0,0,0,0,0,0,0,0,0,0,0,0,0,1,92.77475285539633,15.0,normal
0,0.5,0,1,0,0,0,0,0,0,0,1,0,0,0,0,73.94779469284308,0.0,malicious
0,0.25,0,0,0,0,0,0,1,0,0,0,0,0,0,0,98.180227100449,0.0,normal
2,0.05,0,0,0,0,0,0,0,0,0,0,0,0,0,0,80.1062194170885,0.0,normal
0,0.05,0,0,0,0,0,0,0,0,0,0,0,0,0,0,69.69001841657447,0.0,normal
0,0.3,0,0,0,0,0,0,0,1,0,1,0,1,0,0,89.77087644097239,60.0,malicious
1,0.08,0,0,0,0,0,0,0,0,0,0,0,1,0,1,100.0,75.0,suspicious
0,0.08,0,0,0,0,0,0,0,0,0,0,0,0,0,0,74.7076974411049,0.0,normal
2,0.05,0,0,0,0,0,0,0,0,0,0,0,0,0,0,100.0,0.0,normal
0,0.08,0,0,0,0,0,0,0,1,0,0,0,1,0,0,86.75850493537081,60.0,normal
1,0.85,1,0,0,0,0,0,0,1,0,0,0,0,1,0,59.631274638716704,30.0,malicious
1,0.05,0,0,0,0,0,0,0,0,0,0,0,1,0,1,83.49641501027084,75.0,suspicious
0,0.05,0,0,0,0,0,0,0,0,0,0,0,0,0,0,82.95437200262523,0.0,normal
0,0.55,0,0,0,0,1,0,0,0,0,0,0,0,0,0,71.01942305401926,0.0,normal
0,0.5,0,1,0,0,0,0,0,0,1,1,0,0,0,0,73.27090469375776,0.0,malicious
2,0.5,0,1,0,0,0,0,0,1,0,1,0,0,0,0,70.16130484103944,0.0,malicious
0,0.45,0,0,0,0,0,1,0,0,0,1,0,0,0,1,82.33914683017409,15.0,malicious
1,0.08,0,0,0,0,0,0,0,0,0,0,0,0,0,0,66.16571419676967,0.0,normal
3,0.35,0,0,0,0,0,0,0,1,1,1,0,0,0,1,65.91538629830012,15.0,malicious
0,0.1,0,0,0,0,0,0,0,0,0,0,0,0,0,0,96.44945309396448,0.0,normal
0,0.3,0,0,0,0,0,0,0,0,0,1,0,0,0,0,94.10174015609022,0.0,normal
2,0.1,0,0,0,0,0,0,0,0,0,0,0,0,1,0,86.17166617947579,30.0,suspicious
3,0.35,0,0,0,0,0,0,0,0,1,1,0,0,1,0,88.90442360045964,30.0,malicious
1,0.1,0,0,0,0,0,0,0,0,0,0,0,0,0,0,98.5791246047629,0.0,normal
0,0.3,0,0,0,0,0,0,0,0,1,1,0,0,0,1,73.1782990949783,15.0,suspicious
1,0.1,0,0,0,0,0,0,0,0,1,0,0,0,0,0,80.93793883301326,0.0,suspicious
0,0.08,0,0,0,0,0,0,0,0,0,0,0,0,0,0,82.97349907230682,0.0,normal
0,0.05,0,0,0,0,0,0,0,0,1,0,0,0,0,0,77.743918082161,0.0,normal
1,0.08,0,0,0,0,0,0,0,0,0,0,0,0,0,1,94.4301118612895,15.0,normal
0,0.85,1,0,0,0,0,0,0,0,0,0,0,0,0,0,73.13621169832147,0.0,malicious
0,0.05,0,0,0,0,0,0,0,0,0,0,0,1,0,0,76.23301037213668,60.0,normal
0,0.05,0,0,0,0,0,0,0,0,1,0,0,0,0,0,72.68918703660118,0.0,normal
0,0.1,0,0,0,0,0,0,0,0,0,0,0,0,0,0,64.28594653821374,0.0,normal
0,0.3,0,0,0,0,0,0,0,0,0,0,0,1,0,0,95.92774365765453,60.0,suspicious
1,0.1,0,0,0,0,0,0,0,0,1,0,1,0,0,0,100.0,70.0,malicious
0,0.08,0,0,0,0,0,0,0,0,0,0,0,1,0,0,95.26361166809546,60.0,normal
0,0.85,1,0,0,0,0,0,0,0,1,0,0,0,0,0,77.45371002476665,0.0,malicious
0,0.05,0,0,0,0,0,0,0,0,0,0,0,0,0,0,62.02504924320582,0.0,normal
3,0.3,0,0,0,0,0,0,0,0,0,1,0,0,0,0,85.03129854270802,0.0,malicious
0,0.08,0,0,0,0,0,0,0,0,0,0,0,0,0,1,93.25023671395928,15.0,normal
1,0.35,0,0,0,0,0,0,0,1,0,0,0,0,0,1,85.53814849405302,15.0,normal
0,0.55,0,0,0,0,1,0,0,0,0,0,0,0,0,0,72.69924397040718,0.0,suspicious
0,0.08,0,0,0,0,0,0,0,0,0,0,0,0,0,0,81.1730056235718,0.0,normal
0,0.08,0,0,0,0,0,0,0,0,1,0,0,0,0,0,90.31927019199865,0.0,normal
0,0.05,0,0,0,0,0,0,0,0,0,0,0,0,0,0,84.99904167276759,0.0,normal
1,1.0,0,0,0,1,0,0,0,0,0,1,0,0,0,0,61.576919729669164,0.0,malicious
1,0.55,0,0,0,0,1,0,0,1,0,0,0,0,0,0,70.19673864699767,0.0,malicious
1,0.1,0,0,0,0,0,0,0,0,0,0,0,0,0,0,92.993440795904,0.0,normal
0,0.05,0,0,0,0,0,0,0,0,0,1,0,0,0,0,64.00783570223889,0.0,normal
0,0.1,0,0,0,0,0,0,0,0,0,0,0,0,0,0,83.12090131501371,0.0,normal
1,0.05,0,0,0,0,0,0,0,0,0,0,0,0,0,0,62.476394514499596,0.0,suspicious
2,0.1,0,0,0,0,0,0,0,0,1,0,0,0,0,0,95.56543856786773,0.0,suspicious
0,0.45,0,0,0,0,0,1,0,1,0,1,0,0,0,0,83.49061968521201,0.0,malicious
0,0.05,0,0,0,0,0,0,0,0,0,0,0,1,0,0,88.15198135363029,60.0,normal
0,0.3,0,0,0,0,0,0,0,0,0,0,0,0,0,0,75.43007764575769,0.0,normal
1,0.45,0,0,0,0,0,1,0,0,1,1,0,0,0,0,87.44797990905052,0.0,malicious
1,0.05,0,0,0,0,0,0,0,0,0,0,0,0,0,1,78.6672858387259,15.0,normal
0,0.08,0,0,0,0,0,0,0,0,0,0,0,0,0,0,76.92565027130428,0.0,suspicious
1,0.1,0,0,0,0,0,0,0,0,0,0,0,0,0,0,94.1971271754329,0.0,normal
0,0.08,0,0,0,0,0,0,0,0,0,0,0,0,0,1,83.80586525792232,15.0,normal
1,0.1,0,0,0,0,0,0,0,0,1,0,0,0,0,0,72.06844585737568,0.0,suspicious
1,0.55,0,0,0,0,1,0,0,1,0,1,0,0,0,0,66.7928282101096,0.0,malicious
0,0.08,0,0,0,0,0,0,0,0,0,0,0,1,0,0,94.03725001350546,60.0,normal
0,0.08,0,0,0,0,0,0,0,0,0,0,0,0,1,0,83.18938829550382,30.0,normal
0,0.1,0,0,0,0,0,0,0,0,1,0,0,0,0,0,69.96372581107731,0.0,suspicious
1,0.08,0,0,0,0,0,0,0,0,0,0,1,0,0,0,100.0,70.0,suspicious
2,0.1,0,0,0,0,0,0,0,0,1,0,1,0,0,0,75.65077935433087,70.0,malicious
0,0.05,0,0,0,0,0,0,0,0,0,0,0,0,0,0,97.00211109254472,0.0,normal
0,0.08,0,0,0,0,0,0,0,0,0,0,0,1,0,0,82.54299744449725,60.0,normal
2,0.05,0,0,0,0,0,0,0,0,0,0,0,0,1,0,88.75301452892094,30.0,normal
0,0.3,0,0,0,0,0,0,0,1,0,1,0,0,0,0,82.88248250645624,0.0,suspicious
0,0.05,0,0,0,0,0,0,0,0,0,0,0,1,0,0,100.0,60.0,normal
1,0.25,0,0,0,0,0,0,1,0,0,1,0,0,0,0,81.08894249151099,0.0,suspicious
0,0.05,0,0,0,0,0,0,0,0,0,0,0,0,0,1,65.55884943813841,15.0,normal
0,0.08,0,0,0,0,0,0,0,1,0,0,0,0,0,0,84.16837237749108,0.0,normal
1,0.35,0,0,0,0,0,0,0,0,0,1,0,0,0,0,71.75735408180951,0.0,normal
0,0.1,0,0,0,0,0,0,0,0,1,0,0,0,0,0,46.68114633918007,0.0,suspicious
0,0.08,0,0,0,0,0,0,0,1,0,0,0,0,0,0,92.6951102669638,0.0,normal
0,0.1,0,0,0,0,0,0,0,0,0,0,0,1,0,0,100.0,60.0,normal
1,0.3,0,0,0,0,0,0,0,0,1,0,0,0,0,0,76.28107839066618,0.0,normal
0,0.1,0,0,0,0,0,0,0,0,0,0,0,0,0,0,76.25637289226331,0.0,normal
2,0.45,0,0,0,0,0,1,0,0,0,0,0,0,0,1,86.8537696593158,15.0,malicious
0,0.5,0,1,0,0,0,0,0,1,0,0,0,1,0,0,67.50048342385111,60.0,malicious
0,0.3,0,0,0,0,0,0,0,1,0,1,0,0,0,0,78.24205737132588,0.0,suspicious
1,0.35,0,0,0,0,0,0,0,0,0,0,0,0,0,1,62.90204887493886,15.0,malicious
1,0.1,0,0,0,0,0,0,0,0,1,0,0,0,1,0,81.11092339438656,30.0,suspicious
2,0.08,0,0,0,0,0,0,0,0,0,0,0,0,0,0,77.61259681768097,0.0,suspicious
1,0.05,0,0,0,0,0,0,0,1,0,0,0,1,0,0,71.12415963602066,60.0,malicious
0,0.25,0,0,0,0,0,0,1,1,0,1,0,0,0,0,93.74576796395512,0.0,normal
2,0.1,0,0,0,0,0,0,0,0,1,0,0,0,0,0,74.9583411362295,0.0,malicious
1,0.08,0,0,0,0,0,0,0,0,0,0,0,0,0,0,77.00542555040258,0.0,normal
1,0.08,0,0,0,0,0,0,0,0,0,0,0,0,0,0,89.0592824678581,0.0,normal
0,0.9,0,0,1,0,0,0,0,0,0,0,0,0,0,1,46.618614442303276,15.0,malicious
1,0.08,0,0,0,0,0,0,0,0,0,0,0,0,0,0,77.66256313125336,0.0,normal
1,0.5,0,1,0,0,0,0,0,0,1,0,0,0,0,1,65.55475203983345,15.0,malicious
0,0.1,0,0,0,0,0,0,0,0,1,0,0,0,1,0,85.39028287369793,30.0,normal
0,0.55,0,0,0,0,1,0,0,1,0,0,0,0,0,0,77.62485298714961,0.0,suspicious
0,0.08,0,0,0,0,0,0,0,1,0,0,0,0,0,0,74.7946194461187,0.0,normal
0,0.25,0,0,0,0,0,0,1,0,0,0,0,0,0,0,79.9834800482069,0.0,normal
1,0.9,0,0,1,0,0,0,0,1,1,0,0,0,0,0,73.49168323237457,0.0,malicious
1,0.35,0,0,0,0,0,0,0,0,1,1,0,0,0,0,60.34661417435618,0.0,malicious
1,0.55,0,0,0,0,1,0,0,0,1,0,0,0,0,1,63.334030755371515,15.0,malicious
0,0.1,0,0,0,0,0,0,0,0,0,0,0,0,0,0,77.68077489040638,0.0,normal
5,0.35,0,0,0,0,0,0,0,1,0,0,0,0,1,0,82.37369174859265,30.0,malicious
2,0.08,0,0,0,0,0,0,0,0,0,0,0,0,1,0,84.97063908766296,30.0,malicious
1,0.35,0,0,0,0,0,0,0,0,0,1,0,0,0,1,79.73564219946391,15.0,suspicious
2,0.05,0,0,0,0,0,0,0,0,0,0,0,0,0,1,100.0,15.0,normal
0,0.1,0,0,0,0,0,0,0,1,1,0,0,0,0,0,79.27185926134683,0.0,normal
2,0.05,0,0,0,0,0,0,0,0,0,1,0,0,0,0,68.77871831612012,0.0,malicious
0,0.08,0,0,0,0,0,0,0,0,0,0,0,0,0,0,78.81198078471051,0.0,normal
0,0.1,0,0,0,0,0,0,0,0,1,0,0,0,0,1,64.09172525169421,15.0,suspicious
1,0.1,0,0,0,0,0,0,0,0,0,0,0,0,0,0,83.0492045228637,0.0,normal
0,0.05,0,0,0,0,0,0,0,0,0,0,0,0,0,0,75.95589229228307,0.0,normal
0,0.05,0,0,0,0,0,0,0,0,0,0,0,0,0,0,92.69699940356642,0.0,normal
1,0.05,0,0,0,0,0,0,0,0,0,0,0,0,0,0,60.207097245481904,0.0,normal
3,0.35,0,0,0,0,0,0,0,0,0,1,0,0,0,0,95.20314662570703,0.0,malicious
0,0.05,0,0,0,0,0,0,0,0,1,0,0,0,0,0,100.0,0.0,normal
0,0.55,0,0,0,0,1,0,0,1,0,1,0,0,0,0,87.24336787734723,0.0,malicious
0,0.08,0,0,0,0,0,0,0,0,0,0,0,0,0,0,79.6299929502582,0.0,normal
0,0.05,0,0,0,0,0,0,0,0,0,0,0,0,0,0,95.11152544328544,0.0,normal
0,0.05,0,0,0,0,0,0,0,0,1,0,0,0,0,0,95.93818414076516,0.0,normal
1,0.35,0,0,0,0,0,0,0,0,0,0,0,0,0,1,78.23692235419635,15.0,normal
0,0.08,0,0,0,0,0,0,0,1,0,0,0,0,0,0,84.76692425633166,0.0,normal
1,0.1,0,0,0,0,0,0,0,0,0,0,0,0,0,0,55.01743340705939,0.0,normal
1,0.05,0,0,0,0,0,0,0,0,0,0,0,0,0,0,83.45273829015208,0.0,normal
0,0.05,0,0,0,0,0,0,0,0,0,0,0,0,0,0,77.70046844898219,0.0,normal
2,0.05,0,0,0,0,0,0,0,0,0,0,0,0,0,0,90.5793034267534,0.0,normal
0,0.1,0,0,0,0,0,0,0,0,0,0,0,0,0,1,91.90744607042079,15.0,normal
0,0.1,0,0,0,0,0,0,0,1,1,0,0,0,1,0,74.19671455420584,30.0,malicious
1,0.3,0,0,0,0,0,0,0,0,0,0,0,0,0,0,89.60803596555579,0.0,normal
1,0.08,0,0,0,0,0,0,0,0,0,1,0,0,0,0,77.48371909566625,0.0,suspicious
2,0.35,0,0,0,0,0,0,0,0,0,1,0,0,0,0,72.52375092112423,0.0,malicious
3,0.08,0,0,0,0,0,0,0,0,1,0,0,1,0,0,92.64442973065692,60.0,malicious
1,0.05,0,0,0,0,0,0,0,0,0,0,0,0,0,1,93.99874245130249,15.0,normal
1,0.45,0,0,0,0,0,1,0,1,1,0,0,0,0,0,60.66491777790223,0.0,malicious
1,0.08,0,0,0,0,0,0,0,0,0,0,0,0,0,0,76.71954668679649,0.0,normal
0,0.55,0,0,0,0,1,0,0,1,1,1,0,0,0,0,60.87589729821267,0.0,malicious
0,0.08,0,0,0,0,0,0,0,0,0,0,0,0,0,0,100.0,0.0,normal
1,0.08,0,0,0,0,0,0,0,1,1,0,0,0,0,0,86.75054778464903,0.0,normal
1,0.3,0,0,0,0,0,0,0,0,1,1,0,0,0,0,74.58806386240282,0.0,malicious
0,0.08,0,0,0,0,0,0,0,0,0,0,0,1,0,0,82.99990308647433,60.0,normal
1,0.55,0,0,0,0,1,0,0,0,0,1,0,0,0,0,58.40414599998756,0.0,malicious
1,0.1,0,0,0,0,0,0,0,0,0,0,0,0,0,0,100.0,0.0,normal
0,0.05,0,0,0,0,0,0,0,0,0,0,0,0,0,0,61.2863270004098,0.0,normal
0,0.08,0,0,0,0,0,0,0,0,0,0,1,0,0,1,83.55899064351114,85.0,normal
3,0.35,0,0,0,0,0,0,0,0,0,1,0,1,0,0,67.90910368728213,60.0,malicious
1,0.08,0,0,0,0,0,0,0,0,0,0,0,0,0,0,100.0,0.0,normal
0,0.45,0,0,0,0,0,1,0,1,0,0,0,0,0,0,95.5668508844911,0.0,normal
3,0.35,0,0,0,0,0,0,0,0,0,0,0,0,0,0,52.539841108994864,0.0,malicious
1,0.05,0,0,0,0,0,0,0,0,0,0,0,0,0,0,94.64614260857513,0.0,normal
0,1.0,0,0,0,1,0,0,0,0,0,0,0,1,0,0,59.09885570303301,60.0,malicious
0,0.1,0,0,0,0,0,0,0,0,1,0,0,0,0,1,98.97054557749838,15.0,suspicious
4,0.35,0,0,0,0,0,0,0,0,1,0,0,0,0,0,62.06004045231415,0.0,malicious
0,0.1,0,0,0,0,0,0,0,0,0,0,0,0,0,0,68.3013676797668,0.0,normal
0,0.08,0,0,0,0,0,0,0,0,0,1,0,0,0,0,90.87381799372034,0.0,normal
2,0.08,0,0,0,0,0,0,0,0,0,1,0,0,1,0,93.96877143077697,30.0,malicious
0,0.05,0,0,0,0,0,0,0,0,0,0,0,1,0,0,89.93075023431169,60.0,normal
1,0.1,0,0,0,0,0,0,0,0,0,1,0,1,0,1,84.84480672900334,75.0,malicious
0,0.3,0,0,0,0,0,0,0,0,1,0,0,0,0,0,79.72602052879748,0.0,normal
0,0.05,0,0,0,0,0,0,0,0,0,0,1,0,0,0,82.50056330995739,70.0,normal
0,0.05,0,0,0,0,0,0,0,0,0,0,0,0,1,1,84.757027222388,45.0,normal
1,0.08,0,0,0,0,0,0,0,1,0,0,0,0,1,1,99.99639944230017,45.0,normal
0,0.05,0,0,0,0,0,0,0,0,0,0,0,0,0,0,84.32399335463371,0.0,normal
2,0.1,0,0,0,0,0,0,0,0,1,0,0,0,0,0,100.0,0.0,normal
1,0.08,0,0,0,0,0,0,0,0,0,0,0,0,0,1,74.83062325019677,15.0,normal
0,0.55,0,0,0,0,1,0,0,1,0,0,0,0,0,0,71.72595553410301,0.0,suspicious
0,0.25,0,0,0,0,0,0,1,0,1,0,0,0,0,0,95.33145967955294,0.0,normal
0,0.05,0,0,0,0,0,0,0,0,0,0,0,0,0,0,81.92233413414975,0.0,normal
0,0.08,0,0,0,0,0,0,0,0,0,0,0,0,0,1,100.0,15.0,normal
0,0.45,0,0,0,0,0,1,0,1,1,1,0,0,0,0,100.0,0.0,suspicious
1,0.08,0,0,0,0,0,0,0,0,0,0,0,0,0,0,80.99728974170026,0.0,normal
0,0.08,0,0,0,0,0,0,0,1,0,0,0,1,0,0,78.49789376436925,60.0,normal
2,0.08,0,0,0,0,0,0,0,0,1,0,0,0,0,0,92.62275423439661,0.0,suspicious
0,0.85,1,0,0,0,0,0,0,0,1,0,0,0,0,1,66.6949147897478,15.0,malicious
0,0.1,0,0,0,0,0,0,0,0,0,0,0,0,0,0,83.17855127259381,0.0,normal
1,0.08,0,0,0,0,0,0,0,0,0,0,0,0,0,1,85.340026103967,15.0,normal
0,0.05,0,0,0,0,0,0,0,0,0,0,0,0,0,0,84.53476214931374,0.0,normal
0,0.1,0,0,0,0,0,0,0,0,0,0,0,0,0,0,87.80850864374666,0.0,normal
1,0.35,0,0,0,0,0,0,0,0,1,0,0,0,0,0,61.075646087758216,0.0,suspicious
1,0.1,0,0,0,0,0,0,0,0,1,0,0,0,0,1,78.49291499040618,15.0,suspicious
1,0.08,0,0,0,0,0,0,0,0,0,0,0,0,0,0,82.90153951488183,0.0,normal
0,0.05,0,0,0,0,0,0,0,0,0,0,0,0,0,0,66.13209364126168,0.0,normal
0,0.1,0,0,0,0,0,0,0,1,1,0,0,0,1,0,76.08782959150335,30.0,malicious
2,0.3,0,0,0,0,0,0,0,0,0,1,0,0,0,1,83.99394338417058,15.0,malicious
0,0.08,0,0,0,0,0,0,0,0,0,0,0,0,0,0,91.90584288430007,0.0,normal
4,0.35,0,0,0,0,0,0,0,1,0,1,0,0,0,0,70.63629668066626,0.0,malicious
0,0.1,0,0,0,0,0,0,0,1,1,0,0,0,0,0,97.61241178767911,0.0,normal
2,0.1,0,0,0,0,0,0,0,0,0,0,0,0,0,0,99.82339889180163,0.0,suspicious
0,0.1,0,0,0,0,0,0,0,0,1,0,0,0,0,0,93.65954266706525,0.0,normal
1,0.08,0,0,0,0,0,0,0,0,0,0,0,0,0,0,93.20141484210038,0.0,normal
0,0.05,0,0,0,0,0,0,0,0,0,1,0,0,1,0,77.86889769640896,30.0,normal
0,0.1,0,0,0,0,0,0,0,1,0,1,0,0,0,0,76.74881199579039,0.0,suspicious
1,0.08,0,0,0,0,0,0,0,0,0,0,0,0,0,0,89.48651726286562,0.0,normal
0,0.3,0,0,0,0,0,0,0,0,0,0,0,0,0,1,88.9983047561471,15.0,normal
0,0.08,0,0,0,0,0,0,0,0,1,0,0,0,0,1,82.39469303934648,15.0,normal
0,0.1,0,0,0,0,0,0,0,0,0,0,0,0,0,0,83.42930299011867,0.0,normal
1,0.05,0,0,0,0,0,0,0,0,0,0,0,0,0,0,70.52947167928355,0.0,normal
0,0.25,0,0,0,0,0,0,1,1,0,0,0,0,0,0,100.0,0.0,normal
1,0.05,0,0,0,0,0,0,0,0,0,0,0,0,0,0,88.50868236158338,0.0,normal
2,0.05,0,0,0,0,0,0,0,0,0,0,1,0,0,1,65.22242884684462,85.0,malicious
1,0.9,0,0,1,0,0,0,0,0,0,1,0,0,0,0,79.44969634940277,0.0,malicious
0,0.08,0,0,0,0,0,0,0,0,0,0,1,0,1,1,85.64368022444994,100.0,normal
0,0.5,0,1,0,0,0,0,0,1,0,0,0,0,0,0,68.04002362513599,0.0,malicious
0,0.05,0,0,0,0,0,0,0,0,0,0,0,0,0,0,86.61914439371061,0.0,normal
0,0.9,0,0,1,0,0,0,0,0,0,1,0,0,0,1,42.38481950183306,15.0,malicious
1,0.08,0,0,0,0,0,0,0,0,0,0,0,0,0,0,77.33099620794856,0.0,normal
0,0.08,0,0,0,0,0,0,0,0,0,0,0,0,0,0,98.20348870401105,0.0,normal
0,0.1,0,0,0,0,0,0,0,0,0,0,0,0,0,1,66.88781353220759,15.0,normal
0,0.05,0,0,0,0,0,0,0,0,0,0,0,0,0,1,73.20244668450887,15.0,normal
0,0.5,0,1,0,0,0,0,0,0,1,1,0,0,0,0,74.59222226489148,0.0,malicious
2,0.9,0,0,1,0,0,0,0,1,0,1,0,0,0,0,55.64840799760445,0.0,malicious
0,0.1,0,0,0,0,0,0,0,0,0,1,0,0,0,0,97.86833235936692,0.0,normal
2,0.55,0,0,0,0,1,0,0,1,0,1,0,0,0,0,55.60036783802884,0.0,malicious
2,0.3,0,0,0,0,0,0,0,0,1,1,0,0,0,0,82.10169002837375,0.0,malicious
1,0.5,0,1,0,0,0,0,0,0,0,0,0,0,0,0,72.15039680784135,0.0,malicious
0,0.08,0,0,0,0,0,0,0,0,1,0,0,1,0,0,86.84288819547012,60.0,normal
5,0.35,0,0,0,0,0,0,0,1,0,0,0,0,0,1,52.72644568501247,15.0,malicious
2,0.35,0,0,0,0,0,0,0,0,0,0,0,0,0,0,80.30318767012562,0.0,suspicious
0,0.08,0,0,0,0,0,0,0,0,0,0,0,0,0,0,57.70545025132921,0.0,normal
1,0.55,0,0,0,0,1,0,0,1,0,0,0,1,1,0,73.77479844428447,90.0,malicious
0,0.05,0,0,0,0,0,0,0,0,0,0,1,0,0,0,70.7754916827479,70.0,suspicious
0,0.1,0,0,0,0,0,0,0,0,0,0,0,0,0,0,80.07351717577592,0.0,normal
2,0.08,0,0,0,0,0,0,0,0,0,0,0,0,0,0,94.72558427772995,0.0,normal
0,0.1,0,0,0,0,0,0,0,0,0,0,0,0,0,0,92.35051175469,0.0,normal
1,0.3,0,0,0,0,0,0,0,0,0,0,0,0,0,1,74.49881396019198,15.0,suspicious
1,0.05,0,0,0,0,0,0,0,0,0,0,0,0,0,0,75.57892384720802,0.0,normal
0,0.08,0,0,0,0,0,0,0,0,0,0,0,0,0,0,77.28759744988147,0.0,normal
1,0.1,0,0,0,0,0,0,0,0,0,0,0,0,1,0,100.0,30.0,normal
3,0.35,0,0,0,0,0,0,0,0,1,0,0,0,0,0,64.23156761596728,0.0,suspicious
0,0.3,0,0,0,0,0,0,0,0,0,0,0,0,0,0,98.77266182154368,0.0,normal
0,0.05,0,0,0,0,0,0,0,0,0,0,0,0,0,1,60.96680843861305,15.0,normal
0,0.08,0,0,0,0,0,0,0,0,0,0,0,0,0,0,67.28920523095442,0.0,normal
3,0.08,0,0,0,0,0,0,0,0,0,1,0,0,0,0,86.7296111941272,0.0,malicious
3,0.35,0,0,0,0,0,0,0,1,0,1,0,0,0,0,53.797462248951334,0.0,malicious
2,0.85,1,0,0,0,0,0,0,0,0,1,0,0,0,0,67.60009250389894,0.0,malicious
0,0.9,0,0,1,0,0,0,0,0,0,1,0,0,0,0,55.59016374207428,0.0,malicious
0,0.5,0,1,0,0,0,0,0,1,0,1,0,0,0,0,89.72521090996919,0.0,suspicious
0,0.3,0,0,0,0,0,0,0,1,0,1,0,1,0,0,85.11169298910714,60.0,suspicious
0,0.9,0,0,1,0,0,0,0,0,0,1,0,0,0,1,66.20749325763333,15.0,malicious
0,0.08,0,0,0,0,0,0,0,0,0,0,0,0,0,0,61.15725600795701,0.0,normal
1,0.05,0,0,0,0,0,0,0,0,0,0,0,0,0,0,100.0,0.0,normal
0,0.1,0,0,0,0,0,0,0,0,0,0,0,0,1,0,77.06042264579695,30.0,normal
0,0.55,0,0,0,0,1,0,0,0,0,1,0,0,0,0,64.70916811808513,0.0,malicious
0,0.25,0,0,0,0,0,0,1,1,0,1,0,1,0,0,77.80703175104138,60.0,malicious
0,0.25,0,0,0,0,0,0,1,1,0,0,0,0,0,1,75.70579982400348,15.0,malicious
2,0.35,0,0,0,0,0,0,0,1,1,1,0,0,0,0,70.94615700409254,0.0,malicious
0,0.05,0,0,0,0,0,0,0,0,0,1,0,1,0,0,95.21003554009128,60.0,normal
0,0.9,0,0,1,0,0,0,0,0,1,1,0,0,0,0,70.75764807171466,0.0,malicious
0,0.05,0,0,0,0,0,0,0,0,0,0,1,0,0,0,100.0,70.0,normal
1,0.1,0,0,0,0,0,0,0,0,1,0,0,0,0,0,65.29135468295298,0.0,malicious
1,0.35,0,0,0,0,0,0,0,1,0,0,0,0,0,0,68.90285562580351,0.0,normal
0,0.08,0,0,0,0,0,0,0,0,0,0,0,1,0,0,76.26597986805042,60.0,normal
2,0.08,0,0,0,0,0,0,0,0,0,0,0,0,0,0,87.04365303680012,0.0,suspicious
0,0.55,0,0,0,0,1,0,0,0,1,1,0,1,0,0,64.76121183289415,60.0,malicious
0,0.5,0,1,0,0,0,0,0,1,0,0,0,0,0,0,65.6056616590008,0.0,malicious
0,0.5,0,1,0,0,0,0,0,1,0,0,0,0,0,0,59.82057591797637,0.0,malicious
0,0.25,0,0,0,0,0,0,1,0,0,1,0,0,0,1,81.3650860717053,15.0,normal
0,0.05,0,0,0,0,0,0,0,0,0,0,0,0,0,0,82.80568875795555,0.0,normal
2,0.45,0,0,0,0,0,1,0,0,1,1,0,0,0,0,83.07583701046964,0.0,malicious
0,0.08,0,0,0,0,0,0,0,0,0,0,0,1,1,0,86.5360633878595,90.0,suspicious
1,0.1,0,0,0,0,0,0,0,0,0,0,0,0,0,0,59.248993243564115,0.0,normal
1,0.05,0,0,0,0,0,0,0,1,0,0,0,0,0,0,64.44313190998818,0.0,suspicious
1,0.1,0,0,0,0,0,0,0,0,0,0,0,0,0,1,91.09835634386936,15.0,normal
1,0.1,0,0,0,0,0,0,0,0,0,0,0,0,0,0,100.0,0.0,normal
1,0.08,0,0,0,0,0,0,0,0,0,0,0,0,0,0,80.29050819128432,0.0,normal
2,0.35,0,0,0,0,0,0,0,0,0,0,0,0,0,1,68.5747274301981,15.0,malicious
0,0.25,0,0,0,0,0,0,1,0,0,1,0,0,0,0,100.0,0.0,normal
5,0.35,0,0,0,0,0,0,0,0,1,1,0,0,0,1,69.89893576234857,15.0,malicious
0,0.08,0,0,0,0,0,0,0,0,0,1,0,0,0,0,86.35798206542756,0.0,normal
0,0.1,0,0,0,0,0,0,0,0,1,0,0,0,0,1,67.4720939732225,15.0,normal
1,0.08,0,0,0,0,0,0,0,0,0,0,0,0,0,0,90.45713465640357,0.0,normal
0,0.3,0,0,0,0,0,0,0,1,0,0,0,0,1,0,96.21391716281295,30.0,normal
1,0.1,0,0,0,0,0,0,0,0,1,0,0,0,0,1,87.89787654380011,15.0,suspicious
0,0.05,0,0,0,0,0,0,0,0,1,0,0,0,0,0,95.72882065737586,0.0,normal
0,0.08,0,0,0,0,0,0,0,0,0,0,0,0,0,0,58.121327328953086,0.0,normal
2,0.08,0,0,0,0,0,0,0,0,0,0,0,0,0,1,77.65663874511671,15.0,suspicious
0,0.1,0,0,0,0,0,0,0,0,1,0,0,0,0,1,96.89228810014251,15.0,normal
0,0.1,0,0,0,0,0,0,0,0,1,0,0,0,1,1,77.2468805315732,45.0,suspicious
0,0.05,0,0,0,0,0,0,0,0,0,0,0,1,0,0,76.2403782960055,60.0,suspicious
1,0.25,0,0,0,0,0,0,1,1,0,0,0,0,0,0,92.5986258197835,0.0,normal
0,0.08,0,0,0,0,0,0,0,0,0,0,0,0,0,1,86.577537856879,15.0,normal
0,0.05,0,0,0,0,0,0,0,0,0,0,0,0,0,0,92.09621643401783,0.0,normal
0,0.1,0,0,0,0,0,0,0,0,1,0,0,0,0,0,100.0,0.0,normal
0,0.9,0,0,1,0,0,0,0,0,1,0,0,0,0,0,74.94548585301264,0.0,malicious
0,0.5,0,1,0,0,0,0,0,0,0,0,0,0,0,0,66.505541333442,0.0,normal
2,0.1,0,0,0,0,0,0,0,0,1,0,0,0,0,0,97.13363763562788,0.0,normal
0,0.25,0,0,0,0,0,0,1,0,1,1,0,0,0,0,94.95628775473061,0.0,normal
1,0.05,0,0,0,0,0,0,0,0,0,0,0,0,0,1,100.0,15.0,normal
1,0.08,0,0,0,0,0,0,0,0,0,0,0,1,0,0,63.64258861023701,60.0,malicious
1,0.1,0,0,0,0,0,0,0,0,1,0,0,1,1,0,94.59165726010106,90.0,malicious
0,0.08,0,0,0,0,0,0,0,0,0,0,0,0,0,0,65.28523599098565,0.0,normal
1,0.1,0,0,0,0,0,0,0,0,0,0,0,0,0,1,87.93162690596729,15.0,normal
0,0.1,0,0,0,0,0,0,0,0,1,0,0,0,0,1,79.46151942653134,15.0,normal
0,0.08,0,0,0,0,0,0,0,0,0,0,0,0,0,0,96.2211820554093,0.0,normal
1,0.9,0,0,1,0,0,0,0,0,0,0,0,0,0,0,66.7642502860456,0.0,malicious
1,0.1,0,0,0,0,0,0,0,0,1,0,0,0,0,0,66.4234015949952,0.0,normal
0,0.08,0,0,0,0,0,0,0,1,0,0,0,0,0,0,85.93820567066318,0.0,normal
0,0.1,0,0,0,0,0,0,0,0,0,0,0,0,0,0,79.92548256444387,0.0,normal
2,0.3,0,0,0,0,0,0,0,1,0,0,0,0,0,0,86.03560801055352,0.0,suspicious
0,0.1,0,0,0,0,0,0,0,0,0,0,0,0,0,0,97.00462444694716,0.0,normal
1,0.1,0,0,0,0,0,0,0,1,1,0,0,0,0,0,95.63442106457472,0.0,normal
3,0.35,0,0,0,0,0,0,0,1,0,1,0,0,0,0,44.74106050996636,0.0,malicious
0,0.45,0,0,0,0,0,1,0,0,1,0,0,0,0,1,80.71153667120713,15.0,malicious
0,0.05,0,0,0,0,0,0,0,0,0,0,0,0,0,1,97.78335244205391,15.0,normal
0,0.85,1,0,0,0,0,0,0,0,1,0,0,0,0,0,60.22671463088731,0.0,malicious
0,0.1,0,0,0,0,0,0,0,0,0,0,0,0,0,0,74.92342266738846,0.0,normal
0,0.3,0,0,0,0,0,0,0,0,1,1,0,0,0,1,83.40049533028069,15.0,suspicious
0,0.08,0,0,0,0,0,0,0,0,0,0,0,0,0,0,75.15067408871934,0.0,normal
2,0.1,0,0,0,0,0,0,0,1,0,0,0,0,0,0,47.63658239604125,0.0,malicious
0,0.08,0,0,0,0,0,0,0,1,0,1,0,0,0,0,69.67138387772327,0.0,normal
1,0.1,0,0,0,0,0,0,0,0,0,0,0,0,0,0,67.86244610311806,0.0,normal
1,0.5,0,1,0,0,0,0,0,0,1,0,0,1,0,0,67.152876906302,60.0,malicious
1,0.05,0,0,0,0,0,0,0,0,0,0,0,0,0,0,89.30161779942709,0.0,normal
0,0.1,0,0,0,0,0,0,0,0,0,0,0,0,0,0,100.0,0.0,normal
0,0.1,0,0,0,0,0,0,0,0,0,0,0,0,0,0,92.35692343608079,0.0,normal
2,0.05,0,0,0,0,0,0,0,0,0,0,0,0,0,1,66.28963840885942,15.0,malicious
0,0.1,0,0,0,0,0,0,0,1,0,0,0,0,0,0,87.60117736783879,0.0,normal
0,0.05,0,0,0,0,0,0,0,0,0,0,0,0,0,1,86.06526117954229,15.0,normal
0,0.05,0,0,0,0,0,0,0,0,0,0,0,0,0,1,100.0,15.0,normal
0,0.05,0,0,0,0,0,0,0,0,0,0,0,0,0,0,100.0,0.0,normal
2,0.08,0,0,0,0,0,0,0,0,0,0,0,0,0,0,79.755608358729,0.0,suspicious
1,0.08,0,0,0,0,0,0,0,0,0,0,0,0,0,0,76.23674982477485,0.0,normal
0,0.1,0,0,0,0,0,0,0,1,0,0,0,0,0,0,81.69084696027552,0.0,normal
0,0.3,0,0,0,0,0,0,0,0,0,1,0,0,0,0,80.14507277352848,0.0,normal
0,0.08,0,0,0,0,0,0,0,1,0,0,0,0,0,0,68.60624129231958,0.0,normal
0,0.45,0,0,0,0,0,1,0,0,0,0,0,1,0,0,90.36717388144565,60.0,suspicious
0,0.55,0,0,0,0,1,0,0,0,0,1,0,0,0,0,66.29291860773635,0.0,suspicious
2,0.35,0,0,0,0,0,0,0,1,0,1,0,0,0,0,58.67815876283569,0.0,malicious
1,0.08,0,0,0,0,0,0,0,0,0,0,0,0,0,0,88.03006083854407,0.0,normal
0,0.1,0,0,0,0,0,0,0,0,0,0,0,0,0,0,56.49417286781868,0.0,normal
0,0.08,0,0,0,0,0,0,0,0,0,0,0,0,0,0,78.51251259126404,0.0,normal
0,0.3,0,0,0,0,0,0,0,0,0,1,0,1,1,0,71.93695468951503,90.0,malicious
0,0.9,0,0,1,0,0,0,0,0,0,1,0,0,0,0,68.83440180259373,0.0,malicious
0,0.05,0,0,0,0,0,0,0,1,0,0,0,0,0,0,81.58364112927771,0.0,normal
1,0.08,0,0,0,0,0,0,0,0,1,0,0,0,0,0,89.4848777477791,0.0,normal
0,0.3,0,0,0,0,0,0,0,1,1,0,0,0,0,0,63.25898795459413,0.0,malicious
2,0.35,0,0,0,0,0,0,0,0,0,0,0,0,0,0,85.6329332796718,0.0,malicious
0,0.05,0,0,0,0,0,0,0,0,0,0,0,0,0,0,88.55539833446602,0.0,suspicious
0,0.1,0,0,0,0,0,0,0,0,0,0,0,0,0,0,88.37118902441104,0.0,normal
0,0.1,0,0,0,0,0,0,0,0,0,0,0,0,0,0,80.88131330230165,0.0,normal
4,0.35,0,0,0,0,0,0,0,1,0,0,0,0,0,0,73.07089575159891,0.0,malicious
2,0.55,0,0,0,0,1,0,0,0,0,0,0,1,0,0,69.70727025871568,60.0,malicious
0,0.1,0,0,0,0,0,0,0,0,1,0,1,0,0,0,100.0,70.0,normal
0,0.05,0,0,0,0,0,0,0,0,0,0,0,0,0,0,81.51756785943081,0.0,normal
0,0.08,0,0,0,0,0,0,0,0,0,0,0,0,0,0,86.90221547841138,0.0,normal
1,0.05,0,0,0,0,0,0,0,0,0,0,0,0,0,0,84.00527198123565,0.0,normal
0,0.3,0,0,0,0,0,0,0,0,1,0,0,0,0,0,87.48719833946085,0.0,normal
3,0.35,0,0,0,0,0,0,0,0,0,0,0,0,0,1,62.261112320452725,15.0,malicious
1,0.3,0,0,0,0,0,0,0,0,1,0,0,0,0,0,87.23455528158374,0.0,normal
0,0.08,0,0,0,0,0,0,0,0,0,0,0,0,0,0,100.0,0.0,normal
1,0.05,0,0,0,0,0,0,0,1,0,0,0,0,0,0,73.82135381565801,0.0,normal
1,0.05,0,0,0,0,0,0,0,0,0,0,0,0,0,0,100.0,0.0,normal
1,0.45,0,0,0,0,0,1,0,0,0,0,0,0,0,0,83.28549169265223,0.0,suspicious
0,0.1,0,0,0,0,0,0,0,0,1,0,0,0,1,0,76.44497597920272,30.0,normal
1,0.05,0,0,0,0,0,0,0,0,0,0,0,0,0,1,100.0,15.0,normal
0,0.05,0,0,0,0,0,0,0,0,0,0,0,0,0,0,95.84806669414115,0.0,normal
0,0.08,0,0,0,0,0,0,0,0,0,0,0,0,0,0,65.75739974876659,0.0,normal
0,0.05,0,0,0,0,0,0,0,0,0,0,0,0,0,0,96.23559260991607,0.0,normal
0,0.08,0,0,0,0,0,0,0,0,0,0,0,0,0,0,83.03516824082477,0.0,normal
0,0.05,0,0,0,0,0,0,0,0,0,0,0,0,0,0,71.96605365022789,0.0,normal
2,0.08,0,0,0,0,0,0,0,0,0,0,0,0,0,0,94.32665721766398,0.0,normal
0,0.08,0,0,0,0,0,0,0,0,0,0,0,1,0,0,84.61726723215702,60.0,normal
0,0.1,0,0,0,0,0,0,0,1,1,0,0,0,1,0,64.73668793350237,30.0,suspicious
1,0.35,0,0,0,0,0,0,0,1,0,1,0,0,0,0,74.35180298715935,0.0,malicious
0,0.05,0,0,0,0,0,0,0,0,0,0,0,0,0,1,85.85850718027079,15.0,normal
0,0.1,0,0,0,0,0,0,0,0,0,0,0,0,0,0,77.51840533222206,0.0,normal
0,0.25,0,0,0,0,0,0,1,0,1,0,0,0,0,0,83.10842049401674,0.0,normal
0,0.85,1,0,0,0,0,0,0,1,0,0,0,0,0,0,79.09501004287795,0.0,malicious
0,0.08,0,0,0,0,0,0,0,0,0,0,0,0,0,0,97.5126415936325,0.0,normal
0,0.05,0,0,0,0,0,0,0,0,0,0,0,0,0,0,76.80744126218839,0.0,normal
0,0.08,0,0,0,0,0,0,0,0,0,0,0,0,0,0,74.52381166329138,0.0,normal
2,0.08,0,0,0,0,0,0,0,0,1,0,0,0,0,0,68.77834939236193,0.0,malicious
3,0.05,0,0,0,0,0,0,0,1,0,0,0,1,0,0,89.12706031239141,60.0,malicious
1,0.05,0,0,0,0,0,0,0,0,0,0,0,0,0,0,78.33798603688942,0.0,normal
0,0.1,0,0,0,0,0,0,0,0,0,0,0,0,0,0,97.1993139733253,0.0,normal
0,0.08,0,0,0,0,0,0,0,0,0,0,0,0,0,0,77.61920789237776,0.0,normal
1,0.1,0,0,0,0,0,0,0,0,0,0,0,0,0,0,80.07373474392654,0.0,normal
1,0.1,0,0,0,0,0,0,0,0,0,0,0,0,0,1,84.45580300811244,15.0,normal
1,0.1,0,0,0,0,0,0,0,0,1,0,0,0,0,1,75.50217303269972,15.0,normal
1,0.1,0,0,0,0,0,0,0,0,1,0,0,0,0,0,100.0,0.0,normal
0,0.08,0,0,0,0,0,0,0,0,0,0,0,0,0,0,83.29463755780594,0.0,normal
3,0.08,0,0,0,0,0,0,0,0,0,0,0,1,0,0,100.0,60.0,malicious
1,0.1,0,0,0,0,0,0,0,0,0,0,0,0,0,0,73.87666672698234,0.0,normal
0,0.08,0,0,0,0,0,0,0,0,0,1,0,1,0,0,71.60853153612754,60.0,normal
1,0.9,0,0,1,0,0,0,0,0,0,1,0,0,0,0,55.104642851671656,0.0,malicious
0,0.1,0,0,0,0,0,0,0,0,0,0,0,1,0,0,100.0,60.0,normal
1,0.05,0,0,0,0,0,0,0,0,0,0,0,0,0,0,75.59673534763152,0.0,normal
2,0.08,0,0,0,0,0,0,0,0,0,0,0,0,0,0,77.799295366818,0.0,suspicious
0,0.35,0,0,0,0,0,0,0,0,0,0,0,1,0,0,66.14574729419189,60.0,suspicious
2,0.3,0,0,0,0,0,0,0,0,0,0,0,1,0,0,63.185251332825004,60.0,malicious
1,0.1,0,0,0,0,0,0,0,0,0,0,0,0,0,0,80.24864034267007,0.0,normal
0,0.55,0,0,0,0,1,0,0,0,1,0,0,1,0,0,72.12457266239296,60.0,malicious
0,0.3,0,0,0,0,0,0,0,0,0,1,1,0,0,0,81.31496337179003,70.0,suspicious
0,0.1,0,0,0,0,0,0,0,0,1,0,0,0,0,0,89.93334489020957,0.0,normal
0,0.25,0,0,0,0,0,0,1,1,1,0,0,0,0,0,76.40502598667116,0.0,suspicious
1,0.05,0,0,0,0,0,0,0,0,0,0,0,0,0,0,87.22339184831849,0.0,normal
6,0.35,0,0,0,0,0,0,0,0,0,0,0,0,0,0,63.334298448583624,0.0,malicious
0,0.1,0,0,0,0,0,0,0,0,0,0,0,0,0,0,81.30431287125357,0.0,normal
0,0.05,0,0,0,0,0,0,0,1,0,0,0,0,0,1,85.73255516948346,15.0,normal
0,0.05,0,0,0,0,0,0,0,0,0,0,0,0,0,1,100.0,15.0,normal
1,0.08,0,0,0,0,0,0,0,0,0,0,0,0,0,0,83.52312695633937,0.0,normal
0,0.05,0,0,0,0,0,0,0,0,0,0,0,0,0,0,81.01997790224137,0.0,suspicious
3,0.08,0,0,0,0,0,0,0,0,1,0,0,0,0,0,68.81944514553815,0.0,malicious
2,0.05,0,0,0,0,0,0,0,0,0,0,0,0,0,0,81.43044378030987,0.0,suspicious
1,0.05,0,0,0,0,0,0,0,0,0,0,0,0,0,0,78.65601516768726,0.0,normal
0,0.1,0,0,0,0,0,0,0,0,1,0,0,1,1,0,71.91873132450615,90.0,malicious
0,0.05,0,0,0,0,0,0,0,0,0,0,0,0,0,0,97.66529873604584,0.0,normal
1,0.05,0,0,0,0,0,0,0,0,1,0,0,0,0,0,87.7393782351944,0.0,normal
2,0.08,0,0,0,0,0,0,0,0,0,1,0,0,0,1,85.85958785694706,15.0,malicious
0,0.5,0,1,0,0,0,0,0,0,0,1,0,0,1,0,61.0117691267546,30.0,malicious
2,0.05,0,0,0,0,0,0,0,0,0,0,0,0,0,0,76.96859138705375,0.0,normal
0,0.3,0,0,0,0,0,0,0,1,1,1,1,0,0,0,86.59985890595486,70.0,malicious
0,0.05,0,0,0,0,0,0,0,0,0,0,0,0,0,0,55.275562923580864,0.0,normal
0,0.05,0,0,0,0,0,0,0,0,1,0,0,0,0,0,77.05681413606784,0.0,normal
0,0.1,0,0,0,0,0,0,0,0,0,0,0,0,0,0,90.91567257573519,0.0,normal
1,0.25,0,0,0,0,0,0,1,0,0,1,0,0,0,0,100.0,0.0,normal
0,0.45,0,0,0,0,0,1,0,0,1,0,0,0,0,0,100.0,0.0,normal
0,0.3,0,0,0,0,0,0,0,0,1,0,0,0,0,0,90.26643974140927,0.0,normal
0,0.1,0,0,0,0,0,0,0,0,0,0,0,1,0,0,85.0262527367654,60.0,normal
0,0.08,0,0,0,0,0,0,0,0,0,0,0,0,0,0,70.22692298269442,0.0,normal
0,0.1,0,0,0,0,0,0,0,1,0,0,0,0,0,0,87.58786979965278,0.0,normal
1,0.9,0,0,1,0,0,0,0,0,1,0,0,0,0,1,69.89941802475568,15.0,malicious
0,0.25,0,0,0,0,0,0,1,1,0,0,0,0,0,0,77.27556999089661,0.0,normal
0,0.08,0,0,0,0,0,0,0,0,0,0,0,0,0,1,91.19201490958531,15.0,normal
0,0.1,0,0,0,0,0,0,0,0,0,0,0,0,0,0,85.91810203157185,0.0,normal
0,0.3,0,0,0,0,0,0,0,0,0,1,0,0,0,0,74.04598319774476,0.0,normal
0,0.05,0,0,0,0,0,0,0,0,0,0,0,1,0,0,88.62989688415615,60.0,normal
1,0.05,0,0,0,0,0,0,0,0,0,0,0,0,0,1,97.15453210282861,15.0,normal
1,0.3,0,0,0,0,0,0,0,0,1,1,0,0,0,0,77.26651640183476,0.0,malicious
1,1.0,0,0,0,1,0,0,0,0,1,0,0,0,0,0,75.48427461787504,0.0,malicious
0,0.9,0,0,1,0,0,0,0,0,0,0,0,0,0,1,73.50885813989711,15.0,malicious
1,0.05,0,0,0,0,0,0,0,1,0,0,0,0,1,0,84.38427911006667,30.0,normal
0,0.08,0,0,0,0,0,0,0,0,0,0,0,0,0,0,82.22865370370931,0.0,normal
0,0.1,0,0,0,0,0,0,0,0,0,0,0,0,0,0,94.01825768735627,0.0,normal
0,0.08,0,0,0,0,0,0,0,0,0,0,0,1,0,0,58.38303666070176,60.0,normal
0,0.1,0,0,0,0,0,0,0,0,0,0,0,0,0,0,80.95204506240529,0.0,normal
1,0.05,0,0,0,0,0,0,0,0,0,0,0,0,0,0,65.00278158401522,0.0,normal
0,0.08,0,0,0,0,0,0,0,0,1,0,0,0,0,1,100.0,15.0,normal
1,0.08,0,0,0,0,0,0,0,0,1,0,0,0,0,0,87.14235952058127,0.0,normal
1,0.85,1,0,0,0,0,0,0,0,1,1,0,0,0,0,71.8879839588801,0.0,malicious
4,0.35,0,0,0,0,0,0,0,1,0,0,0,0,0,1,66.34954213750012,15.0,malicious
2,0.05,0,0,0,0,0,0,0,0,0,0,0,0,0,0,80.7308328460224,0.0,normal
4,0.35,0,0,0,0,0,0,0,1,0,0,0,0,0,0,72.87326598305494,0.0,malicious
1,0.1,0,0,0,0,0,0,0,0,0,0,0,0,0,0,85.93602308477377,0.0,normal
1,0.08,0,0,0,0,0,0,0,0,0,0,0,0,0,0,84.1282348560364,0.0,normal
0,0.85,1,0,0,0,0,0,0,0,0,0,0,0,0,0,68.2919387884155,0.0,malicious
0,0.25,0,0,0,0,0,0,1,0,1,0,0,0,0,1,100.0,15.0,normal
0,0.55,0,0,0,0,1,0,0,1,0,1,0,0,0,0,73.32856937187893,0.0,malicious
1,0.1,0,0,0,0,0,0,0,0,0,0,0,0,0,0,77.06072521866881,0.0,normal
1,0.05,0,0,0,0,0,0,0,0,0,0,0,1,0,0,79.22149328526196,60.0,suspicious
1,0.85,1,0,0,0,0,0,0,0,1,0,0,0,1,0,73.13610694264355,30.0,malicious
0,0.3,0,0,0,0,0,0,0,0,0,1,0,0,0,0,73.08418724223236,0.0,normal
0,0.08,0,0,0,0,0,0,0,0,0,1,0,0,0,0,90.95436047557386,0.0,normal
0,0.05,0,0,0,0,0,0,0,0,0,0,0,0,0,1,100.0,15.0,normal
0,0.08,0,0,0,0,0,0,0,0,1,0,0,0,0,0,92.46052152856548,0.0,normal
0,0.3,0,0,0,0,0,0,0,0,1,0,0,0,0,0,88.45757521748529,0.0,normal
0,0.05,0,0,0,0,0,0,0,0,0,0,0,0,0,0,91.05986128315293,0.0,normal
1,0.45,0,0,0,0,0,1,0,1,0,1,0,0,0,0,70.34887997641336,0.0,malicious
0,0.25,0,0,0,0,0,0,1,0,0,0,0,0,0,0,92.31512672866941,0.0,normal
1,0.05,0,0,0,0,0,0,0,0,0,0,0,0,0,0,88.01693845704662,0.0,normal
1,0.1,0,0,0,0,0,0,0,0,0,0,0,0,0,0,61.3597377693589,0.0,normal
0,0.05,0,0,0,0,0,0,0,0,0,0,0,0,0,0,80.07207121002384,0.0,normal
0,0.55,0,0,0,0,1,0,0,0,1,0,0,0,1,1,81.63134480528421,45.0,malicious
2,0.1,0,0,0,0,0,0,0,1,0,0,0,1,0,0,60.8901070930742,60.0,malicious
1,0.1,0,0,0,0,0,0,0,0,0,0,0,0,0,0,73.76283935214498,0.0,normal
0,0.25,0,0,0,0,0,0,1,0,1,0,0,0,0,0,94.79096597146619,0.0,normal
0,0.05,0,0,0,0,0,0,0,0,0,0,0,0,0,1,65.44341370243953,15.0,normal
1,0.1,0,0,0,0,0,0,0,0,1,0,0,0,0,0,76.81685988025231,0.0,suspicious
1,0.08,0,0,0,0,0,0,0,1,0,0,0,0,0,0,77.66632853539238,0.0,normal
1,0.08,0,0,0,0,0,0,0,0,1,0,0,0,0,0,100.0,0.0,normal
0,0.3,0,0,0,0,0,0,0,1,0,0,0,0,0,0,61.11431026539444,0.0,normal
1,0.08,0,0,0,0,0,0,0,0,0,0,0,1,0,0,80.27034112329214,60.0,normal
0,0.3,0,0,0,0,0,0,0,1,1,0,0,0,0,1,87.83038137963632,15.0,normal
0,0.25,0,0,0,0,0,0,1,1,0,0,0,0,0,1,100.0,15.0,normal
0,0.1,0,0,0,0,0,0,0,0,0,0,0,0,0,0,74.13081850951417,0.0,normal
0,0.05,0,0,0,0,0,0,0,0,0,0,0,0,0,0,87.73385557689552,0.0,normal
2,0.05,0,0,0,0,0,0,0,1,0,0,1,0,0,0,82.48532507164357,70.0,malicious
6,0.35,0,0,0,0,0,0,0,0,0,0,0,0,0,0,70.08553828154348,0.0,malicious
0,0.1,0,0,0,0,0,0,0,0,0,0,0,0,0,1,98.7677937695764,15.0,normal
0,0.55,0,0,0,0,1,0,0,0,1,0,0,0,0,0,60.28453825430748,0.0,malicious
0,0.1,0,0,0,0,0,0,0,0,0,0,0,0,0,0,63.4946540924244,0.0,normal
0,0.08,0,0,0,0,0,0,0,0,0,0,0,0,0,0,99.84663841388972,0.0,normal
0,0.08,0,0,0,0,0,0,0,0,1,0,0,0,0,0,74.5262905442549,0.0,normal
0,0.08,0,0,0,0,0,0,0,1,0,0,0,0,0,0,84.20271299993348,0.0,normal
0,0.1,0,0,0,0,0,0,0,0,0,1,0,0,0,0,94.83636539992617,0.0,normal
0,0.1,0,0,0,0,0,0,0,0,1,0,0,0,0,1,100.0,15.0,normal
0,0.05,0,0,0,0,0,0,0,1,0,0,0,1,0,0,87.54339412113139,60.0,normal
2,0.5,0,1,0,0,0,0,0,0,1,0,0,0,0,0,84.3190954971125,0.0,malicious
1,0.85,1,0,0,0,0,0,0,1,0,1,0,0,0,0,64.81284880064246,0.0,malicious
0,0.05,0,0,0,0,0,0,0,0,0,0,0,0,0,0,69.8065272472399,0.0,normal
2,0.08,0,0,0,0,0,0,0,0,0,1,0,0,0,0,91.01269497802627,0.0,suspicious
1,0.08,0,0,0,0,0,0,0,0,0,0,0,0,0,0,76.06947260460731,0.0,normal
0,0.08,0,0,0,0,0,0,0,0,0,0,0,0,0,0,71.51238278942638,0.0,normal
0,0.1,0,0,0,0,0,0,0,0,0,0,0,0,0,0,80.08719416388506,0.0,normal
0,0.08,0,0,0,0,0,0,0,0,0,0,0,0,0,1,71.11013102938588,15.0,normal
0,0.08,0,0,0,0,0,0,0,0,0,0,0,0,0,0,64.67010802586292,0.0,normal
0,0.05,0,0,0,0,0,0,0,0,0,1,0,0,0,0,100.0,0.0,normal
3,0.08,0,0,0,0,0,0,0,0,0,0,0,0,0,0,60.81274362562202,0.0,malicious
2,0.1,0,0,0,0,0,0,0,0,1,0,0,0,0,0,99.15257553508967,0.0,suspicious
1,0.55,0,0,0,0,1,0,0,1,1,0,0,0,0,0,49.160461709261305,0.0,malicious
0,0.05,0,0,0,0,0,0,0,1,0,0,0,0,0,1,78.90216983702862,15.0,normal
0,0.1,0,0,0,0,0,0,0,1,0,0,1,0,0,0,74.82663829690854,70.0,suspicious
1,0.1,0,0,0,0,0,0,0,0,0,1,0,0,0,1,77.55034145190119,15.0,suspicious
1,0.25,0,0,0,0,0,0,1,1,0,1,0,0,0,0,79.4477467147675,0.0,suspicious
0,0.1,0,0,0,0,0,0,0,0,0,0,0,0,0,0,100.0,0.0,normal
0,0.5,0,1,0,0,0,0,0,0,1,1,0,0,0,1,63.801040796803896,15.0,suspicious
0,0.05,0,0,0,0,0,0,0,0,0,0,0,0,0,0,68.99839238762578,0.0,normal
0,0.05,0,0,0,0,0,0,0,0,0,1,0,0,1,1,83.36038016283918,45.0,suspicious
0,0.1,0,0,0,0,0,0,0,0,0,0,0,0,0,0,100.0,0.0,suspicious
1,0.1,0,0,0,0,0,0,0,0,0,0,0,0,0,0,76.562704552475,0.0,normal
0,0.1,0,0,0,0,0,0,0,0,0,0,0,0,0,0,94.33377309342482,0.0,normal
0,0.05,0,0,0,0,0,0,0,0,0,0,0,0,0,0,86.66998955197084,0.0,normal
0,0.05,0,0,0,0,0,0,0,0,0,0,0,0,1,0,81.6736650778831,30.0,normal
0,0.05,0,0,0,0,0,0,0,0,0,0,1,0,0,0,63.85166414704001,70.0,normal
0,0.08,0,0,0,0,0,0,0,0,0,0,0,0,0,0,76.30928993729522,0.0,normal
2,0.1,0,0,0,0,0,0,0,0,0,0,0,1,0,0,85.29921903971635,60.0,malicious
0,0.25,0,0,0,0,0,0,1,0,0,0,0,0,0,1,69.94068237462731,15.0,normal
0,0.1,0,0,0,0,0,0,0,0,1,0,0,0,0,0,65.24470097972426,0.0,normal
0,0.05,0,0,0,0,0,0,0,0,0,0,0,0,0,1,97.49492680341758,15.0,normal
0,0.1,0,0,0,0,0,0,0,0,0,0,0,0,0,0,86.37431995201862,0.0,normal
2,0.55,0,0,0,0,1,0,0,0,0,0,0,0,0,0,63.24483976631975,0.0,malicious
0,0.05,0,0,0,0,0,0,0,0,1,0,0,0,0,0,76.59521913160019,0.0,normal
0,0.5,0,1,0,0,0,0,0,0,0,0,0,0,0,0,77.7290091197269,0.0,suspicious
1,0.05,0,0,0,0,0,0,0,0,0,0,0,0,0,0,58.92844653910089,0.0,normal
2,0.08,0,0,0,0,0,0,0,0,0,0,0,1,0,1,81.2946576481057,75.0,malicious
2,0.08,0,0,0,0,0,0,0,0,0,0,0,1,0,0,69.75900875441081,60.0,malicious
1,0.25,0,0,0,0,0,0,1,0,1,0,0,0,0,0,95.71671213036883,0.0,suspicious
0,0.9,0,0,1,0,0,0,0,1,1,0,0,0,0,0,68.68717273194723,0.0,malicious
0,0.05,0,0,0,0,0,0,0,0,0,0,0,1,0,0,96.13534004910848,60.0,normal
0,0.55,0,0,0,0,1,0,0,0,1,0,0,0,0,0,68.67980114004895,0.0,suspicious
0,0.25,0,0,0,0,0,0,1,1,0,0,0,0,0,0,76.29874804446054,0.0,normal
0,0.85,1,0,0,0,0,0,0,0,0,1,0,0,0,0,71.7887567598353,0.0,malicious
0,0.45,0,0,0,0,0,1,0,0,1,0,0,0,0,0,95.74234583845026,0.0,normal
1,0.05,0,0,0,0,0,0,0,0,0,0,0,0,1,0,85.1209910828623,30.0,normal
0,1.0,0,0,0,1,0,0,0,0,1,0,0,0,0,0,55.83259803888735,0.0,malicious
0,0.25,0,0,0,0,0,0,1,1,0,1,0,0,0,0,70.78359368051099,0.0,malicious
0,0.08,0,0,0,0,0,0,0,0,0,0,0,0,0,1,91.24988815488173,15.0,normal
0,0.55,0,0,0,0,1,0,0,0,0,0,0,0,0,0,63.23593012287169,0.0,normal
2,0.1,0,0,0,0,0,0,0,0,0,0,0,0,0,0,100.0,0.0,normal
1,0.05,0,0,0,0,0,0,0,0,0,0,0,0,0,0,87.53932648765692,0.0,normal
1,0.05,0,0,0,0,0,0,0,0,0,0,0,0,0,0,91.41551420272276,0.0,normal
0,0.05,0,0,0,0,0,0,0,1,0,0,0,0,1,0,89.97927582094093,30.0,normal
0,0.05,0,0,0,0,0,0,0,0,0,0,0,0,0,0,66.96421902646823,0.0,normal
0,0.05,0,0,0,0,0,0,0,0,0,0,0,0,0,0,73.54537744996941,0.0,suspicious
1,0.08,0,0,0,0,0,0,0,0,0,0,0,0,0,0,72.54660613719801,0.0,normal
1,0.08,0,0,0,0,0,0,0,0,0,0,0,0,0,0,82.55190753635539,0.0,normal
1,0.5,0,1,0,0,0,0,0,1,0,0,0,0,0,0,72.59139856607499,0.0,malicious
0,0.08,0,0,0,0,0,0,0,0,0,0,0,0,1,0,88.05904295277657,30.0,normal
1,0.08,0,0,0,0,0,0,0,1,0,0,0,1,0,0,90.5876136943644,60.0,malicious
1,0.08,0,0,0,0,0,0,0,0,0,1,0,0,0,0,67.45537699306468,0.0,malicious
1,0.1,0,0,0,0,0,0,0,1,1,0,0,0,0,1,78.54498728097748,15.0,malicious
1,0.3,0,0,0,0,0,0,0,1,1,0,0,0,0,0,77.75945820256311,0.0,suspicious
1,0.25,0,0,0,0,0,0,1,0,0,1,0,0,0,1,86.4366194338699,15.0,malicious
1,0.1,0,0,0,0,0,0,0,0,1,0,0,0,0,0,90.77376728315562,0.0,normal
2,0.05,0,0,0,0,0,0,0,0,0,0,0,1,0,0,99.0764602193282,60.0,malicious
0,0.1,0,0,0,0,0,0,0,0,0,0,0,0,0,0,88.72239900722396,0.0,normal
0,0.85,1,0,0,0,0,0,0,1,0,1,1,0,0,0,84.46330138285913,70.0,malicious
1,0.05,0,0,0,0,0,0,0,0,0,0,0,0,0,1,89.37046036572127,15.0,normal
0,0.05,0,0,0,0,0,0,0,0,0,0,0,0,0,0,94.92837985328427,0.0,normal
0,0.08,0,0,0,0,0,0,0,0,0,0,0,0,1,0,71.33979227590132,30.0,normal
0,0.05,0,0,0,0,0,0,0,0,1,1,0,0,0,0,68.75509829369497,0.0,suspicious
0,0.3,0,0,0,0,0,0,0,0,0,1,0,0,0,0,83.36220353284635,0.0,normal
1,0.1,0,0,0,0,0,0,0,0,0,0,0,1,0,0,98.8819494211032,60.0,normal
1,0.35,0,0,0,0,0,0,0,1,0,0,0,0,0,0,73.51233862593031,0.0,normal
0,0.1,0,0,0,0,0,0,0,0,1,0,0,0,0,0,89.79683629569013,0.0,normal
0,0.1,0,0,0,0,0,0,0,0,1,0,0,0,0,0,99.94408003961308,0.0,normal
2,0.35,0,0,0,0,0,0,0,0,0,0,0,0,0,0,67.83855946593994,0.0,malicious
0,0.08,0,0,0,0,0,0,0,0,0,0,0,0,0,0,84.1538086868541,0.0,normal
2,0.08,0,0,0,0,0,0,0,0,0,0,0,0,0,0,75.15619968331025,0.0,normal
0,0.25,0,0,0,0,0,0,1,0,0,0,0,0,0,0,73.15890850971039,0.0,normal
0,0.05,0,0,0,0,0,0,0,1,0,0,0,0,0,0,89.8597740660834,0.0,normal
1,0.85,1,0,0,0,0,0,0,1,0,0,0,1,0,0,62.83002966509083,60.0,malicious
2,0.35,0,0,0,0,0,0,0,0,1,1,0,0,0,0,52.85329973888177,0.0,malicious
0,0.05,0,0,0,0,0,0,0,1,0,0,0,0,0,0,68.88905097555141,0.0,normal
2,0.08,0,0,0,0,0,0,0,0,0,0,0,1,0,1,81.63192227510987,75.0,malicious
1,0.85,1,0,0,0,0,0,0,0,1,1,0,0,0,0,74.60616970321466,0.0,malicious
1,0.35,0,0,0,0,0,0,0,0,0,0,0,0,0,0,79.7812712424605,0.0,normal
1,0.1,0,0,0,0,0,0,0,0,0,0,0,0,0,1,93.46564709598272,15.0,normal
1,0.05,0,0,0,0,0,0,0,0,0,0,0,1,0,0,93.78598997536656,60.0,suspicious
0,0.08,0,0,0,0,0,0,0,0,1,0,0,0,0,1,86.8698615153804,15.0,normal
0,0.1,0,0,0,0,0,0,0,0,1,0,0,0,0,1,80.39366876086788,15.0,normal
1,1.0,0,0,0,1,0,0,0,1,0,0,0,0,0,0,35.808988999866536,0.0,malicious
0,0.08,0,0,0,0,0,0,0,0,0,0,0,0,0,0,84.63702899066091,0.0,normal
1,0.1,0,0,0,0,0,0,0,0,0,0,0,0,0,0,67.46928426251164,0.0,normal
0,0.08,0,0,0,0,0,0,0,0,0,0,0,0,0,0,82.85333640612824,0.0,normal
0,0.08,0,0,0,0,0,0,0,0,0,0,0,0,0,0,65.63811205771256,0.0,normal
0,0.1,0,0,0,0,0,0,0,0,1,1,0,0,0,0,73.93318677690617,0.0,normal
1,0.1,0,0,0,0,0,0,0,0,0,0,0,0,0,0,79.66825375584682,0.0,normal
1,0.08,0,0,0,0,0,0,0,0,0,0,0,0,0,0,71.47979687120329,0.0,normal
0,0.05,0,0,0,0,0,0,0,0,0,0,0,0,0,0,99.88951301391563,0.0,normal
0,0.08,0,0,0,0,0,0,0,0,0,0,0,0,0,0,74.17257057284445,0.0,normal
0,0.1,0,0,0,0,0,0,0,0,1,0,0,0,0,0,73.98058745616282,0.0,normal
0,0.05,0,0,0,0,0,0,0,0,0,1,0,0,0,0,72.6084709065668,0.0,suspicious
1,0.9,0,0,1,0,0,0,0,1,0,0,0,0,0,0,74.49822417248556,0.0,malicious
0,0.05,0,0,0,0,0,0,0,0,0,0,0,0,0,0,91.02741857276774,0.0,normal
0,0.1,0,0,0,0,0,0,0,0,1,0,0,0,0,0,84.06232249900941,0.0,normal
0,0.08,0,0,0,0,0,0,0,1,1,1,0,0,0,0,78.88136660587547,0.0,suspicious
0,0.05,0,0,0,0,0,0,0,0,0,0,0,0,0,0,90.44317943236042,0.0,normal
1,0.08,0,0,0,0,0,0,0,1,0,0,0,0,0,1,92.29738144642293,15.0,normal
1,0.1,0,0,0,0,0,0,0,0,0,0,0,0,0,0,74.06206399540955,0.0,suspicious
2,0.55,0,0,0,0,1,0,0,1,0,0,0,0,0,0,72.87230670041342,0.0,malicious
0,0.08,0,0,0,0,0,0,0,0,0,0,0,1,0,0,100.0,60.0,normal
0,0.08,0,0,0,0,0,0,0,0,1,0,0,0,0,0,75.10332957019423,0.0,normal
4,0.08,0,0,0,0,0,0,0,0,0,0,0,0,0,1,99.62201605929567,15.0,malicious
0,0.9,0,0,1,0,0,0,0,1,0,0,0,0,0,0,71.46810646744763,0.0,malicious
0,0.08,0,0,0,0,0,0,0,0,0,0,0,0,0,1,99.79487771954145,15.0,normal
0,0.1,0,0,0,0,0,0,0,0,0,0,0,0,0,0,53.333153142600715,0.0,normal
1,0.3,0,0,0,0,0,0,0,1,1,1,0,0,0,0,65.58592825885587,0.0,malicious
0,0.08,0,0,0,0,0,0,0,0,0,0,0,0,0,0,82.09979547531627,0.0,normal
0,0.1,0,0,0,0,0,0,0,0,0,0,0,0,0,0,62.536076668824364,0.0,normal
0,0.08,0,0,0,0,0,0,0,0,0,0,0,0,0,0,70.1101794641394,0.0,normal
0,0.08,0,0,0,0,0,0,0,0,0,0,0,0,0,0,73.36568656116233,0.0,normal
2,0.08,0,0,0,0,0,0,0,1,0,0,0,1,0,0,63.41545847909826,60.0,malicious
1,0.1,0,0,0,0,0,0,0,0,0,0,0,0,0,0,69.33119660687716,0.0,normal
3,0.08,0,0,0,0,0,0,0,0,0,0,0,0,0,1,92.05632793939121,15.0,malicious
0,0.05,0,0,0,0,0,0,0,0,0,0,0,0,0,1,86.49023049481985,15.0,normal
1,0.05,0,0,0,0,0,0,0,0,0,0,0,0,0,0,78.87934753215936,0.0,normal
1,0.05,0,0,0,0,0,0,0,0,0,1,0,0,0,0,84.13365391121353,0.0,normal
0,0.05,0,0,0,0,0,0,0,1,0,0,0,0,0,0,89.63717111443344,0.0,normal
0,0.1,0,0,0,0,0,0,0,0,0,0,0,0,0,0,80.85150216371474,0.0,normal
0,0.5,0,1,0,0,0,0,0,0,1,1,0,0,0,0,81.39109077910942,0.0,malicious
1,0.05,0,0,0,0,0,0,0,0,0,0,0,0,0,0,89.67549273769467,0.0,normal
1,0.08,0,0,0,0,0,0,0,1,0,0,0,0,0,1,94.40417155777344,15.0,normal
1,0.1,0,0,0,0,0,0,0,0,1,0,0,0,0,0,100.0,0.0,normal
0,0.5,0,1,0,0,0,0,0,0,0,0,0,0,0,0,58.27861291254633,0.0,normal
0,0.05,0,0,0,0,0,0,0,0,0,0,1,0,0,1,100.0,85.0,normal
0,0.5,0,1,0,0,0,0,0,1,0,0,0,0,0,0,61.57070979306611,0.0,malicious
0,0.1,0,0,0,0,0,0,0,0,1,0,0,0,0,0,100.0,0.0,normal
1,0.05,0,0,0,0,0,0,0,1,0,0,0,0,0,0,100.0,0.0,normal
0,0.05,0,0,0,0,0,0,0,0,0,0,0,0,0,0,68.73877873777865,0.0,normal
1,0.1,0,0,0,0,0,0,0,0,0,0,0,0,0,0,85.36646156388724,0.0,normal
0,0.05,0,0,0,0,0,0,0,0,0,0,0,0,0,0,89.50699885572628,0.0,normal
0,0.08,0,0,0,0,0,0,0,0,0,0,0,0,0,0,86.71461493605297,0.0,normal
0,0.1,0,0,0,0,0,0,0,0,1,1,0,0,0,0,85.2035369252495,0.0,normal
1,0.05,0,0,0,0,0,0,0,0,0,0,0,1,0,0,89.01410982988699,60.0,normal
0,0.08,0,0,0,0,0,0,0,0,0,0,0,0,0,0,94.63933379297924,0.0,suspicious
1,0.9,0,0,1,0,0,0,0,0,0,0,0,0,1,0,57.78496913417078,30.0,malicious
1,0.1,0,0,0,0,0,0,0,0,0,0,0,0,0,0,94.56289017907227,0.0,normal
0,0.1,0,0,0,0,0,0,0,0,0,0,0,0,0,1,78.9859478041288,15.0,normal
1,0.1,0,0,0,0,0,0,0,0,0,0,0,0,0,1,93.90644145715964,15.0,normal
4,0.35,0,0,0,0,0,0,0,0,0,0,0,0,0,1,78.87474827153608,15.0,malicious
0,0.05,0,0,0,0,0,0,0,0,0,0,0,0,0,0,98.3548342023578,0.0,normal
0,0.08,0,0,0,0,0,0,0,0,0,0,0,0,0,0,55.2051931131108,0.0,normal
0,0.9,0,0,1,0,0,0,0,0,1,0,1,0,0,0,46.59631687359295,70.0,malicious
0,0.05,0,0,0,0,0,0,0,0,0,0,0,0,0,1,81.29075013867032,15.0,normal
0,0.1,0,0,0,0,0,0,0,0,0,0,0,0,0,0,100.0,0.0,normal
0,0.05,0,0,0,0,0,0,0,0,0,0,0,1,0,1,93.6922596529393,75.0,normal
0,0.5,0,1,0,0,0,0,0,0,0,0,0,0,0,0,68.0971077619,0.0,suspicious
0,0.9,0,0,1,0,0,0,0,0,0,0,0,0,0,1,96.0050237650562,15.0,malicious
0,0.85,1,0,0,0,0,0,0,0,0,0,0,0,0,0,62.53513215590401,0.0,malicious
0,0.05,0,0,0,0,0,0,0,0,0,0,0,0,0,0,83.65691546843114,0.0,normal
1,0.1,0,0,0,0,0,0,0,0,0,0,0,0,0,0,89.99382969085788,0.0,normal
1,0.35,0,0,0,0,0,0,0,0,1,1,0,0,0,0,61.972899352265884,0.0,malicious
1,0.1,0,0,0,0,0,0,0,0,1,0,0,0,0,0,88.46434703220575,0.0,normal
1,0.25,0,0,0,0,0,0,1,1,0,0,0,0,0,0,92.16969183423613,0.0,normal
0,0.3,0,0,0,0,0,0,0,1,1,0,0,0,0,0,77.49330992703528,0.0,normal
0,0.05,0,0,0,0,0,0,0,0,0,0,0,0,0,0,65.5700436821758,0.0,normal
2,0.05,0,0,0,0,0,0,0,1,0,0,0,0,0,0,80.83205678680727,0.0,suspicious
0,0.05,0,0,0,0,0,0,0,0,0,0,0,0,0,0,100.0,0.0,normal
0,0.08,0,0,0,0,0,0,0,0,1,0,0,0,0,0,100.0,0.0,normal
1,0.3,0,0,0,0,0,0,0,1,1,0,0,0,0,0,100.0,0.0,suspicious
0,0.05,0,0,0,0,0,0,0,0,0,0,0,0,0,0,86.26880552304627,0.0,normal
2,0.1,0,0,0,0,0,0,0,0,1,0,0,0,0,1,92.03763232532842,15.0,malicious
2,0.08,0,0,0,0,0,0,0,0,0,0,0,0,0,0,96.10193087967244,0.0,normal
2,0.08,0,0,0,0,0,0,0,1,0,0,0,0,0,1,94.51719593094165,15.0,malicious
0,0.1,0,0,0,0,0,0,0,0,1,0,0,0,0,0,100.0,0.0,normal
1,0.08,0,0,0,0,0,0,0,0,0,1,0,0,0,1,98.34322101543287,15.0,normal
3,0.35,0,0,0,0,0,0,0,1,1,0,0,0,0,0,48.45414741568496,0.0,malicious
0,0.1,0,0,0,0,0,0,0,0,0,0,0,0,0,0,89.92934124284282,0.0,normal
1,0.1,0,0,0,0,0,0,0,1,0,1,0,0,0,0,74.38397296206907,0.0,suspicious
1,1.0,0,0,0,1,0,0,0,0,1,1,0,0,1,0,82.69825550322979,30.0,malicious
1,0.3,0,0,0,0,0,0,0,0,0,1,0,0,0,0,73.06589617047115,0.0,suspicious
0,0.25,0,0,0,0,0,0,1,0,1,0,0,0,0,0,90.5389868925717,0.0,normal
3,0.35,0,0,0,0,0,0,0,1,0,0,0,1,0,1,61.0174808634829,75.0,suspicious
0,0.08,0,0,0,0,0,0,0,0,1,1,0,0,0,0,83.79306304805199,0.0,normal
0,0.1,0,0,0,0,0,0,0,0,0,0,0,1,0,0,74.15476269438528,60.0,normal
0,0.08,0,0,0,0,0,0,0,0,0,0,0,0,0,0,70.03704529578499,0.0,normal
0,0.05,0,0,0,0,0,0,0,0,0,1,0,0,0,0,81.51451270351018,0.0,normal
1,0.1,0,0,0,0,0,0,0,0,0,0,0,0,0,0,88.2456245675779,0.0,normal
0,0.08,0,0,0,0,0,0,0,1,0,0,0,0,0,0,78.91706594281929,0.0,normal
0,0.05,0,0,0,0,0,0,0,0,0,0,0,1,0,1,91.94193187337063,75.0,normal
0,0.1,0,0,0,0,0,0,0,1,1,0,0,0,0,0,84.46140720219921,0.0,normal
1,0.08,0,0,0,0,0,0,0,1,0,0,0,0,0,0,83.69958630759038,0.0,normal
0,0.05,0,0,0,0,0,0,0,0,1,0,0,0,0,0,85.63599954624384,0.0,normal
1,0.05,0,0,0,0,0,0,0,0,0,0,0,0,0,1,95.20909222782585,15.0,normal
0,0.05,0,0,0,0,0,0,0,0,0,0,0,0,0,0,100.0,0.0,normal
1,0.08,0,0,0,0,0,0,0,0,0,0,0,0,0,0,78.72623149845488,0.0,normal
1,0.9,0,0,1,0,0,0,0,0,0,1,0,0,0,0,76.82239883295091,0.0,malicious
2,0.05,0,0,0,0,0,0,0,0,0,1,0,0,0,0,87.32929681723125,0.0,malicious
0,0.08,0,0,0,0,0,0,0,0,0,0,0,0,0,0,70.661009412037,0.0,normal
0,0.5,0,1,0,0,0,0,0,0,1,0,0,0,0,0,60.39508009456126,0.0,suspicious
1,0.35,0,0,0,0,0,0,0,1,1,0,0,0,0,0,77.66444644452889,0.0,suspicious
0,0.08,0,0,0,0,0,0,0,1,0,0,0,0,0,0,78.95672518305194,0.0,normal
1,0.55,0,0,0,0,1,0,0,1,0,1,0,0,0,0,53.38861634787356,0.0,malicious
1,0.05,0,0,0,0,0,0,0,0,0,1,0,0,0,0,92.18627030579131,0.0,normal
2,0.05,0,0,0,0,0,0,0,0,0,0,0,0,0,0,89.46935342463298,0.0,normal
1,0.1,0,0,0,0,0,0,0,0,0,0,0,0,1,0,81.16562536934951,30.0,normal
0,0.08,0,0,0,0,0,0,0,0,0,0,0,0,0,0,78.76038389677811,0.0,normal
1,0.1,0,0,0,0,0,0,0,0,0,0,0,0,0,0,87.35074009275944,0.0,normal
1,0.1,0,0,0,0,0,0,0,0,1,0,0,0,0,0,49.32587702928455,0.0,suspicious
0,0.1,0,0,0,0,0,0,0,0,1,0,0,0,0,0,74.5806238710352,0.0,suspicious
0,0.25,0,0,0,0,0,0,1,0,1,1,0,0,0,1,90.36702818132386,15.0,normal
0,0.5,0,1,0,0,0,0,0,0,0,0,0,0,0,1,52.69362847954912,15.0,malicious
0,0.1,0,0,0,0,0,0,0,0,0,0,0,0,0,0,86.7242672798884,0.0,normal
0,0.05,0,0,0,0,0,0,0,0,0,0,0,0,0,0,80.84775120796942,0.0,normal
0,0.85,1,0,0,0,0,0,0,1,0,0,0,0,0,1,58.283513128448305,15.0,malicious
0,0.08,0,0,0,0,0,0,0,0,0,0,0,0,0,0,82.72768222652037,0.0,normal
1,0.1,0,0,0,0,0,0,0,0,0,0,0,0,0,0,79.0865961477933,0.0,suspicious
0,1.0,0,0,0,1,0,0,0,0,0,1,0,0,0,0,75.94011963743445,0.0,malicious
1,0.1,0,0,0,0,0,0,0,1,0,1,0,0,0,1,100.0,15.0,suspicious
0,0.1,0,0,0,0,0,0,0,0,0,0,0,0,0,1,72.16646206007738,15.0,normal
0,0.05,0,0,0,0,0,0,0,0,0,0,0,0,0,0,74.23488454146407,0.0,normal
1,0.05,0,0,0,0,0,0,0,0,0,0,0,0,0,0,64.98685387725828,0.0,normal
0,0.55,0,0,0,0,1,0,0,0,1,0,0,0,0,0,98.40906858132098,0.0,normal
0,0.25,0,0,0,0,0,0,1,0,0,1,0,0,0,0,74.37629481186582,0.0,normal
3,0.35,0,0,0,0,0,0,0,0,0,1,0,0,1,0,79.48637030154538,30.0,malicious
0,0.05,0,0,0,0,0,0,0,0,0,0,0,0,0,0,95.369243467992,0.0,normal
0,0.05,0,0,0,0,0,0,0,0,0,0,0,1,0,0,81.48857896745069,60.0,normal
3,0.35,0,0,0,0,0,0,0,0,1,0,0,0,0,0,66.97716672032422,0.0,malicious
6,0.35,0,0,0,0,0,0,0,0,0,0,0,0,0,0,85.83554964758176,0.0,malicious
0,0.1,0,0,0,0,0,0,0,0,0,0,0,0,0,0,74.50131840014879,0.0,normal
0,0.1,0,0,0,0,0,0,0,0,1,0,0,0,0,0,94.25290585963275,0.0,normal
0,0.1,0,0,0,0,0,0,0,0,0,0,0,0,0,0,65.89931185039833,0.0,normal
0,0.05,0,0,0,0,0,0,0,0,0,0,0,0,0,0,89.25323607697717,0.0,normal
1,0.05,0,0,0,0,0,0,0,0,0,0,0,0,0,0,81.6665594354296,0.0,normal
2,0.1,0,0,0,0,0,0,0,0,1,0,0,0,0,0,70.54949385833436,0.0,malicious
1,0.08,0,0,0,0,0,0,0,0,0,0,0,0,0,0,81.32103310140162,0.0,normal
0,0.08,0,0,0,0,0,0,0,0,0,0,0,0,0,0,93.81839214753971,0.0,normal
0,0.05,0,0,0,0,0,0,0,0,0,0,0,0,0,0,86.06113529172818,0.0,normal
0,0.45,0,0,0,0,0,1,0,0,1,0,0,1,0,0,84.24740169101638,60.0,malicious
1,0.05,0,0,0,0,0,0,0,0,1,0,0,0,0,0,70.82360476462765,0.0,suspicious
1,0.35,0,0,0,0,0,0,0,0,1,0,0,0,0,0,62.15945260238782,0.0,suspicious
0,0.45,0,0,0,0,0,1,0,0,0,1,0,0,0,0,99.59589037523442,0.0,normal
0,0.3,0,0,0,0,0,0,0,0,0,1,0,1,0,0,76.62734866334338,60.0,suspicious
0,0.45,0,0,0,0,0,1,0,0,0,1,0,0,0,0,81.40358519416476,0.0,suspicious
2,0.9,0,0,1,0,0,0,0,0,0,0,0,0,0,0,77.86839166023609,0.0,malicious
0,0.3,0,0,0,0,0,0,0,1,0,1,0,0,0,1,85.03967385077465,15.0,normal
3,0.05,0,0,0,0,0,0,0,0,0,0,0,0,0,0,91.4095011054684,0.0,suspicious
0,0.08,0,0,0,0,0,0,0,0,0,0,0,0,0,0,96.10459982783703,0.0,normal
0,0.1,0,0,0,0,0,0,0,0,1,0,0,0,0,0,71.25503708475168,0.0,suspicious
0,0.05,0,0,0,0,0,0,0,0,0,0,0,0,0,1,83.13818203955167,15.0,normal
0,0.3,0,0,0,0,0,0,0,1,0,1,0,0,0,0,74.12636812002998,0.0,normal
2,0.1,0,0,0,0,0,0,0,0,0,0,0,0,0,1,95.89056278815502,15.0,normal
1,0.05,0,0,0,0,0,0,0,0,0,0,0,0,0,1,100.0,15.0,normal
0,0.05,0,0,0,0,0,0,0,0,0,0,0,0,0,1,92.13527175732456,15.0,normal
1,0.08,0,0,0,0,0,0,0,0,1,0,1,0,0,0,71.50565330546655,70.0,malicious
0,0.5,0,1,0,0,0,0,0,1,1,0,0,0,0,0,71.90057549387163,0.0,malicious
0,0.08,0,0,0,0,0,0,0,0,0,0,0,0,0,1,86.41879100298766,15.0,normal
0,0.1,0,0,0,0,0,0,0,0,1,0,0,0,0,0,88.70643142828766,0.0,normal
0,0.45,0,0,0,0,0,1,0,0,1,1,0,0,1,0,81.50817584892222,30.0,malicious
0,0.5,0,1,0,0,0,0,0,0,0,1,0,0,0,0,70.32156776928221,0.0,malicious
0,0.35,0,0,0,0,0,0,0,0,0,1,0,0,0,0,78.85060799675453,0.0,normal
0,0.05,0,0,0,0,0,0,0,0,0,0,0,0,0,0,100.0,0.0,normal
0,0.1,0,0,0,0,0,0,0,0,1,0,0,0,0,1,88.90361039421164,15.0,normal
1,0.55,0,0,0,0,1,0,0,1,0,1,0,0,0,0,65.89649817398784,0.0,suspicious
4,0.35,0,0,0,0,0,0,0,0,0,1,0,0,0,0,69.25607886685125,0.0,malicious
3,0.1,0,0,0,0,0,0,0,0,1,1,0,0,0,0,76.41957095717653,0.0,malicious
1,0.9,0,0,1,0,0,0,0,0,1,0,0,0,0,0,63.00897738618973,0.0,malicious
1,0.05,0,0,0,0,0,0,0,0,0,0,1,0,0,0,86.06581076223279,70.0,malicious
1,0.85,1,0,0,0,0,0,0,0,0,1,0,0,0,1,60.82656533528924,15.0,malicious
1,0.05,0,0,0,0,0,0,0,1,0,0,0,0,0,0,81.15620857903667,0.0,normal
1,0.05,0,0,0,0,0,0,0,0,0,0,0,0,0,0,69.09530455332056,0.0,normal
1,0.25,0,0,0,0,0,0,1,1,0,0,0,0,0,0,65.14252651191663,0.0,suspicious
0,0.08,0,0,0,0,0,0,0,1,1,0,1,0,0,0,72.9493671097361,70.0,suspicious
0,0.05,0,0,0,0,0,0,0,0,0,0,0,0,0,0,78.80018460701426,0.0,normal
2,0.1,0,0,0,0,0,0,0,0,1,0,0,0,0,1,74.47393140585186,15.0,malicious
1,0.05,0,0,0,0,0,0,0,0,1,0,0,0,0,0,90.27743526611162,0.0,suspicious
0,0.1,0,0,0,0,0,0,0,0,0,0,0,0,0,1,100.0,15.0,normal
0,1.0,0,0,0,1,0,0,0,1,0,0,0,0,0,0,78.33424068057393,0.0,malicious
0,0.85,1,0,0,0,0,0,0,1,0,1,0,0,0,0,55.90621935920737,0.0,malicious
4,0.35,0,0,0,0,0,0,0,1,1,0,0,0,0,1,58.386833888101535,15.0,malicious
0,0.05,0,0,0,0,0,0,0,0,0,0,0,0,0,0,87.95308039937753,0.0,normal
1,0.05,0,0,0,0,0,0,0,0,0,0,0,0,0,0,75.19872966100726,0.0,normal
1,0.5,0,1,0,0,0,0,0,1,0,1,0,0,0,0,64.72524107131434,0.0,malicious
0,0.9,0,0,1,0,0,0,0,1,1,0,1,0,0,1,60.62705056868528,85.0,malicious
0,0.05,0,0,0,0,0,0,0,0,0,0,0,0,0,0,72.08828120971975,0.0,normal
1,0.08,0,0,0,0,0,0,0,0,1,0,0,1,0,0,62.797711548201946,60.0,malicious
1,0.35,0,0,0,0,0,0,0,1,0,1,0,0,0,0,70.79105499438585,0.0,malicious
0,0.25,0,0,0,0,0,0,1,1,0,0,0,0,0,0,66.8750273386891,0.0,normal
0,0.1,0,0,0,0,0,0,0,1,0,0,0,0,0,0,93.51612454357671,0.0,normal
4,0.08,0,0,0,0,0,0,0,0,0,0,0,0,0,1,78.07376680975096,15.0,malicious
1,0.08,0,0,0,0,0,0,0,0,0,0,0,0,0,0,83.08115122003124,0.0,suspicious
2,0.35,0,0,0,0,0,0,0,0,0,1,0,0,0,0,65.75912084454087,0.0,malicious
1,1.0,0,0,0,1,0,0,0,0,0,1,0,0,0,0,51.46554338418795,0.0,malicious
0,0.08,0,0,0,0,0,0,0,1,0,0,1,0,0,0,79.38887230694611,70.0,malicious
2,0.9,0,0,1,0,0,0,0,0,0,0,0,1,0,0,59.51201882475672,60.0,malicious
0,0.1,0,0,0,0,0,0,0,0,0,0,0,0,0,0,92.7945365569786,0.0,normal
0,0.08,0,0,0,0,0,0,0,0,1,0,0,0,0,1,100.0,15.0,normal
1,0.25,0,0,0,0,0,0,1,0,0,1,0,0,0,0,95.56603796302173,0.0,suspicious
0,0.08,0,0,0,0,0,0,0,0,0,0,0,0,0,1,93.63012473341495,15.0,normal
2,0.1,0,0,0,0,0,0,0,0,1,0,0,0,0,0,100.0,0.0,suspicious
2,0.08,0,0,0,0,0,0,0,0,1,1,0,0,0,0,80.45531155230077,0.0,malicious
0,0.08,0,0,0,0,0,0,0,0,0,0,1,0,1,0,82.14096337030954,100.0,suspicious
1,0.9,0,0,1,0,0,0,0,0,0,1,0,0,0,1,53.656567748340265,15.0,malicious
1,0.3,0,0,0,0,0,0,0,1,0,1,0,0,1,1,83.37637252930718,45.0,malicious
0,0.08,0,0,0,0,0,0,0,0,0,0,0,0,0,0,78.06837128272635,0.0,normal
0,0.45,0,0,0,0,0,1,0,0,1,1,0,0,0,0,100.0,0.0,normal
1,0.1,0,0,0,0,0,0,0,0,0,1,0,0,1,1,77.91018012040688,45.0,malicious
0,0.05,0,0,0,0,0,0,0,0,0,1,0,1,0,0,88.9394920641845,60.0,normal
0,0.45,0,0,0,0,0,1,0,0,0,1,0,0,0,0,88.61672734148804,0.0,normal
1,0.08,0,0,0,0,0,0,0,0,0,0,0,0,0,0,79.82509944367334,0.0,normal
0,0.1,0,0,0,0,0,0,0,0,1,0,0,0,0,0,97.41729159874875,0.0,normal
1,0.08,0,0,0,0,0,0,0,0,0,0,0,0,1,0,77.53038370463601,30.0,normal
2,0.1,0,0,0,0,0,0,0,0,0,0,0,0,0,1,79.01973626120537,15.0,suspicious
0,0.08,0,0,0,0,0,0,0,0,0,0,0,0,0,0,67.41607788620132,0.0,normal
1,0.5,0,1,0,0,0,0,0,0,1,1,0,0,0,0,84.61487086907758,0.0,malicious
0,0.08,0,0,0,0,0,0,0,0,0,0,0,0,0,0,71.16069284353637,0.0,normal
0,0.1,0,0,0,0,0,0,0,0,1,0,0,0,0,1,84.13103936857847,15.0,normal
0,0.55,0,0,0,0,1,0,0,0,1,1,0,0,0,1,69.21125548682741,15.0,malicious
0,0.1,0,0,0,0,0,0,0,0,1,0,0,0,0,1,84.20593586919361,15.0,normal
2,0.5,0,1,0,0,0,0,0,0,1,0,0,0,0,0,73.69436115989362,0.0,malicious
1,0.1,0,0,0,0,0,0,0,0,1,0,0,0,0,0,70.70640423804397,0.0,suspicious
5,0.35,0,0,0,0,0,0,0,0,0,0,0,0,0,0,79.74993937441405,0.0,malicious
0,0.05,0,0,0,0,0,0,0,0,0,0,0,0,0,0,90.22176333977367,0.0,normal
0,0.08,0,0,0,0,0,0,0,0,0,0,0,0,0,0,95.2450666891301,0.0,normal
0,0.1,0,0,0,0,0,0,0,0,0,0,0,0,0,1,88.12231576663741,15.0,normal
0,0.55,0,0,0,0,1,0,0,1,0,0,0,0,0,1,78.61865628460339,15.0,malicious
0,0.08,0,0,0,0,0,0,0,0,0,0,0,0,0,0,87.01387985646352,0.0,normal
0,0.1,0,0,0,0,0,0,0,0,0,0,0,0,0,0,64.17110504623713,0.0,normal
2,0.35,0,0,0,0,0,0,0,0,1,0,0,0,0,0,65.23288107217728,0.0,malicious
0,0.05,0,0,0,0,0,0,0,1,0,0,0,0,1,0,86.41148421132529,30.0,normal
1,0.85,1,0,0,0,0,0,0,0,1,0,0,0,0,0,50.360729424469184,0.0,malicious
0,0.3,0,0,0,0,0,0,0,0,1,1,0,0,0,0,70.418221109477,0.0,suspicious
0,0.05,0,0,0,0,0,0,0,0,0,0,0,0,0,1,77.37797192157544,15.0,normal
2,0.05,0,0,0,0,0,0,0,0,0,1,0,0,0,0,94.00120576690091,0.0,suspicious
0,0.08,0,0,0,0,0,0,0,0,0,0,0,0,0,0,98.79395430563581,0.0,normal
0,0.05,0,0,0,0,0,0,0,0,1,0,0,0,0,1,86.030110759878,15.0,normal
0,0.08,0,0,0,0,0,0,0,0,0,0,1,0,0,0,61.17428846888025,70.0,suspicious
1,0.08,0,0,0,0,0,0,0,0,0,0,0,0,0,0,82.79466997240827,0.0,normal
2,0.05,0,0,0,0,0,0,0,1,0,0,0,0,0,0,84.82199647719968,0.0,suspicious
1,0.3,0,0,0,0,0,0,0,0,1,1,0,0,0,0,88.98720390376249,0.0,malicious
0,0.08,0,0,0,0,0,0,0,0,0,0,0,0,0,0,88.93637424967308,0.0,normal
0,0.3,0,0,0,0,0,0,0,1,1,0,0,0,0,0,73.26641543504024,0.0,normal
0,0.08,0,0,0,0,0,0,0,0,0,0,0,0,0,0,79.97911212033826,0.0,normal
0,0.05,0,0,0,0,0,0,0,0,0,0,0,0,0,0,65.63212069939723,0.0,normal
4,0.35,0,0,0,0,0,0,0,0,0,1,0,0,0,0,87.43622765961128,0.0,malicious
1,0.05,0,0,0,0,0,0,0,0,0,0,0,0,0,0,80.86458789435359,0.0,normal
0,0.08,0,0,0,0,0,0,0,1,0,0,0,0,0,0,82.49630374353433,0.0,normal
0,0.05,0,0,0,0,0,0,0,0,0,0,0,0,0,0,78.50768601715346,0.0,normal
1,0.25,0,0,0,0,0,0,1,1,0,1,0,0,0,0,78.95587260993285,0.0,suspicious
1,0.08,0,0,0,0,0,0,0,0,0,0,0,0,0,0,80.44401662186817,0.0,normal
0,0.1,0,0,0,0,0,0,0,1,1,0,0,1,0,1,89.62043128108336,75.0,suspicious
0,0.05,0,0,0,0,0,0,0,0,0,1,0,0,0,0,86.03126759277117,0.0,normal
0,0.1,0,0,0,0,0,0,0,0,0,1,0,0,0,0,100.0,0.0,normal
0,0.08,0,0,0,0,0,0,0,0,0,0,0,0,0,0,85.29048626752775,0.0,normal
3,0.45,0,0,0,0,0,1,0,0,0,0,0,0,0,0,97.89290398854088,0.0,malicious
1,0.3,0,0,0,0,0,0,0,0,0,0,0,0,0,0,81.31919655288085,0.0,normal
0,0.08,0,0,0,0,0,0,0,0,0,0,0,0,0,0,81.71287782467785,0.0,normal
0,0.45,0,0,0,0,0,1,0,0,1,0,0,0,0,0,96.8090900403646,0.0,normal
2,0.25,0,0,0,0,0,0,1,1,0,0,0,0,0,0,100.0,0.0,suspicious
0,0.55,0,0,0,0,1,0,0,1,0,0,0,0,0,0,90.94746959876412,0.0,suspicious
1,0.1,0,0,0,0,0,0,0,1,1,1,0,0,0,0,100.0,0.0,suspicious
1,0.1,0,0,0,0,0,0,0,0,0,0,0,0,0,0,86.54559447061193,0.0,normal
0,0.08,0,0,0,0,0,0,0,0,0,0,0,0,0,1,65.15388243034099,15.0,normal
1,0.05,0,0,0,0,0,0,0,0,0,0,0,0,1,0,83.1127416873149,30.0,suspicious
1,0.1,0,0,0,0,0,0,0,0,0,0,0,0,1,0,85.4802952439394,30.0,normal
0,0.08,0,0,0,0,0,0,0,0,1,0,0,0,0,0,79.77276293101642,0.0,normal
1,0.08,0,0,0,0,0,0,0,0,0,0,0,0,0,1,67.16385182517799,15.0,suspicious
0,0.1,0,0,0,0,0,0,0,0,0,0,0,0,0,1,99.29855884192705,15.0,normal
0,0.08,0,0,0,0,0,0,0,1,0,0,0,0,0,0,94.19965431427084,0.0,normal
0,0.45,0,0,0,0,0,1,0,0,0,1,0,1,0,1,100.0,75.0,malicious
1,0.55,0,0,0,0,1,0,0,1,0,0,0,0,0,0,78.55368797887249,0.0,malicious
0,0.1,0,0,0,0,0,0,0,0,0,0,0,0,0,0,93.37996068157383,0.0,normal
0,0.08,0,0,0,0,0,0,0,0,0,0,0,0,0,0,77.22806440781085,0.0,normal
0,0.05,0,0,0,0,0,0,0,1,0,0,0,0,0,1,66.49791515624594,15.0,normal
0,0.1,0,0,0,0,0,0,0,1,1,0,0,0,0,0,79.75685110338873,0.0,normal
0,0.3,0,0,0,0,0,0,0,0,0,0,1,0,0,0,83.98171832568225,70.0,suspicious
1,0.1,0,0,0,0,0,0,0,0,1,0,0,0,1,0,81.42537118064371,30.0,normal
1,0.55,0,0,0,0,1,0,0,0,1,1,0,0,0,1,87.35853630094674,15.0,malicious
1,0.05,0,0,0,0,0,0,0,0,0,0,0,0,0,0,77.58091975506784,0.0,normal
0,0.5,0,1,0,0,0,0,0,0,1,1,0,0,0,0,53.25786990114386,0.0,malicious
0,0.08,0,0,0,0,0,0,0,1,0,0,0,0,1,0,77.72018398960701,30.0,normal
0,0.05,0,0,0,0,0,0,0,0,0,0,0,0,0,0,71.57903287049147,0.0,normal
0,0.1,0,0,0,0,0,0,0,0,1,0,0,0,0,0,86.8278264009999,0.0,normal
1,0.1,0,0,0,0,0,0,0,0,0,0,0,0,1,0,95.42765668541264,30.0,normal
1,0.08,0,0,0,0,0,0,0,0,0,0,0,0,0,0,86.33543847801963,0.0,normal
1,0.05,0,0,0,0,0,0,0,0,0,0,0,0,0,0,96.08273357101295,0.0,normal
1,0.5,0,1,0,0,0,0,0,0,1,1,0,0,0,1,68.22667833017468,15.0,malicious
1,0.05,0,0,0,0,0,0,0,1,0,0,0,0,1,0,91.65157709448356,30.0,normal
2,0.55,0,0,0,0,1,0,0,1,1,1,0,0,0,0,67.50768746510589,0.0,malicious
0,0.08,0,0,0,0,0,0,0,0,0,0,0,0,0,0,84.715322561071,0.0,normal
1,0.05,0,0,0,0,0,0,0,0,0,0,0,0,0,0,74.17689754189237,0.0,normal
0,0.08,0,0,0,0,0,0,0,0,0,0,0,0,0,1,87.7306108681879,15.0,normal
1,0.05,0,0,0,0,0,0,0,0,0,0,0,0,0,1,76.34977605349836,15.0,normal
1,0.08,0,0,0,0,0,0,0,1,0,0,0,0,0,1,86.30447384365809,15.0,normal
0,0.08,0,0,0,0,0,0,0,1,0,0,0,0,0,0,86.91427401945498,0.0,normal
0,0.35,0,0,0,0,0,0,0,1,1,0,0,0,0,0,62.613384154231426,0.0,normal
0,0.1,0,0,0,0,0,0,0,1,0,0,0,0,0,1,94.29646984844146,15.0,normal
0,0.05,0,0,0,0,0,0,0,0,0,0,0,0,0,0,71.1822224537647,0.0,normal
0,0.55,0,0,0,0,1,0,0,0,1,0,0,0,0,0,80.41612707950932,0.0,suspicious
1,0.45,0,0,0,0,0,1,0,1,0,0,0,0,0,0,67.922797350183,0.0,suspicious
1,0.3,0,0,0,0,0,0,0,1,0,0,0,0,0,0,95.46142140635297,0.0,normal
0,0.08,0,0,0,0,0,0,0,0,0,1,0,0,0,0,100.0,0.0,normal
1,0.25,0,0,0,0,0,0,1,0,1,1,0,0,0,0,86.87453767036426,0.0,malicious
0,0.1,0,0,0,0,0,0,0,0,1,0,0,0,0,1,79.6967245245816,15.0,suspicious
1,0.35,0,0,0,0,0,0,0,1,0,0,0,0,0,0,55.68664030850346,0.0,suspicious
0,0.1,0,0,0,0,0,0,0,0,0,0,1,0,0,0,71.67414751250709,70.0,suspicious
0,0.5,0,1,0,0,0,0,0,1,0,1,0,0,0,0,43.11302793081151,0.0,malicious
1,0.85,1,0,0,0,0,0,0,0,0,0,0,0,0,0,42.214863622421994,0.0,malicious
0,0.1,0,0,0,0,0,0,0,0,1,0,0,0,0,1,95.37380011907622,15.0,normal
1,0.1,0,0,0,0,0,0,0,1,0,0,1,0,0,0,90.72251993542686,70.0,suspicious
1,0.05,0,0,0,0,0,0,0,0,0,0,0,0,0,0,63.28082885484132,0.0,normal
0,0.1,0,0,0,0,0,0,0,0,0,0,0,0,0,1,100.0,15.0,normal
0,0.9,0,0,1,0,0,0,0,0,0,0,0,0,1,0,91.50958616801061,30.0,malicious
0,0.85,1,0,0,0,0,0,0,0,0,1,0,0,0,0,76.36550559608295,0.0,malicious
0,1.0,0,0,0,1,0,0,0,0,1,0,0,0,0,0,69.55054064926334,0.0,malicious
0,0.08,0,0,0,0,0,0,0,0,0,0,0,0,0,0,80.02541560793313,0.0,normal
2,0.35,0,0,0,0,0,0,0,0,1,0,0,0,0,0,59.543305214730864,0.0,suspicious
0,0.08,0,0,0,0,0,0,0,0,0,0,0,0,0,0,63.38463477362476,0.0,normal
0,0.35,0,0,0,0,0,0,0,1,0,0,0,0,0,0,61.84864279749543,0.0,normal
0,0.08,0,0,0,0,0,0,0,0,0,0,0,0,1,0,81.85537517418578,30.0,normal
1,0.1,0,0,0,0,0,0,0,0,0,0,0,0,0,0,67.30701760971615,0.0,normal
0,0.05,0,0,0,0,0,0,0,0,0,0,0,0,0,0,92.21036597309066,0.0,normal
0,0.05,0,0,0,0,0,0,0,0,1,0,0,0,0,0,79.74488184310266,0.0,normal
0,1.0,0,0,0,1,0,0,0,0,0,0,0,0,0,0,79.74126754136599,0.0,malicious
1,0.5,0,1,0,0,0,0,0,0,1,0,0,0,0,0,73.7707068448625,0.0,malicious
1,0.08,0,0,0,0,0,0,0,0,0,0,0,0,0,0,71.17678983285816,0.0,suspicious
0,0.1,0,0,0,0,0,0,0,0,0,0,0,1,0,0,92.20720858880836,60.0,normal
0,0.05,0,0,0,0,0,0,0,0,0,1,0,0,0,0,69.69028293917927,0.0,normal
1,0.08,0,0,0,0,0,0,0,0,0,0,0,0,0,0,75.84285755561669,0.0,normal
0,0.08,0,0,0,0,0,0,0,0,0,0,1,0,0,0,97.07748073491855,70.0,normal
1,0.3,0,0,0,0,0,0,0,0,0,0,0,0,0,0,76.15994412694,0.0,normal
0,0.1,0,0,0,0,0,0,0,1,1,0,0,0,1,0,77.28925315782381,30.0,suspicious
1,0.1,0,0,0,0,0,0,0,0,0,0,0,0,0,0,80.80876116840949,0.0,normal
0,0.1,0,0,0,0,0,0,0,0,0,0,0,0,0,0,70.07301847060315,0.0,normal
0,0.08,0,0,0,0,0,0,0,0,0,0,0,0,0,0,79.53127312005202,0.0,normal
0,0.25,0,0,0,0,0,0,1,0,1,1,0,0,0,0,90.21165835271975,0.0,suspicious
0,0.55,0,0,0,0,1,0,0,1,1,1,0,0,0,0,87.02346929953039,0.0,malicious
1,0.08,0,0,0,0,0,0,0,0,0,0,0,0,0,0,70.73476496376779,0.0,normal
0,0.08,0,0,0,0,0,0,0,0,0,0,0,0,0,0,89.81937513692931,0.0,normal
0,0.05,0,0,0,0,0,0,0,0,0,0,0,0,0,0,75.89747266853075,0.0,normal
0,0.05,0,0,0,0,0,0,0,0,0,0,0,0,0,0,71.11097015556511,0.0,normal
0,0.1,0,0,0,0,0,0,0,0,0,0,0,0,1,0,92.33105955421279,30.0,normal
1,0.08,0,0,0,0,0,0,0,1,1,0,0,0,0,1,87.49414887921189,15.0,suspicious
0,0.05,0,0,0,0,0,0,0,0,0,0,0,0,0,0,81.52209833151339,0.0,normal
0,0.9,0,0,1,0,0,0,0,1,1,1,0,0,0,0,77.32192902420611,0.0,malicious
0,0.08,0,0,0,0,0,0,0,0,0,1,0,0,0,0,83.75141000663382,0.0,normal
0,0.1,0,0,0,0,0,0,0,0,0,0,0,0,0,0,88.81168715069552,0.0,normal
1,0.35,0,0,0,0,0,0,0,0,1,1,0,0,0,0,66.16565096007709,0.0,malicious
0,0.1,0,0,0,0,0,0,0,0,0,0,0,0,0,0,69.05043151104138,0.0,normal
0,0.08,0,0,0,0,0,0,0,0,0,0,0,0,0,1,67.74020488117091,15.0,normal
2,0.1,0,0,0,0,0,0,0,0,0,0,0,0,0,0,94.60860129516267,0.0,normal
0,0.85,1,0,0,0,0,0,0,0,1,0,0,0,0,0,69.49617946708383,0.0,malicious
1,0.05,0,0,0,0,0,0,0,0,0,0,0,0,0,0,62.171636576938766,0.0,normal
2,0.5,0,1,0,0,0,0,0,1,1,1,0,1,0,0,73.39085721006313,60.0,malicious
0,0.55,0,0,0,0,1,0,0,0,0,0,0,0,0,0,64.34302838275794,0.0,suspicious
0,0.85,1,0,0,0,0,0,0,0,0,1,0,0,0,0,52.649365324511606,0.0,malicious
1,0.05,0,0,0,0,0,0,0,1,0,0,0,0,0,0,90.84431520094114,0.0,normal
1,0.5,0,1,0,0,0,0,0,0,0,0,0,0,0,0,63.303649581318496,0.0,malicious
0,0.08,0,0,0,0,0,0,0,0,0,0,0,0,0,0,67.00620365588532,0.0,normal
3,0.05,0,0,0,0,0,0,0,0,0,0,0,0,0,0,80.15235484254026,0.0,malicious
0,0.85,1,0,0,0,0,0,0,0,1,0,0,1,0,0,87.87368447614529,60.0,malicious
0,0.08,0,0,0,0,0,0,0,0,0,0,0,0,0,0,95.04475671127051,0.0,normal
0,0.08,0,0,0,0,0,0,0,0,0,0,0,0,0,1,90.43965007228009,15.0,normal
0,0.1,0,0,0,0,0,0,0,0,1,0,0,0,0,0,100.0,0.0,normal
1,0.3,0,0,0,0,0,0,0,0,0,1,0,0,0,0,83.80013908436662,0.0,suspicious
0,0.05,0,0,0,0,0,0,0,0,0,0,0,0,0,0,100.0,0.0,normal
0,0.3,0,0,0,0,0,0,0,1,0,1,0,0,0,0,65.7361577267734,0.0,malicious
0,0.1,0,0,0,0,0,0,0,0,0,0,0,0,0,0,96.52826724877613,0.0,normal
0,0.1,0,0,0,0,0,0,0,0,0,0,0,0,0,0,72.22865767904536,0.0,normal
1,1.0,0,0,0,1,0,0,0,0,1,0,0,0,0,0,73.90092735786041,0.0,malicious
0,0.5,0,1,0,0,0,0,0,0,1,1,0,0,0,0,67.27825570966975,0.0,malicious
0,0.25,0,0,0,0,0,0,1,0,0,1,0,0,0,1,99.54901439134136,15.0,normal
0,0.25,0,0,0,0,0,0,1,1,1,0,0,0,0,0,80.66387844389425,0.0,normal
0,0.1,0,0,0,0,0,0,0,0,1,0,0,1,0,0,87.44374614444926,60.0,normal
1,1.0,0,0,0,1,0,0,0,0,1,0,0,0,0,1,58.987105583063126,15.0,malicious
0,0.08,0,0,0,0,0,0,0,0,0,0,0,0,0,0,85.28930809495847,0.0,suspicious
0,0.1,0,0,0,0,0,0,0,0,1,0,0,0,0,0,100.0,0.0,normal
0,0.9,0,0,1,0,0,0,0,0,1,1,0,0,0,0,48.42586761102454,0.0,suspicious
0,0.08,0,0,0,0,0,0,0,0,0,0,0,0,0,0,92.06420292322264,0.0,normal
0,0.05,0,0,0,0,0,0,0,0,0,0,0,0,0,0,91.9928940664818,0.0,normal
1,0.3,0,0,0,0,0,0,0,0,1,0,0,0,0,0,82.77347932024132,0.0,suspicious
0,0.1,0,0,0,0,0,0,0,0,0,0,0,0,0,0,81.52904936222835,0.0,normal
1,0.5,0,1,0,0,0,0,0,0,1,0,0,0,0,1,54.86948387264826,15.0,malicious
1,0.1,0,0,0,0,0,0,0,0,0,0,0,0,0,1,74.8771350576814,15.0,suspicious
0,0.08,0,0,0,0,0,0,0,1,1,0,0,0,0,0,70.64863651121503,0.0,normal
1,0.08,0,0,0,0,0,0,0,0,0,0,0,0,0,0,89.38280673655103,0.0,normal
0,0.05,0,0,0,0,0,0,0,0,0,0,0,1,0,0,79.7930858271634,60.0,normal
0,0.55,0,0,0,0,1,0,0,0,1,0,0,0,0,0,93.02566685235186,0.0,suspicious
1,0.05,0,0,0,0,0,0,0,0,0,0,0,0,0,0,74.12950999398197,0.0,normal
2,0.05,0,0,0,0,0,0,0,1,0,0,0,0,0,0,100.0,0.0,normal
1,0.35,0,0,0,0,0,0,0,0,1,1,0,0,0,0,65.24171501833453,0.0,malicious
2,0.1,0,0,0,0,0,0,0,0,0,0,0,1,0,0,93.54348183040281,60.0,malicious
5,0.35,0,0,0,0,0,0,0,0,0,0,0,0,0,0,74.39843115524306,0.0,malicious
1,0.08,0,0,0,0,0,0,0,0,0,0,0,0,0,0,82.43323496828675,0.0,normal
1,0.25,0,0,0,0,0,0,1,0,1,1,0,0,0,1,87.1823777212285,15.0,malicious
0,0.55,0,0,0,0,1,0,0,1,1,0,0,0,0,0,60.11691348112102,0.0,malicious
1,0.55,0,0,0,0,1,0,0,1,1,0,0,0,0,0,50.88435923526825,0.0,malicious
0,0.08,0,0,0,0,0,0,0,0,0,0,0,0,1,0,100.0,30.0,normal
0,0.05,0,0,0,0,0,0,0,0,0,0,0,0,0,0,80.29327776257284,0.0,normal
0,0.1,0,0,0,0,0,0,0,0,1,0,1,0,0,0,82.80000015231089,70.0,suspicious
0,0.08,0,0,0,0,0,0,0,0,0,0,0,0,0,0,91.48694970379647,0.0,normal
0,0.05,0,0,0,0,0,0,0,0,0,0,0,0,0,0,73.61294709856904,0.0,normal
0,0.55,0,0,0,0,1,0,0,0,1,1,0,1,0,0,77.77971313550213,60.0,malicious
1,0.25,0,0,0,0,0,0,1,0,0,0,0,0,0,0,65.64319911279179,0.0,suspicious
0,0.1,0,0,0,0,0,0,0,0,0,0,0,0,0,0,86.54198910057148,0.0,normal
0,0.25,0,0,0,0,0,0,1,0,1,1,0,0,0,0,61.35104123803196,0.0,malicious
0,0.08,0,0,0,0,0,0,0,0,0,1,0,0,0,0,74.96277155640145,0.0,normal
0,0.05,0,0,0,0,0,0,0,0,0,0,0,0,0,0,79.94957476115195,0.0,normal
0,0.05,0,0,0,0,0,0,0,0,0,0,0,0,0,1,84.80579194228973,15.0,normal
1,0.35,0,0,0,0,0,0,0,0,0,0,0,0,0,0,63.88515769840996,0.0,suspicious
0,0.05,0,0,0,0,0,0,0,0,0,0,0,0,0,1,65.08248771036243,15.0,normal
0,0.45,0,0,0,0,0,1,0,0,1,1,0,0,0,0,76.32834104761281,0.0,malicious
2,0.9,0,0,1,0,0,0,0,1,0,1,0,0,0,0,76.9242512691998,0.0,malicious
0,0.1,0,0,0,0,0,0,0,0,1,0,0,0,0,0,83.70070407465268,0.0,normal
0,0.05,0,0,0,0,0,0,0,1,0,0,0,0,0,0,82.59628190831067,0.0,normal
3,0.35,0,0,0,0,0,0,0,0,0,0,0,0,0,0,57.688119386777274,0.0,malicious
1,0.05,0,0,0,0,0,0,0,0,0,0,0,0,0,0,100.0,0.0,normal
1,0.55,0,0,0,0,1,0,0,1,0,1,0,0,0,0,69.69364914817412,0.0,malicious
0,0.08,0,0,0,0,0,0,0,0,0,0,0,0,0,0,100.0,0.0,normal
1,0.08,0,0,0,0,0,0,0,1,1,0,0,0,1,0,76.30848947346823,30.0,malicious
0,0.1,0,0,0,0,0,0,0,0,0,0,0,0,0,0,66.2485076531365,0.0,normal
1,0.08,0,0,0,0,0,0,0,0,0,0,0,0,0,0,94.13505227449075,0.0,normal
0,0.1,0,0,0,0,0,0,0,0,0,0,0,0,0,0,100.0,0.0,normal
2,0.1,0,0,0,0,0,0,0,0,0,0,0,0,0,0,71.48775256347972,0.0,normal
0,0.1,0,0,0,0,0,0,0,0,0,0,0,0,0,0,77.33964098565711,0.0,suspicious
2,0.08,0,0,0,0,0,0,0,0,0,1,0,1,0,0,90.52472244141822,60.0,malicious
0,0.25,0,0,0,0,0,0,1,0,1,1,0,0,0,0,84.53837496187545,0.0,suspicious
0,0.08,0,0,0,0,0,0,0,0,0,0,0,0,0,0,73.54508930656338,0.0,normal
0,0.55,0,0,0,0,1,0,0,0,0,0,0,0,0,0,67.5510280515098,0.0,suspicious
0,0.1,0,0,0,0,0,0,0,0,0,0,0,0,0,0,88.75735955024574,0.0,normal
0,0.08,0,0,0,0,0,0,0,0,0,0,0,0,0,0,82.87194420017744,0.0,normal
0,0.35,0,0,0,0,0,0,0,0,0,0,0,0,0,0,56.04460422269251,0.0,suspicious
0,0.1,0,0,0,0,0,0,0,0,0,0,0,0,0,0,68.52782405659455,0.0,normal
0,0.05,0,0,0,0,0,0,0,0,0,0,0,0,0,0,97.96527039289138,0.0,normal
0,0.08,0,0,0,0,0,0,0,0,0,0,0,0,0,0,100.0,0.0,normal
0,0.85,1,0,0,0,0,0,0,1,0,0,0,0,0,0,52.522956357511504,0.0,malicious
0,0.25,0,0,0,0,0,0,1,1,1,1,0,0,0,0,81.18089113383881,0.0,malicious
2,0.08,0,0,0,0,0,0,0,0,0,0,0,0,0,0,79.08644252067388,0.0,normal
1,0.08,0,0,0,0,0,0,0,0,1,1,0,1,0,0,94.32455032292754,60.0,malicious
0,0.08,0,0,0,0,0,0,0,0,0,0,0,0,0,0,88.27096547051569,0.0,normal
0,0.08,0,0,0,0,0,0,0,0,0,0,0,0,0,0,84.84927868437482,0.0,normal
1,0.25,0,0,0,0,0,0,1,1,0,0,0,0,0,0,85.28258821397263,0.0,suspicious
0,0.05,0,0,0,0,0,0,0,0,0,0,0,0,0,0,96.71502576205982,0.0,normal
0,0.08,0,0,0,0,0,0,0,0,0,0,0,0,0,0,87.70089494865184,0.0,normal
0,0.1,0,0,0,0,0,0,0,0,0,0,0,0,0,1,77.89583321184982,15.0,normal
1,0.3,0,0,0,0,0,0,0,0,0,0,0,0,0,0,55.49603714929951,0.0,normal
0,0.1,0,0,0,0,0,0,0,0,0,1,0,0,0,0,100.0,0.0,normal
0,0.45,0,0,0,0,0,1,0,0,1,0,0,0,0,0,90.03653762126574,0.0,suspicious
3,1.0,0,0,0,1,0,0,0,0,1,0,0,1,0,0,36.94855635750228,60.0,malicious
0,0.1,0,0,0,0,0,0,0,0,0,0,0,0,0,1,85.19901112718047,15.0,normal
2,0.25,0,0,0,0,0,0,1,1,1,1,0,0,0,0,69.86521338635961,0.0,malicious
0,0.08,0,0,0,0,0,0,0,1,0,1,0,0,0,0,100.0,0.0,normal
0,0.05,0,0,0,0,0,0,0,0,0,1,0,0,1,0,94.86734336460756,30.0,normal
0,0.1,0,0,0,0,0,0,0,0,1,0,1,0,0,0,83.65060606897978,70.0,suspicious
2,0.1,0,0,0,0,0,0,0,0,1,0,0,0,0,1,86.98122188539159,15.0,malicious
0,0.1,0,0,0,0,0,0,0,0,0,0,0,0,1,1,78.50443647040811,45.0,normal
0,0.05,0,0,0,0,0,0,0,0,0,0,0,0,0,1,95.26008824949089,15.0,normal
2,0.1,0,0,0,0,0,0,0,0,1,0,0,0,0,0,74.06811039677152,0.0,malicious
0,0.85,1,0,0,0,0,0,0,1,0,0,1,0,0,0,67.74948189167205,70.0,malicious
0,0.05,0,0,0,0,0,0,0,0,0,0,0,0,0,1,89.51888033326658,15.0,normal
2,0.3,0,0,0,0,0,0,0,0,1,1,0,0,0,0,80.5964644192447,0.0,malicious
1,0.08,0,0,0,0,0,0,0,0,0,0,0,0,0,0,93.8332923855534,0.0,normal
2,0.1,0,0,0,0,0,0,0,0,0,0,1,0,0,0,74.47089166368795,70.0,malicious
0,1.0,0,0,0,1,0,0,0,1,1,0,0,0,0,0,74.94146835843323,0.0,malicious
0,0.05,0,0,0,0,0,0,0,0,0,0,0,0,0,1,91.55919914971864,15.0,normal
0,0.1,0,0,0,0,0,0,0,0,0,1,0,0,0,0,64.1699708457595,0.0,normal
0,0.5,0,1,0,0,0,0,0,1,0,0,0,0,0,0,42.934341309196704,0.0,malicious
5,0.35,0,0,0,0,0,0,0,1,0,0,0,0,0,0,72.94095543030441,0.0,malicious
1,0.1,0,0,0,0,0,0,0,0,1,0,0,1,0,0,57.722718879488134,60.0,malicious
0,0.05,0,0,0,0,0,0,0,0,0,0,0,0,0,0,68.50304748870361,0.0,normal
0,0.1,0,0,0,0,0,0,0,0,0,0,0,0,0,1,69.7263897054323,15.0,normal
0,0.1,0,0,0,0,0,0,0,0,1,0,0,0,0,0,84.56674096860448,0.0,normal
1,0.08,0,0,0,0,0,0,0,0,0,1,0,0,1,0,93.45564402322023,30.0,suspicious
0,0.1,0,0,0,0,0,0,0,0,1,1,0,0,0,0,89.53835549639615,0.0,suspicious
1,0.1,0,0,0,0,0,0,0,1,0,0,0,0,0,0,88.51713621594513,0.0,normal
0,0.1,0,0,0,0,0,0,0,0,0,0,1,0,0,0,84.80578651494739,70.0,normal
2,0.1,0,0,0,0,0,0,0,0,0,0,0,0,0,0,85.50271519882902,0.0,normal
2,0.9,0,0,1,0,0,0,0,0,1,1,0,0,0,0,75.0164487098632,0.0,malicious
0,0.08,0,0,0,0,0,0,0,0,0,0,0,1,0,0,75.94156863536163,60.0,suspicious
3,0.05,0,0,0,0,0,0,0,0,0,0,0,0,0,1,75.7563262052248,15.0,malicious
1,0.05,0,0,0,0,0,0,0,0,0,0,0,1,0,0,76.01713127436498,60.0,malicious
0,0.08,0,0,0,0,0,0,0,1,0,0,0,0,0,1,87.95173947327916,15.0,normal
0,0.08,0,0,0,0,0,0,0,0,0,0,0,0,0,0,62.35169765674543,0.0,normal
1,0.08,0,0,0,0,0,0,0,0,0,0,0,0,0,0,94.00762952337024,0.0,normal
2,0.08,0,0,0,0,0,0,0,0,0,0,0,1,1,0,84.04789116475395,90.0,malicious
2,0.08,0,0,0,0,0,0,0,0,0,1,0,0,0,0,88.76244241182494,0.0,suspicious
0,0.1,0,0,0,0,0,0,0,0,1,1,0,0,0,0,71.95586001699868,0.0,suspicious
1,0.9,0,0,1,0,0,0,0,0,0,1,0,0,0,1,82.35147158983347,15.0,malicious
0,0.05,0,0,0,0,0,0,0,0,0,0,0,0,0,0,78.06292788422364,0.0,normal
0,0.05,0,0,0,0,0,0,0,0,0,0,0,0,0,0,72.15431863714858,0.0,suspicious
0,0.1,0,0,0,0,0,0,0,0,1,0,0,0,0,1,99.14850544678458,15.0,normal
0,0.08,0,0,0,0,0,0,0,0,0,0,0,0,0,0,86.12760722298772,0.0,normal
0,0.05,0,0,0,0,0,0,0,0,0,0,0,0,0,0,90.51003642658506,0.0,normal
1,0.25,0,0,0,0,0,0,1,0,1,1,0,0,0,0,86.82855518019046,0.0,malicious
0,0.5,0,1,0,0,0,0,0,0,1,0,0,0,0,0,45.29716008896963,0.0,malicious
1,0.05,0,0,0,0,0,0,0,0,0,0,0,0,1,0,85.10031043909483,30.0,normal
0,0.9,0,0,1,0,0,0,0,0,0,1,0,0,0,0,84.65705070794579,0.0,malicious
1,0.05,0,0,0,0,0,0,0,0,0,0,0,0,0,0,50.83360474077712,0.0,normal
1,0.08,0,0,0,0,0,0,0,0,0,0,0,0,1,0,86.56334883418074,30.0,normal
0,0.1,0,0,0,0,0,0,0,0,0,0,0,0,0,0,88.34658053773936,0.0,normal
0,0.05,0,0,0,0,0,0,0,0,0,1,0,0,0,0,100.0,0.0,normal
0,0.08,0,0,0,0,0,0,0,0,0,0,0,0,0,0,78.84063069669709,0.0,normal
0,0.9,0,0,1,0,0,0,0,0,0,0,0,0,0,1,46.79652196687952,15.0,malicious
0,0.5,0,1,0,0,0,0,0,0,0,1,0,0,0,0,78.65278514482135,0.0,suspicious
2,0.1,0,0,0,0,0,0,0,0,0,0,0,0,0,0,80.16241732497718,0.0,suspicious
3,0.35,0,0,0,0,0,0,0,1,0,0,0,0,0,0,63.666890244666526,0.0,malicious
0,0.05,0,0,0,0,0,0,0,0,0,0,0,0,0,1,59.38271102478022,15.0,normal
1,0.35,0,0,0,0,0,0,0,0,0,0,0,0,0,0,77.31799687488031,0.0,normal
0,0.08,0,0,0,0,0,0,0,0,0,1,0,0,0,1,63.71269037421022,15.0,normal
5,0.35,0,0,0,0,0,0,0,0,0,1,0,0,0,0,64.12764666627312,0.0,malicious
0,0.08,0,0,0,0,0,0,0,0,0,0,0,1,0,0,100.0,60.0,normal
1,0.05,0,0,0,0,0,0,0,0,0,0,0,0,0,0,79.44382887963575,0.0,normal
2,0.1,0,0,0,0,0,0,0,0,0,0,0,0,0,0,89.47826107311779,0.0,normal
0,0.08,0,0,0,0,0,0,0,0,0,1,0,0,0,0,90.51929317193252,0.0,normal
0,0.1,0,0,0,0,0,0,0,0,0,0,0,0,0,0,78.07955486351753,0.0,normal
1,0.05,0,0,0,0,0,0,0,0,0,0,0,0,0,0,64.68479369357017,0.0,normal
1,0.1,0,0,0,0,0,0,0,0,0,0,1,1,0,0,100.0,100.0,malicious
1,0.08,0,0,0,0,0,0,0,0,0,0,0,0,0,0,97.21004331300611,0.0,normal
0,0.08,0,0,0,0,0,0,0,0,0,0,0,0,0,0,90.72425735188546,0.0,normal
0,0.5,0,1,0,0,0,0,0,0,0,1,0,0,0,0,75.84205523789528,0.0,suspicious
0,0.55,0,0,0,0,1,0,0,0,0,1,0,0,0,0,74.45219769807993,0.0,malicious
0,0.08,0,0,0,0,0,0,0,0,0,0,0,0,0,0,71.75308272537539,0.0,normal
0,0.08,0,0,0,0,0,0,0,0,0,0,0,0,0,0,86.32650263000895,0.0,normal
0,0.1,0,0,0,0,0,0,0,0,0,0,0,0,0,1,76.03584872420859,15.0,normal
1,0.1,0,0,0,0,0,0,0,0,1,0,0,1,0,0,89.17905849369804,60.0,suspicious
0,0.1,0,0,0,0,0,0,0,0,0,0,0,0,0,0,96.5453853905205,0.0,normal
1,0.1,0,0,0,0,0,0,0,0,0,0,0,1,0,0,90.36894518382279,60.0,suspicious
1,0.35,0,0,0,0,0,0,0,0,0,0,0,0,0,1,64.95156067617476,15.0,suspicious
3,0.1,0,0,0,0,0,0,0,1,1,0,0,0,0,0,77.05592432831882,0.0,malicious
0,0.08,0,0,0,0,0,0,0,0,0,0,0,0,0,1,94.4944874144822,15.0,normal
0,0.1,0,0,0,0,0,0,0,1,0,0,0,0,0,0,84.93078619960514,0.0,normal
1,0.1,0,0,0,0,0,0,0,0,0,0,0,0,0,0,80.04517194634865,0.0,normal
2,0.08,0,0,0,0,0,0,0,1,0,0,0,0,0,1,100.0,15.0,suspicious
0,0.08,0,0,0,0,0,0,0,0,0,0,0,0,0,0,94.90055795647004,0.0,normal
0,0.1,0,0,0,0,0,0,0,0,1,0,0,0,0,0,84.5749478943707,0.0,normal
1,0.08,0,0,0,0,0,0,0,0,0,0,0,0,0,0,80.51159746045072,0.0,normal
0,0.1,0,0,0,0,0,0,0,0,1,0,0,0,0,0,85.47462320455216,0.0,normal
1,0.25,0,0,0,0,0,0,1,1,0,1,0,0,1,0,87.2399791945391,30.0,malicious
0,0.05,0,0,0,0,0,0,0,0,0,0,0,0,0,0,65.8196311832011,0.0,normal
2,0.3,0,0,0,0,0,0,0,1,0,0,0,0,1,0,87.64822020326807,30.0,malicious
1,0.05,0,0,0,0,0,0,0,1,0,0,0,0,0,0,85.79047658523264,0.0,normal
0,0.45,0,0,0,0,0,1,0,0,0,0,0,0,0,0,67.39733306671172,0.0,normal
3,0.35,0,0,0,0,0,0,0,1,0,0,0,0,0,0,76.80943992055968,0.0,malicious
0,0.05,0,0,0,0,0,0,0,0,0,0,0,0,0,0,89.86010573124763,0.0,normal
1,0.05,0,0,0,0,0,0,0,0,0,0,0,0,0,0,78.81706515851388,0.0,normal
0,0.25,0,0,0,0,0,0,1,1,1,1,0,0,1,0,59.94854702472006,30.0,malicious
1,0.3,0,0,0,0,0,0,0,0,0,0,0,0,1,1,94.92073463425302,45.0,normal
0,0.08,0,0,0,0,0,0,0,0,0,0,0,1,0,0,100.0,60.0,normal
0,0.1,0,0,0,0,0,0,0,0,0,1,0,0,0,0,86.21482282734712,0.0,normal
0,0.1,0,0,0,0,0,0,0,0,1,0,0,0,0,0,83.38595781385035,0.0,normal
0,0.5,0,1,0,0,0,0,0,0,0,0,0,1,0,0,54.44648419632364,60.0,malicious
0,0.05,0,0,0,0,0,0,0,0,0,0,0,1,0,1,90.25666548645246,75.0,normal
1,0.08,0,0,0,0,0,0,0,0,0,0,0,0,0,0,59.60717308952721,0.0,normal
0,0.08,0,0,0,0,0,0,0,0,0,0,0,0,0,0,80.45326098670229,0.0,normal
0,0.45,0,0,0,0,0,1,0,0,1,1,0,0,0,0,88.39553470837946,0.0,malicious
0,0.05,0,0,0,0,0,0,0,0,0,0,0,1,0,0,63.646293283460736,60.0,normal
0,0.05,0,0,0,0,0,0,0,0,0,0,0,0,1,0,80.36500932236382,30.0,normal
0,0.25,0,0,0,0,0,0,1,0,1,1,0,0,0,0,75.5112607685291,0.0,normal
0,0.05,0,0,0,0,0,0,0,0,0,0,0,0,0,0,63.69314760823628,0.0,normal
2,0.1,0,0,0,0,0,0,0,1,0,0,0,0,0,1,85.4231183220293,15.0,suspicious
1,0.5,0,1,0,0,0,0,0,0,0,0,0,0,0,0,58.01178268696021,0.0,malicious
0,0.1,0,0,0,0,0,0,0,1,1,0,0,0,0,0,85.7873028197759,0.0,normal
0,0.1,0,0,0,0,0,0,0,0,0,0,0,0,0,0,69.13983481748643,0.0,normal
0,0.1,0,0,0,0,0,0,0,0,0,0,0,0,0,1,82.88314472385152,15.0,normal
1,0.25,0,0,0,0,0,0,1,0,1,0,0,0,0,1,97.45598916055327,15.0,normal
0,0.3,0,0,0,0,0,0,0,1,0,0,0,0,0,1,86.23527338940298,15.0,normal
1,0.1,0,0,0,0,0,0,0,0,0,0,0,0,1,0,64.69581092604129,30.0,suspicious
0,0.08,0,0,0,0,0,0,0,0,0,0,0,0,0,0,81.18948449284397,0.0,normal
1,0.25,0,0,0,0,0,0,1,0,0,1,0,0,0,0,86.2015941761003,0.0,suspicious
0,0.5,0,1,0,0,0,0,0,0,0,0,0,1,0,0,79.2347283715846,60.0,malicious
0,0.08,0,0,0,0,0,0,0,0,0,1,0,0,0,0,91.5039856475675,0.0,normal
1,0.45,0,0,0,0,0,1,0,0,1,1,0,1,0,0,97.80287940774731,60.0,malicious
1,0.1,0,0,0,0,0,0,0,0,1,1,0,0,0,0,93.74134909951697,0.0,suspicious
1,0.05,0,0,0,0,0,0,0,0,0,0,0,0,0,0,98.15714406565296,0.0,normal
1,0.9,0,0,1,0,0,0,0,1,0,0,0,0,0,1,55.937291380567096,15.0,malicious
1,0.05,0,0,0,0,0,0,0,0,0,0,0,0,0,0,94.03729406037374,0.0,normal
1,0.1,0,0,0,0,0,0,0,0,0,0,0,0,0,0,92.07390585089419,0.0,suspicious
0,0.08,0,0,0,0,0,0,0,0,0,0,0,0,0,0,69.31442713898149,0.0,normal
1,0.3,0,0,0,0,0,0,0,0,0,0,0,0,0,0,79.8317156008817,0.0,normal
3,0.05,0,0,0,0,0,0,0,0,0,0,0,1,0,1,82.5531322384329,75.0,malicious
0,0.05,0,0,0,0,0,0,0,0,0,0,0,0,0,0,87.61813266304627,0.0,normal
0,0.1,0,0,0,0,0,0,0,1,0,0,0,0,0,0,81.28743777005,0.0,normal
1,0.08,0,0,0,0,0,0,0,0,0,0,0,0,0,0,83.63142706922164,0.0,normal
0,0.3,0,0,0,0,0,0,0,0,0,0,0,0,0,0,75.95961766267013,0.0,normal
0,0.05,0,0,0,0,0,0,0,0,0,0,0,0,0,0,78.65048223051282,0.0,normal
1,0.1,0,0,0,0,0,0,0,0,0,0,0,0,0,0,70.03646489713773,0.0,normal
0,0.08,0,0,0,0,0,0,0,0,0,0,0,0,0,0,88.10363339275946,0.0,normal
1,0.45,0,0,0,0,0,1,0,1,0,1,0,0,0,0,79.71608731300341,0.0,malicious
2,0.1,0,0,0,0,0,0,0,0,1,0,0,0,0,1,86.2673806706468,15.0,suspicious
0,0.3,0,0,0,0,0,0,0,0,0,1,0,0,0,0,79.12926763857195,0.0,normal
0,0.9,0,0,1,0,0,0,0,0,1,1,0,0,1,1,67.62971972425235,45.0,malicious
2,0.25,0,0,0,0,0,0,1,1,0,0,0,0,0,1,96.68313164649926,15.0,malicious
1,0.25,0,0,0,0,0,0,1,0,1,0,0,0,0,0,70.26860679221542,0.0,malicious
1,0.08,0,0,0,0,0,0,0,0,0,0,0,1,0,1,59.93843802628164,75.0,malicious
0,0.08,0,0,0,0,0,0,0,0,0,0,0,0,0,0,80.63842458015837,0.0,normal
2,0.1,0,0,0,0,0,0,0,0,0,0,0,0,0,0,95.2759553557566,0.0,suspicious
1,0.08,0,0,0,0,0,0,0,0,0,0,0,0,0,0,89.87600594627013,0.0,normal
1,0.3,0,0,0,0,0,0,0,0,1,1,0,0,0,0,89.91783067103387,0.0,malicious
0,0.1,0,0,0,0,0,0,0,0,1,0,0,0,0,0,60.998663872197824,0.0,normal
0,0.08,0,0,0,0,0,0,0,1,0,0,0,0,0,1,81.13239925227064,15.0,normal
0,0.08,0,0,0,0,0,0,0,0,0,0,1,1,0,0,88.9285604634713,100.0,suspicious
1,0.05,0,0,0,0,0,0,0,0,0,0,0,0,0,0,76.36429414218269,0.0,normal
0,0.05,0,0,0,0,0,0,0,0,0,0,0,0,0,1,71.38927822161897,15.0,normal
1,0.1,0,0,0,0,0,0,0,0,0,1,0,0,0,0,95.75158921769565,0.0,normal
1,0.1,0,0,0,0,0,0,0,0,0,0,0,1,0,0,71.75731025104677,60.0,normal
0,0.5,0,1,0,0,0,0,0,0,0,1,0,0,0,0,58.36451391383824,0.0,malicious
1,0.1,0,0,0,0,0,0,0,0,1,0,0,0,0,1,93.7746309382042,15.0,normal
0,0.08,0,0,0,0,0,0,0,0,0,0,0,0,0,0,87.87380394604308,0.0,normal
0,0.9,0,0,1,0,0,0,0,0,0,1,0,0,0,1,84.83217759429866,15.0,malicious
0,0.25,0,0,0,0,0,0,1,0,0,0,1,1,0,1,100.0,100.0,malicious
2,0.08,0,0,0,0,0,0,0,0,0,0,0,0,0,0,95.07949348824857,0.0,normal
1,0.25,0,0,0,0,0,0,1,1,0,0,0,0,0,0,90.14658228308475,0.0,normal
0,0.08,0,0,0,0,0,0,0,0,0,1,0,0,0,0,79.5488466080352,0.0,normal
1,0.35,0,0,0,0,0,0,0,0,0,0,0,0,0,0,60.68242571963103,0.0,suspicious
0,0.1,0,0,0,0,0,0,0,0,0,0,0,0,0,1,87.18878713364734,15.0,normal
4,0.35,0,0,0,0,0,0,0,0,0,0,0,0,0,1,69.01526193316921,15.0,malicious
2,0.25,0,0,0,0,0,0,1,0,0,0,0,1,0,0,77.65146539801181,60.0,malicious
0,0.45,0,0,0,0,0,1,0,0,0,1,0,0,0,0,75.57291865043932,0.0,suspicious
0,0.08,0,0,0,0,0,0,0,0,0,0,0,0,0,0,80.16523927174414,0.0,normal
2,0.55,0,0,0,0,1,0,0,0,0,0,0,0,0,0,62.88724012910555,0.0,malicious
0,0.1,0,0,0,0,0,0,0,0,1,0,0,0,0,0,99.19561325971289,0.0,normal
0,0.08,0,0,0,0,0,0,0,0,0,0,0,0,0,0,77.82516431084602,0.0,normal
1,0.05,0,0,0,0,0,0,0,0,0,0,0,0,0,0,89.09998373366531,0.0,normal
0,0.05,0,0,0,0,0,0,0,0,0,0,0,0,0,0,100.0,0.0,suspicious
1,0.08,0,0,0,0,0,0,0,0,0,0,0,0,0,0,79.68936749470537,0.0,normal
1,0.05,0,0,0,0,0,0,0,0,0,0,0,0,0,0,80.5225385208672,0.0,normal
0,0.05,0,0,0,0,0,0,0,0,0,0,0,0,0,1,78.83080321598533,15.0,normal
2,0.05,0,0,0,0,0,0,0,0,0,0,0,0,0,0,85.35355966501481,0.0,suspicious
1,0.25,0,0,0,0,0,0,1,0,1,0,0,0,0,0,57.838597962229414,0.0,malicious
1,0.35,0,0,0,0,0,0,0,0,0,0,0,0,0,0,74.82053314878782,0.0,normal
0,0.05,0,0,0,0,0,0,0,0,0,0,0,0,0,0,93.3970547575147,0.0,normal
0,0.05,0,0,0,0,0,0,0,0,0,0,0,0,0,0,78.0387552346982,0.0,normal
0,0.1,0,0,0,0,0,0,0,0,1,0,0,0,0,0,88.77822727806942,0.0,normal
0,0.08,0,0,0,0,0,0,0,0,0,0,0,0,0,0,71.92464250589784,0.0,normal
1,0.25,0,0,0,0,0,0,1,0,1,1,0,0,0,0,100.0,0.0,suspicious
0,1.0,0,0,0,1,0,0,0,0,1,1,0,0,1,0,63.43312118763779,30.0,malicious
0,0.05,0,0,0,0,0,0,0,1,0,0,0,0,0,0,73.23276025015578,0.0,suspicious
1,0.05,0,0,0,0,0,0,0,0,0,0,0,1,0,0,92.17739364639907,60.0,suspicious
0,0.08,0,0,0,0,0,0,0,0,0,0,0,0,0,0,78.27560587001916,0.0,suspicious
2,0.1,0,0,0,0,0,0,0,0,0,0,0,0,0,0,91.31819763726179,0.0,suspicious
3,0.05,0,0,0,0,0,0,0,0,0,0,0,0,0,0,81.39007385725705,0.0,malicious
2,0.1,0,0,0,0,0,0,0,0,1,0,0,0,0,0,69.81392033299613,0.0,malicious
1,0.1,0,0,0,0,0,0,0,0,0,0,0,0,0,0,84.42267080030416,0.0,normal
0,0.45,0,0,0,0,0,1,0,1,1,0,0,0,0,0,64.20531312479403,0.0,malicious
0,0.08,0,0,0,0,0,0,0,0,0,0,0,0,0,1,89.09915454635626,15.0,normal
1,0.1,0,0,0,0,0,0,0,0,0,0,0,0,0,0,73.73842109513602,0.0,normal
0,0.25,0,0,0,0,0,0,1,1,0,0,0,0,0,1,100.0,15.0,suspicious
0,0.1,0,0,0,0,0,0,0,0,1,0,0,0,0,0,65.58972696787147,0.0,normal
1,0.05,0,0,0,0,0,0,0,0,0,0,0,0,0,1,58.41035873450497,15.0,normal
1,0.25,0,0,0,0,0,0,1,0,0,0,0,0,0,1,59.232659625573135,15.0,malicious
0,0.35,0,0,0,0,0,0,0,0,0,1,0,1,0,0,96.99807805718532,60.0,suspicious
2,0.1,0,0,0,0,0,0,0,0,0,0,0,0,0,0,95.74503670207255,0.0,normal
0,0.1,0,0,0,0,0,0,0,0,1,0,0,0,0,0,81.19593430907062,0.0,normal
3,0.05,0,0,0,0,0,0,0,0,0,0,0,0,0,0,73.16796195197023,0.0,suspicious
1,0.55,0,0,0,0,1,0,0,0,0,0,1,0,0,0,79.34412201719063,70.0,malicious
0,0.25,0,0,0,0,0,0,1,0,0,0,0,1,0,0,88.52501161875415,60.0,normal
1,0.3,0,0,0,0,0,0,0,1,1,0,0,0,0,0,69.88009596835931,0.0,suspicious
0,0.05,0,0,0,0,0,0,0,0,0,1,0,0,0,1,86.36179976442618,15.0,normal
1,0.3,0,0,0,0,0,0,0,0,1,1,0,0,0,0,76.55738308365083,0.0,malicious
1,0.1,0,0,0,0,0,0,0,0,0,0,0,1,0,0,87.87979197469252,60.0,suspicious
1,0.55,0,0,0,0,1,0,0,1,0,0,0,0,0,0,72.50245858649316,0.0,malicious
0,0.1,0,0,0,0,0,0,0,0,0,0,0,1,0,0,100.0,60.0,normal
0,0.05,0,0,0,0,0,0,0,0,0,0,0,0,0,0,82.14350361925993,0.0,normal
0,0.1,0,0,0,0,0,0,0,0,1,1,0,0,0,0,100.0,0.0,normal
1,0.05,0,0,0,0,0,0,0,0,0,0,0,0,0,1,96.42139992608149,15.0,normal
0,0.08,0,0,0,0,0,0,0,0,0,1,0,0,0,0,71.39872806711418,0.0,normal
2,0.35,0,0,0,0,0,0,0,0,0,0,0,0,0,0,77.79110428149173,0.0,normal
0,0.05,0,0,0,0,0,0,0,0,0,0,1,0,0,0,66.03943087693646,70.0,suspicious
0,0.1,0,0,0,0,0,0,0,0,0,0,0,0,0,0,82.05508063385041,0.0,normal
1,0.05,0,0,0,0,0,0,0,0,0,1,0,0,0,0,66.23573269507693,0.0,normal
0,0.1,0,0,0,0,0,0,0,0,0,0,0,0,0,0,61.78984713931892,0.0,suspicious
0,0.05,0,0,0,0,0,0,0,0,0,0,0,0,0,1,80.95397887405261,15.0,normal
2,0.35,0,0,0,0,0,0,0,0,0,0,0,0,0,0,65.39654877252589,0.0,suspicious
0,0.08,0,0,0,0,0,0,0,0,0,0,0,0,0,0,100.0,0.0,normal
0,0.9,0,0,1,0,0,0,0,1,0,1,0,0,0,0,82.36837043072259,0.0,malicious
0,0.45,0,0,0,0,0,1,0,0,0,1,0,0,0,0,96.61294597357549,0.0,normal
1,0.08,0,0,0,0,0,0,0,0,0,0,0,0,0,0,100.0,0.0,normal
0,0.5,0,1,0,0,0,0,0,0,1,1,0,0,0,0,52.31303345983598,0.0,malicious
1,0.45,0,0,0,0,0,1,0,1,0,1,1,0,0,0,72.96904926100447,70.0,malicious
1,0.08,0,0,0,0,0,0,0,0,0,0,0,0,0,1,98.0162083374106,15.0,normal
0,0.25,0,0,0,0,0,0,1,0,0,1,0,0,0,0,93.99638877151325,0.0,normal
1,0.1,0,0,0,0,0,0,0,0,0,1,0,0,0,0,74.83309579533088,0.0,normal
1,0.08,0,0,0,0,0,0,0,0,0,0,0,0,0,0,71.28982867006117,0.0,normal
0,0.05,0,0,0,0,0,0,0,0,0,0,0,0,0,0,76.04425030884543,0.0,normal
1,0.35,0,0,0,0,0,0,0,1,0,0,0,0,0,0,68.1437553983105,0.0,suspicious
1,0.1,0,0,0,0,0,0,0,0,0,0,0,0,1,0,80.76725347396832,30.0,suspicious
0,0.05,0,0,0,0,0,0,0,0,0,0,0,0,0,0,85.10818482847763,0.0,normal
1,0.1,0,0,0,0,0,0,0,0,0,0,0,0,0,0,84.27813062921088,0.0,normal
1,0.08,0,0,0,0,0,0,0,0,0,0,0,0,0,0,53.026633889974114,0.0,normal
0,0.08,0,0,0,0,0,0,0,0,0,0,0,0,0,0,83.17474499347674,0.0,normal
1,0.05,0,0,0,0,0,0,0,0,0,1,0,0,0,0,91.31644294951413,0.0,normal
0,0.08,0,0,0,0,0,0,0,0,1,0,0,0,0,0,97.07854396153957,0.0,normal
1,0.08,0,0,0,0,0,0,0,0,0,0,1,0,0,0,77.0686204791997,70.0,suspicious
1,0.35,0,0,0,0,0,0,0,0,0,0,0,0,0,0,56.44376284497537,0.0,suspicious
1,0.35,0,0,0,0,0,0,0,0,0,1,0,0,0,0,67.53331998819502,0.0,malicious
5,0.35,0,0,0,0,0,0,0,0,0,0,0,0,0,0,86.28296529777751,0.0,malicious
0,0.55,0,0,0,0,1,0,0,0,1,1,0,0,0,0,76.8653617524011,0.0,suspicious
0,0.25,0,0,0,0,0,0,1,0,0,0,0,0,0,0,91.9323128082413,0.0,normal
0,0.1,0,0,0,0,0,0,0,0,1,0,0,0,1,0,91.79614866728903,30.0,normal
2,0.1,0,0,0,0,0,0,0,0,1,0,0,0,0,0,74.7422209684323,0.0,malicious
0,0.5,0,1,0,0,0,0,0,0,1,1,0,0,0,0,57.82867009274572,0.0,malicious
1,1.0,0,0,0,1,0,0,0,0,1,0,0,0,0,0,76.61179720060711,0.0,malicious
0,0.05,0,0,0,0,0,0,0,0,0,0,1,0,0,1,100.0,85.0,normal
1,0.1,0,0,0,0,0,0,0,1,0,0,0,0,0,0,71.45771447713648,0.0,suspicious
0,0.3,0,0,0,0,0,0,0,1,1,0,0,0,0,0,95.48306843674723,0.0,normal
1,0.05,0,0,0,0,0,0,0,1,0,0,0,0,0,1,60.90878209824736,15.0,suspicious
0,0.08,0,0,0,0,0,0,0,0,0,0,1,0,0,0,73.64909919651033,70.0,suspicious
1,0.05,0,0,0,0,0,0,0,0,0,1,0,0,0,0,73.60317766512578,0.0,normal
1,0.55,0,0,0,0,1,0,0,0,0,1,0,0,0,0,57.79567818981883,0.0,malicious
0,0.5,0,1,0,0,0,0,0,1,0,0,0,0,0,1,60.30506953502671,15.0,suspicious
0,0.05,0,0,0,0,0,0,0,0,0,0,0,0,0,0,81.38986952519343,0.0,normal
1,0.1,0,0,0,0,0,0,0,0,0,0,1,0,0,0,86.76866549816238,70.0,suspicious
0,0.05,0,0,0,0,0,0,0,0,0,0,0,1,0,0,74.32850412233206,60.0,normal
0,0.05,0,0,0,0,0,0,0,0,0,0,0,0,0,0,88.15179575350291,0.0,normal
1,0.1,0,0,0,0,0,0,0,0,1,0,0,0,0,0,98.67636745762238,0.0,normal
0,0.08,0,0,0,0,0,0,0,0,0,1,0,0,0,1,83.72434480493311,15.0,normal
0,0.1,0,0,0,0,0,0,0,0,1,0,0,0,0,0,77.19584370546532,0.0,normal
0,0.1,0,0,0,0,0,0,0,0,0,0,0,1,0,0,64.24514707730269,60.0,normal
0,0.3,0,0,0,0,0,0,0,1,0,0,0,0,0,0,88.75838386967744,0.0,normal
0,0.1,0,0,0,0,0,0,0,0,1,1,0,0,0,0,38.11264620310622,0.0,malicious
2,0.1,0,0,0,0,0,0,0,0,1,1,0,0,0,0,88.77735978557673,0.0,malicious
2,0.1,0,0,0,0,0,0,0,1,0,0,0,0,1,0,93.91432504531835,30.0,suspicious
0,0.08,0,0,0,0,0,0,0,0,0,0,0,0,0,1,77.14728860564111,15.0,normal
1,0.08,0,0,0,0,0,0,0,1,0,0,0,0,0,0,90.67099028969491,0.0,normal
1,0.05,0,0,0,0,0,0,0,0,0,0,0,0,0,0,100.0,0.0,normal
2,0.35,0,0,0,0,0,0,0,0,0,1,0,0,0,1,63.95369756952331,15.0,malicious
2,0.05,0,0,0,0,0,0,0,0,0,0,0,0,0,0,74.57457788232026,0.0,suspicious
0,0.05,0,0,0,0,0,0,0,0,0,0,0,0,0,1,81.86645243500267,15.0,normal
0,0.1,0,0,0,0,0,0,0,0,1,0,0,0,0,1,86.21145395902025,15.0,normal
0,0.08,0,0,0,0,0,0,0,0,0,0,0,0,0,0,67.83538637480991,0.0,normal
1,0.1,0,0,0,0,0,0,0,0,0,0,0,0,0,0,84.98283001193597,0.0,normal
2,0.35,0,0,0,0,0,0,0,1,0,1,0,0,0,0,74.3202861737856,0.0,malicious
1,0.1,0,0,0,0,0,0,0,0,0,0,0,0,0,0,68.92892537514311,0.0,normal
1,0.1,0,0,0,0,0,0,0,0,1,0,0,0,0,0,82.90516518712899,0.0,normal
0,0.5,0,1,0,0,0,0,0,0,0,1,0,0,0,0,62.47879366047543,0.0,malicious
0,0.45,0,0,0,0,0,1,0,0,0,0,0,0,0,0,79.23690972088201,0.0,normal
0,0.05,0,0,0,0,0,0,0,0,1,0,0,0,0,0,85.01458056046465,0.0,normal
0,0.08,0,0,0,0,0,0,0,1,0,0,0,0,0,0,69.76713050495336,0.0,normal
1,0.1,0,0,0,0,0,0,0,0,1,0,0,0,0,0,100.0,0.0,normal
0,0.08,0,0,0,0,0,0,0,0,0,0,0,0,0,0,98.98295633409978,0.0,normal
0,0.05,0,0,0,0,0,0,0,0,0,0,0,0,0,0,76.0580613160425,0.0,normal
1,0.05,0,0,0,0,0,0,0,0,0,0,0,0,0,0,91.87480272024706,0.0,normal
0,0.1,0,0,0,0,0,0,0,0,1,0,0,0,0,0,100.0,0.0,normal
1,0.05,0,0,0,0,0,0,0,0,1,0,0,0,0,0,94.30945026372703,0.0,normal
0,0.08,0,0,0,0,0,0,0,1,0,0,0,0,0,0,95.00473094170543,0.0,normal
0,0.08,0,0,0,0,0,0,0,1,0,0,0,0,0,0,81.3336609805687,0.0,normal
0,0.08,0,0,0,0,0,0,0,0,0,0,0,0,0,0,67.69789939471477,0.0,normal
0,0.08,0,0,0,0,0,0,0,0,0,0,0,1,0,0,73.9883901382716,60.0,normal
0,0.1,0,0,0,0,0,0,0,0,0,0,0,0,0,0,74.10310001374364,0.0,normal
0,0.55,0,0,0,0,1,0,0,0,0,0,0,0,0,1,69.77455737569124,15.0,malicious
1,0.1,0,0,0,0,0,0,0,0,0,0,0,0,0,0,81.60673062125235,0.0,normal
1,0.08,0,0,0,0,0,0,0,0,0,0,0,1,0,1,66.57042517842915,75.0,malicious
0,0.05,0,0,0,0,0,0,0,0,0,0,0,0,0,0,45.424923238166265,0.0,normal
1,0.08,0,0,0,0,0,0,0,0,0,0,0,0,0,0,84.9214402805643,0.0,normal
0,0.08,0,0,0,0,0,0,0,1,1,0,0,0,1,0,82.93585354514026,30.0,malicious
0,0.25,0,0,0,0,0,0,1,0,0,1,0,0,0,0,77.98167582682719,0.0,suspicious
0,0.45,0,0,0,0,0,1,0,0,0,0,0,0,0,0,94.50650476056278,0.0,normal
1,0.25,0,0,0,0,0,0,1,1,1,1,0,0,0,0,72.74699393355546,0.0,malicious
1,0.08,0,0,0,0,0,0,0,0,0,0,0,0,1,0,83.73276954429734,30.0,suspicious
1,0.1,0,0,0,0,0,0,0,0,0,0,0,0,1,1,82.35213111277098,45.0,suspicious
2,0.85,1,0,0,0,0,0,0,1,0,0,0,0,0,1,74.04322354842947,15.0,malicious
0,0.1,0,0,0,0,0,0,0,1,1,0,0,0,0,0,82.20467847554468,0.0,normal
0,0.08,0,0,0,0,0,0,0,0,0,0,0,0,0,0,93.18161593339931,0.0,normal
1,0.55,0,0,0,0,1,0,0,0,0,1,0,0,0,0,62.695023510301226,0.0,malicious
0,0.08,0,0,0,0,0,0,0,0,0,0,0,0,0,1,50.69639281882333,15.0,normal
2,0.5,0,1,0,0,0,0,0,0,0,1,0,0,0,0,69.94202583589002,0.0,malicious
0,0.1,0,0,0,0,0,0,0,0,0,0,0,0,1,0,91.14610891267726,30.0,normal
0,0.08,0,0,0,0,0,0,0,0,0,0,0,0,0,0,66.20955568806474,0.0,normal
0,0.05,0,0,0,0,0,0,0,1,0,0,0,0,0,0,81.5641447326869,0.0,normal
1,0.35,0,0,0,0,0,0,0,1,1,0,0,0,0,0,63.718486026747144,0.0,malicious
0,0.1,0,0,0,0,0,0,0,0,0,0,1,0,0,1,87.76529551875977,85.0,normal
2,0.05,0,0,0,0,0,0,0,0,0,0,0,0,0,0,91.2520206118926,0.0,normal
0,0.1,0,0,0,0,0,0,0,0,0,0,0,0,0,0,100.0,0.0,normal
0,0.1,0,0,0,0,0,0,0,0,1,0,0,0,0,0,88.67253328049358,0.0,normal
1,0.3,0,0,0,0,0,0,0,0,0,1,0,0,1,0,88.75355305974595,30.0,malicious
0,0.1,0,0,0,0,0,0,0,0,1,0,0,0,0,0,69.47788119846241,0.0,normal
1,0.1,0,0,0,0,0,0,0,0,0,0,0,0,0,0,100.0,0.0,normal
0,0.08,0,0,0,0,0,0,0,0,0,0,0,0,0,1,77.80963758691908,15.0,normal
0,0.05,0,0,0,0,0,0,0,0,0,0,1,0,0,0,100.0,70.0,normal
3,0.9,0,0,1,0,0,0,0,1,0,0,0,0,0,0,61.26832025203042,0.0,malicious
1,0.55,0,0,0,0,1,0,0,0,0,0,0,0,0,0,67.74548070204503,0.0,malicious
0,0.1,0,0,0,0,0,0,0,0,0,0,0,0,0,0,74.02749379664111,0.0,normal
0,0.1,0,0,0,0,0,0,0,0,0,0,0,0,0,0,73.65486379889235,0.0,normal
0,0.08,0,0,0,0,0,0,0,0,1,0,0,0,0,0,75.19099508122015,0.0,normal
0,0.3,0,0,0,0,0,0,0,0,0,0,0,0,0,1,76.17917711082677,15.0,normal
2,0.1,0,0,0,0,0,0,0,0,0,0,0,0,0,0,78.93496064753302,0.0,normal
0,0.05,0,0,0,0,0,0,0,0,0,0,0,0,0,0,81.58090991266376,0.0,normal
1,0.08,0,0,0,0,0,0,0,0,0,0,1,0,0,0,92.03618599059403,70.0,suspicious
0,0.85,1,0,0,0,0,0,0,0,0,0,0,0,0,1,59.24198158129551,15.0,malicious
0,0.08,0,0,0,0,0,0,0,0,0,0,0,0,0,0,89.08152884831769,0.0,normal
1,0.25,0,0,0,0,0,0,1,1,0,0,0,0,0,0,81.82752456940447,0.0,suspicious
0,0.9,0,0,1,0,0,0,0,0,0,1,0,0,0,0,64.79734287213273,0.0,malicious
0,0.25,0,0,0,0,0,0,1,1,0,1,0,1,0,0,75.60425275319348,60.0,malicious
0,0.85,1,0,0,0,0,0,0,0,1,0,0,0,0,0,54.088233686576075,0.0,malicious
0,0.45,0,0,0,0,0,1,0,0,1,0,0,0,0,0,87.54626336749155,0.0,suspicious
0,0.08,0,0,0,0,0,0,0,0,0,0,0,0,0,0,100.0,0.0,normal
1,0.08,0,0,0,0,0,0,0,0,0,0,0,0,0,0,91.43934056355894,0.0,normal
1,0.05,0,0,0,0,0,0,0,1,0,0,0,0,0,0,62.43403236679742,0.0,malicious
0,0.1,0,0,0,0,0,0,0,0,1,0,0,1,0,0,93.43017134742347,60.0,normal
0,0.5,0,1,0,0,0,0,0,0,0,0,0,0,0,0,86.03811902783158,0.0,normal
0,0.05,0,0,0,0,0,0,0,0,0,0,0,0,0,0,73.48188632816715,0.0,normal
0,0.9,0,0,1,0,0,0,0,0,0,0,0,0,0,0,59.78925973743411,0.0,malicious
1,0.55,0,0,0,0,1,0,0,0,0,1,0,1,0,0,71.63290611090473,60.0,malicious
1,0.1,0,0,0,0,0,0,0,0,1,0,1,0,0,1,73.795055305712,85.0,malicious
0,0.1,0,0,0,0,0,0,0,0,1,0,0,0,0,0,75.1625095402876,0.0,normal
4,0.35,0,0,0,0,0,0,0,0,0,0,0,0,0,0,73.34422709732503,0.0,malicious
0,0.05,0,0,0,0,0,0,0,0,0,0,1,0,0,0,79.13953468830121,70.0,suspicious
0,0.25,0,0,0,0,0,0,1,0,0,0,0,0,0,0,81.02868217696818,0.0,normal
1,0.08,0,0,0,0,0,0,0,0,0,1,0,0,0,0,76.79205723586402,0.0,suspicious
1,0.55,0,0,0,0,1,0,0,0,0,1,0,0,0,0,80.93217120935961,0.0,malicious
1,0.08,0,0,0,0,0,0,0,0,0,1,0,0,1,0,100.0,30.0,suspicious
2,0.35,0,0,0,0,0,0,0,0,0,0,0,0,0,0,91.42505515985451,0.0,normal
1,0.35,0,0,0,0,0,0,0,0,0,0,0,0,0,0,59.89039860808439,0.0,normal
0,0.1,0,0,0,0,0,0,0,0,0,0,0,0,0,0,100.0,0.0,normal
0,0.08,0,0,0,0,0,0,0,0,0,0,0,0,0,0,75.77235004133874,0.0,normal
1,0.08,0,0,0,0,0,0,0,0,0,0,0,0,0,0,92.41903627455281,0.0,normal
0,0.1,0,0,0,0,0,0,0,0,0,0,1,1,0,0,91.64609697375673,100.0,suspicious
1,0.08,0,0,0,0,0,0,0,0,0,0,0,0,0,0,48.50159961423557,0.0,suspicious
1,0.08,0,0,0,0,0,0,0,0,0,0,0,0,0,0,70.32093124800424,0.0,normal
3,0.35,0,0,0,0,0,0,0,0,1,1,0,0,0,0,67.84527154128561,0.0,malicious
0,0.25,0,0,0,0,0,0,1,1,1,1,0,0,0,0,80.35014098500373,0.0,malicious
0,0.08,0,0,0,0,0,0,0,0,0,0,0,0,0,0,89.66256614292473,0.0,normal
0,0.25,0,0,0,0,0,0,1,0,0,1,0,0,0,1,82.59742444374011,15.0,suspicious
0,0.3,0,0,0,0,0,0,0,1,0,0,0,0,0,0,80.3101627201703,0.0,normal
0,0.08,0,0,0,0,0,0,0,0,0,0,0,0,0,0,82.47025333474329,0.0,normal
1,0.05,0,0,0,0,0,0,0,0,0,0,0,1,0,0,94.4152445418096,60.0,suspicious
2,0.05,0,0,0,0,0,0,0,0,0,0,0,0,0,0,82.46022061536428,0.0,normal
1,1.0,0,0,0,1,0,0,0,0,1,0,0,0,0,0,84.83787399531516,0.0,malicious
0,0.05,0,0,0,0,0,0,0,0,0,0,0,0,0,0,74.09740743856966,0.0,normal
0,0.08,0,0,0,0,0,0,0,0,0,0,0,0,1,1,74.82997175811627,45.0,normal
0,0.3,0,0,0,0,0,0,0,1,0,1,0,0,0,0,79.12347574183781,0.0,suspicious
2,0.1,0,0,0,0,0,0,0,0,1,0,1,0,0,1,77.66503203437212,85.0,malicious
0,0.1,0,0,0,0,0,0,0,0,0,0,0,0,0,0,70.63658620511399,0.0,normal
0,0.08,0,0,0,0,0,0,0,0,0,0,0,0,0,0,96.48945112636625,0.0,normal
1,0.05,0,0,0,0,0,0,0,0,0,0,0,0,0,0,100.0,0.0,normal
2,0.08,0,0,0,0,0,0,0,0,0,0,0,0,0,0,80.14860281918986,0.0,suspicious
0,0.1,0,0,0,0,0,0,0,0,0,0,0,0,0,0,100.0,0.0,normal
2,0.5,0,1,0,0,0,0,0,0,1,0,0,0,0,0,75.81985697311143,0.0,malicious
0,0.08,0,0,0,0,0,0,0,0,0,0,0,0,0,0,81.3060936845381,0.0,normal
0,0.08,0,0,0,0,0,0,0,0,0,0,0,0,0,1,75.67255603363436,15.0,normal
0,0.05,0,0,0,0,0,0,0,0,0,0,0,0,0,0,89.33326943180614,0.0,normal
1,0.05,0,0,0,0,0,0,0,0,0,0,0,0,0,1,77.58211024375628,15.0,normal
2,0.35,0,0,0,0,0,0,0,0,1,1,0,0,0,0,88.76517233200241,0.0,malicious
1,0.1,0,0,0,0,0,0,0,0,0,0,0,0,0,0,64.42084389280508,0.0,normal
2,0.25,0,0,0,0,0,0,1,0,0,1,0,0,0,0,100.0,0.0,malicious
1,0.1,0,0,0,0,0,0,0,0,1,0,0,0,0,0,80.86715637066084,0.0,normal
0,0.08,0,0,0,0,0,0,0,0,0,0,0,0,0,0,84.48457092878124,0.0,normal
0,0.05,0,0,0,0,0,0,0,0,0,0,0,0,0,0,86.74728634747586,0.0,normal
0,0.45,0,0,0,0,0,1,0,0,1,1,0,0,1,0,70.86026003734489,30.0,malicious
5,0.35,0,0,0,0,0,0,0,0,0,1,0,0,0,0,66.3603100153871,0.0,suspicious
0,0.05,0,0,0,0,0,0,0,0,0,0,0,0,0,0,92.19071630397266,0.0,normal
2,0.1,0,0,0,0,0,0,0,0,0,0,0,0,0,0,100.0,0.0,normal
0,0.1,0,0,0,0,0,0,0,0,1,0,0,0,0,0,73.27212856059528,0.0,normal
1,0.05,0,0,0,0,0,0,0,0,0,0,0,0,0,0,88.17198366453883,0.0,normal
1,0.05,0,0,0,0,0,0,0,1,0,0,0,0,1,0,100.0,30.0,normal
0,0.05,0,0,0,0,0,0,0,0,0,0,0,0,0,0,76.60130269638918,0.0,normal
0,0.05,0,0,0,0,0,0,0,0,0,0,0,0,0,0,81.43982220061973,0.0,normal
2,0.25,0,0,0,0,0,0,1,1,0,1,0,0,0,1,94.20331356750015,15.0,malicious
0,0.3,0,0,0,0,0,0,0,0,0,0,0,1,0,0,85.18001604998379,60.0,suspicious
0,0.45,0,0,0,0,0,1,0,0,0,0,0,0,0,0,99.74063768744581,0.0,normal
0,0.08,0,0,0,0,0,0,0,0,0,0,0,0,0,0,61.80390416926349,0.0,normal
0,0.1,0,0,0,0,0,0,0,1,0,1,0,0,0,0,86.77970022639175,0.0,normal
1,0.85,1,0,0,0,0,0,0,0,0,0,0,0,0,0,91.08320532443886,0.0,malicious
0,0.1,0,0,0,0,0,0,0,0,0,0,0,0,0,0,75.05128389713512,0.0,suspicious
0,0.08,0,0,0,0,0,0,0,0,0,0,0,0,0,0,84.01924186708334,0.0,normal
1,0.45,0,0,0,0,0,1,0,1,0,0,0,0,0,0,82.08758760879898,0.0,suspicious
0,0.1,0,0,0,0,0,0,0,1,1,0,0,0,0,0,100.0,0.0,normal
2,0.85,1,0,0,0,0,0,0,0,0,1,0,0,0,0,75.08532881672859,0.0,malicious
2,0.25,0,0,0,0,0,0,1,0,0,1,0,1,0,0,74.0454860102899,60.0,malicious
0,0.1,0,0,0,0,0,0,0,0,0,0,0,0,0,0,83.89755414568326,0.0,normal
0,0.1,0,0,0,0,0,0,0,0,0,0,0,1,0,0,59.87740679358,60.0,suspicious
1,0.85,1,0,0,0,0,0,0,0,0,1,0,0,1,0,94.0174824045034,30.0,malicious
0,0.08,0,0,0,0,0,0,0,0,0,0,0,0,0,0,62.62648576541692,0.0,normal
0,0.85,1,0,0,0,0,0,0,1,0,0,0,0,0,0,95.32122206403537,0.0,malicious
0,0.45,0,0,0,0,0,1,0,0,0,1,0,0,0,0,82.17450699545684,0.0,malicious
0,0.05,0,0,0,0,0,0,0,0,0,0,0,0,0,1,73.44272345752803,15.0,normal
2,0.1,0,0,0,0,0,0,0,1,0,0,0,0,0,0,72.80184662534,0.0,suspicious
1,0.3,0,0,0,0,0,0,0,0,0,0,0,0,0,0,66.96271729100614,0.0,normal
0,0.05,0,0,0,0,0,0,0,0,0,0,0,1,0,0,100.0,60.0,normal
0,0.05,0,0,0,0,0,0,0,0,0,0,0,0,0,1,83.9920864083486,15.0,normal
1,0.3,0,0,0,0,0,0,0,1,0,0,0,0,0,0,81.96881463826006,0.0,suspicious
0,0.1,0,0,0,0,0,0,0,0,0,0,0,0,0,1,78.25215263609196,15.0,normal
0,0.1,0,0,0,0,0,0,0,0,0,0,0,0,0,0,96.79189404115726,0.0,normal
0,0.08,0,0,0,0,0,0,0,0,0,0,0,0,0,1,90.67116295214726,15.0,normal
0,0.05,0,0,0,0,0,0,0,0,0,0,0,0,0,1,78.70822434714856,15.0,normal
1,0.05,0,0,0,0,0,0,0,0,0,0,0,0,0,0,88.66526350525989,0.0,normal
1,0.08,0,0,0,0,0,0,0,0,0,0,0,0,0,0,86.5161595221727,0.0,normal
0,0.08,0,0,0,0,0,0,0,0,1,0,0,0,0,0,80.02502771772211,0.0,normal
0,0.08,0,0,0,0,0,0,0,0,0,1,0,0,0,0,100.0,0.0,normal
0,0.1,0,0,0,0,0,0,0,0,0,0,0,1,0,0,90.74693518944241,60.0,normal
1,0.08,0,0,0,0,0,0,0,0,0,0,0,0,0,0,87.6186185339309,0.0,normal
0,0.1,0,0,0,0,0,0,0,0,0,0,0,0,0,0,100.0,0.0,normal
0,0.1,0,0,0,0,0,0,0,0,1,0,1,0,0,0,88.40029090648994,70.0,normal
1,0.35,0,0,0,0,0,0,0,0,0,1,0,0,1,1,62.21034412575125,45.0,malicious
2,0.5,0,1,0,0,0,0,0,0,1,0,0,0,0,0,42.85078409950721,0.0,malicious
2,0.55,0,0,0,0,1,0,0,0,1,0,0,0,0,1,31.282439354123,15.0,malicious
0,0.08,0,0,0,0,0,0,0,0,0,0,0,0,0,0,73.65636907974348,0.0,normal
0,0.1,0,0,0,0,0,0,0,0,0,0,0,0,0,0,99.9306706680951,0.0,normal
0,0.55,0,0,0,0,1,0,0,1,0,1,0,0,0,0,66.53780456745325,0.0,suspicious
0,0.1,0,0,0,0,0,0,0,0,0,0,0,0,0,1,70.70533802396987,15.0,normal
0,0.1,0,0,0,0,0,0,0,0,0,1,0,0,0,0,91.14527701020211,0.0,normal
4,0.35,0,0,0,0,0,0,0,1,1,1,0,0,0,0,67.58177880976181,0.0,malicious
0,0.05,0,0,0,0,0,0,0,0,0,0,0,0,0,1,81.72196470787246,15.0,normal
2,0.1,0,0,0,0,0,0,0,0,0,0,0,0,0,0,53.6566890028478,0.0,suspicious
0,0.08,0,0,0,0,0,0,0,1,0,0,0,0,1,0,77.85707463552748,30.0,normal
0,0.08,0,0,0,0,0,0,0,0,0,1,0,0,0,0,62.38671078188878,0.0,normal
4,0.35,0,0,0,0,0,0,0,1,0,0,0,0,0,0,70.86116158366394,0.0,malicious
1,0.85,1,0,0,0,0,0,0,1,0,0,0,0,0,0,57.627841297994166,0.0,malicious
2,0.35,0,0,0,0,0,0,0,1,1,1,0,0,0,1,70.12441484268994,15.0,malicious
0,0.25,0,0,0,0,0,0,1,0,0,1,0,0,0,0,88.68927144214416,0.0,normal
0,0.1,0,0,0,0,0,0,0,0,0,0,1,0,0,0,67.41417029002989,70.0,normal
2,0.35,0,0,0,0,0,0,0,0,0,0,0,0,0,0,80.0439569901753,0.0,suspicious
2,0.08,0,0,0,0,0,0,0,0,0,0,0,1,0,0,80.04060539796426,60.0,malicious
2,0.08,0,0,0,0,0,0,0,0,0,0,0,0,0,0,78.07663928609402,0.0,suspicious
1,0.1,0,0,0,0,0,0,0,0,0,0,0,0,0,0,76.03327203466267,0.0,normal
0,0.1,0,0,0,0,0,0,0,0,1,0,0,0,0,0,98.11638142659086,0.0,normal
0,0.05,0,0,0,0,0,0,0,0,1,0,0,0,0,0,77.39498636484383,0.0,normal
1,0.08,0,0,0,0,0,0,0,0,0,0,0,0,0,0,76.2753463437252,0.0,normal
0,0.1,0,0,0,0,0,0,0,0,1,0,0,0,0,0,100.0,0.0,normal
1,0.1,0,0,0,0,0,0,0,0,0,0,0,0,0,0,85.51211725721417,0.0,normal
0,0.1,0,0,0,0,0,0,0,0,1,0,0,0,0,0,84.40685881764689,0.0,normal
1,0.5,0,1,0,0,0,0,0,1,1,1,0,0,0,0,85.18478587133626,0.0,malicious
0,0.55,0,0,0,0,1,0,0,0,0,1,0,0,0,0,92.83693125347847,0.0,suspicious
0,0.08,0,0,0,0,0,0,0,0,0,0,0,0,0,0,100.0,0.0,normal
0,0.3,0,0,0,0,0,0,0,0,0,1,0,0,0,0,100.0,0.0,normal
1,0.1,0,0,0,0,0,0,0,0,0,0,1,0,0,0,100.0,70.0,normal
1,0.3,0,0,0,0,0,0,0,0,0,0,0,0,0,0,80.66264977895547,0.0,normal
0,0.08,0,0,0,0,0,0,0,0,0,0,0,0,0,0,69.26968184620159,0.0,normal
0,0.05,0,0,0,0,0,0,0,0,0,1,0,0,0,1,64.18577656778784,15.0,suspicious
0,0.08,0,0,0,0,0,0,0,0,0,0,0,1,0,0,67.98666957590278,60.0,normal
1,0.05,0,0,0,0,0,0,0,0,0,0,0,0,0,0,85.15586507776065,0.0,normal
1,0.05,0,0,0,0,0,0,0,0,0,0,0,0,0,0,90.99534786705694,0.0,normal
1,0.25,0,0,0,0,0,0,1,1,0,1,0,0,0,0,96.57555698866241,0.0,malicious
3,0.1,0,0,0,0,0,0,0,1,1,0,0,0,0,0,91.53670400092686,0.0,malicious
0,0.55,0,0,0,0,1,0,0,0,1,1,1,0,0,0,84.77629009435798,70.0,malicious
1,0.25,0,0,0,0,0,0,1,0,1,1,0,0,0,0,62.316585047757044,0.0,malicious
0,0.05,0,0,0,0,0,0,0,0,0,0,0,1,0,0,85.32362823829807,60.0,normal
1,0.1,0,0,0,0,0,0,0,0,0,0,0,0,0,0,97.34783248046139,0.0,normal
1,0.45,0,0,0,0,0,1,0,0,0,0,0,0,0,0,77.64312383100891,0.0,malicious
0,0.1,0,0,0,0,0,0,0,0,0,0,0,0,0,0,81.31630771855639,0.0,normal
0,0.05,0,0,0,0,0,0,0,0,0,0,0,0,0,0,87.98538432128409,0.0,suspicious
4,0.35,0,0,0,0,0,0,0,0,0,0,0,0,0,0,80.31121890380479,0.0,malicious
0,0.05,0,0,0,0,0,0,0,0,0,0,0,0,0,0,76.82774721679796,0.0,normal
0,0.05,0,0,0,0,0,0,0,1,0,1,0,0,0,1,63.24096249416033,15.0,normal
1,0.1,0,0,0,0,0,0,0,0,1,0,0,0,0,0,68.53273812412465,0.0,suspicious
0,0.5,0,1,0,0,0,0,0,0,1,1,0,0,0,1,85.24564416937832,15.0,malicious
2,0.3,0,0,0,0,0,0,0,1,1,0,0,0,0,0,84.9524904027265,0.0,malicious
0,0.08,0,0,0,0,0,0,0,0,0,0,0,0,0,0,100.0,0.0,normal
1,0.08,0,0,0,0,0,0,0,0,0,0,0,0,0,0,63.530722858418436,0.0,normal
0,0.1,0,0,0,0,0,0,0,0,1,1,0,0,0,0,76.47137700659276,0.0,normal
4,0.35,0,0,0,0,0,0,0,0,0,0,0,0,1,0,69.53260793743176,30.0,malicious
0,0.1,0,0,0,0,0,0,0,0,0,0,0,0,0,1,88.54840701402658,15.0,normal
1,0.05,0,0,0,0,0,0,0,0,0,0,0,0,0,0,77.90320555931403,0.0,normal
1,1.0,0,0,0,1,0,0,0,0,1,1,0,0,0,0,64.44676241869873,0.0,malicious
1,0.1,0,0,0,0,0,0,0,0,0,0,0,0,0,0,71.8716086951992,0.0,suspicious
6,0.35,0,0,0,0,0,0,0,1,1,1,0,0,0,0,57.66284237289446,0.0,malicious
2,0.85,1,0,0,0,0,0,0,0,0,1,0,0,0,0,42.688381038683524,0.0,malicious
0,0.45,0,0,0,0,0,1,0,0,0,1,0,0,0,0,86.97381658040092,0.0,suspicious
1,0.05,0,0,0,0,0,0,0,1,0,0,0,0,0,0,84.14614855575994,0.0,normal
0,0.08,0,0,0,0,0,0,0,0,0,0,0,0,0,0,83.66316988039208,0.0,normal
0,0.08,0,0,0,0,0,0,0,0,0,0,0,0,0,1,92.59638455861948,15.0,normal
0,0.05,0,0,0,0,0,0,0,0,0,0,0,0,0,0,92.32846366269854,0.0,normal
0,0.08,0,0,0,0,0,0,0,0,0,0,0,0,0,0,89.48316164624187,0.0,normal
0,0.05,0,0,0,0,0,0,0,0,0,0,0,0,0,1,70.62127132098028,15.0,normal
2,0.08,0,0,0,0,0,0,0,0,0,0,0,1,0,0,80.21654040244307,60.0,malicious
1,0.1,0,0,0,0,0,0,0,0,1,0,0,0,0,0,90.29468651919689,0.0,normal
0,0.85,1,0,0,0,0,0,0,0,1,1,0,0,1,0,68.9309934138113,30.0,malicious
0,0.05,0,0,0,0,0,0,0,1,0,1,0,0,0,0,65.822722427027,0.0,suspicious
0,0.08,0,0,0,0,0,0,0,0,0,0,0,0,0,0,75.46865534756442,0.0,normal
2,0.1,0,0,0,0,0,0,0,0,1,0,0,0,0,1,67.7421847702703,15.0,malicious
1,0.45,0,0,0,0,0,1,0,1,1,0,0,0,0,0,100.0,0.0,suspicious
1,0.08,0,0,0,0,0,0,0,0,0,0,0,0,0,0,84.69888480954062,0.0,normal
0,0.1,0,0,0,0,0,0,0,0,1,0,0,0,0,0,90.95505601782938,0.0,normal
1,0.9,0,0,1,0,0,0,0,1,1,0,0,0,0,0,71.1887590210008,0.0,malicious
0,0.25,0,0,0,0,0,0,1,1,0,1,0,0,0,0,93.6244728749611,0.0,normal
1,0.05,0,0,0,0,0,0,0,0,0,0,0,0,0,0,80.13603924858802,0.0,normal
0,0.9,0,0,1,0,0,0,0,1,1,0,0,0,0,0,71.16351199455873,0.0,malicious
0,0.1,0,0,0,0,0,0,0,0,0,0,0,0,0,0,100.0,0.0,normal
2,0.08,0,0,0,0,0,0,0,1,0,0,0,0,0,0,86.91244356032067,0.0,normal
1,0.05,0,0,0,0,0,0,0,0,0,0,0,1,0,0,67.1774065476527,60.0,malicious
0,0.05,0,0,0,0,0,0,0,0,1,0,0,0,0,0,100.0,0.0,normal
2,0.08,0,0,0,0,0,0,0,0,0,0,0,0,0,0,93.7359197952391,0.0,normal
0,0.1,0,0,0,0,0,0,0,0,1,0,0,1,0,1,83.65945516617745,75.0,malicious
0,0.05,0,0,0,0,0,0,0,0,0,0,0,0,0,0,95.74227261096524,0.0,normal
1,0.08,0,0,0,0,0,0,0,0,0,0,0,0,0,0,94.13112312406622,0.0,normal
2,0.5,0,1,0,0,0,0,0,0,0,0,0,0,0,0,85.22090254975653,0.0,malicious
0,0.05,0,0,0,0,0,0,0,0,0,0,0,0,0,0,68.61250051350851,0.0,normal
0,0.1,0,0,0,0,0,0,0,0,0,1,0,0,0,0,71.85807924823342,0.0,normal
1,0.1,0,0,0,0,0,0,0,0,0,0,0,1,0,0,67.51767825550078,60.0,malicious
1,0.35,0,0,0,0,0,0,0,1,1,1,0,0,0,1,61.170310408332924,15.0,malicious
1,0.1,0,0,0,0,0,0,0,0,1,0,0,0,0,0,80.55435929380545,0.0,normal
0,0.05,0,0,0,0,0,0,0,0,0,0,0,0,0,0,89.88175095244247,0.0,normal
0,0.9,0,0,1,0,0,0,0,1,0,1,0,0,1,0,74.83266353336057,30.0,malicious
0,0.08,0,0,0,0,0,0,0,0,0,0,0,0,0,0,90.10890608513014,0.0,normal
2,0.1,0,0,0,0,0,0,0,0,0,0,0,0,0,1,78.44317853171384,15.0,suspicious
0,0.08,0,0,0,0,0,0,0,0,0,0,1,0,0,0,82.4775594930682,70.0,suspicious
0,0.05,0,0,0,0,0,0,0,0,0,0,0,0,0,1,79.67411976169815,15.0,normal
0,0.5,0,1,0,0,0,0,0,1,0,1,0,0,0,0,82.82182423053837,0.0,malicious
2,0.08,0,0,0,0,0,0,0,0,1,0,0,0,0,0,75.18380421070583,0.0,suspicious
2,0.35,0,0,0,0,0,0,0,0,1,0,0,0,0,1,62.789562189285206,15.0,malicious
0,0.05,0,0,0,0,0,0,0,0,0,0,0,0,0,0,88.95006197124508,0.0,normal
3,0.35,0,0,0,0,0,0,0,1,1,0,0,0,0,0,57.753068700135344,0.0,malicious
0,0.05,0,0,0,0,0,0,0,0,0,0,0,0,0,0,82.38496508338685,0.0,normal
0,0.1,0,0,0,0,0,0,0,0,1,0,0,0,0,1,70.74238215627196,15.0,normal
0,0.05,0,0,0,0,0,0,0,0,0,0,0,0,0,0,83.52121439326568,0.0,normal
1,0.1,0,0,0,0,0,0,0,0,0,0,0,0,0,1,91.28190448738647,15.0,normal
0,0.05,0,0,0,0,0,0,0,0,0,0,0,0,0,0,100.0,0.0,normal
1,0.05,0,0,0,0,0,0,0,0,0,0,0,0,0,1,87.89467402249235,15.0,suspicious
1,0.08,0,0,0,0,0,0,0,0,0,0,0,0,0,0,80.06479322220913,0.0,normal
0,0.08,0,0,0,0,0,0,0,0,0,0,0,0,0,0,100.0,0.0,normal
0,0.25,0,0,0,0,0,0,1,1,0,1,0,0,0,0,95.10140959436661,0.0,normal
0,0.85,1,0,0,0,0,0,0,0,0,1,0,0,0,0,63.71821497687305,0.0,malicious
0,0.1,0,0,0,0,0,0,0,0,0,0,0,0,0,0,58.350499931842286,0.0,normal
2,0.1,0,0,0,0,0,0,0,0,0,0,0,0,1,0,77.44985811224197,30.0,malicious
1,0.1,0,0,0,0,0,0,0,1,0,0,0,1,0,0,76.04420403842744,60.0,malicious
0,0.1,0,0,0,0,0,0,0,0,1,0,0,0,0,0,75.36174335962255,0.0,normal
1,0.3,0,0,0,0,0,0,0,0,0,0,0,0,0,0,78.59276275275953,0.0,normal
0,0.85,1,0,0,0,0,0,0,0,0,0,0,0,0,0,95.66614844773554,0.0,suspicious
0,0.55,0,0,0,0,1,0,0,1,0,0,0,0,0,1,83.56053567202738,15.0,suspicious
4,0.35,0,0,0,0,0,0,0,0,0,0,0,0,0,1,74.77618425705306,15.0,malicious
0,0.1,0,0,0,0,0,0,0,0,1,0,0,0,0,0,85.08524001543229,0.0,normal
3,0.35,0,0,0,0,0,0,0,0,0,1,0,0,0,0,55.44901181971901,0.0,malicious
0,0.05,0,0,0,0,0,0,0,1,0,0,0,0,0,0,100.0,0.0,normal
1,0.25,0,0,0,0,0,0,1,1,0,1,0,0,0,0,82.04744806002968,0.0,malicious
0,0.5,0,1,0,0,0,0,0,1,1,0,0,0,0,1,82.32610773418155,15.0,malicious
0,0.05,0,0,0,0,0,0,0,0,0,1,0,0,0,1,86.37073321798938,15.0,suspicious
1,0.1,0,0,0,0,0,0,0,0,1,1,0,0,0,0,75.42265653819211,0.0,malicious
0,0.05,0,0,0,0,0,0,0,0,0,0,0,0,0,0,100.0,0.0,normal
0,0.55,0,0,0,0,1,0,0,1,0,0,0,0,0,0,60.301458936746535,0.0,malicious
1,0.08,0,0,0,0,0,0,0,0,0,0,0,0,0,0,78.82592373755607,0.0,normal
3,0.1,0,0,0,0,0,0,0,0,0,0,0,0,0,1,84.79059394192294,15.0,malicious
0,0.1,0,0,0,0,0,0,0,0,0,0,0,0,0,0,85.45941015604774,0.0,normal
0,0.05,0,0,0,0,0,0,0,0,0,0,0,0,0,0,66.50310680277731,0.0,normal
1,0.08,0,0,0,0,0,0,0,0,0,0,0,0,0,0,77.8714853866943,0.0,normal
1,0.1,0,0,0,0,0,0,0,0,0,0,0,0,0,1,98.15775589842222,15.0,normal
0,0.05,0,0,0,0,0,0,0,0,0,0,0,0,0,0,90.9645999880562,0.0,normal
0,0.1,0,0,0,0,0,0,0,0,0,0,0,0,0,0,67.83934711436704,0.0,normal
0,0.08,0,0,0,0,0,0,0,0,0,0,0,0,0,0,95.26019388633836,0.0,normal
0,0.08,0,0,0,0,0,0,0,1,0,0,0,0,0,0,78.5890484788454,0.0,normal
1,0.1,0,0,0,0,0,0,0,0,0,0,0,0,0,0,54.038492500949,0.0,normal
0,0.3,0,0,0,0,0,0,0,0,0,0,0,0,0,0,87.9644814046709,0.0,normal
1,0.25,0,0,0,0,0,0,1,0,0,0,0,0,1,0,100.0,30.0,suspicious
0,0.08,0,0,0,0,0,0,0,0,0,0,0,0,0,0,100.0,0.0,normal
2,0.08,0,0,0,0,0,0,0,0,0,0,0,0,0,0,62.971053233797385,0.0,suspicious
2,0.1,0,0,0,0,0,0,0,0,0,1,0,0,1,0,83.37598514407688,30.0,malicious
1,0.35,0,0,0,0,0,0,0,0,1,0,0,0,0,0,78.54975522339731,0.0,suspicious
0,0.5,0,1,0,0,0,0,0,1,1,1,0,0,0,0,43.38656042654288,0.0,malicious
1,0.1,0,0,0,0,0,0,0,0,1,0,1,0,0,0,92.16098199219807,70.0,malicious
0,0.9,0,0,1,0,0,0,0,0,0,1,0,0,0,0,79.9289927203237,0.0,malicious
0,0.5,0,1,0,0,0,0,0,1,1,0,0,0,0,0,68.30873418484242,0.0,suspicious
1,0.08,0,0,0,0,0,0,0,0,0,0,0,0,0,0,100.0,0.0,normal
0,0.45,0,0,0,0,0,1,0,1,0,1,0,0,0,0,57.06656096444394,0.0,malicious
1,0.9,0,0,1,0,0,0,0,1,0,0,0,0,0,0,75.65807358398294,0.0,malicious
1,0.3,0,0,0,0,0,0,0,1,1,0,1,0,0,0,83.22580085645458,70.0,malicious
0,0.05,0,0,0,0,0,0,0,0,1,0,0,0,0,0,86.62049311629974,0.0,normal
0,0.45,0,0,0,0,0,1,0,1,1,0,0,0,0,0,71.16763787553866,0.0,suspicious
1,0.3,0,0,0,0,0,0,0,1,0,0,0,0,0,0,93.81430054314559,0.0,normal
0,0.3,0,0,0,0,0,0,0,0,0,1,0,0,0,1,59.5701731259348,15.0,suspicious
1,0.25,0,0,0,0,0,0,1,0,1,1,0,0,0,0,97.19216985306493,0.0,suspicious
1,0.05,0,0,0,0,0,0,0,0,0,0,0,0,0,1,75.28978982834687,15.0,normal
1,0.1,0,0,0,0,0,0,0,0,0,0,0,0,1,1,61.14479392536991,45.0,malicious
0,0.55,0,0,0,0,1,0,0,1,0,0,0,0,1,0,74.61791277921868,30.0,malicious
0,0.05,0,0,0,0,0,0,0,0,0,0,0,0,0,0,87.06037628438956,0.0,normal
0,0.05,0,0,0,0,0,0,0,0,1,0,0,0,0,0,83.32128120916641,0.0,normal
0,0.1,0,0,0,0,0,0,0,0,1,0,0,1,0,0,100.0,60.0,normal
0,0.1,0,0,0,0,0,0,0,1,1,0,0,0,0,0,94.71646777814772,0.0,normal
1,0.1,0,0,0,0,0,0,0,0,1,0,0,0,0,0,89.73931871414385,0.0,normal
1,0.3,0,0,0,0,0,0,0,1,0,0,0,0,0,1,89.05987351424974,15.0,normal
2,0.08,0,0,0,0,0,0,0,0,0,0,0,1,0,0,79.04932844163308,60.0,malicious
1,0.05,0,0,0,0,0,0,0,0,0,0,0,0,1,0,76.44791120514496,30.0,normal
0,0.08,0,0,0,0,0,0,0,0,0,0,0,0,0,1,91.78388107382048,15.0,normal
0,0.1,0,0,0,0,0,0,0,0,0,0,0,0,0,1,71.72879799113528,15.0,normal
0,0.08,0,0,0,0,0,0,0,1,0,0,0,0,0,0,94.4616453165381,0.0,normal
0,0.1,0,0,0,0,0,0,0,0,0,0,0,0,1,0,82.1097004207333,30.0,suspicious
0,0.05,0,0,0,0,0,0,0,0,0,0,0,0,0,0,78.19529926736368,0.0,normal
0,0.08,0,0,0,0,0,0,0,1,0,0,0,0,0,0,100.0,0.0,normal
1,0.05,0,0,0,0,0,0,0,0,0,0,0,0,0,1,76.60023143300074,15.0,normal
0,0.9,0,0,1,0,0,0,0,0,0,0,0,0,0,0,57.44786970645478,0.0,malicious
0,0.1,0,0,0,0,0,0,0,0,0,0,0,0,0,0,91.54037185577577,0.0,normal
0,1.0,0,0,0,1,0,0,0,0,0,0,0,0,0,0,77.22186572779177,0.0,malicious
0,0.1,0,0,0,0,0,0,0,1,0,0,0,0,0,1,78.00939467977258,15.0,normal
1,0.3,0,0,0,0,0,0,0,0,0,1,0,0,0,0,91.15338592059929,0.0,normal
2,0.08,0,0,0,0,0,0,0,0,0,0,0,0,1,0,78.8400109610564,30.0,suspicious
0,0.05,0,0,0,0,0,0,0,0,0,0,0,0,0,0,75.53681807388136,0.0,normal
0,0.08,0,0,0,0,0,0,0,0,0,0,0,0,0,0,97.57347549582444,0.0,normal
2,0.1,0,0,0,0,0,0,0,0,0,0,0,0,0,0,77.71419378733276,0.0,suspicious
3,0.35,0,0,0,0,0,0,0,0,0,1,0,0,0,0,29.16746763055083,0.0,malicious
0,0.1,0,0,0,0,0,0,0,1,0,0,0,0,0,0,98.57040716928577,0.0,normal
0,0.1,0,0,0,0,0,0,0,0,0,0,0,0,0,0,76.43931292686074,0.0,normal
0,0.55,0,0,0,0,1,0,0,0,1,1,0,0,0,0,76.41924989434499,0.0,malicious
1,0.08,0,0,0,0,0,0,0,0,0,0,0,0,0,0,93.6521205777396,0.0,normal
4,0.35,0,0,0,0,0,0,0,0,0,0,0,0,1,0,66.22908318851019,30.0,malicious
2,0.35,0,0,0,0,0,0,0,1,0,1,0,0,1,0,78.63889608670414,30.0,malicious
1,0.45,0,0,0,0,0,1,0,0,1,1,0,0,0,0,92.48041219796791,0.0,malicious
1,0.05,0,0,0,0,0,0,0,0,0,0,0,0,0,0,84.72275722520948,0.0,normal
0,0.1,0,0,0,0,0,0,0,0,0,1,0,0,0,0,73.99447163252466,0.0,normal
0,0.08,0,0,0,0,0,0,0,0,0,0,0,0,0,0,82.25575723057858,0.0,normal
0,0.1,0,0,0,0,0,0,0,0,0,0,0,0,0,0,65.94508889345494,0.0,normal
2,0.1,0,0,0,0,0,0,0,0,0,0,0,0,0,0,100.0,0.0,normal
0,0.9,0,0,1,0,0,0,0,0,0,1,0,0,0,0,57.26023134563408,0.0,malicious
1,0.08,0,0,0,0,0,0,0,0,0,1,0,0,0,0,89.70887910971742,0.0,normal
1,0.1,0,0,0,0,0,0,0,0,0,0,0,1,0,1,83.62399956854306,75.0,suspicious
1,0.25,0,0,0,0,0,0,1,0,1,1,0,0,0,0,94.25701966800297,0.0,malicious
0,0.05,0,0,0,0,0,0,0,0,0,0,0,0,0,0,100.0,0.0,normal
0,0.08,0,0,0,0,0,0,0,0,0,0,0,0,1,0,90.11305010835943,30.0,normal
1,0.1,0,0,0,0,0,0,0,0,0,0,0,0,1,0,99.46072824233525,30.0,suspicious
2,0.08,0,0,0,0,0,0,0,0,1,0,0,0,0,0,87.95744581299172,0.0,suspicious
0,0.08,0,0,0,0,0,0,0,0,0,1,0,0,0,0,82.6332765277988,0.0,normal
2,0.3,0,0,0,0,0,0,0,1,0,1,0,0,1,0,97.68811504197826,30.0,malicious
0,0.85,1,0,0,0,0,0,0,1,0,0,0,0,0,1,87.27680122392766,15.0,malicious
2,0.1,0,0,0,0,0,0,0,0,0,0,0,0,0,1,100.0,15.0,normal
2,0.05,0,0,0,0,0,0,0,1,0,0,0,0,0,0,82.07030364535677,0.0,suspicious
0,0.05,0,0,0,0,0,0,0,0,0,0,0,0,0,0,68.48187288392083,0.0,normal
0,0.08,0,0,0,0,0,0,0,0,0,0,0,0,0,0,77.19495178733767,0.0,normal
0,0.08,0,0,0,0,0,0,0,0,0,0,0,0,0,0,100.0,0.0,normal
0,0.45,0,0,0,0,0,1,0,1,0,0,0,0,0,0,72.07296255032313,0.0,suspicious
0,0.1,0,0,0,0,0,0,0,0,1,0,0,0,0,0,64.84969359256914,0.0,normal
2,0.3,0,0,0,0,0,0,0,1,0,0,0,0,0,0,86.01576175202348,0.0,suspicious
2,0.1,0,0,0,0,0,0,0,0,1,0,0,0,0,0,86.50054848986056,0.0,malicious
0,0.08,0,0,0,0,0,0,0,0,0,0,0,0,0,0,100.0,0.0,normal
0,0.1,0,0,0,0,0,0,0,0,0,0,0,0,0,0,76.8554045169285,0.0,normal
1,0.05,0,0,0,0,0,0,0,0,0,0,0,0,0,0,63.52814572896705,0.0,normal
1,0.05,0,0,0,0,0,0,0,0,0,0,0,1,0,0,85.47713568995147,60.0,suspicious
0,0.05,0,0,0,0,0,0,0,0,0,0,0,0,0,0,85.53103033103662,0.0,normal
1,0.25,0,0,0,0,0,0,1,1,1,1,0,0,0,0,78.18934182317459,0.0,malicious
1,0.1,0,0,0,0,0,0,0,0,0,0,0,0,0,0,92.59265052388173,0.0,normal
0,0.3,0,0,0,0,0,0,0,0,1,1,0,0,0,0,67.59186583314357,0.0,normal
1,0.08,0,0,0,0,0,0,0,0,0,0,0,0,0,0,92.12568510294032,0.0,normal
1,0.9,0,0,1,0,0,0,0,1,0,0,0,0,0,1,84.76140718898033,15.0,malicious
1,0.3,0,0,0,0,0,0,0,0,1,0,0,0,0,0,57.33519322808832,0.0,malicious
0,0.45,0,0,0,0,0,1,0,1,0,0,0,0,0,0,64.44827203011904,0.0,suspicious
0,1.0,0,0,0,1,0,0,0,0,1,0,0,0,0,0,65.5344559281062,0.0,malicious
0,0.1,0,0,0,0,0,0,0,0,1,0,0,0,0,0,69.4904994613878,0.0,normal
1,0.1,0,0,0,0,0,0,0,0,0,0,0,0,0,0,100.0,0.0,normal
0,0.05,0,0,0,0,0,0,0,0,0,1,0,0,0,0,82.6401735571295,0.0,normal
0,0.08,0,0,0,0,0,0,0,0,0,0,0,0,0,0,95.15907985957463,0.0,normal
0,0.9,0,0,1,0,0,0,0,1,1,0,0,1,1,0,75.44259084309955,90.0,malicious
0,0.08,0,0,0,0,0,0,0,1,0,0,0,0,0,0,87.35416786972573,0.0,normal
0,0.05,0,0,0,0,0,0,0,0,0,0,0,0,0,0,78.36406498324779,0.0,normal
0,0.45,0,0,0,0,0,1,0,1,0,0,0,0,0,1,79.72697916960584,15.0,suspicious
2,0.35,0,0,0,0,0,0,0,1,0,0,0,0,0,0,73.00121105926848,0.0,malicious
0,0.3,0,0,0,0,0,0,0,1,0,1,0,0,1,0,100.0,30.0,normal
0,0.55,0,0,0,0,1,0,0,0,0,1,0,1,1,1,72.55945145138486,100.0,suspicious
1,0.08,0,0,0,0,0,0,0,0,0,0,0,0,0,0,71.35225855309764,0.0,normal
1,0.08,0,0,0,0,0,0,0,0,0,1,0,0,0,1,54.045751881203884,15.0,malicious
0,0.08,0,0,0,0,0,0,0,0,0,0,0,0,0,0,84.87586833388012,0.0,normal
1,0.08,0,0,0,0,0,0,0,1,0,0,0,0,0,1,62.60393121896391,15.0,malicious
0,0.25,0,0,0,0,0,0,1,0,1,0,0,0,0,0,100.0,0.0,normal
0,0.1,0,0,0,0,0,0,0,0,0,0,0,0,0,0,97.17166510425865,0.0,normal
0,0.1,0,0,0,0,0,0,0,0,0,0,0,0,0,0,100.0,0.0,normal
0,0.1,0,0,0,0,0,0,0,0,1,0,0,0,0,0,86.82269322953834,0.0,normal
2,0.1,0,0,0,0,0,0,0,0,0,0,0,0,0,0,74.64446848194835,0.0,normal
1,0.05,0,0,0,0,0,0,0,0,0,0,0,0,0,0,70.5825468170231,0.0,normal
4,0.35,0,0,0,0,0,0,0,1,0,1,0,0,0,0,73.77421189433193,0.0,malicious
3,0.35,0,0,0,0,0,0,0,1,1,1,0,1,0,0,55.171445655297205,60.0,malicious
0,0.1,0,0,0,0,0,0,0,0,1,1,0,1,0,0,84.51287634559235,60.0,suspicious
1,0.08,0,0,0,0,0,0,0,0,0,0,0,1,0,0,86.10812860369005,60.0,suspicious
0,0.9,0,0,1,0,0,0,0,1,0,0,0,0,1,0,60.7181250137915,30.0,malicious
2,0.08,0,0,0,0,0,0,0,0,0,0,0,0,0,0,96.51609096727137,0.0,suspicious
0,0.08,0,0,0,0,0,0,0,0,0,0,0,1,0,0,100.0,60.0,normal
1,0.05,0,0,0,0,0,0,0,0,0,0,0,0,0,0,56.036529825433306,0.0,normal
1,0.35,0,0,0,0,0,0,0,1,0,1,0,0,0,0,64.02863229010657,0.0,malicious
1,0.05,0,0,0,0,0,0,0,0,0,0,0,1,0,0,100.0,60.0,normal
1,0.05,0,0,0,0,0,0,0,0,0,0,0,1,0,0,77.62837071307085,60.0,malicious
2,0.35,0,0,0,0,0,0,0,1,1,1,0,0,0,0,63.366234444203684,0.0,malicious
0,0.05,0,0,0,0,0,0,0,0,0,0,0,0,1,0,90.957698299328,30.0,normal
0,0.05,0,0,0,0,0,0,0,0,0,0,0,0,0,0,77.46951599842146,0.0,normal
1,0.1,0,0,0,0,0,0,0,0,0,1,0,0,0,0,68.19271698371354,0.0,suspicious
0,0.08,0,0,0,0,0,0,0,0,0,0,0,0,0,0,96.97061934711633,0.0,normal
1,0.1,0,0,0,0,0,0,0,0,1,0,0,0,0,0,77.68936503895063,0.0,malicious
0,0.9,0,0,1,0,0,0,0,0,1,1,0,1,0,1,69.21706442357639,75.0,malicious
1,0.08,0,0,0,0,0,0,0,0,0,0,0,0,0,0,79.66936398133019,0.0,normal
0,0.05,0,0,0,0,0,0,0,0,0,0,0,0,0,1,83.16867266766472,15.0,normal
1,0.1,0,0,0,0,0,0,0,1,0,0,0,0,0,0,81.64525859139326,0.0,normal
0,0.08,0,0,0,0,0,0,0,0,0,0,0,0,0,0,91.46575546611238,0.0,normal
0,0.55,0,0,0,0,1,0,0,0,0,1,0,0,0,0,78.07697328053409,0.0,suspicious
0,0.1,0,0,0,0,0,0,0,0,0,0,0,0,0,0,99.21124273084324,0.0,normal
0,0.05,0,0,0,0,0,0,0,0,0,0,0,0,0,0,67.34758087884632,0.0,normal
1,0.45,0,0,0,0,0,1,0,1,0,1,0,0,1,0,81.94003162819415,30.0,malicious
1,0.55,0,0,0,0,1,0,0,0,0,1,0,0,0,0,64.16319305073486,0.0,suspicious
0,0.1,0,0,0,0,0,0,0,0,0,0,0,0,0,0,76.80634320558623,0.0,normal
1,0.3,0,0,0,0,0,0,0,0,1,0,0,0,0,0,66.88886066555214,0.0,suspicious
0,0.08,0,0,0,0,0,0,0,0,1,0,0,0,0,0,70.62932876984856,0.0,normal
0,0.25,0,0,0,0,0,0,1,1,0,1,0,0,0,0,79.3073868807182,0.0,normal
1,0.5,0,1,0,0,0,0,0,1,1,1,0,0,0,0,73.94802910557877,0.0,malicious
1,0.05,0,0,0,0,0,0,0,0,1,0,0,0,0,0,78.19425717061098,0.0,normal
0,0.5,0,1,0,0,0,0,0,1,1,1,0,0,0,0,60.092412351079936,0.0,malicious
1,0.1,0,0,0,0,0,0,0,0,0,0,0,0,0,0,96.13689893871626,0.0,normal
2,0.35,0,0,0,0,0,0,0,0,0,1,0,0,0,0,84.82568712790122,0.0,malicious
2,0.9,0,0,1,0,0,0,0,0,1,1,0,1,0,0,52.6195920309519,60.0,malicious
2,0.25,0,0,0,0,0,0,1,1,0,1,0,0,0,0,78.1339149273423,0.0,malicious
1,0.1,0,0,0,0,0,0,0,0,0,0,0,0,1,1,82.71771510538917,45.0,suspicious
1,0.05,0,0,0,0,0,0,0,0,0,0,0,0,0,1,81.63670403185213,15.0,normal
0,0.08,0,0,0,0,0,0,0,0,0,0,0,0,0,0,78.56474894836964,0.0,normal
1,0.1,0,0,0,0,0,0,0,0,0,0,0,0,0,1,88.52443124617112,15.0,normal
0,0.1,0,0,0,0,0,0,0,0,0,0,0,0,0,0,100.0,0.0,normal
0,0.08,0,0,0,0,0,0,0,0,0,0,0,0,0,0,83.57779244314617,0.0,normal
0,0.55,0,0,0,0,1,0,0,0,0,1,0,0,0,0,46.98133125025183,0.0,malicious
1,0.1,0,0,0,0,0,0,0,0,0,0,0,0,0,0,100.0,0.0,suspicious
1,0.45,0,0,0,0,0,1,0,1,0,0,0,0,0,1,93.1251088800224,15.0,malicious
0,0.1,0,0,0,0,0,0,0,1,0,0,0,0,0,0,84.59715132615257,0.0,normal
3,0.35,0,0,0,0,0,0,0,0,0,0,0,0,0,0,62.86358981666099,0.0,malicious
0,0.05,0,0,0,0,0,0,0,0,0,0,0,0,0,0,63.2435958585462,0.0,suspicious
0,0.1,0,0,0,0,0,0,0,0,0,0,0,0,0,0,100.0,0.0,normal
2,0.08,0,0,0,0,0,0,0,0,0,0,0,0,0,1,89.34413427354683,15.0,normal
1,0.9,0,0,1,0,0,0,0,0,0,0,0,0,0,0,46.369278389053434,0.0,malicious
0,0.05,0,0,0,0,0,0,0,1,0,1,0,0,0,0,88.6096336241293,0.0,normal
0,0.05,0,0,0,0,0,0,0,0,0,0,0,0,0,0,84.81631238094135,0.0,normal
0,0.1,0,0,0,0,0,0,0,0,0,1,0,0,0,0,78.53530885921751,0.0,normal
0,0.05,0,0,0,0,0,0,0,0,0,0,1,0,0,0,100.0,70.0,normal
1,0.05,0,0,0,0,0,0,0,0,0,0,0,0,0,0,77.42629360497592,0.0,normal
0,0.08,0,0,0,0,0,0,0,0,0,0,0,0,0,0,65.94309996457248,0.0,normal
0,0.08,0,0,0,0,0,0,0,0,0,0,0,0,0,0,85.62583783814074,0.0,normal
0,0.08,0,0,0,0,0,0,0,0,0,0,0,0,0,0,86.97857184727165,0.0,normal
0,0.08,0,0,0,0,0,0,0,0,0,0,0,0,0,0,95.74428832455372,0.0,normal
0,0.05,0,0,0,0,0,0,0,0,0,0,0,0,0,0,96.9755395284656,0.0,normal
0,0.08,0,0,0,0,0,0,0,0,0,1,0,0,0,0,84.99663832416013,0.0,normal
0,0.1,0,0,0,0,0,0,0,0,0,0,0,0,0,0,88.54013739236284,0.0,normal
0,0.08,0,0,0,0,0,0,0,1,0,0,0,0,0,0,100.0,0.0,normal
0,0.05,0,0,0,0,0,0,0,0,0,0,0,0,0,0,92.3901364197818,0.0,normal
0,0.85,1,0,0,0,0,0,0,0,1,0,0,0,0,0,53.88959962756266,0.0,malicious
0,0.08,0,0,0,0,0,0,0,0,0,1,0,0,0,0,93.99411707715026,0.0,normal
0,0.08,0,0,0,0,0,0,0,0,0,0,0,0,0,0,75.04720595465312,0.0,normal
1,0.1,0,0,0,0,0,0,0,0,0,0,0,0,0,0,82.26481999583584,0.0,normal
0,0.08,0,0,0,0,0,0,0,0,0,0,0,0,0,1,72.4531983004013,15.0,normal
0,0.1,0,0,0,0,0,0,0,0,0,0,0,0,0,1,87.6932847098946,15.0,normal
1,0.05,0,0,0,0,0,0,0,0,0,0,0,0,0,0,97.34384064526378,0.0,normal
1,0.55,0,0,0,0,1,0,0,0,0,0,0,0,0,0,68.72620765742046,0.0,malicious
0,0.5,0,1,0,0,0,0,0,0,1,0,0,0,0,0,64.66216817293443,0.0,malicious
0,0.5,0,1,0,0,0,0,0,0,1,1,0,0,0,0,83.45304062983956,0.0,malicious
0,0.08,0,0,0,0,0,0,0,0,1,0,0,0,0,0,79.9989797348378,0.0,normal
2,0.3,0,0,0,0,0,0,0,0,1,1,0,0,0,1,95.94028861379076,15.0,malicious
0,0.85,1,0,0,0,0,0,0,0,0,1,0,1,0,0,82.54440167892955,60.0,malicious
1,0.05,0,0,0,0,0,0,0,0,0,0,0,0,0,0,60.727727679535676,0.0,normal
0,0.9,0,0,1,0,0,0,0,0,1,0,0,1,0,0,100.0,60.0,malicious
2,0.05,0,0,0,0,0,0,0,0,0,0,0,0,0,0,98.20369004610687,0.0,normal
0,0.1,0,0,0,0,0,0,0,0,0,0,0,0,0,0,85.1250751458422,0.0,normal
2,1.0,0,0,0,1,0,0,0,0,0,0,1,0,0,0,57.87039145624275,70.0,malicious
0,0.1,0,0,0,0,0,0,0,1,1,1,0,0,0,1,84.94842866398598,15.0,suspicious
2,0.1,0,0,0,0,0,0,0,0,0,0,0,0,0,0,89.78848465821606,0.0,normal
0,0.1,0,0,0,0,0,0,0,0,0,0,0,0,0,0,98.09311435499777,0.0,normal
1,0.35,0,0,0,0,0,0,0,0,1,1,0,0,0,0,66.9288094055069,0.0,malicious
1,0.45,0,0,0,0,0,1,0,0,0,1,0,0,1,1,79.52609385453796,45.0,malicious
1,0.3,0,0,0,0,0,0,0,1,0,0,0,1,0,0,72.40105828999056,60.0,malicious
0,0.1,0,0,0,0,0,0,0,0,0,0,0,0,0,1,91.73634054585389,15.0,normal
1,0.3,0,0,0,0,0,0,0,0,0,1,0,0,0,0,98.28356867379821,0.0,normal
0,0.08,0,0,0,0,0,0,0,0,0,0,0,0,0,0,76.849506727061,0.0,normal
0,0.1,0,0,0,0,0,0,0,0,0,0,0,0,0,0,91.46996444179656,0.0,normal
1,0.55,0,0,0,0,1,0,0,0,0,1,1,0,0,0,66.43217880815257,70.0,malicious
1,0.25,0,0,0,0,0,0,1,0,1,0,0,1,0,1,66.49315970110379,75.0,malicious
0,0.45,0,0,0,0,0,1,0,0,1,0,0,0,0,0,88.79595371318845,0.0,suspicious
0,0.08,0,0,0,0,0,0,0,0,0,0,0,0,0,1,71.13203743285068,15.0,normal
0,0.1,0,0,0,0,0,0,0,0,1,0,0,0,0,0,74.71378452693217,0.0,suspicious
0,0.08,0,0,0,0,0,0,0,0,0,0,0,0,0,1,91.98199230532559,15.0,normal
1,0.1,0,0,0,0,0,0,0,0,1,0,0,1,0,0,79.9039978957647,60.0,malicious
0,0.1,0,0,0,0,0,0,0,0,0,0,0,0,0,0,81.82193879766454,0.0,normal
0,0.05,0,0,0,0,0,0,0,0,0,0,0,0,0,0,96.4216924343731,0.0,normal
1,0.05,0,0,0,0,0,0,0,0,0,0,0,0,0,0,99.57751148907391,0.0,normal
2,0.55,0,0,0,0,1,0,0,0,0,1,0,0,0,0,62.131579757302475,0.0,malicious
0,0.45,0,0,0,0,0,1,0,1,0,1,0,0,0,0,86.84837896092674,0.0,malicious
0,0.1,0,0,0,0,0,0,0,0,1,0,0,0,0,0,97.50084892068757,0.0,normal
0,0.1,0,0,0,0,0,0,0,0,0,0,0,0,0,0,100.0,0.0,normal
0,0.1,0,0,0,0,0,0,0,0,0,0,0,0,0,0,86.62236120088156,0.0,suspicious
0,0.05,0,0,0,0,0,0,0,0,0,1,0,0,0,1,84.64940088416175,15.0,normal
1,1.0,0,0,0,1,0,0,0,0,0,1,0,0,0,0,68.30945168788097,0.0,malicious
1,0.1,0,0,0,0,0,0,0,1,1,0,0,0,0,1,69.18184746682505,15.0,malicious
1,0.1,0,0,0,0,0,0,0,0,1,0,0,0,0,1,78.07226542157592,15.0,malicious
0,0.9,0,0,1,0,0,0,0,0,1,1,0,0,0,0,63.89221407384877,0.0,malicious
0,0.1,0,0,0,0,0,0,0,0,1,0,0,0,0,0,92.29421541835495,0.0,normal
0,0.08,0,0,0,0,0,0,0,0,0,0,0,0,0,0,100.0,0.0,normal
0,0.05,0,0,0,0,0,0,0,0,0,0,0,0,0,0,91.5932893969103,0.0,normal
1,0.1,0,0,0,0,0,0,0,0,0,0,0,0,0,0,65.62805694058727,0.0,normal
0,0.3,0,0,0,0,0,0,0,1,0,1,0,0,0,0,75.26111896546689,0.0,suspicious
0,0.08,0,0,0,0,0,0,0,0,0,0,0,0,0,1,81.00543492287066,15.0,normal
1,0.05,0,0,0,0,0,0,0,0,0,0,0,0,0,0,90.43712733766696,0.0,normal
1,0.08,0,0,0,0,0,0,0,0,0,0,0,0,0,0,79.86914948003837,0.0,normal
0,0.05,0,0,0,0,0,0,0,0,0,0,0,0,0,1,63.51070363852967,15.0,normal
0,0.1,0,0,0,0,0,0,0,0,1,0,0,0,0,0,99.29290621468269,0.0,normal
1,0.3,0,0,0,0,0,0,0,0,0,1,0,0,0,0,95.31333553782125,0.0,normal
1,0.08,0,0,0,0,0,0,0,0,1,0,0,0,0,0,81.64504148817296,0.0,normal
1,0.1,0,0,0,0,0,0,0,0,1,0,0,0,0,0,88.77209973616382,0.0,normal
1,0.1,0,0,0,0,0,0,0,1,0,0,0,0,0,0,80.38488716834797,0.0,normal
0,0.05,0,0,0,0,0,0,0,0,1,0,0,0,0,0,92.34188481128078,0.0,normal
1,0.55,0,0,0,0,1,0,0,1,1,1,0,0,1,0,65.85398675814382,30.0,malicious
0,0.05,0,0,0,0,0,0,0,0,0,0,0,0,0,0,86.62331767869188,0.0,normal
0,0.08,0,0,0,0,0,0,0,0,0,0,0,1,0,0,88.09618887115897,60.0,normal
0,0.1,0,0,0,0,0,0,0,0,1,0,0,0,0,0,69.48735158754815,0.0,normal
0,0.08,0,0,0,0,0,0,0,0,0,0,0,0,0,0,72.45621405141846,0.0,normal
0,0.1,0,0,0,0,0,0,0,0,1,0,0,0,0,0,86.14781908813784,0.0,normal
4,0.35,0,0,0,0,0,0,0,0,0,1,0,0,0,0,59.503176054810005,0.0,malicious
0,0.1,0,0,0,0,0,0,0,0,0,0,0,0,0,0,68.55453927749393,0.0,normal
0,0.08,0,0,0,0,0,0,0,1,0,0,0,0,0,0,97.88133035793415,0.0,normal
0,0.08,0,0,0,0,0,0,0,0,0,0,0,0,0,0,80.78437459272145,0.0,suspicious
0,0.05,0,0,0,0,0,0,0,0,0,0,0,0,0,0,81.27898650231096,0.0,normal
0,0.45,0,0,0,0,0,1,0,0,1,1,0,1,0,0,96.23048442654473,60.0,malicious
0,0.08,0,0,0,0,0,0,0,0,1,0,0,0,0,0,97.58887327378682,0.0,normal
3,0.85,1,0,0,0,0,0,0,1,0,1,0,0,0,0,67.38604185316665,0.0,malicious
0,0.05,0,0,0,0,0,0,0,0,0,0,0,0,0,0,74.713928075587,0.0,normal
1,0.35,0,0,0,0,0,0,0,0,0,0,0,1,0,0,64.834566137671,60.0,malicious
1,0.9,0,0,1,0,0,0,0,0,1,1,0,1,0,0,67.37338518810543,60.0,malicious
1,0.08,0,0,0,0,0,0,0,0,0,0,0,0,0,0,98.36237397242584,0.0,normal
1,0.08,0,0,0,0,0,0,0,0,0,0,0,0,0,1,100.0,15.0,normal
1,0.1,0,0,0,0,0,0,0,0,1,1,0,0,0,0,100.0,0.0,suspicious
0,0.08,0,0,0,0,0,0,0,0,0,0,0,0,0,0,84.61617874961416,0.0,normal
1,0.08,0,0,0,0,0,0,0,0,0,0,0,1,0,0,85.76101648903827,60.0,normal
2,0.05,0,0,0,0,0,0,0,0,0,0,0,0,0,0,70.91829988927302,0.0,suspicious
0,0.08,0,0,0,0,0,0,0,1,0,0,0,0,0,0,100.0,0.0,normal
1,0.05,0,0,0,0,0,0,0,0,0,0,0,0,0,0,97.36155918827839,0.0,normal
2,0.1,0,0,0,0,0,0,0,0,1,0,1,0,0,0,89.87245757263159,70.0,malicious
0,0.08,0,0,0,0,0,0,0,0,0,0,0,0,0,0,71.59172112839121,0.0,normal
0,0.1,0,0,0,0,0,0,0,0,0,0,0,0,0,0,96.11733477005032,0.0,normal
1,0.08,0,0,0,0,0,0,0,0,0,0,0,0,0,0,74.65363825416537,0.0,normal
0,0.1,0,0,0,0,0,0,0,0,0,0,0,0,0,0,78.76093836304153,0.0,normal
0,0.1,0,0,0,0,0,0,0,0,1,0,0,0,0,0,92.56404807130899,0.0,normal
1,0.1,0,0,0,0,0,0,0,0,1,0,0,0,0,0,74.06946863964916,0.0,suspicious
1,0.45,0,0,0,0,0,1,0,0,1,0,0,0,0,0,67.98722801548446,0.0,malicious
0,0.1,0,0,0,0,0,0,0,0,1,0,0,0,0,0,82.4081839117477,0.0,normal
0,0.3,0,0,0,0,0,0,0,0,1,0,1,0,0,0,87.26607158578112,70.0,suspicious
1,0.05,0,0,0,0,0,0,0,0,0,0,0,0,1,0,82.35279665034139,30.0,normal
1,0.1,0,0,0,0,0,0,0,0,0,0,0,0,0,0,92.61493754469265,0.0,normal
0,0.05,0,0,0,0,0,0,0,0,0,1,0,0,0,1,97.35141191512244,15.0,normal
1,0.05,0,0,0,0,0,0,0,0,0,0,1,0,0,0,70.87801519941439,70.0,suspicious
0,0.3,0,0,0,0,0,0,0,0,1,1,0,0,0,0,83.36385261021628,0.0,suspicious
1,0.08,0,0,0,0,0,0,0,0,0,0,0,0,0,0,88.88284300484325,0.0,normal
0,0.05,0,0,0,0,0,0,0,0,0,0,0,0,0,0,100.0,0.0,suspicious
2,0.1,0,0,0,0,0,0,0,0,1,0,0,1,0,0,76.36978995102086,60.0,malicious
2,0.08,0,0,0,0,0,0,0,1,0,0,1,0,0,0,87.52547461198573,70.0,malicious
1,0.05,0,0,0,0,0,0,0,0,0,0,0,0,0,0,87.8564922919373,0.0,normal
0,0.55,0,0,0,0,1,0,0,0,0,1,0,0,0,0,67.06051739754704,0.0,suspicious
0,0.25,0,0,0,0,0,0,1,0,1,0,0,0,0,0,100.0,0.0,normal
0,0.08,0,0,0,0,0,0,0,0,0,0,0,0,0,1,79.1785039508389,15.0,normal
1,0.1,0,0,0,0,0,0,0,0,1,0,0,0,0,0,100.0,0.0,normal
2,0.08,0,0,0,0,0,0,0,0,1,0,0,0,0,0,100.0,0.0,suspicious
1,0.45,0,0,0,0,0,1,0,0,0,1,0,0,0,0,90.48716353055123,0.0,malicious
3,0.35,0,0,0,0,0,0,0,0,1,0,0,1,0,0,66.11330780390232,60.0,suspicious
1,0.35,0,0,0,0,0,0,0,0,0,0,0,0,0,0,62.299757414504796,0.0,suspicious
0,0.08,0,0,0,0,0,0,0,0,0,1,0,0,0,0,100.0,0.0,normal
0,0.05,0,0,0,0,0,0,0,0,0,0,0,0,0,0,98.7144236441746,0.0,normal
0,0.08,0,0,0,0,0,0,0,0,0,0,0,0,0,0,82.14988364291956,0.0,normal
1,0.1,0,0,0,0,0,0,0,0,1,0,0,0,0,0,63.01613638450422,0.0,suspicious
0,0.1,0,0,0,0,0,0,0,0,0,0,0,0,0,0,57.84547732775773,0.0,normal
0,0.08,0,0,0,0,0,0,0,0,0,0,0,0,0,0,98.04096272762386,0.0,normal
0,0.08,0,0,0,0,0,0,0,0,0,0,0,0,0,0,79.88053617124353,0.0,normal
0,0.55,0,0,0,0,1,0,0,0,0,0,0,0,0,0,66.20974901371466,0.0,normal
0,0.1,0,0,0,0,0,0,0,1,1,0,0,0,0,0,60.38522586982738,0.0,suspicious
0,0.3,0,0,0,0,0,0,0,0,0,0,0,0,0,1,92.6250085662469,15.0,normal
0,0.05,0,0,0,0,0,0,0,0,0,0,0,0,1,1,77.84059573797678,45.0,normal
0,0.3,0,0,0,0,0,0,0,0,1,0,0,0,0,0,87.10219604258577,0.0,normal
0,0.1,0,0,0,0,0,0,0,0,1,0,0,0,0,0,73.00327250292565,0.0,normal
0,0.08,0,0,0,0,0,0,0,1,1,0,0,0,0,0,100.0,0.0,normal
0,0.1,0,0,0,0,0,0,0,0,0,0,0,0,0,0,81.69012563438005,0.0,normal
1,0.05,0,0,0,0,0,0,0,0,1,0,0,0,0,0,67.5407102120767,0.0,suspicious
0,0.1,0,0,0,0,0,0,0,0,1,0,0,0,0,0,87.04079284250643,0.0,normal
0,0.55,0,0,0,0,1,0,0,0,0,1,0,0,0,0,81.51841969668038,0.0,suspicious
0,0.08,0,0,0,0,0,0,0,0,0,0,0,0,0,1,58.739012053230134,15.0,normal
0,0.1,0,0,0,0,0,0,0,0,0,0,0,0,0,0,92.45813472603079,0.0,normal
2,0.35,0,0,0,0,0,0,0,0,0,1,1,0,0,0,87.66232626624276,70.0,malicious
0,0.3,0,0,0,0,0,0,0,0,1,0,0,0,0,0,74.17926899562153,0.0,normal
1,0.85,1,0,0,0,0,0,0,0,1,1,0,0,0,0,68.63337313112574,0.0,malicious
1,0.1,0,0,0,0,0,0,0,0,0,0,0,0,0,0,96.77849266049823,0.0,normal
0,0.08,0,0,0,0,0,0,0,0,0,0,0,0,0,0,100.0,0.0,normal
0,0.05,0,0,0,0,0,0,0,0,0,0,0,0,0,0,92.7529055109734,0.0,normal
1,0.35,0,0,0,0,0,0,0,0,0,0,0,0,0,1,61.263277531720206,15.0,malicious
1,0.45,0,0,0,0,0,1,0,0,0,0,0,1,0,0,64.72091064619235,60.0,malicious
0,0.05,0,0,0,0,0,0,0,0,0,0,0,0,0,0,79.72919058525356,0.0,normal
1,0.08,0,0,0,0,0,0,0,1,0,0,1,0,0,0,98.01778804002373,70.0,malicious
1,0.08,0,0,0,0,0,0,0,0,0,0,0,0,0,0,85.59766310769962,0.0,normal
0,0.85,1,0,0,0,0,0,0,0,0,0,0,0,0,0,71.85729296868062,0.0,malicious
0,1.0,0,0,0,1,0,0,0,0,0,0,0,0,0,0,64.05830955584717,0.0,malicious
2,0.08,0,0,0,0,0,0,0,0,0,0,0,0,0,0,91.60426866777372,0.0,normal
1,0.3,0,0,0,0,0,0,0,0,1,0,0,0,0,0,78.32116154058312,0.0,malicious
0,0.05,0,0,0,0,0,0,0,0,0,0,0,0,0,0,90.22211922440859,0.0,normal
1,0.5,0,1,0,0,0,0,0,1,0,0,0,0,0,0,43.884426323620474,0.0,malicious
0,0.1,0,0,0,0,0,0,0,0,0,0,0,0,0,0,88.35080547791068,0.0,suspicious
0,0.55,0,0,0,0,1,0,0,0,1,0,0,0,1,1,52.66176297615898,45.0,malicious
0,0.05,0,0,0,0,0,0,0,0,0,0,0,0,0,0,85.68348024017148,0.0,normal
1,0.55,0,0,0,0,1,0,0,0,0,1,0,0,0,1,53.773136257348455,15.0,malicious
0,0.1,0,0,0,0,0,0,0,0,1,0,0,0,0,1,66.07782663470178,15.0,normal
2,0.35,0,0,0,0,0,0,0,0,0,0,1,0,0,0,61.553230255392364,70.0,malicious
0,0.3,0,0,0,0,0,0,0,0,1,1,0,0,0,0,82.4214035606399,0.0,suspicious
0,0.05,0,0,0,0,0,0,0,0,0,0,0,0,0,0,70.88308512456351,0.0,normal
0,0.05,0,0,0,0,0,0,0,0,0,1,0,0,0,0,100.0,0.0,normal
1,0.1,0,0,0,0,0,0,0,0,1,0,0,0,0,1,85.86994829870564,15.0,normal
1,0.1,0,0,0,0,0,0,0,0,1,0,0,0,0,1,100.0,15.0,normal
0,0.05,0,0,0,0,0,0,0,0,0,0,0,0,1,0,88.83887892246825,30.0,normal
1,0.05,0,0,0,0,0,0,0,0,0,0,1,0,0,0,85.78152529867037,70.0,suspicious
0,0.5,0,1,0,0,0,0,0,0,1,0,0,0,0,1,50.682166718339666,15.0,malicious
1,0.05,0,0,0,0,0,0,0,0,0,0,0,0,0,1,75.47803264642332,15.0,normal
0,0.08,0,0,0,0,0,0,0,0,0,0,0,0,0,0,88.5996037567691,0.0,normal
0,0.08,0,0,0,0,0,0,0,0,0,0,0,0,0,0,72.53526704557528,0.0,normal
1,0.05,0,0,0,0,0,0,0,0,0,0,0,0,0,1,67.70257556127865,15.0,normal
0,0.1,0,0,0,0,0,0,0,0,0,0,0,0,0,0,88.66889382252998,0.0,normal
0,0.1,0,0,0,0,0,0,0,0,0,0,0,0,1,0,81.3291544668785,30.0,normal
0,0.1,0,0,0,0,0,0,0,0,0,1,0,0,0,0,93.63559804335227,0.0,normal
0,0.08,0,0,0,0,0,0,0,1,0,0,0,0,0,0,90.57255721853356,0.0,normal
0,0.08,0,0,0,0,0,0,0,0,0,0,0,0,0,0,67.39787696511956,0.0,normal
0,0.1,0,0,0,0,0,0,0,0,0,0,0,0,0,0,82.6633745416662,0.0,normal
0,0.05,0,0,0,0,0,0,0,0,0,0,0,0,0,0,80.07530733001295,0.0,normal
0,0.3,0,0,0,0,0,0,0,0,0,1,0,0,0,0,88.72266624140927,0.0,normal
0,0.25,0,0,0,0,0,0,1,1,1,1,0,0,0,0,100.0,0.0,suspicious
1,0.05,0,0,0,0,0,0,0,0,0,0,1,0,0,0,100.0,70.0,normal
0,0.1,0,0,0,0,0,0,0,0,0,0,0,0,0,0,71.08439202498907,0.0,normal
2,0.1,0,0,0,0,0,0,0,0,1,0,0,0,0,0,92.7751640143977,0.0,normal
0,0.1,0,0,0,0,0,0,0,0,0,0,0,0,0,0,79.20957539770842,0.0,suspicious
0,0.08,0,0,0,0,0,0,0,0,0,0,0,0,0,0,80.53597845854993,0.0,normal
0,0.05,0,0,0,0,0,0,0,0,0,0,0,0,0,0,83.73910708211753,0.0,normal
1,0.08,0,0,0,0,0,0,0,0,0,0,0,0,0,0,98.99806735568193,0.0,normal
1,0.05,0,0,0,0,0,0,0,0,0,0,0,0,0,0,89.26984887151829,0.0,normal
1,0.45,0,0,0,0,0,1,0,0,1,1,0,1,0,0,78.31843977832108,60.0,malicious
4,0.05,0,0,0,0,0,0,0,0,0,0,0,0,1,1,61.00623536350886,45.0,malicious
2,0.35,0,0,0,0,0,0,0,0,0,1,0,0,0,0,80.38941042541654,0.0,malicious
1,0.1,0,0,0,0,0,0,0,0,0,0,0,0,0,0,89.78253128341859,0.0,normal
0,0.25,0,0,0,0,0,0,1,0,0,0,0,0,0,0,84.45761788607938,0.0,normal
1,0.3,0,0,0,0,0,0,0,1,1,1,0,0,0,0,80.61744259073791,0.0,malicious
1,1.0,0,0,0,1,0,0,0,0,1,1,0,0,0,1,90.96270043567277,15.0,malicious
1,0.05,0,0,0,0,0,0,0,0,0,0,0,0,0,0,100.0,0.0,normal
2,0.08,0,0,0,0,0,0,0,0,0,0,0,1,0,0,93.9396258026583,60.0,malicious
0,0.1,0,0,0,0,0,0,0,0,0,0,0,0,0,0,86.7771664126167,0.0,normal
1,0.5,0,1,0,0,0,0,0,0,0,0,0,0,0,0,79.38275368287503,0.0,suspicious
0,0.05,0,0,0,0,0,0,0,0,0,0,0,0,0,0,96.45863009401148,0.0,normal
0,0.05,0,0,0,0,0,0,0,0,0,0,0,0,0,0,69.44122766046146,0.0,normal
1,0.1,0,0,0,0,0,0,0,0,0,0,0,0,0,0,91.47371238149914,0.0,normal
0,0.3,0,0,0,0,0,0,0,0,0,1,0,1,0,1,63.17121215104183,75.0,malicious
0,0.1,0,0,0,0,0,0,0,0,1,0,0,0,0,0,79.87610907596137,0.0,normal
2,0.08,0,0,0,0,0,0,0,0,0,0,0,0,0,0,67.74804004524088,0.0,suspicious
0,0.05,0,0,0,0,0,0,0,0,1,0,0,0,0,0,85.40345569572469,0.0,normal
0,0.08,0,0,0,0,0,0,0,0,1,0,0,0,1,1,88.1587484325527,45.0,normal
0,0.1,0,0,0,0,0,0,0,0,0,0,0,0,0,0,76.25068059952375,0.0,normal
1,0.05,0,0,0,0,0,0,0,0,0,0,0,0,0,0,76.21187694238671,0.0,normal
1,0.5,0,1,0,0,0,0,0,1,0,1,0,0,1,0,60.56328006336382,30.0,malicious
0,0.1,0,0,0,0,0,0,0,0,0,0,0,0,0,0,97.88713622673093,0.0,normal
0,0.08,0,0,0,0,0,0,0,0,0,0,0,0,0,0,99.12553935267967,0.0,normal
0,0.08,0,0,0,0,0,0,0,0,0,0,0,0,0,0,62.888682243996506,0.0,normal
0,0.08,0,0,0,0,0,0,0,0,0,0,0,0,0,0,91.73778560239353,0.0,normal
1,0.35,0,0,0,0,0,0,0,0,0,1,0,0,0,0,87.9091660815933,0.0,normal
1,0.55,0,0,0,0,1,0,0,0,0,1,0,0,0,0,78.53857075526545,0.0,malicious
2,0.45,0,0,0,0,0,1,0,0,0,0,0,0,0,0,86.1725127629918,0.0,malicious
2,0.08,0,0,0,0,0,0,0,1,0,0,0,0,0,0,93.59677736894615,0.0,normal
0,0.1,0,0,0,0,0,0,0,0,0,0,0,0,0,0,83.34051751178625,0.0,normal
1,0.08,0,0,0,0,0,0,0,0,1,0,0,0,0,0,73.7957014896366,0.0,suspicious
2,0.1,0,0,0,0,0,0,0,0,0,0,0,0,0,0,79.83169482675048,0.0,suspicious
1,0.1,0,0,0,0,0,0,0,0,0,0,0,0,0,0,81.0668923493286,0.0,normal
0,0.85,1,0,0,0,0,0,0,0,1,0,0,0,0,0,83.80334122631729,0.0,malicious
0,0.05,0,0,0,0,0,0,0,0,0,0,0,0,0,0,78.66176201737271,0.0,normal
0,0.85,1,0,0,0,0,0,0,0,1,0,0,0,1,0,66.7147042502797,30.0,malicious
0,0.05,0,0,0,0,0,0,0,1,0,0,0,0,0,0,68.07947561124766,0.0,normal
1,0.1,0,0,0,0,0,0,0,0,1,0,0,0,0,0,70.04472904204492,0.0,suspicious
1,0.5,0,1,0,0,0,0,0,1,0,0,0,0,0,0,48.881864151539986,0.0,malicious
0,0.3,0,0,0,0,0,0,0,1,0,0,0,0,0,1,96.23138549094955,15.0,normal
0,0.1,0,0,0,0,0,0,0,0,0,0,0,0,0,0,100.0,0.0,normal
1,0.08,0,0,0,0,0,0,0,0,0,0,0,0,0,1,66.76691382861108,15.0,normal
0,0.05,0,0,0,0,0,0,0,0,0,0,0,0,0,0,67.63802537495248,0.0,normal
0,0.05,0,0,0,0,0,0,0,0,0,0,0,0,0,0,65.082523785995,0.0,normal
0,0.5,0,1,0,0,0,0,0,1,0,0,0,0,1,1,99.37133378169085,45.0,suspicious
0,0.1,0,0,0,0,0,0,0,0,1,1,0,0,0,0,59.58951772862437,0.0,malicious
0,0.3,0,0,0,0,0,0,0,0,1,0,0,0,0,0,71.91282576530404,0.0,normal
0,0.1,0,0,0,0,0,0,0,0,0,0,0,0,0,0,100.0,0.0,normal
0,0.05,0,0,0,0,0,0,0,0,0,0,0,0,0,0,81.23940617638635,0.0,normal
0,0.3,0,0,0,0,0,0,0,0,1,0,0,0,0,0,99.25991965636699,0.0,normal
0,0.08,0,0,0,0,0,0,0,0,0,0,0,0,0,1,80.70233960584856,15.0,normal
0,0.05,0,0,0,0,0,0,0,0,0,0,0,0,0,0,64.23068862676645,0.0,normal
1,0.3,0,0,0,0,0,0,0,0,0,0,0,0,0,0,70.2809964193596,0.0,suspicious
1,0.5,0,1,0,0,0,0,0,0,1,0,0,0,0,0,63.79919194770824,0.0,suspicious
1,0.5,0,1,0,0,0,0,0,0,1,0,0,0,0,1,64.1338300759269,15.0,malicious
0,0.08,0,0,0,0,0,0,0,0,0,0,0,1,0,0,94.24503168710645,60.0,suspicious
0,0.25,0,0,0,0,0,0,1,0,0,0,0,0,0,1,88.94058021569549,15.0,normal
1,0.1,0,0,0,0,0,0,0,0,0,0,1,0,0,0,99.27765182587468,70.0,suspicious
2,0.35,0,0,0,0,0,0,0,0,0,1,0,0,0,0,58.054483916912304,0.0,malicious
0,0.9,0,0,1,0,0,0,0,0,1,1,0,1,0,0,89.69098594736181,60.0,suspicious
2,0.08,0,0,0,0,0,0,0,0,1,0,0,1,0,0,100.0,60.0,malicious
1,0.05,0,0,0,0,0,0,0,0,0,0,0,0,0,1,91.26703919575696,15.0,normal
0,0.05,0,0,0,0,0,0,0,0,0,0,0,0,0,0,93.84050746070018,0.0,normal
0,0.05,0,0,0,0,0,0,0,0,1,0,0,0,0,0,72.6269077225716,0.0,normal
0,0.08,0,0,0,0,0,0,0,0,0,0,0,0,0,1,91.27630666852882,15.0,normal
0,0.1,0,0,0,0,0,0,0,0,0,0,0,0,0,0,100.0,0.0,normal
1,0.1,0,0,0,0,0,0,0,0,1,0,0,0,0,0,84.89711269718954,0.0,normal
1,0.08,0,0,0,0,0,0,0,0,0,1,0,0,0,0,84.14410751741998,0.0,normal
0,0.3,0,0,0,0,0,0,0,0,0,0,0,0,0,0,87.81779359133192,0.0,normal
0,0.1,0,0,0,0,0,0,0,0,0,0,0,0,0,1,92.89521413524469,15.0,normal
2,0.55,0,0,0,0,1,0,0,0,0,1,0,1,0,0,96.13254948045034,60.0,malicious
1,0.08,0,0,0,0,0,0,0,0,0,0,0,0,0,0,52.107334804481525,0.0,normal
0,0.1,0,0,0,0,0,0,0,0,0,0,0,0,0,0,76.15213851628612,0.0,normal
1,0.45,0,0,0,0,0,1,0,1,0,1,0,0,0,0,92.38534696995539,0.0,suspicious
1,0.05,0,0,0,0,0,0,0,0,0,0,0,0,0,0,91.81749128993219,0.0,normal
0,0.9,0,0,1,0,0,0,0,0,1,1,0,1,0,0,61.18404925034489,60.0,malicious
0,0.05,0,0,0,0,0,0,0,0,0,0,0,0,0,0,67.9731224079857,0.0,normal
2,0.1,0,0,0,0,0,0,0,0,0,0,0,0,0,0,73.16690519322576,0.0,normal
2,0.45,0,0,0,0,0,1,0,1,0,1,0,0,0,0,62.988417262042944,0.0,malicious
0,0.1,0,0,0,0,0,0,0,0,1,0,0,0,1,0,73.15167199425085,30.0,suspicious
0,0.1,0,0,0,0,0,0,0,0,1,0,0,0,0,1,96.86839868069585,15.0,normal
1,0.05,0,0,0,0,0,0,0,0,0,1,0,0,0,0,80.17500365947572,0.0,suspicious
2,0.05,0,0,0,0,0,0,0,0,0,0,0,1,0,0,99.78549303703201,60.0,suspicious
0,0.3,0,0,0,0,0,0,0,1,0,1,0,0,0,0,90.53329297265454,0.0,normal
1,0.35,0,0,0,0,0,0,0,0,0,0,0,0,0,0,61.64445887610026,0.0,suspicious
0,0.05,0,0,0,0,0,0,0,0,0,0,0,0,0,0,71.26594290829425,0.0,normal
4,0.35,0,0,0,0,0,0,0,0,1,1,0,0,0,0,80.36869724059953,0.0,malicious
0,0.85,1,0,0,0,0,0,0,1,0,1,0,0,0,1,69.82810613398105,15.0,malicious
0,0.55,0,0,0,0,1,0,0,1,0,1,0,1,0,0,66.91239628747019,60.0,malicious
0,0.1,0,0,0,0,0,0,0,1,0,0,0,0,0,0,68.40123688861405,0.0,normal
3,0.55,0,0,0,0,1,0,0,1,1,0,0,0,0,0,62.469402406868575,0.0,malicious
1,0.1,0,0,0,0,0,0,0,1,1,0,0,0,0,1,56.15711911334141,15.0,malicious
1,0.1,0,0,0,0,0,0,0,0,1,0,1,0,0,0,82.42477880137086,70.0,malicious
0,0.08,0,0,0,0,0,0,0,0,0,0,0,0,0,0,63.09637796647509,0.0,normal
0,0.45,0,0,0,0,0,1,0,1,0,1,0,0,0,0,76.56459432128578,0.0,malicious
0,0.3,0,0,0,0,0,0,0,0,0,1,0,1,0,0,88.5630922014425,60.0,suspicious
2,0.35,0,0,0,0,0,0,0,0,1,0,0,0,0,0,77.74080857308553,0.0,malicious
0,0.25,0,0,0,0,0,0,1,1,0,1,1,0,0,1,85.32412842372985,85.0,malicious
0,0.85,1,0,0,0,0,0,0,0,0,1,0,0,0,0,61.251149045929694,0.0,malicious
0,0.1,0,0,0,0,0,0,0,0,0,0,0,0,0,0,86.85873241236624,0.0,normal
0,0.3,0,0,0,0,0,0,0,0,1,0,0,0,0,0,81.4019646566164,0.0,normal
0,0.08,0,0,0,0,0,0,0,0,1,1,0,0,0,0,67.11223495492635,0.0,malicious
1,0.1,0,0,0,0,0,0,0,0,0,0,0,0,0,0,81.0648887391148,0.0,normal
1,0.05,0,0,0,0,0,0,0,0,0,0,0,0,0,0,100.0,0.0,normal
1,0.1,0,0,0,0,0,0,0,1,1,0,0,0,0,0,64.25850143878269,0.0,malicious
0,0.1,0,0,0,0,0,0,0,0,1,0,0,0,0,1,79.66289837929348,15.0,normal
0,0.08,0,0,0,0,0,0,0,0,0,0,0,0,0,0,70.7036253311787,0.0,normal
1,0.3,0,0,0,0,0,0,0,0,0,0,0,0,0,1,87.35948650078234,15.0,normal
0,0.1,0,0,0,0,0,0,0,0,1,0,0,0,0,0,89.5297905864507,0.0,normal
0,0.1,0,0,0,0,0,0,0,0,1,0,0,0,0,0,81.18274521604027,0.0,normal
0,0.1,0,0,0,0,0,0,0,0,0,0,0,0,0,1,89.72822239212422,15.0,normal
0,1.0,0,0,0,1,0,0,0,0,0,0,0,0,0,1,97.27978864883114,15.0,malicious
1,0.35,0,0,0,0,0,0,0,1,0,0,0,0,1,0,80.13292679551151,30.0,malicious
1,0.9,0,0,1,0,0,0,0,0,0,0,0,0,0,0,64.11065165829928,0.0,malicious
1,0.05,0,0,0,0,0,0,0,0,0,1,0,0,0,0,98.56697214231309,0.0,normal
1,0.08,0,0,0,0,0,0,0,0,0,0,1,0,0,0,87.16209485064924,70.0,suspicious
0,0.05,0,0,0,0,0,0,0,1,0,0,0,0,0,0,80.76471302806907,0.0,normal
1,0.35,0,0,0,0,0,0,0,0,0,1,0,0,0,0,69.01801964721282,0.0,malicious
0,0.08,0,0,0,0,0,0,0,0,0,0,0,0,0,1,74.65996084326684,15.0,suspicious
1,0.08,0,0,0,0,0,0,0,0,0,0,0,0,1,0,81.52119226589794,30.0,suspicious
0,0.08,0,0,0,0,0,0,0,0,0,0,0,0,0,0,94.3999929297414,0.0,normal
0,0.05,0,0,0,0,0,0,0,1,0,0,0,0,0,0,80.02798798846453,0.0,normal
0,0.08,0,0,0,0,0,0,0,0,0,0,0,0,0,0,70.63072304191971,0.0,normal
0,0.5,0,1,0,0,0,0,0,1,0,0,0,0,0,0,64.06602509161719,0.0,malicious
0,0.08,0,0,0,0,0,0,0,0,0,0,0,0,0,0,84.1229579706835,0.0,normal
1,0.08,0,0,0,0,0,0,0,0,0,0,0,0,0,0,84.6063387525159,0.0,normal
0,0.1,0,0,0,0,0,0,0,1,0,1,0,0,0,0,84.5815236556803,0.0,normal
0,0.05,0,0,0,0,0,0,0,0,0,0,0,0,0,0,86.25655729599927,0.0,normal
0,0.25,0,0,0,0,0,0,1,0,0,1,0,0,0,0,58.46779635592306,0.0,suspicious
1,0.08,0,0,0,0,0,0,0,0,1,0,0,0,0,0,71.4037750835013,0.0,suspicious
0,0.05,0,0,0,0,0,0,0,0,1,0,0,0,0,0,90.14915395035007,0.0,normal
1,0.1,0,0,0,0,0,0,0,1,0,0,0,0,0,0,53.00025674018525,0.0,suspicious
2,0.05,0,0,0,0,0,0,0,0,0,0,0,0,0,0,96.90396482804928,0.0,normal
0,0.1,0,0,0,0,0,0,0,0,0,0,0,0,0,0,93.92382530357384,0.0,normal
2,0.08,0,0,0,0,0,0,0,0,0,0,0,0,0,0,91.79124288043384,0.0,suspicious
0,0.55,0,0,0,0,1,0,0,1,0,0,0,0,1,0,59.128691626998496,30.0,malicious
3,0.35,0,0,0,0,0,0,0,1,0,1,0,0,0,1,81.286133915381,15.0,malicious
0,1.0,0,0,0,1,0,0,0,1,1,1,0,0,0,0,77.67886951648777,0.0,malicious
1,0.55,0,0,0,0,1,0,0,0,1,1,0,0,0,0,71.0035795416917,0.0,suspicious
3,0.35,0,0,0,0,0,0,0,1,0,1,0,0,0,0,52.792598154476835,0.0,malicious
0,0.05,0,0,0,0,0,0,0,0,0,0,0,0,0,0,87.8171822392227,0.0,normal
0,0.08,0,0,0,0,0,0,0,0,0,0,0,0,0,0,96.01403577419234,0.0,normal
1,0.05,0,0,0,0,0,0,0,0,0,0,0,0,0,1,62.57415108553308,15.0,normal
0,0.55,0,0,0,0,1,0,0,1,0,1,0,0,0,0,65.19249639516485,0.0,suspicious
0,0.1,0,0,0,0,0,0,0,0,1,0,1,0,0,0,99.14417111339381,70.0,normal
1,0.08,0,0,0,0,0,0,0,0,1,0,0,0,0,1,85.18050495513877,15.0,suspicious
0,0.3,0,0,0,0,0,0,0,1,0,1,0,0,0,0,98.49173855233785,0.0,normal
0,0.85,1,0,0,0,0,0,0,0,0,0,0,0,0,0,67.79982209857826,0.0,malicious
0,0.85,1,0,0,0,0,0,0,1,0,1,0,0,0,0,30.06667984784451,0.0,malicious
0,0.08,0,0,0,0,0,0,0,0,0,0,0,0,0,0,69.13234845817034,0.0,normal
1,0.1,0,0,0,0,0,0,0,0,0,0,0,0,1,0,81.0288952312232,30.0,suspicious
0,0.5,0,1,0,0,0,0,0,0,1,1,0,0,0,0,67.20512270243961,0.0,malicious
1,0.5,0,1,0,0,0,0,0,0,1,1,0,0,1,1,49.60379949083226,45.0,malicious
2,0.05,0,0,0,0,0,0,0,0,0,0,0,0,0,0,98.71613816904778,0.0,normal
0,0.1,0,0,0,0,0,0,0,0,1,0,0,0,0,0,89.47515843074902,0.0,normal
0,0.25,0,0,0,0,0,0,1,1,0,0,1,0,0,0,97.60591491175555,70.0,suspicious
0,0.08,0,0,0,0,0,0,0,0,0,0,0,1,0,0,83.48212117136075,60.0,normal
1,0.3,0,0,0,0,0,0,0,0,1,0,0,0,0,0,68.31937950322238,0.0,malicious
0,0.1,0,0,0,0,0,0,0,0,0,0,0,0,0,0,75.80927917490574,0.0,normal
1,0.05,0,0,0,0,0,0,0,0,1,1,0,0,0,1,100.0,15.0,normal
0,0.5,0,1,0,0,0,0,0,1,0,0,0,0,0,0,71.89348435595834,0.0,suspicious
2,0.08,0,0,0,0,0,0,0,0,0,0,1,0,0,1,84.83916938748594,85.0,malicious
1,0.05,0,0,0,0,0,0,0,0,0,0,0,0,0,0,64.28150532491935,0.0,normal
1,0.08,0,0,0,0,0,0,0,0,0,1,0,0,0,0,74.30127505710115,0.0,suspicious
0,0.1,0,0,0,0,0,0,0,0,0,0,0,0,0,0,71.81260409015509,0.0,normal
0,0.05,0,0,0,0,0,0,0,0,0,0,0,0,1,0,92.64711744837973,30.0,normal
0,0.1,0,0,0,0,0,0,0,0,1,0,0,0,0,0,100.0,0.0,normal
0,0.05,0,0,0,0,0,0,0,0,0,1,0,0,0,0,95.71123976703713,0.0,normal
1,0.3,0,0,0,0,0,0,0,1,0,1,0,0,0,0,75.98920559417928,0.0,suspicious
1,0.1,0,0,0,0,0,0,0,1,0,0,0,0,1,0,86.33300234712867,30.0,suspicious
2,0.1,0,0,0,0,0,0,0,1,1,0,0,0,0,0,65.86124855690782,0.0,malicious
0,0.55,0,0,0,0,1,0,0,0,0,0,0,1,0,0,47.879902113900314,60.0,malicious
1,0.08,0,0,0,0,0,0,0,0,0,0,0,0,0,0,69.35907610350519,0.0,normal
2,0.05,0,0,0,0,0,0,0,0,0,0,0,0,0,0,93.73571240211207,0.0,normal
0,0.08,0,0,0,0,0,0,0,0,0,0,0,0,0,0,70.45962082418366,0.0,normal
0,0.08,0,0,0,0,0,0,0,0,0,0,0,1,0,0,73.59898135132862,60.0,suspicious
0,0.1,0,0,0,0,0,0,0,0,0,0,0,0,0,0,96.80541623828046,0.0,normal
1,0.9,0,0,1,0,0,0,0,1,1,1,0,0,0,1,72.7005028144189,15.0,malicious
2,0.05,0,0,0,0,0,0,0,0,0,0,0,1,0,1,100.0,75.0,malicious
1,0.05,0,0,0,0,0,0,0,1,0,0,0,0,0,0,86.7522984726586,0.0,normal
0,0.25,0,0,0,0,0,0,1,1,0,0,0,0,0,0,59.501632135472946,0.0,normal
1,0.05,0,0,0,0,0,0,0,0,0,0,0,0,0,0,78.14293265063367,0.0,normal
0,0.5,0,1,0,0,0,0,0,0,1,1,0,0,0,0,78.54439109057397,0.0,malicious
0,0.55,0,0,0,0,1,0,0,0,1,0,0,0,0,1,77.28997683848792,15.0,malicious
1,0.9,0,0,1,0,0,0,0,1,1,0,0,0,0,1,55.56561513447532,15.0,malicious
0,0.08,0,0,0,0,0,0,0,1,0,0,0,0,0,0,77.12024025540731,0.0,normal
0,0.05,0,0,0,0,0,0,0,0,0,0,0,0,1,0,83.72547163118485,30.0,normal
1,0.25,0,0,0,0,0,0,1,0,1,0,0,0,0,0,59.380226690087824,0.0,malicious
0,0.05,0,0,0,0,0,0,0,0,0,0,0,0,1,0,74.98320489160034,30.0,normal
1,0.05,0,0,0,0,0,0,0,1,0,0,0,0,0,0,90.63077170972343,0.0,normal
0,0.85,1,0,0,0,0,0,0,0,0,0,0,0,0,1,46.863082908885076,15.0,malicious
1,0.1,0,0,0,0,0,0,0,0,1,1,0,0,0,0,100.0,0.0,normal
0,0.08,0,0,0,0,0,0,0,0,0,0,0,0,0,0,94.55766954565347,0.0,normal
0,0.1,0,0,0,0,0,0,0,0,0,0,0,1,0,0,96.87678531142724,60.0,normal
0,0.05,0,0,0,0,0,0,0,0,1,1,0,0,1,0,100.0,30.0,suspicious
0,0.1,0,0,0,0,0,0,0,0,0,0,0,0,1,1,64.17834894254081,45.0,normal
0,0.1,0,0,0,0,0,0,0,0,0,0,0,0,0,0,81.25703318968384,0.0,normal
0,0.1,0,0,0,0,0,0,0,0,0,0,0,0,0,0,91.68906072985084,0.0,normal
2,0.08,0,0,0,0,0,0,0,0,0,0,0,1,0,0,83.40097853511982,60.0,malicious
0,0.05,0,0,0,0,0,0,0,0,0,0,0,1,0,0,76.5830230204234,60.0,normal
0,0.9,0,0,1,0,0,0,0,1,1,0,0,0,0,0,70.1641710353833,0.0,malicious
0,0.08,0,0,0,0,0,0,0,0,0,0,0,0,0,1,77.30614539934118,15.0,normal
0,0.05,0,0,0,0,0,0,0,0,0,1,0,1,0,0,92.70110514870545,60.0,suspicious
0,0.55,0,0,0,0,1,0,0,1,0,0,0,0,0,1,66.85003999537973,15.0,malicious
0,0.5,0,1,0,0,0,0,0,0,1,0,0,0,0,0,73.9930080651394,0.0,suspicious
2,0.35,0,0,0,0,0,0,0,0,0,1,0,1,0,0,67.03503219017537,60.0,malicious
0,0.08,0,0,0,0,0,0,0,0,0,0,0,0,0,0,93.94379064415727,0.0,normal
2,0.3,0,0,0,0,0,0,0,0,1,0,0,0,0,1,100.0,15.0,malicious
0,0.1,0,0,0,0,0,0,0,0,1,0,0,0,0,1,75.36213831555436,15.0,normal
0,0.45,0,0,0,0,0,1,0,1,1,0,0,0,0,0,84.2915071430605,0.0,suspicious
0,0.08,0,0,0,0,0,0,0,0,0,0,0,0,0,0,85.60712872629328,0.0,normal
3,0.35,0,0,0,0,0,0,0,0,0,1,0,0,0,0,76.47988117408057,0.0,malicious
2,0.05,0,0,0,0,0,0,0,0,0,0,1,0,0,1,71.88948787257985,85.0,malicious
2,0.05,0,0,0,0,0,0,0,0,0,1,0,0,0,0,96.24600583781243,0.0,suspicious
0,0.08,0,0,0,0,0,0,0,0,0,1,0,0,1,1,81.065967875927,45.0,suspicious
1,0.1,0,0,0,0,0,0,0,0,1,1,0,0,0,1,87.48555142302075,15.0,suspicious
0,0.3,0,0,0,0,0,0,0,1,0,0,0,0,0,0,88.69600644846724,0.0,normal
1,0.05,0,0,0,0,0,0,0,0,0,0,0,0,0,1,78.90395359555215,15.0,normal
1,0.85,1,0,0,0,0,0,0,0,0,1,0,1,0,0,71.34268983619428,60.0,malicious
0,0.05,0,0,0,0,0,0,0,0,0,0,0,0,1,1,91.5878963659533,45.0,normal
0,0.5,0,1,0,0,0,0,0,0,0,0,0,0,0,0,66.78176141953735,0.0,suspicious
4,0.35,0,0,0,0,0,0,0,0,1,0,0,1,0,0,73.42140260552289,60.0,malicious
0,0.08,0,0,0,0,0,0,0,0,0,0,0,0,0,0,75.11353053839342,0.0,normal
1,0.85,1,0,0,0,0,0,0,0,1,0,0,0,0,0,65.06701677823112,0.0,malicious
1,0.05,0,0,0,0,0,0,0,0,0,0,0,1,0,1,98.4364201138138,75.0,normal
2,0.25,0,0,0,0,0,0,1,0,1,1,0,0,0,0,81.35202605239644,0.0,malicious
1,0.05,0,0,0,0,0,0,0,0,0,0,0,0,0,0,68.61567270390275,0.0,normal
0,0.1,0,0,0,0,0,0,0,0,0,0,0,0,1,1,86.65160478992279,45.0,normal
0,0.08,0,0,0,0,0,0,0,0,0,0,0,0,0,0,75.60885327317105,0.0,normal
1,0.3,0,0,0,0,0,0,0,1,0,1,0,1,0,0,90.74153457591308,60.0,malicious
0,0.3,0,0,0,0,0,0,0,0,0,0,0,0,0,0,90.24802163538922,0.0,normal
1,0.5,0,1,0,0,0,0,0,0,0,1,0,0,0,0,96.93584605919622,0.0,malicious
0,0.08,0,0,0,0,0,0,0,0,0,0,0,0,0,1,100.0,15.0,normal
0,0.3,0,0,0,0,0,0,0,1,0,0,0,1,0,0,100.0,60.0,suspicious
1,0.1,0,0,0,0,0,0,0,0,1,0,0,0,0,0,100.0,0.0,normal
1,0.08,0,0,0,0,0,0,0,0,0,0,0,0,0,1,96.64034906376145,15.0,normal
1,0.08,0,0,0,0,0,0,0,0,0,0,0,0,0,0,90.34507813106816,0.0,normal
0,0.3,0,0,0,0,0,0,0,0,1,1,0,0,0,0,84.87909166912785,0.0,malicious
2,0.9,0,0,1,0,0,0,0,0,0,0,0,0,0,1,47.113848809280256,15.0,malicious
0,0.05,0,0,0,0,0,0,0,0,1,0,0,0,0,0,75.075795980649,0.0,normal
1,0.1,0,0,0,0,0,0,0,0,0,0,0,0,0,0,100.0,0.0,normal
0,0.08,0,0,0,0,0,0,0,0,0,0,0,0,0,0,88.42546564551573,0.0,normal
0,0.08,0,0,0,0,0,0,0,0,0,0,0,0,0,0,77.96050214342074,0.0,normal
1,0.08,0,0,0,0,0,0,0,1,0,0,0,0,0,0,80.53066640255415,0.0,normal
0,0.1,0,0,0,0,0,0,0,0,1,0,0,0,0,0,99.79658904109101,0.0,normal
2,0.1,0,0,0,0,0,0,0,0,0,0,0,0,0,0,77.52235327164284,0.0,normal
1,0.08,0,0,0,0,0,0,0,0,0,0,0,0,0,0,50.68349666582464,0.0,normal
2,0.5,0,1,0,0,0,0,0,0,0,0,0,0,0,0,76.95574803907328,0.0,malicious
0,0.08,0,0,0,0,0,0,0,0,0,0,0,0,0,0,93.21368951619759,0.0,suspicious
0,0.08,0,0,0,0,0,0,0,0,0,0,0,0,0,0,90.50922184863379,0.0,normal
0,0.08,0,0,0,0,0,0,0,0,1,0,0,0,0,0,70.93127018221932,0.0,normal
2,0.55,0,0,0,0,1,0,0,1,0,0,0,0,0,1,71.09733683551364,15.0,malicious
0,0.25,0,0,0,0,0,0,1,0,1,1,1,0,0,0,84.84993837046866,70.0,malicious
0,0.08,0,0,0,0,0,0,0,0,0,0,0,1,0,0,97.83910994476835,60.0,normal
1,0.1,0,0,0,0,0,0,0,1,0,0,0,0,1,0,64.38124484754997,30.0,malicious
0,0.1,0,0,0,0,0,0,0,0,1,0,1,0,0,1,99.18011459341334,85.0,suspicious
0,0.3,0,0,0,0,0,0,0,1,0,0,1,0,0,1,100.0,85.0,suspicious
0,0.05,0,0,0,0,0,0,0,0,1,1,0,0,0,1,74.93321193940483,15.0,suspicious
0,0.08,0,0,0,0,0,0,0,0,0,0,0,0,0,0,79.70445104429177,0.0,normal
0,0.1,0,0,0,0,0,0,0,0,0,0,0,0,0,0,86.94546734047255,0.0,normal
0,0.08,0,0,0,0,0,0,0,0,0,0,0,0,0,0,80.53021361759765,0.0,normal
1,0.05,0,0,0,0,0,0,0,0,0,0,0,0,0,0,96.97559655104455,0.0,normal
1,0.1,0,0,0,0,0,0,0,0,0,0,0,0,0,0,79.22174133193441,0.0,suspicious
1,0.3,0,0,0,0,0,0,0,0,0,0,0,0,0,0,90.28100383530837,0.0,normal
2,0.05,0,0,0,0,0,0,0,0,0,0,0,0,0,0,82.69633324268379,0.0,normal
4,0.35,0,0,0,0,0,0,0,0,0,0,0,0,0,0,79.1867665252692,0.0,malicious
0,0.05,0,0,0,0,0,0,0,0,0,0,0,1,0,0,86.56673680170361,60.0,normal
1,0.1,0,0,0,0,0,0,0,0,1,0,0,0,0,0,92.51732776200221,0.0,normal
0,0.08,0,0,0,0,0,0,0,0,0,0,0,0,0,0,75.77643051828375,0.0,normal
0,0.1,0,0,0,0,0,0,0,0,0,0,0,0,0,0,71.57200649100083,0.0,normal
1,0.85,1,0,0,0,0,0,0,0,0,1,0,0,0,0,78.7057814561973,0.0,malicious
0,0.1,0,0,0,0,0,0,0,0,1,0,0,0,0,1,89.32311767510811,15.0,normal
1,0.05,0,0,0,0,0,0,0,0,0,0,0,0,1,0,64.23965998816108,30.0,normal
2,1.0,0,0,0,1,0,0,0,1,1,1,0,0,0,0,76.82358802250144,0.0,malicious
1,0.08,0,0,0,0,0,0,0,0,1,0,0,0,0,0,76.12386712566033,0.0,normal
1,0.1,0,0,0,0,0,0,0,0,0,0,0,0,0,0,70.71828451500387,0.0,normal
0,0.1,0,0,0,0,0,0,0,0,1,0,0,0,0,0,85.16089406141569,0.0,normal
2,0.9,0,0,1,0,0,0,0,1,0,1,0,1,0,0,59.4082061030522,60.0,malicious
4,0.08,0,0,0,0,0,0,0,0,0,0,0,0,0,1,51.84422951043557,15.0,malicious
1,0.5,0,1,0,0,0,0,0,0,0,0,0,0,0,1,66.19030509171348,15.0,malicious
0,0.9,0,0,1,0,0,0,0,0,0,0,0,0,0,0,62.178482967756224,0.0,malicious
0,0.1,0,0,0,0,0,0,0,0,0,0,0,0,0,0,92.27828419196722,0.0,normal
0,0.05,0,0,0,0,0,0,0,0,0,0,0,0,0,1,100.0,15.0,suspicious
0,0.3,0,0,0,0,0,0,0,0,1,1,0,0,0,0,95.57353340657306,0.0,normal
2,0.1,0,0,0,0,0,0,0,0,0,0,0,0,0,0,100.0,0.0,normal
1,0.55,0,0,0,0,1,0,0,1,1,0,0,0,0,0,70.53537419082429,0.0,malicious
0,0.55,0,0,0,0,1,0,0,1,0,1,0,0,0,1,68.19023798434235,15.0,malicious
0,0.55,0,0,0,0,1,0,0,0,0,0,0,0,0,0,66.60509862781821,0.0,suspicious
0,0.1,0,0,0,0,0,0,0,0,0,0,0,0,0,0,73.25240535116436,0.0,normal
1,0.05,0,0,0,0,0,0,0,0,1,0,0,0,0,0,67.1179169013959,0.0,normal
0,0.08,0,0,0,0,0,0,0,0,0,0,0,1,0,0,100.0,60.0,normal
0,0.08,0,0,0,0,0,0,0,0,1,0,0,0,1,0,93.72570166519361,30.0,normal
5,0.35,0,0,0,0,0,0,0,0,0,0,0,0,0,1,92.61079915086131,15.0,suspicious
0,0.08,0,0,0,0,0,0,0,0,0,0,0,0,0,0,92.045242692923,0.0,normal
1,0.05,0,0,0,0,0,0,0,0,0,1,0,0,0,0,69.01751850121369,0.0,normal
0,0.1,0,0,0,0,0,0,0,0,0,1,0,0,0,0,90.28132326176133,0.0,normal
2,0.25,0,0,0,0,0,0,1,1,0,0,0,0,0,0,62.06966877758104,0.0,malicious
0,0.85,1,0,0,0,0,0,0,1,1,1,0,1,0,0,58.337859060871864,60.0,malicious
0,0.08,0,0,0,0,0,0,0,1,0,0,0,0,0,0,60.29700374832154,0.0,normal
0,0.08,0,0,0,0,0,0,0,0,0,1,0,0,0,0,64.89515042023798,0.0,normal
1,0.1,0,0,0,0,0,0,0,0,0,0,0,0,0,1,84.02028585675316,15.0,normal
0,0.9,0,0,1,0,0,0,0,1,0,0,0,0,0,0,71.15090575451356,0.0,malicious
0,0.08,0,0,0,0,0,0,0,0,0,0,0,0,0,0,93.2301003596379,0.0,normal
0,0.08,0,0,0,0,0,0,0,0,0,0,0,0,0,0,99.03363670104865,0.0,normal
1,0.35,0,0,0,0,0,0,0,0,1,1,0,0,0,0,68.87514037046175,0.0,suspicious
0,0.1,0,0,0,0,0,0,0,0,1,0,0,0,0,0,75.49044857534236,0.0,normal
1,0.1,0,0,0,0,0,0,0,0,1,0,0,0,0,0,67.62413081311523,0.0,suspicious
2,0.45,0,0,0,0,0,1,0,0,1,1,0,0,0,1,82.50323260837364,15.0,malicious
0,0.25,0,0,0,0,0,0,1,0,1,0,0,0,0,0,66.84824129324372,0.0,normal
1,0.08,0,0,0,0,0,0,0,0,0,0,0,0,0,0,85.35316550163425,0.0,normal
0,0.08,0,0,0,0,0,0,0,0,0,0,0,0,0,1,94.68787508544261,15.0,normal
0,0.3,0,0,0,0,0,0,0,0,1,1,0,0,0,0,86.59216896912845,0.0,normal
0,0.08,0,0,0,0,0,0,0,0,0,0,0,0,0,0,94.95748477590593,0.0,normal
1,0.05,0,0,0,0,0,0,0,0,0,0,0,0,0,0,100.0,0.0,normal
0,0.08,0,0,0,0,0,0,0,0,0,0,0,0,0,0,86.70784041837778,0.0,normal
1,0.08,0,0,0,0,0,0,0,0,0,0,0,0,0,0,98.7106081985261,0.0,normal
1,0.5,0,1,0,0,0,0,0,0,0,1,0,1,0,0,60.21853093680635,60.0,malicious
1,0.08,0,0,0,0,0,0,0,0,0,0,0,0,0,0,77.42693182674114,0.0,normal
0,0.1,0,0,0,0,0,0,0,0,1,0,0,0,0,0,70.70702860624885,0.0,normal
1,0.35,0,0,0,0,0,0,0,0,0,0,0,1,0,0,73.07851358368102,60.0,malicious
1,0.05,0,0,0,0,0,0,0,0,0,0,0,1,0,1,87.50125919836927,75.0,suspicious
0,0.25,0,0,0,0,0,0,1,0,1,0,0,1,0,1,62.85379991321418,75.0,malicious
0,0.85,1,0,0,0,0,0,0,1,0,0,0,0,0,0,62.12518826541668,0.0,malicious
0,0.5,0,1,0,0,0,0,0,0,1,0,0,0,0,1,60.141222097301586,15.0,suspicious
1,0.25,0,0,0,0,0,0,1,0,1,1,0,0,0,0,85.09572295360884,0.0,malicious
0,0.1,0,0,0,0,0,0,0,0,1,0,0,0,0,0,86.82783425973604,0.0,normal
1,0.05,0,0,0,0,0,0,0,0,0,0,0,0,0,0,84.3116717709063,0.0,normal
1,0.5,0,1,0,0,0,0,0,1,0,0,0,0,0,0,70.65057129721191,0.0,malicious
0,0.1,0,0,0,0,0,0,0,0,0,0,0,0,0,0,84.40525996932668,0.0,normal
0,0.08,0,0,0,0,0,0,0,0,0,0,0,0,0,0,96.869180407059,0.0,normal
0,0.1,0,0,0,0,0,0,0,0,1,0,0,0,0,0,88.97389254116865,0.0,normal
0,0.3,0,0,0,0,0,0,0,0,1,1,0,0,0,0,93.44777775846985,0.0,normal
0,0.08,0,0,0,0,0,0,0,1,0,0,0,0,0,0,75.09355828795186,0.0,normal
0,0.08,0,0,0,0,0,0,0,0,0,0,0,0,0,1,78.41719826919092,15.0,normal
0,0.08,0,0,0,0,0,0,0,0,0,0,0,0,0,0,90.00405729409188,0.0,normal
0,0.55,0,0,0,0,1,0,0,0,0,0,0,0,0,0,74.02789191669923,0.0,suspicious
1,0.45,0,0,0,0,0,1,0,0,1,1,0,0,0,0,58.06567875731438,0.0,malicious
0,0.55,0,0,0,0,1,0,0,0,0,1,0,0,0,0,76.56052141973274,0.0,suspicious
0,0.1,0,0,0,0,0,0,0,1,1,0,1,0,0,0,100.0,70.0,normal
0,0.05,0,0,0,0,0,0,0,0,0,0,0,0,0,0,92.0763937558801,0.0,normal
0,0.08,0,0,0,0,0,0,0,0,0,0,0,0,0,0,63.855110495684364,0.0,normal
0,0.1,0,0,0,0,0,0,0,0,1,0,0,0,0,0,99.98734699189193,0.0,normal
4,0.35,0,0,0,0,0,0,0,0,0,1,0,0,0,0,60.86187348191888,0.0,malicious
0,0.05,0,0,0,0,0,0,0,0,0,0,0,0,0,1,71.8249105055847,15.0,normal
1,0.1,0,0,0,0,0,0,0,0,0,0,0,1,0,0,84.89860299315093,60.0,suspicious
0,0.25,0,0,0,0,0,0,1,1,0,1,0,0,0,0,97.54591424978277,0.0,normal
1,0.1,0,0,0,0,0,0,0,0,0,0,0,0,0,0,77.93524910803552,0.0,normal
0,0.05,0,0,0,0,0,0,0,0,0,0,0,0,0,0,86.71398028619052,0.0,normal
0,0.1,0,0,0,0,0,0,0,0,1,0,0,0,0,0,62.26247940307364,0.0,suspicious
0,0.08,0,0,0,0,0,0,0,0,0,0,0,0,0,0,80.4135842343393,0.0,normal
1,0.9,0,0,1,0,0,0,0,0,1,0,0,0,0,0,93.80877984815118,0.0,malicious
1,0.08,0,0,0,0,0,0,0,0,0,0,0,0,0,0,74.2544724248917,0.0,normal
1,0.25,0,0,0,0,0,0,1,0,0,0,0,0,0,1,96.26948767520521,15.0,normal
0,0.3,0,0,0,0,0,0,0,0,0,0,0,0,0,0,45.19725291951141,0.0,normal
0,0.1,0,0,0,0,0,0,0,0,0,0,0,0,0,0,96.51268255176359,0.0,normal
0,0.08,0,0,0,0,0,0,0,0,0,0,0,0,0,0,83.72238102079967,0.0,normal
0,0.05,0,0,0,0,0,0,0,0,0,1,0,0,0,1,69.40451071532458,15.0,normal
0,0.08,0,0,0,0,0,0,0,0,0,0,0,0,0,1,76.56346451170864,15.0,normal
1,0.05,0,0,0,0,0,0,0,0,0,0,0,0,0,0,80.53625683206569,0.0,normal
1,0.05,0,0,0,0,0,0,0,0,0,0,0,0,0,0,73.59352206497348,0.0,normal
0,0.25,0,0,0,0,0,0,1,0,0,0,0,0,0,0,74.52628369569442,0.0,normal
0,0.08,0,0,0,0,0,0,0,0,0,0,0,0,0,0,86.95220523106732,0.0,normal
5,0.35,0,0,0,0,0,0,0,0,1,1,0,0,0,1,74.95963434842407,15.0,malicious
2,0.08,0,0,0,0,0,0,0,0,0,0,0,1,0,0,73.36914316155159,60.0,malicious
3,0.1,0,0,0,0,0,0,0,0,0,0,0,0,0,0,77.68522794494238,0.0,malicious
0,0.08,0,0,0,0,0,0,0,0,1,0,0,0,0,0,81.11254069693642,0.0,normal
0,0.05,0,0,0,0,0,0,0,0,0,0,0,0,0,0,89.36796973267965,0.0,normal
0,0.08,0,0,0,0,0,0,0,0,0,0,0,0,0,1,87.8563846000609,15.0,normal
0,0.25,0,0,0,0,0,0,1,0,0,0,0,0,0,1,100.0,15.0,normal
1,0.05,0,0,0,0,0,0,0,0,0,0,0,0,0,0,85.75106917074814,0.0,normal
1,0.08,0,0,0,0,0,0,0,0,0,0,0,0,0,0,87.04327149932563,0.0,normal
0,0.25,0,0,0,0,0,0,1,0,1,1,0,0,0,0,100.0,0.0,normal
0,0.05,0,0,0,0,0,0,0,0,0,0,0,0,0,1,80.39694696390711,15.0,normal
1,0.05,0,0,0,0,0,0,0,0,0,0,0,0,0,0,83.27567948816895,0.0,normal
0,0.05,0,0,0,0,0,0,0,1,0,0,0,0,0,0,57.03051956046697,0.0,normal
2,0.55,0,0,0,0,1,0,0,0,0,1,0,0,0,0,66.20151935503061,0.0,malicious
0,0.1,0,0,0,0,0,0,0,0,0,0,0,0,0,0,89.27170915786512,0.0,normal
0,0.1,0,0,0,0,0,0,0,0,0,0,0,0,0,1,78.99336836157559,15.0,normal
1,0.3,0,0,0,0,0,0,0,0,0,0,0,0,0,0,73.52001868260989,0.0,normal
1,0.9,0,0,1,0,0,0,0,0,0,1,0,0,1,0,78.50735047282392,30.0,malicious
1,0.08,0,0,0,0,0,0,0,0,0,0,0,0,0,0,87.2033173378717,0.0,normal
0,0.45,0,0,0,0,0,1,0,0,0,0,0,0,0,0,90.4939180553462,0.0,normal
0,0.1,0,0,0,0,0,0,0,1,1,0,0,0,0,0,100.0,0.0,normal
1,0.08,0,0,0,0,0,0,0,1,0,0,0,0,0,0,100.0,0.0,suspicious
2,0.08,0,0,0,0,0,0,0,0,0,0,0,1,0,0,67.50376362494526,60.0,malicious
0,0.05,0,0,0,0,0,0,0,0,0,0,0,0,0,1,93.26092002022283,15.0,normal
2,0.55,0,0,0,0,1,0,0,0,0,0,0,0,0,1,67.1087944185737,15.0,malicious
0,0.9,0,0,1,0,0,0,0,1,1,1,0,0,0,0,65.51778402150852,0.0,malicious
0,0.1,0,0,0,0,0,0,0,0,0,1,0,0,0,0,94.52429476530412,0.0,normal
0,0.05,0,0,0,0,0,0,0,0,0,0,0,0,0,0,67.05626948790353,0.0,normal
1,0.5,0,1,0,0,0,0,0,1,1,1,0,0,0,0,53.955886272702315,0.0,malicious
1,0.1,0,0,0,0,0,0,0,1,1,1,0,0,0,1,66.23693372906394,15.0,malicious
0,0.1,0,0,0,0,0,0,0,0,1,0,0,0,0,0,98.12263658432681,0.0,normal
0,0.1,0,0,0,0,0,0,0,0,0,0,0,0,1,0,96.32576661790532,30.0,normal
1,0.1,0,0,0,0,0,0,0,0,0,0,0,0,0,0,96.42555334119594,0.0,normal
0,0.08,0,0,0,0,0,0,0,0,0,1,0,0,0,1,85.14363896915394,15.0,normal
2,0.08,0,0,0,0,0,0,0,0,0,0,0,0,0,0,91.8751677766066,0.0,normal
0,0.25,0,0,0,0,0,0,1,0,0,0,0,1,0,0,70.32008747193947,60.0,malicious
0,0.55,0,0,0,0,1,0,0,1,1,0,0,0,0,0,80.1036474537716,0.0,malicious
1,0.1,0,0,0,0,0,0,0,0,0,0,0,0,0,1,74.2478221534771,15.0,normal
1,0.05,0,0,0,0,0,0,0,0,0,0,0,0,0,0,95.54638214469213,0.0,normal
3,0.35,0,0,0,0,0,0,0,1,0,0,0,0,0,0,78.65607634097559,0.0,malicious
1,0.05,0,0,0,0,0,0,0,0,0,0,0,0,0,0,86.32145409994025,0.0,normal
0,0.05,0,0,0,0,0,0,0,0,0,0,0,0,0,0,95.02435768534846,0.0,normal
2,0.55,0,0,0,0,1,0,0,0,0,0,0,0,0,1,88.84870246873089,15.0,malicious
8,0.35,0,0,0,0,0,0,0,1,0,1,0,0,0,0,78.05269923492136,0.0,malicious
1,0.08,0,0,0,0,0,0,0,1,0,0,0,0,0,0,80.62746997857201,0.0,normal
0,0.08,0,0,0,0,0,0,0,0,0,0,0,0,0,0,72.42738416136513,0.0,normal
2,0.08,0,0,0,0,0,0,0,0,0,1,0,0,0,0,90.98341679410038,0.0,normal
0,0.08,0,0,0,0,0,0,0,0,0,0,0,0,0,0,84.90068956210709,0.0,normal
0,0.05,0,0,0,0,0,0,0,0,0,0,0,0,0,0,69.0091022509332,0.0,normal
1,0.55,0,0,0,0,1,0,0,0,0,1,0,1,0,0,62.77129349002704,60.0,malicious
0,0.9,0,0,1,0,0,0,0,0,1,1,0,0,0,1,55.425364812006535,15.0,malicious
0,0.1,0,0,0,0,0,0,0,0,0,0,0,0,0,0,96.78191960559641,0.0,normal
0,0.08,0,0,0,0,0,0,0,0,0,0,0,0,0,0,100.0,0.0,normal
0,0.08,0,0,0,0,0,0,0,0,0,0,0,1,0,0,100.0,60.0,normal
0,0.55,0,0,0,0,1,0,0,1,0,0,0,0,1,0,79.44960882161517,30.0,malicious
0,0.05,0,0,0,0,0,0,0,0,0,0,1,0,1,0,82.65066138264392,100.0,suspicious
0,0.08,0,0,0,0,0,0,0,0,0,0,0,0,0,0,83.04767171899093,0.0,normal
0,0.1,0,0,0,0,0,0,0,0,0,0,0,0,0,0,77.35775475422976,0.0,normal
1,0.05,0,0,0,0,0,0,0,0,1,0,0,0,0,0,81.4776047695157,0.0,normal
0,0.08,0,0,0,0,0,0,0,0,0,0,0,0,0,0,68.0319189306678,0.0,normal
1,0.3,0,0,0,0,0,0,0,0,1,0,1,0,0,0,70.83600013524182,70.0,malicious
0,0.1,0,0,0,0,0,0,0,1,0,0,0,0,0,0,87.05656511560882,0.0,normal
0,0.08,0,0,0,0,0,0,0,0,0,0,0,0,1,0,73.82876995328913,30.0,normal
2,0.25,0,0,0,0,0,0,1,0,0,0,0,0,0,1,74.81091780543713,15.0,malicious
1,0.25,0,0,0,0,0,0,1,1,0,0,0,0,0,1,78.82384211697052,15.0,malicious
1,0.35,0,0,0,0,0,0,0,0,0,0,0,0,0,1,49.37817617095871,15.0,suspicious
1,0.35,0,0,0,0,0,0,0,0,0,0,0,0,1,0,64.329402725854,30.0,suspicious
0,0.08,0,0,0,0,0,0,0,0,0,0,0,0,0,1,100.0,15.0,normal
0,0.1,0,0,0,0,0,0,0,0,0,0,0,0,0,1,100.0,15.0,normal
1,0.35,0,0,0,0,0,0,0,0,1,0,0,0,0,0,65.59380704037162,0.0,suspicious
0,0.08,0,0,0,0,0,0,0,0,0,0,0,0,0,0,93.15583250817178,0.0,normal
1,0.5,0,1,0,0,0,0,0,1,1,0,0,0,0,0,84.9974608639929,0.0,malicious
1,0.08,0,0,0,0,0,0,0,0,0,0,0,0,0,0,100.0,0.0,normal
1,0.5,0,1,0,0,0,0,0,0,0,1,0,0,0,0,63.054205097643035,0.0,malicious
1,0.08,0,0,0,0,0,0,0,1,0,0,0,0,0,1,81.6394109945413,15.0,normal
0,0.1,0,0,0,0,0,0,0,0,0,0,0,0,0,0,94.13216258589958,0.0,normal
0,0.85,1,0,0,0,0,0,0,0,0,1,0,0,1,0,56.232935576813745,30.0,malicious
0,0.1,0,0,0,0,0,0,0,0,0,0,1,0,0,1,61.792534164726725,85.0,suspicious
1,0.25,0,0,0,0,0,0,1,0,1,1,0,0,0,0,88.1793873379204,0.0,suspicious
0,0.08,0,0,0,0,0,0,0,0,0,0,0,0,0,0,91.68726905360583,0.0,normal
0,0.85,1,0,0,0,0,0,0,1,1,1,1,0,0,0,74.0751914247064,70.0,malicious
1,0.05,0,0,0,0,0,0,0,1,0,0,0,0,0,0,79.37629103623061,0.0,normal
1,0.1,0,0,0,0,0,0,0,0,0,0,0,0,0,0,100.0,0.0,normal
0,0.05,0,0,0,0,0,0,0,0,0,0,0,0,0,0,76.0781747402208,0.0,normal
1,0.08,0,0,0,0,0,0,0,0,0,0,0,0,0,0,79.68105244514217,0.0,normal
4,0.35,0,0,0,0,0,0,0,0,0,0,0,0,0,0,94.07243685051503,0.0,malicious
1,0.08,0,0,0,0,0,0,0,0,0,0,0,0,0,0,79.21732411780354,0.0,normal
0,0.05,0,0,0,0,0,0,0,1,0,0,0,0,0,1,78.41287731405401,15.0,normal
0,0.05,0,0,0,0,0,0,0,0,0,0,0,0,0,0,81.23987572298844,0.0,normal
2,0.08,0,0,0,0,0,0,0,0,0,0,0,0,0,0,94.41882254233667,0.0,normal
1,0.5,0,1,0,0,0,0,0,0,0,1,0,0,0,0,92.67375033203774,0.0,normal
0,0.05,0,0,0,0,0,0,0,1,0,0,0,0,0,0,78.38308925620737,0.0,normal
0,0.1,0,0,0,0,0,0,0,0,0,0,1,0,0,0,87.52716081518395,70.0,normal
0,0.45,0,0,0,0,0,1,0,0,0,0,0,0,0,0,74.97148120353529,0.0,normal
0,0.05,0,0,0,0,0,0,0,0,0,0,0,0,0,1,81.33565110444198,15.0,normal
4,0.35,0,0,0,0,0,0,0,0,0,0,0,0,0,0,63.19032798777343,0.0,malicious
0,0.1,0,0,0,0,0,0,0,0,1,0,0,0,0,0,100.0,0.0,normal
1,0.5,0,1,0,0,0,0,0,0,0,0,0,0,0,0,80.49585500286629,0.0,malicious
0,0.08,0,0,0,0,0,0,0,0,0,0,0,0,0,1,100.0,15.0,normal
0,0.1,0,0,0,0,0,0,0,0,0,0,0,0,0,0,98.52771378994485,0.0,normal
0,0.08,0,0,0,0,0,0,0,0,1,1,0,0,0,0,87.38768382566887,0.0,suspicious
1,0.05,0,0,0,0,0,0,0,0,0,0,0,0,0,0,91.63909919959914,0.0,normal
0,0.85,1,0,0,0,0,0,0,0,0,1,0,0,0,0,81.42754006119897,0.0,malicious
0,0.05,0,0,0,0,0,0,0,0,0,0,0,0,0,0,87.93595182564549,0.0,normal
0,0.3,0,0,0,0,0,0,0,0,1,1,0,0,0,0,54.024958435217975,0.0,malicious
0,0.08,0,0,0,0,0,0,0,0,1,0,0,0,0,0,95.44922761687596,0.0,normal
3,0.35,0,0,0,0,0,0,0,0,0,1,0,0,0,1,66.858801879719,15.0,malicious
0,0.1,0,0,0,0,0,0,0,0,1,0,0,0,0,0,83.48720813487391,0.0,normal
0,0.1,0,0,0,0,0,0,0,0,0,0,0,0,0,1,79.59370347615145,15.0,normal
0,0.5,0,1,0,0,0,0,0,0,1,0,0,0,0,0,71.52768928621015,0.0,suspicious
1,0.05,0,0,0,0,0,0,0,0,0,0,0,0,1,0,100.0,30.0,normal
1,0.3,0,0,0,0,0,0,0,1,0,1,0,0,0,0,93.62457325479053,0.0,suspicious
1,0.25,0,0,0,0,0,0,1,1,0,0,0,0,0,0,58.0533979538233,0.0,suspicious
1,0.1,0,0,0,0,0,0,0,0,1,0,0,0,0,0,80.46602659519367,0.0,normal
0,0.08,0,0,0,0,0,0,0,0,0,0,0,0,0,0,80.00264125157788,0.0,normal
0,0.1,0,0,0,0,0,0,0,0,0,0,0,0,0,0,76.46859758536853,0.0,normal
0,0.1,0,0,0,0,0,0,0,0,1,0,0,0,0,1,100.0,15.0,normal
0,0.08,0,0,0,0,0,0,0,0,0,0,0,0,0,1,95.11505343507851,15.0,normal
1,0.5,0,1,0,0,0,0,0,0,1,0,0,0,0,1,55.996707639130946,15.0,malicious
1,0.5,0,1,0,0,0,0,0,1,1,0,0,0,0,0,82.13467398131499,0.0,suspicious
0,0.05,0,0,0,0,0,0,0,0,0,0,0,0,0,0,87.5174085497602,0.0,normal
1,0.55,0,0,0,0,1,0,0,1,0,0,0,0,0,0,73.66231873249984,0.0,malicious
0,0.08,0,0,0,0,0,0,0,0,0,0,0,0,0,0,91.79863523995803,0.0,normal
0,0.1,0,0,0,0,0,0,0,0,0,0,0,0,0,0,84.74465727574795,0.0,normal
0,0.08,0,0,0,0,0,0,0,0,1,0,0,0,0,0,76.74475766012296,0.0,normal
0,0.1,0,0,0,0,0,0,0,1,0,0,0,0,0,0,100.0,0.0,normal
1,0.45,0,0,0,0,0,1,0,1,0,0,0,0,0,0,94.67354718467409,0.0,suspicious
1,0.05,0,0,0,0,0,0,0,0,1,0,0,0,0,0,100.0,0.0,normal
0,0.08,0,0,0,0,0,0,0,0,0,0,0,0,1,0,100.0,30.0,normal
1,0.08,0,0,0,0,0,0,0,1,0,0,0,0,0,0,91.30281677892525,0.0,normal
0,0.9,0,0,1,0,0,0,0,0,0,0,0,0,0,0,72.43344712841241,0.0,malicious
0,0.08,0,0,0,0,0,0,0,1,0,0,0,0,0,1,90.20065174461604,15.0,normal
0,0.5,0,1,0,0,0,0,0,0,0,1,0,0,0,0,71.36051056489987,0.0,suspicious
0,0.1,0,0,0,0,0,0,0,0,0,0,0,0,0,0,95.95943673414567,0.0,normal
1,0.08,0,0,0,0,0,0,0,0,0,0,0,0,0,0,73.49825809090042,0.0,normal
0,0.05,0,0,0,0,0,0,0,0,0,0,0,0,0,1,94.12169440032696,15.0,normal
4,0.35,0,0,0,0,0,0,0,0,1,0,0,0,0,1,54.70806673462588,15.0,malicious
0,0.1,0,0,0,0,0,0,0,0,0,0,0,0,0,0,63.09739814084208,0.0,normal
2,0.08,0,0,0,0,0,0,0,0,0,0,0,0,1,0,64.76268705695398,30.0,malicious
0,0.3,0,0,0,0,0,0,0,0,0,0,0,0,0,1,85.43183461025089,15.0,normal
1,0.05,0,0,0,0,0,0,0,0,1,0,0,1,0,0,53.852836766412565,60.0,malicious
0,0.1,0,0,0,0,0,0,0,1,1,0,0,0,0,0,70.44403329185812,0.0,normal
0,0.25,0,0,0,0,0,0,1,0,1,1,0,0,0,0,68.69009961458542,0.0,suspicious
0,0.05,0,0,0,0,0,0,0,0,0,0,0,0,0,0,89.45129898669366,0.0,normal
0,0.08,0,0,0,0,0,0,0,0,0,0,0,1,0,0,63.31654663592238,60.0,suspicious
2,0.45,0,0,0,0,0,1,0,0,0,1,0,0,0,0,77.23585186872788,0.0,malicious
0,0.1,0,0,0,0,0,0,0,0,0,0,0,0,0,0,79.46585262185985,0.0,normal
0,0.05,0,0,0,0,0,0,0,0,0,0,0,0,0,1,88.09555580321424,15.0,normal
0,0.05,0,0,0,0,0,0,0,0,0,0,0,0,0,0,73.37931556968756,0.0,normal
0,0.1,0,0,0,0,0,0,0,0,0,0,0,0,0,0,86.94307581937873,0.0,normal
1,0.25,0,0,0,0,0,0,1,0,0,1,0,0,0,0,80.13244923414726,0.0,malicious
0,0.9,0,0,1,0,0,0,0,0,1,0,1,0,0,0,63.93278952941022,70.0,malicious
1,0.85,1,0,0,0,0,0,0,1,0,0,0,0,0,0,83.94041912951073,0.0,malicious
0,0.1,0,0,0,0,0,0,0,0,0,0,0,0,0,1,92.75321389482221,15.0,normal
0,0.08,0,0,0,0,0,0,0,0,0,1,0,0,0,0,75.2272808548619,0.0,normal
0,0.1,0,0,0,0,0,0,0,0,0,0,0,0,0,0,78.78322314812917,0.0,normal
0,0.3,0,0,0,0,0,0,0,0,1,0,0,0,0,0,77.70538485978042,0.0,normal
0,0.1,0,0,0,0,0,0,0,0,0,0,0,0,0,0,73.61819732125383,0.0,normal
5,0.35,0,0,0,0,0,0,0,0,0,0,0,0,0,1,69.0026260604196,15.0,malicious
2,0.08,0,0,0,0,0,0,0,0,0,0,0,0,0,0,71.38512373282482,0.0,suspicious
0,0.05,0,0,0,0,0,0,0,0,0,0,0,0,0,1,83.14189505234891,15.0,normal
0,0.55,0,0,0,0,1,0,0,0,1,1,0,0,1,0,58.307500119013156,30.0,malicious
0,0.08,0,0,0,0,0,0,0,1,0,0,0,0,0,0,89.93517902749244,0.0,normal
0,0.1,0,0,0,0,0,0,0,0,1,0,0,1,0,0,85.09789380332083,60.0,normal
1,0.08,0,0,0,0,0,0,0,0,0,0,1,0,0,1,98.47410044936196,85.0,malicious
0,0.08,0,0,0,0,0,0,0,1,0,0,0,0,1,0,94.01594699545754,30.0,normal
1,0.1,0,0,0,0,0,0,0,1,0,0,0,0,0,1,67.2207796238523,15.0,suspicious
0,0.05,0,0,0,0,0,0,0,1,0,0,0,0,0,0,85.38928001854366,0.0,normal
0,0.1,0,0,0,0,0,0,0,0,0,0,0,1,0,0,77.22236996592244,60.0,normal
0,0.05,0,0,0,0,0,0,0,0,0,0,0,1,0,1,88.8083651725656,75.0,normal
2,0.05,0,0,0,0,0,0,0,0,0,0,0,0,0,0,86.54810951509513,0.0,normal
1,0.55,0,0,0,0,1,0,0,0,0,0,0,0,0,0,52.33343738906153,0.0,malicious
0,0.1,0,0,0,0,0,0,0,0,0,0,0,0,0,1,95.91278581578241,15.0,normal
0,0.55,0,0,0,0,1,0,0,1,1,1,0,0,0,0,65.5738799303512,0.0,malicious
2,0.1,0,0,0,0,0,0,0,0,0,0,0,0,0,0,100.0,0.0,normal
0,0.25,0,0,0,0,0,0,1,1,1,0,0,0,0,1,79.4228818894828,15.0,suspicious
1,0.1,0,0,0,0,0,0,0,1,1,0,0,0,0,0,88.25183959239722,0.0,normal
0,0.05,0,0,0,0,0,0,0,1,0,0,0,0,0,1,80.46625486393528,15.0,normal
0,0.08,0,0,0,0,0,0,0,1,0,0,0,0,0,1,82.35659003564724,15.0,normal
1,0.08,0,0,0,0,0,0,0,0,0,0,0,0,0,0,85.24988194942804,0.0,normal
0,0.05,0,0,0,0,0,0,0,0,0,0,0,0,0,0,99.71032031553932,0.0,normal
0,0.08,0,0,0,0,0,0,0,0,0,0,0,0,0,0,73.2065918141292,0.0,normal
0,0.08,0,0,0,0,0,0,0,0,1,0,0,0,0,0,100.0,0.0,normal
1,0.05,0,0,0,0,0,0,0,0,0,0,1,0,1,0,71.70404322188145,100.0,malicious
1,0.05,0,0,0,0,0,0,0,0,1,0,0,0,0,0,74.52517399106858,0.0,suspicious
0,0.1,0,0,0,0,0,0,0,0,1,0,0,0,0,1,100.0,15.0,normal
0,0.45,0,0,0,0,0,1,0,0,1,0,0,0,1,0,69.1795043671126,30.0,malicious
0,0.08,0,0,0,0,0,0,0,0,0,1,0,0,0,0,64.1846468708631,0.0,normal
0,0.08,0,0,0,0,0,0,0,0,0,0,0,1,0,0,83.59508546931964,60.0,normal
0,0.9,0,0,1,0,0,0,0,0,0,0,0,1,0,0,69.81443804306564,60.0,malicious
0,0.08,0,0,0,0,0,0,0,0,0,0,0,0,0,0,84.60899388581498,0.0,normal
0,0.5,0,1,0,0,0,0,0,1,0,0,0,0,0,0,72.58552562832915,0.0,suspicious
1,0.5,0,1,0,0,0,0,0,0,1,0,0,0,0,0,46.96380866524804,0.0,malicious
1,0.45,0,0,0,0,0,1,0,0,0,0,0,0,0,0,97.71288283863633,0.0,suspicious
0,0.05,0,0,0,0,0,0,0,0,0,0,0,0,0,0,95.56489500181863,0.0,normal
4,0.35,0,0,0,0,0,0,0,1,0,1,0,1,0,0,83.49004091124182,60.0,malicious
0,0.05,0,0,0,0,0,0,0,0,0,0,0,0,0,0,73.11983512046942,0.0,normal
0,0.08,0,0,0,0,0,0,0,0,0,0,1,0,0,0,100.0,70.0,normal
2,0.35,0,0,0,0,0,0,0,0,0,0,0,0,0,1,79.26519682043977,15.0,suspicious
0,0.08,0,0,0,0,0,0,0,0,0,0,0,0,0,0,85.54003199451525,0.0,normal
1,0.55,0,0,0,0,1,0,0,0,1,0,0,0,0,0,76.85117380140125,0.0,malicious
1,0.05,0,0,0,0,0,0,0,0,0,0,0,0,0,1,80.19162451078991,15.0,normal
0,0.5,0,1,0,0,0,0,0,0,1,0,0,0,0,0,69.14343865831334,0.0,suspicious
1,0.05,0,0,0,0,0,0,0,0,1,0,0,0,0,1,100.0,15.0,normal
0,0.1,0,0,0,0,0,0,0,0,1,0,0,0,0,0,83.91262563258023,0.0,normal
4,0.1,0,0,0,0,0,0,0,0,0,0,0,0,0,0,100.0,0.0,malicious
1,0.08,0,0,0,0,0,0,0,0,0,0,0,0,0,0,76.28270802796405,0.0,normal
1,0.08,0,0,0,0,0,0,0,0,0,0,0,0,0,0,86.35430025993381,0.0,normal
0,0.1,0,0,0,0,0,0,0,0,0,0,0,0,1,0,81.16637801610938,30.0,normal
2,0.1,0,0,0,0,0,0,0,0,0,0,0,0,0,0,94.40078085149692,0.0,suspicious
1,0.55,0,0,0,0,1,0,0,1,0,1,0,1,0,0,65.17137009047515,60.0,malicious
0,1.0,0,0,0,1,0,0,0,1,1,0,0,0,0,0,53.3281907246359,0.0,malicious
0,0.08,0,0,0,0,0,0,0,1,0,0,0,0,0,0,75.79249093564262,0.0,normal
0,0.08,0,0,0,0,0,0,0,0,0,0,0,0,0,0,94.77070044342689,0.0,normal
1,0.55,0,0,0,0,1,0,0,0,0,0,0,0,0,0,67.55917358302221,0.0,malicious
1,0.05,0,0,0,0,0,0,0,0,0,0,0,0,0,0,81.09958325569067,0.0,normal
3,0.05,0,0,0,0,0,0,0,1,0,0,0,0,0,0,71.30744614052749,0.0,malicious
1,0.35,0,0,0,0,0,0,0,1,1,1,0,0,0,0,73.92492409861488,0.0,suspicious
2,0.05,0,0,0,0,0,0,0,0,0,0,0,0,1,0,89.23876800592107,30.0,normal
3,0.08,0,0,0,0,0,0,0,0,0,0,0,0,0,1,100.0,15.0,suspicious
0,0.3,0,0,0,0,0,0,0,0,1,1,0,0,0,0,71.09872143536721,0.0,malicious
0,0.08,0,0,0,0,0,0,0,0,0,0,0,0,0,0,94.22218850598799,0.0,normal
0,0.55,0,0,0,0,1,0,0,0,1,0,0,0,0,0,78.26536416131299,0.0,suspicious
0,0.1,0,0,0,0,0,0,0,0,0,0,0,0,1,0,77.03853353776506,30.0,normal
1,0.08,0,0,0,0,0,0,0,0,0,0,0,0,0,1,70.08564221813279,15.0,suspicious
0,0.1,0,0,0,0,0,0,0,0,1,0,0,0,0,0,87.72910007133558,0.0,normal
1,0.08,0,0,0,0,0,0,0,0,0,0,0,0,0,0,73.5156833105299,0.0,normal
1,0.08,0,0,0,0,0,0,0,0,0,0,0,0,0,0,67.41846813870099,0.0,normal
0,0.08,0,0,0,0,0,0,0,0,0,0,1,0,0,0,83.0302829382595,70.0,normal
0,0.1,0,0,0,0,0,0,0,0,0,0,0,0,0,0,76.45987740748178,0.0,normal
1,0.25,0,0,0,0,0,0,1,1,1,0,0,0,0,0,46.57423254029671,0.0,malicious
1,0.25,0,0,0,0,0,0,1,1,0,0,0,0,0,0,100.0,0.0,suspicious
1,0.45,0,0,0,0,0,1,0,0,1,0,0,0,0,0,79.68666041274648,0.0,malicious
0,0.08,0,0,0,0,0,0,0,0,0,1,0,0,1,0,67.84853134681317,30.0,normal
4,0.35,0,0,0,0,0,0,0,0,0,0,0,0,0,0,78.06154490160763,0.0,malicious
2,0.08,0,0,0,0,0,0,0,0,0,0,0,1,0,1,81.93915885765846,75.0,malicious
1,0.1,0,0,0,0,0,0,0,0,0,0,0,0,1,0,80.12538220216426,30.0,normal
0,0.1,0,0,0,0,0,0,0,0,0,0,0,0,0,0,66.95269361604142,0.0,normal
1,0.05,0,0,0,0,0,0,0,1,0,1,0,0,0,0,86.65400433313073,0.0,malicious
0,0.1,0,0,0,0,0,0,0,0,1,0,0,0,0,0,82.47008870966667,0.0,normal
0,0.08,0,0,0,0,0,0,0,1,0,0,0,0,0,1,83.98641809603384,15.0,normal
0,0.1,0,0,0,0,0,0,0,0,1,0,0,0,0,0,87.07944262697406,0.0,normal
1,0.08,0,0,0,0,0,0,0,0,0,0,0,0,0,0,94.38882854131343,0.0,normal
0,0.9,0,0,1,0,0,0,0,0,0,0,1,1,0,0,69.06930979687148,100.0,malicious
0,0.25,0,0,0,0,0,0,1,0,0,1,0,0,0,0,90.06308187105388,0.0,normal
0,0.05,0,0,0,0,0,0,0,0,0,0,0,0,0,0,100.0,0.0,normal
0,0.08,0,0,0,0,0,0,0,0,0,0,0,0,0,1,87.67032697742681,15.0,normal
0,0.1,0,0,0,0,0,0,0,0,0,0,0,0,0,0,100.0,0.0,normal
0,0.1,0,0,0,0,0,0,0,0,0,0,0,0,0,0,67.50945732094988,0.0,normal
0,0.08,0,0,0,0,0,0,0,0,0,0,0,0,0,0,86.77400011388336,0.0,normal
1,0.08,0,0,0,0,0,0,0,0,0,0,0,1,0,1,90.69722332637714,75.0,malicious
0,0.05,0,0,0,0,0,0,0,0,0,0,0,0,0,0,92.37954686121478,0.0,normal
1,0.08,0,0,0,0,0,0,0,0,1,0,0,0,0,0,79.434197512409,0.0,normal
1,0.9,0,0,1,0,0,0,0,1,0,1,0,0,0,0,81.80088221031093,0.0,malicious
1,0.05,0,0,0,0,0,0,0,0,0,0,0,0,0,0,100.0,0.0,normal
0,0.3,0,0,0,0,0,0,0,0,1,1,0,0,0,0,99.11461077040165,0.0,normal
0,0.05,0,0,0,0,0,0,0,0,0,0,0,0,0,0,90.61270824525923,0.0,normal
0,0.1,0,0,0,0,0,0,0,0,1,0,0,0,0,0,74.45433987564475,0.0,normal
0,0.08,0,0,0,0,0,0,0,0,0,0,0,0,0,0,86.35367306193577,0.0,normal
0,0.1,0,0,0,0,0,0,0,0,0,1,0,0,1,1,83.43157144945242,45.0,normal
0,0.55,0,0,0,0,1,0,0,0,1,1,0,0,0,0,47.55093734730394,0.0,malicious
1,0.1,0,0,0,0,0,0,0,0,0,0,0,0,0,0,58.61163399321085,0.0,normal
1,0.3,0,0,0,0,0,0,0,0,0,1,0,1,0,0,63.13281908807747,60.0,malicious
1,0.05,0,0,0,0,0,0,0,0,0,0,0,1,0,1,73.58860962667148,75.0,malicious
0,0.9,0,0,1,0,0,0,0,1,0,0,0,0,0,0,57.15578366376035,0.0,malicious
0,0.08,0,0,0,0,0,0,0,0,0,0,0,0,0,0,77.10903773928055,0.0,normal
0,0.3,0,0,0,0,0,0,0,0,0,1,0,0,0,0,87.43451160565503,0.0,normal
1,0.08,0,0,0,0,0,0,0,0,0,0,0,0,0,0,90.39268353753015,0.0,normal
0,0.08,0,0,0,0,0,0,0,0,0,0,0,0,0,0,80.35912562844254,0.0,normal
0,0.1,0,0,0,0,0,0,0,0,0,0,0,0,0,0,82.04303666573887,0.0,normal
1,0.5,0,1,0,0,0,0,0,1,1,0,0,0,0,0,58.47392046337297,0.0,malicious
1,0.1,0,0,0,0,0,0,0,0,1,0,0,0,0,0,100.0,0.0,normal
1,0.1,0,0,0,0,0,0,0,0,1,0,0,0,0,0,70.60263086045721,0.0,malicious
1,0.08,0,0,0,0,0,0,0,0,0,0,0,0,0,1,68.49842035764922,15.0,suspicious
1,0.08,0,0,0,0,0,0,0,0,0,0,0,0,0,0,86.34532983292284,0.0,normal
0,0.3,0,0,0,0,0,0,0,0,0,1,0,0,0,0,97.90341883386289,0.0,normal
1,0.1,0,0,0,0,0,0,0,0,0,0,0,0,0,0,62.41407343908058,0.0,normal
0,0.45,0,0,0,0,0,1,0,0,0,1,0,0,0,0,81.89323686656496,0.0,suspicious
0,0.08,0,0,0,0,0,0,0,0,0,1,0,0,0,0,89.13965512906731,0.0,normal
0,0.1,0,0,0,0,0,0,0,0,1,1,0,0,0,0,75.55866822049234,0.0,normal
1,0.1,0,0,0,0,0,0,0,0,1,0,0,0,0,0,76.60941272134771,0.0,normal
1,0.08,0,0,0,0,0,0,0,0,0,0,0,0,0,0,88.93757701548142,0.0,normal
1,0.08,0,0,0,0,0,0,0,0,0,0,0,1,0,1,75.26688585682149,75.0,malicious
1,0.3,0,0,0,0,0,0,0,0,1,0,0,0,0,0,73.84606096395771,0.0,suspicious
0,0.1,0,0,0,0,0,0,0,0,0,0,0,0,0,1,71.82139632055541,15.0,normal
0,0.05,0,0,0,0,0,0,0,0,0,0,0,0,0,0,100.0,0.0,normal
2,0.08,0,0,0,0,0,0,0,0,0,0,0,0,1,0,75.71839971930397,30.0,suspicious
2,0.3,0,0,0,0,0,0,0,0,0,0,0,0,0,0,86.788865479034,0.0,normal
0,0.1,0,0,0,0,0,0,0,0,0,1,0,0,0,0,86.10527045958526,0.0,normal
0,0.05,0,0,0,0,0,0,0,1,0,0,0,0,0,0,87.39814331847485,0.0,normal
0,0.05,0,0,0,0,0,0,0,0,0,0,0,0,0,0,93.96115341659382,0.0,normal
0,0.1,0,0,0,0,0,0,0,0,1,1,0,0,0,0,78.00961517174217,0.0,normal
0,0.25,0,0,0,0,0,0,1,0,1,1,0,0,0,0,100.0,0.0,normal
0,0.1,0,0,0,0,0,0,0,0,0,0,0,0,0,0,91.63638886755358,0.0,normal
0,0.08,0,0,0,0,0,0,0,0,0,0,0,0,0,0,83.83274038560867,0.0,normal
0,0.3,0,0,0,0,0,0,0,0,1,1,0,1,0,0,76.6899511727499,60.0,malicious
0,0.08,0,0,0,0,0,0,0,0,0,0,0,0,0,0,80.16277376974837,0.0,normal
0,0.05,0,0,0,0,0,0,0,0,0,0,0,0,0,0,63.50609819350322,0.0,normal
0,0.08,0,0,0,0,0,0,0,0,0,1,0,0,0,0,87.81062231490299,0.0,normal
1,0.08,0,0,0,0,0,0,0,1,1,0,0,0,0,0,95.68450744942973,0.0,suspicious
0,0.08,0,0,0,0,0,0,0,0,1,0,0,0,1,0,86.45391853847414,30.0,normal
0,0.08,0,0,0,0,0,0,0,0,0,0,0,0,0,0,62.81477957965107,0.0,normal
1,0.1,0,0,0,0,0,0,0,0,0,0,0,0,0,0,100.0,0.0,normal
1,0.1,0,0,0,0,0,0,0,0,1,0,0,0,0,0,89.4238945170307,0.0,normal
0,0.05,0,0,0,0,0,0,0,0,0,0,0,0,0,0,91.61766420384885,0.0,normal
2,0.1,0,0,0,0,0,0,0,0,0,0,0,0,0,0,68.01850155490207,0.0,suspicious
0,0.08,0,0,0,0,0,0,0,0,0,0,0,0,0,1,91.91280773906901,15.0,normal
3,0.35,0,0,0,0,0,0,0,1,0,0,0,0,0,0,74.51078543267515,0.0,malicious
0,0.08,0,0,0,0,0,0,0,0,0,1,0,0,0,0,78.95053777058966,0.0,normal
1,0.1,0,0,0,0,0,0,0,0,1,0,0,0,0,0,79.58362934551609,0.0,suspicious
0,0.08,0,0,0,0,0,0,0,0,0,0,0,0,0,0,89.07625108724967,0.0,normal
1,0.08,0,0,0,0,0,0,0,0,0,0,0,0,0,0,87.92355613685434,0.0,normal
0,0.05,0,0,0,0,0,0,0,0,0,0,0,0,0,0,86.74900691542227,0.0,normal
0,0.5,0,1,0,0,0,0,0,0,0,1,1,0,0,0,61.34805397371663,70.0,malicious
1,0.05,0,0,0,0,0,0,0,1,1,0,0,0,0,1,80.24341419459739,15.0,malicious
6,0.35,0,0,0,0,0,0,0,0,1,1,0,0,0,1,67.97658440043594,15.0,malicious
2,0.05,0,0,0,0,0,0,0,0,0,0,0,0,0,0,93.26643023507091,0.0,normal
1,0.25,0,0,0,0,0,0,1,1,1,0,0,0,0,1,84.36078851369865,15.0,malicious
0,0.5,0,1,0,0,0,0,0,0,0,0,0,0,0,1,61.61264710139806,15.0,suspicious
0,0.3,0,0,0,0,0,0,0,1,0,0,0,0,0,0,80.15564950872529,0.0,normal
2,0.35,0,0,0,0,0,0,0,0,0,0,0,0,0,0,56.312353895821346,0.0,malicious
0,0.5,0,1,0,0,0,0,0,0,1,1,0,0,0,0,42.054609015574826,0.0,malicious
0,0.25,0,0,0,0,0,0,1,0,0,0,0,0,0,0,93.82036270671202,0.0,normal
2,0.05,0,0,0,0,0,0,0,0,0,0,1,0,0,0,91.92051067120715,70.0,malicious
0,0.08,0,0,0,0,0,0,0,0,0,0,0,0,0,0,96.98767660733424,0.0,normal
0,0.25,0,0,0,0,0,0,1,1,0,1,0,0,0,1,95.64760605332589,15.0,suspicious
0,0.05,0,0,0,0,0,0,0,0,0,0,0,0,0,0,89.7907342017149,0.0,normal
0,0.1,0,0,0,0,0,0,0,0,0,0,0,0,0,1,90.87599704046403,15.0,normal
0,0.08,0,0,0,0,0,0,0,0,0,0,0,0,1,0,76.59660349599532,30.0,normal
1,0.45,0,0,0,0,0,1,0,0,0,0,1,1,0,1,84.92150493486506,100.0,malicious
2,0.08,0,0,0,0,0,0,0,0,0,0,0,0,0,0,86.17167337301268,0.0,normal
1,0.08,0,0,0,0,0,0,0,0,0,0,0,0,0,0,77.57720220095047,0.0,normal
0,0.55,0,0,0,0,1,0,0,1,1,0,0,1,0,0,52.61927525340249,60.0,malicious
2,0.08,0,0,0,0,0,0,0,0,0,0,0,0,0,0,81.26402281505437,0.0,suspicious
0,0.05,0,0,0,0,0,0,0,0,0,0,0,0,0,0,86.29010791665064,0.0,normal
2,0.08,0,0,0,0,0,0,0,0,0,0,0,0,0,0,80.23325745879005,0.0,normal
0,0.1,0,0,0,0,0,0,0,1,0,0,0,0,1,0,88.55076020741706,30.0,normal
0,0.1,0,0,0,0,0,0,0,0,1,0,0,0,0,0,68.36624045869229,0.0,normal
2,0.35,0,0,0,0,0,0,0,1,0,0,0,0,1,0,69.18134985269919,30.0,malicious
0,0.1,0,0,0,0,0,0,0,0,1,0,0,0,0,1,80.3828214941578,15.0,normal
0,0.05,0,0,0,0,0,0,0,0,0,0,0,0,0,0,89.78442440671851,0.0,normal
0,1.0,0,0,0,1,0,0,0,0,1,1,0,0,0,0,54.353701000387105,0.0,malicious
1,0.05,0,0,0,0,0,0,0,0,0,0,0,0,0,0,86.35659247366677,0.0,normal
0,0.05,0,0,0,0,0,0,0,0,0,0,0,0,0,0,66.85656947918162,0.0,normal
0,0.05,0,0,0,0,0,0,0,0,0,1,0,0,0,0,99.46502532082086,0.0,normal
0,0.08,0,0,0,0,0,0,0,0,1,0,0,0,0,1,73.05267159381715,15.0,normal
2,0.08,0,0,0,0,0,0,0,0,1,0,0,0,0,0,66.66039359365571,0.0,suspicious
1,0.08,0,0,0,0,0,0,0,0,0,0,0,0,0,0,90.35275876565335,0.0,normal
1,0.08,0,0,0,0,0,0,0,0,0,0,0,0,0,0,93.2835183182428,0.0,normal
0,0.05,0,0,0,0,0,0,0,0,0,0,0,0,0,0,95.82209314222025,0.0,normal
0,0.55,0,0,0,0,1,0,0,0,0,0,0,0,0,0,70.85390884015217,0.0,malicious
0,0.05,0,0,0,0,0,0,0,1,0,0,0,0,0,0,91.04554894568294,0.0,normal
1,0.05,0,0,0,0,0,0,0,0,0,0,0,1,0,0,83.02839031170573,60.0,suspicious
3,0.05,0,0,0,0,0,0,0,0,0,0,0,0,0,1,67.8481444088815,15.0,malicious
1,0.05,0,0,0,0,0,0,0,0,0,0,0,0,0,0,76.40028514041408,0.0,normal
1,0.05,0,0,0,0,0,0,0,0,0,0,0,0,0,0,93.6208512922199,0.0,normal
1,0.3,0,0,0,0,0,0,0,0,0,1,0,0,0,0,85.35526833706336,0.0,suspicious
2,0.05,0,0,0,0,0,0,0,1,0,0,0,0,0,1,86.89076502893086,15.0,malicious
0,0.1,0,0,0,0,0,0,0,0,0,0,0,0,0,0,97.21654941019642,0.0,normal
0,0.85,1,0,0,0,0,0,0,1,0,0,0,0,0,0,64.80778389452566,0.0,malicious
0,0.08,0,0,0,0,0,0,0,0,0,0,1,0,0,0,88.77813613879388,70.0,normal
0,0.5,0,1,0,0,0,0,0,0,1,1,0,0,0,1,62.924951259748255,15.0,malicious
0,0.05,0,0,0,0,0,0,0,0,0,0,0,0,0,0,81.12423270672873,0.0,normal
0,0.3,0,0,0,0,0,0,0,1,0,0,0,0,0,0,93.0329565930018,0.0,normal
0,0.1,0,0,0,0,0,0,0,0,0,0,0,1,0,0,86.29396794929605,60.0,normal
0,0.55,0,0,0,0,1,0,0,0,0,1,0,0,0,0,59.16374687107495,0.0,suspicious
0,0.08,0,0,0,0,0,0,0,0,1,0,0,0,0,0,99.19034171371385,0.0,normal
0,0.3,0,0,0,0,0,0,0,0,0,0,0,0,0,0,69.84238850172059,0.0,normal
1,0.05,0,0,0,0,0,0,0,0,0,0,0,0,0,0,79.50182871917058,0.0,normal
0,0.05,0,0,0,0,0,0,0,0,0,0,0,0,0,0,72.90747296987357,0.0,normal
0,0.25,0,0,0,0,0,0,1,0,0,1,0,0,0,0,93.25486800108641,0.0,normal
0,0.05,0,0,0,0,0,0,0,0,0,0,0,0,0,1,87.89210497773804,15.0,normal
0,0.08,0,0,0,0,0,0,0,0,0,0,0,1,0,0,79.98298395893191,60.0,normal
1,0.1,0,0,0,0,0,0,0,0,1,0,0,0,0,0,79.9824127309817,0.0,suspicious
0,0.45,0,0,0,0,0,1,0,1,0,0,0,1,0,0,84.33570645446625,60.0,malicious
1,0.08,0,0,0,0,0,0,0,0,0,0,0,0,0,0,94.46218304532111,0.0,normal
0,0.05,0,0,0,0,0,0,0,0,0,0,0,0,0,0,92.38736797496104,0.0,normal
0,0.45,0,0,0,0,0,1,0,0,1,1,0,1,0,0,99.71225603083622,60.0,malicious
0,0.1,0,0,0,0,0,0,0,0,0,0,0,0,0,0,92.67765004531637,0.0,normal
0,0.25,0,0,0,0,0,0,1,0,1,0,0,0,0,0,92.70744647040047,0.0,normal
1,0.1,0,0,0,0,0,0,0,0,1,0,0,0,0,1,97.12555355465595,15.0,normal
2,0.08,0,0,0,0,0,0,0,1,0,0,0,0,1,0,100.0,30.0,suspicious
0,0.08,0,0,0,0,0,0,0,0,0,0,0,0,0,1,79.01167583452305,15.0,normal
1,0.05,0,0,0,0,0,0,0,1,0,0,0,0,0,0,81.3406094920512,0.0,normal
1,0.1,0,0,0,0,0,0,0,1,0,1,0,0,0,1,97.62440304713704,15.0,malicious
0,0.08,0,0,0,0,0,0,0,0,0,0,0,0,0,0,87.03410634529054,0.0,normal
1,0.08,0,0,0,0,0,0,0,0,1,0,0,0,0,0,61.726600308841455,0.0,suspicious
1,0.1,0,0,0,0,0,0,0,0,1,0,1,0,0,0,59.67782577580503,70.0,malicious
0,0.45,0,0,0,0,0,1,0,0,0,1,0,0,0,1,99.75858173287433,15.0,normal
0,0.1,0,0,0,0,0,0,0,0,1,0,0,0,0,0,90.68583309278686,0.0,normal
2,0.1,0,0,0,0,0,0,0,1,0,0,0,0,0,0,92.78567406332247,0.0,normal
1,0.1,0,0,0,0,0,0,0,0,1,0,0,0,0,0,100.0,0.0,normal
0,0.05,0,0,0,0,0,0,0,0,0,0,0,0,0,0,91.65902330256958,0.0,normal
2,0.35,0,0,0,0,0,0,0,0,1,0,0,0,0,0,60.881908428455375,0.0,malicious
0,0.05,0,0,0,0,0,0,0,0,0,0,0,0,0,0,92.18665656477815,0.0,normal
2,0.05,0,0,0,0,0,0,0,0,0,0,0,0,0,0,80.45084977869232,0.0,normal
0,0.05,0,0,0,0,0,0,0,0,0,0,0,0,0,1,88.04075021748095,15.0,normal
1,0.1,0,0,0,0,0,0,0,0,0,0,0,0,0,0,71.3583930168313,0.0,suspicious
0,0.08,0,0,0,0,0,0,0,0,0,1,0,0,0,1,87.97923424894907,15.0,normal
0,1.0,0,0,0,1,0,0,0,0,1,1,0,0,0,0,78.05686521120944,0.0,malicious
0,0.45,0,0,0,0,0,1,0,0,0,0,0,0,0,0,94.67570263951518,0.0,normal
1,0.08,0,0,0,0,0,0,0,1,1,0,0,0,0,1,100.0,15.0,suspicious
1,0.08,0,0,0,0,0,0,0,0,0,0,0,0,0,0,82.78929902787017,0.0,normal
0,0.08,0,0,0,0,0,0,0,0,0,0,0,0,0,0,77.65658727637756,0.0,normal
0,0.05,0,0,0,0,0,0,0,0,0,1,0,0,0,0,82.62118045764102,0.0,normal
2,0.35,0,0,0,0,0,0,0,0,0,1,0,0,0,0,83.05703830720506,0.0,malicious
3,0.35,0,0,0,0,0,0,0,0,0,1,0,0,0,0,66.49936465950908,0.0,malicious
2,0.1,0,0,0,0,0,0,0,0,1,0,0,0,0,1,100.0,15.0,suspicious
2,0.05,0,0,0,0,0,0,0,0,0,0,0,0,0,0,78.80819472533838,0.0,suspicious
2,0.1,0,0,0,0,0,0,0,0,0,0,0,0,0,0,92.97796041340997,0.0,normal
1,0.05,0,0,0,0,0,0,0,0,0,0,0,0,0,0,92.68356502204553,0.0,normal
1,0.5,0,1,0,0,0,0,0,0,0,1,0,0,0,0,63.40882717070137,0.0,malicious
0,0.55,0,0,0,0,1,0,0,1,0,1,0,0,0,1,72.41062800897032,15.0,malicious
0,0.05,0,0,0,0,0,0,0,0,0,0,0,0,0,0,77.79574155804026,0.0,normal
0,0.08,0,0,0,0,0,0,0,0,0,0,0,0,0,1,91.00382147857313,15.0,normal
2,0.08,0,0,0,0,0,0,0,0,0,0,0,0,0,0,97.84439731153145,0.0,normal
0,0.5,0,1,0,0,0,0,0,1,0,0,0,0,0,0,74.93026914195804,0.0,suspicious
1,0.1,0,0,0,0,0,0,0,0,0,0,0,1,0,0,67.19053255548884,60.0,suspicious
0,0.55,0,0,0,0,1,0,0,0,1,1,0,0,0,0,91.6189726295803,0.0,malicious
2,0.5,0,1,0,0,0,0,0,0,0,0,0,1,0,1,76.98209311031684,75.0,malicious
0,0.9,0,0,1,0,0,0,0,0,1,1,0,1,0,1,65.04792263202029,75.0,malicious
0,0.5,0,1,0,0,0,0,0,0,1,0,0,0,0,0,59.44904313637288,0.0,malicious
1,0.85,1,0,0,0,0,0,0,0,0,0,0,0,0,0,74.20129170297153,0.0,malicious
1,0.1,0,0,0,0,0,0,0,0,0,0,0,0,0,0,72.36410956568366,0.0,normal
0,0.05,0,0,0,0,0,0,0,0,0,0,0,1,0,0,100.0,60.0,normal
0,0.08,0,0,0,0,0,0,0,0,0,0,0,0,0,0,83.26378228207545,0.0,normal
1,0.55,0,0,0,0,1,0,0,0,0,1,0,0,0,0,61.10351946075853,0.0,malicious
0,0.05,0,0,0,0,0,0,0,0,0,0,0,0,0,0,94.43127718708098,0.0,normal
0,0.08,0,0,0,0,0,0,0,0,0,0,0,0,0,0,100.0,0.0,normal
4,0.35,0,0,0,0,0,0,0,0,0,1,0,0,0,1,79.09296722759385,15.0,malicious
0,0.08,0,0,0,0,0,0,0,0,0,0,0,0,0,0,83.53595198562962,0.0,normal
2,0.05,0,0,0,0,0,0,0,0,0,0,0,0,0,0,74.54459790472933,0.0,normal
0,0.08,0,0,0,0,0,0,0,0,0,0,0,0,1,0,86.35821704326699,30.0,normal
0,0.05,0,0,0,0,0,0,0,0,0,0,0,1,0,1,78.40802951616917,75.0,normal
2,0.05,0,0,0,0,0,0,0,0,1,0,0,0,0,0,89.22852120123498,0.0,suspicious
0,0.05,0,0,0,0,0,0,0,0,0,1,0,0,0,0,65.99432655535946,0.0,normal
0,0.05,0,0,0,0,0,0,0,1,0,0,0,0,0,0,100.0,0.0,normal
1,0.25,0,0,0,0,0,0,1,1,1,1,0,0,0,0,80.68977566780364,0.0,malicious
2,0.25,0,0,0,0,0,0,1,0,1,1,0,0,0,0,100.0,0.0,malicious
0,0.08,0,0,0,0,0,0,0,0,1,0,0,0,0,0,79.43893761722532,0.0,normal
2,0.25,0,0,0,0,0,0,1,0,0,1,0,0,0,0,100.0,0.0,malicious
0,0.3,0,0,0,0,0,0,0,0,0,0,0,0,0,0,85.60466157427642,0.0,normal
4,0.35,0,0,0,0,0,0,0,0,1,0,0,0,0,0,85.05960004037878,0.0,malicious
0,0.1,0,0,0,0,0,0,0,0,0,0,0,0,0,0,80.71479985288683,0.0,normal
0,0.08,0,0,0,0,0,0,0,0,1,0,0,0,0,0,79.26579364042223,0.0,normal
0,0.1,0,0,0,0,0,0,0,0,1,0,0,0,0,0,78.9523369360866,0.0,normal
1,0.35,0,0,0,0,0,0,0,0,0,1,0,0,0,0,73.66011312512863,0.0,suspicious
0,0.08,0,0,0,0,0,0,0,0,0,0,0,0,0,0,94.34878748900229,0.0,normal
1,0.1,0,0,0,0,0,0,0,0,0,0,0,0,0,0,77.14845115097967,0.0,normal
0,0.05,0,0,0,0,0,0,0,0,0,0,0,0,1,1,67.58236951411803,45.0,normal
1,0.1,0,0,0,0,0,0,0,0,0,0,0,0,0,0,70.74607110278646,0.0,normal
1,0.08,0,0,0,0,0,0,0,0,0,0,0,0,0,0,78.40217167077742,0.0,normal
0,0.05,0,0,0,0,0,0,0,0,0,0,0,0,0,0,100.0,0.0,normal
0,0.1,0,0,0,0,0,0,0,0,0,0,0,1,0,0,92.68953829658734,60.0,suspicious
0,0.85,1,0,0,0,0,0,0,0,0,1,0,0,0,0,53.41531389705662,0.0,malicious
0,0.3,0,0,0,0,0,0,0,0,0,1,0,0,0,1,91.9863420121834,15.0,normal
1,0.85,1,0,0,0,0,0,0,0,0,1,0,0,0,0,62.624182627869864,0.0,malicious
0,0.1,0,0,0,0,0,0,0,0,0,0,0,0,0,0,87.54409573882103,0.0,normal
4,0.05,0,0,0,0,0,0,0,0,0,0,0,0,0,0,97.014582691999,0.0,malicious
0,0.1,0,0,0,0,0,0,0,0,1,0,0,0,0,0,86.52509913920385,0.0,normal
1,0.1,0,0,0,0,0,0,0,0,0,1,0,0,0,0,93.40852165391014,0.0,normal
0,0.3,0,0,0,0,0,0,0,0,0,1,0,0,0,0,90.96505829414605,0.0,normal
0,0.05,0,0,0,0,0,0,0,0,0,0,0,0,0,1,76.074517464779,15.0,normal
0,0.1,0,0,0,0,0,0,0,0,1,0,0,0,0,0,85.91839958279171,0.0,normal
2,0.1,0,0,0,0,0,0,0,0,0,0,0,0,0,0,100.0,0.0,normal
0,0.1,0,0,0,0,0,0,0,0,0,0,0,0,0,0,79.93311387374011,0.0,normal
0,0.1,0,0,0,0,0,0,0,0,1,0,0,0,0,0,72.69699769421437,0.0,normal
0,0.1,0,0,0,0,0,0,0,0,0,0,0,0,0,0,72.77336650979552,0.0,normal
1,0.25,0,0,0,0,0,0,1,1,1,0,0,1,0,0,100.0,60.0,malicious
1,0.1,0,0,0,0,0,0,0,0,0,0,0,0,1,0,61.074941958759354,30.0,malicious
2,0.1,0,0,0,0,0,0,0,0,1,0,0,0,0,0,76.60268445520828,0.0,suspicious
0,0.1,0,0,0,0,0,0,0,0,0,0,0,0,0,1,83.02921423380735,15.0,normal
0,0.1,0,0,0,0,0,0,0,0,0,0,0,0,0,0,100.0,0.0,normal
0,0.1,0,0,0,0,0,0,0,0,0,0,0,0,0,0,100.0,0.0,normal
0,0.9,0,0,1,0,0,0,0,1,0,1,0,0,0,0,50.963360314148886,0.0,malicious
2,0.08,0,0,0,0,0,0,0,0,0,0,0,0,0,0,98.11702462183652,0.0,normal
0,0.9,0,0,1,0,0,0,0,1,0,1,0,0,0,0,75.49402992483078,0.0,malicious
1,0.45,0,0,0,0,0,1,0,0,0,1,0,0,0,1,51.675309367454794,15.0,malicious
0,0.05,0,0,0,0,0,0,0,0,0,0,0,0,0,0,68.81764317975977,0.0,normal
0,0.05,0,0,0,0,0,0,0,0,0,0,0,0,0,0,83.4281472392626,0.0,normal
1,0.08,0,0,0,0,0,0,0,0,0,0,0,1,0,0,65.51198092937979,60.0,suspicious
0,0.05,0,0,0,0,0,0,0,0,0,1,0,0,0,1,88.96645119180656,15.0,normal
0,0.1,0,0,0,0,0,0,0,0,1,0,0,0,0,0,87.33719761858102,0.0,normal
0,0.1,0,0,0,0,0,0,0,0,0,0,0,0,1,0,92.0242860722643,30.0,normal
0,0.08,0,0,0,0,0,0,0,1,0,1,0,0,0,0,88.01357509293561,0.0,normal
1,0.25,0,0,0,0,0,0,1,0,0,0,0,0,0,0,95.02523938231772,0.0,normal
0,0.05,0,0,0,0,0,0,0,0,0,0,0,0,0,1,76.80351461581932,15.0,normal
0,0.08,0,0,0,0,0,0,0,1,0,0,0,0,0,0,80.87362782502588,0.0,normal
1,0.1,0,0,0,0,0,0,0,0,1,0,0,0,0,0,85.31856526104974,0.0,normal
0,0.1,0,0,0,0,0,0,0,0,0,0,0,0,0,0,76.57898423244384,0.0,normal
2,0.08,0,0,0,0,0,0,0,0,0,0,0,0,0,0,75.29871136969341,0.0,normal
0,0.05,0,0,0,0,0,0,0,0,0,0,0,0,0,1,85.57924009698345,15.0,normal
0,0.08,0,0,0,0,0,0,0,0,0,0,0,0,1,0,70.339152597024,30.0,normal
0,0.1,0,0,0,0,0,0,0,0,0,0,0,0,0,1,98.47551168142684,15.0,normal
1,0.85,1,0,0,0,0,0,0,1,0,0,0,0,0,0,73.43275391124594,0.0,malicious
2,0.05,0,0,0,0,0,0,0,0,0,0,0,0,0,0,81.35665878992448,0.0,normal
0,0.05,0,0,0,0,0,0,0,1,0,0,0,1,0,0,76.04647988009047,60.0,suspicious
0,1.0,0,0,0,1,0,0,0,0,1,0,0,0,0,1,64.29000926421631,15.0,malicious
0,0.1,0,0,0,0,0,0,0,0,0,0,0,1,0,0,72.67384078409029,60.0,suspicious
0,0.08,0,0,0,0,0,0,0,0,0,0,0,0,0,0,71.2316454506525,0.0,normal
0,0.08,0,0,0,0,0,0,0,1,1,0,0,0,0,1,78.36936758913025,15.0,normal
0,0.1,0,0,0,0,0,0,0,0,1,0,0,0,0,0,92.19274474310484,0.0,normal
0,0.08,0,0,0,0,0,0,0,0,0,0,0,0,0,0,82.95833736999974,0.0,normal
1,0.05,0,0,0,0,0,0,0,0,0,0,0,0,0,0,75.4939280219487,0.0,normal
0,0.1,0,0,0,0,0,0,0,0,0,0,0,1,0,0,85.77092125903556,60.0,normal
0,0.08,0,0,0,0,0,0,0,0,0,1,0,1,0,0,94.10444451853837,60.0,normal
1,0.1,0,0,0,0,0,0,0,0,1,0,0,0,0,0,83.59794697812968,0.0,normal
1,0.08,0,0,0,0,0,0,0,0,0,0,0,0,0,0,100.0,0.0,normal
0,0.1,0,0,0,0,0,0,0,0,0,0,0,0,0,0,95.52867060548895,0.0,normal
0,0.08,0,0,0,0,0,0,0,0,0,0,0,0,0,0,78.79286946132848,0.0,normal
1,0.45,0,0,0,0,0,1,0,0,1,1,0,0,0,0,74.74912118972556,0.0,malicious
0,0.5,0,1,0,0,0,0,0,1,0,1,0,0,1,0,72.78158660334334,30.0,malicious
0,0.25,0,0,0,0,0,0,1,0,0,1,0,1,0,0,100.0,60.0,normal
0,0.05,0,0,0,0,0,0,0,0,0,1,0,0,0,0,94.91770806406433,0.0,normal
2,0.05,0,0,0,0,0,0,0,1,1,1,0,0,0,0,70.20484405705034,0.0,malicious
0,0.9,0,0,1,0,0,0,0,0,1,0,0,0,0,0,86.98061270471557,0.0,suspicious
1,0.08,0,0,0,0,0,0,0,0,0,0,0,0,0,0,92.9790356190218,0.0,normal
7,0.35,0,0,0,0,0,0,0,0,1,0,0,0,0,1,56.89624387975678,15.0,malicious
0,0.25,0,0,0,0,0,0,1,1,0,0,0,0,0,0,76.56598449637497,0.0,normal
0,0.1,0,0,0,0,0,0,0,0,0,0,0,0,0,0,77.10678808674236,0.0,normal
0,0.05,0,0,0,0,0,0,0,0,0,0,0,0,0,0,85.3741733624969,0.0,normal
1,0.08,0,0,0,0,0,0,0,1,0,0,0,0,0,0,87.40165406268618,0.0,normal
1,0.1,0,0,0,0,0,0,0,0,1,0,0,0,0,1,82.97175949679894,15.0,suspicious
0,0.1,0,0,0,0,0,0,0,0,0,0,0,0,0,0,70.24166752143165,0.0,normal
2,0.08,0,0,0,0,0,0,0,0,0,0,0,0,0,1,79.29294634543221,15.0,suspicious
2,0.05,0,0,0,0,0,0,0,0,0,0,0,0,0,0,70.64544183467554,0.0,suspicious
1,0.1,0,0,0,0,0,0,0,0,0,0,0,0,0,0,73.98807126333382,0.0,normal
2,0.05,0,0,0,0,0,0,0,0,0,0,0,0,0,0,100.0,0.0,normal
2,0.08,0,0,0,0,0,0,0,0,0,0,0,0,0,0,68.64423661408084,0.0,suspicious
0,0.3,0,0,0,0,0,0,0,0,0,1,0,0,1,0,88.65311634991771,30.0,malicious
0,0.1,0,0,0,0,0,0,0,0,1,0,0,0,0,0,75.52279623620315,0.0,normal
0,0.55,0,0,0,0,1,0,0,0,1,1,0,0,0,0,82.41155753877746,0.0,malicious
0,0.1,0,0,0,0,0,0,0,0,1,0,0,0,0,0,71.28895704466696,0.0,normal
0,0.08,0,0,0,0,0,0,0,0,0,0,0,0,0,0,80.20410785553784,0.0,normal
0,0.08,0,0,0,0,0,0,0,0,1,0,0,0,0,0,76.80217890416813,0.0,normal
0,0.08,0,0,0,0,0,0,0,1,0,0,0,0,0,0,63.95349298641267,0.0,normal
1,0.5,0,1,0,0,0,0,0,0,0,0,0,0,0,0,31.557818430706533,0.0,malicious
0,0.05,0,0,0,0,0,0,0,0,0,0,0,0,0,1,79.71726786313275,15.0,normal
0,0.05,0,0,0,0,0,0,0,0,0,0,0,0,0,1,95.9219973380841,15.0,normal
1,0.1,0,0,0,0,0,0,0,0,0,0,0,0,0,0,92.56429730195165,0.0,normal
0,0.08,0,0,0,0,0,0,0,0,0,0,0,0,1,0,100.0,30.0,normal
0,0.25,0,0,0,0,0,0,1,0,1,1,0,0,1,0,100.0,30.0,malicious
0,0.25,0,0,0,0,0,0,1,0,1,1,0,0,0,0,100.0,0.0,suspicious
3,0.35,0,0,0,0,0,0,0,1,0,0,0,0,0,0,74.65359942608237,0.0,malicious
1,0.05,0,0,0,0,0,0,0,0,0,0,0,0,0,1,89.94156918227921,15.0,normal
1,0.05,0,0,0,0,0,0,0,0,0,0,0,1,0,1,89.77360852411779,75.0,suspicious
1,0.1,0,0,0,0,0,0,0,0,0,0,0,0,0,0,100.0,0.0,normal
0,0.25,0,0,0,0,0,0,1,0,0,1,0,0,0,0,76.53175363138155,0.0,normal
0,0.5,0,1,0,0,0,0,0,0,0,0,0,0,1,0,73.81893092208205,30.0,suspicious
1,0.05,0,0,0,0,0,0,0,0,0,0,1,0,0,0,86.62080108834175,70.0,malicious
0,0.9,0,0,1,0,0,0,0,1,1,1,0,0,0,0,58.52169997963444,0.0,malicious
0,0.1,0,0,0,0,0,0,0,0,1,0,0,0,0,0,78.96275671178695,0.0,normal
1,0.1,0,0,0,0,0,0,0,0,0,0,0,1,0,1,86.54065111591022,75.0,suspicious
0,1.0,0,0,0,1,0,0,0,1,0,0,0,1,0,0,59.58233568324076,60.0,malicious
0,0.05,0,0,0,0,0,0,0,0,1,0,0,0,1,0,80.7825421283927,30.0,normal
2,0.35,0,0,0,0,0,0,0,0,0,1,0,0,0,1,81.96634923099285,15.0,malicious
0,0.25,0,0,0,0,0,0,1,0,1,1,0,0,0,0,85.20606619077472,0.0,suspicious
0,0.05,0,0,0,0,0,0,0,1,0,0,0,0,0,0,79.04304067034931,0.0,normal
1,0.08,0,0,0,0,0,0,0,0,0,0,0,0,0,0,83.23478221628218,0.0,normal
0,0.05,0,0,0,0,0,0,0,0,0,0,0,0,0,0,87.69897064835966,0.0,normal
1,0.1,0,0,0,0,0,0,0,0,0,1,0,0,1,0,82.25407874473798,30.0,suspicious
0,0.05,0,0,0,0,0,0,0,0,0,0,0,0,0,0,63.610973963661365,0.0,normal
0,0.1,0,0,0,0,0,0,0,0,1,0,0,1,0,1,86.84249532243003,75.0,normal
1,0.3,0,0,0,0,0,0,0,1,0,0,0,0,0,0,100.0,0.0,normal
0,0.1,0,0,0,0,0,0,0,0,1,0,0,0,0,0,70.77807263014552,0.0,normal
0,0.08,0,0,0,0,0,0,0,0,0,0,0,0,0,0,74.91182365299812,0.0,normal
0,0.1,0,0,0,0,0,0,0,0,0,0,0,0,0,0,77.15060221706463,0.0,normal
1,0.1,0,0,0,0,0,0,0,0,0,0,0,0,1,1,78.61604110358834,45.0,suspicious
2,0.35,0,0,0,0,0,0,0,0,0,0,0,0,0,0,59.3545001637702,0.0,malicious
0,0.3,0,0,0,0,0,0,0,0,0,0,0,0,0,0,68.76117919792021,0.0,normal
0,0.08,0,0,0,0,0,0,0,0,0,0,0,0,0,0,92.36299829487766,0.0,normal
1,0.1,0,0,0,0,0,0,0,0,0,0,0,0,1,0,70.80601768193107,30.0,suspicious
0,0.1,0,0,0,0,0,0,0,0,0,0,0,0,0,0,80.96826104392818,0.0,normal
0,0.1,0,0,0,0,0,0,0,0,0,0,0,0,0,1,79.96179755426573,15.0,normal
2,0.3,0,0,0,0,0,0,0,0,0,1,0,0,0,0,80.3917768552907,0.0,malicious
1,0.08,0,0,0,0,0,0,0,1,0,0,0,0,0,0,88.70798560892081,0.0,normal
1,0.1,0,0,0,0,0,0,0,0,1,0,0,0,0,0,100.0,0.0,normal
0,0.08,0,0,0,0,0,0,0,0,0,1,0,1,0,0,60.58138230967792,60.0,suspicious
0,0.5,0,1,0,0,0,0,0,0,0,0,0,0,0,0,74.81734438953313,0.0,normal
0,0.08,0,0,0,0,0,0,0,0,0,0,0,0,0,0,87.80532085335072,0.0,normal
0,0.5,0,1,0,0,0,0,0,0,1,0,0,0,0,0,71.4249726327243,0.0,malicious
0,0.05,0,0,0,0,0,0,0,0,0,0,0,0,0,0,68.60053294955073,0.0,normal
0,0.05,0,0,0,0,0,0,0,0,0,1,0,0,0,1,82.42662972063214,15.0,normal
0,0.1,0,0,0,0,0,0,0,0,0,0,0,0,0,0,100.0,0.0,normal
2,0.08,0,0,0,0,0,0,0,0,0,0,0,0,0,0,76.74040640251648,0.0,suspicious
1,1.0,0,0,0,1,0,0,0,0,0,0,0,0,0,0,92.23129115009439,0.0,malicious
1,0.35,0,0,0,0,0,0,0,1,0,0,0,0,0,0,80.24041964529712,0.0,normal
0,0.1,0,0,0,0,0,0,0,0,0,0,0,0,0,0,83.46865390792134,0.0,normal
0,0.08,0,0,0,0,0,0,0,0,0,0,0,0,0,0,75.5782402985693,0.0,normal
0,0.1,0,0,0,0,0,0,0,0,0,0,0,1,0,0,62.294568604643764,60.0,suspicious
0,0.5,0,1,0,0,0,0,0,1,0,0,0,0,0,0,74.15227376773137,0.0,suspicious
0,0.05,0,0,0,0,0,0,0,0,0,0,0,0,0,0,79.45547623563425,0.0,normal
1,0.1,0,0,0,0,0,0,0,0,0,0,0,0,0,0,67.07008011542672,0.0,normal
5,0.05,0,0,0,0,0,0,0,0,0,0,0,0,0,0,77.23664006330847,0.0,malicious
0,0.1,0,0,0,0,0,0,0,0,0,0,0,0,0,0,71.14848522236994,0.0,normal
0,0.1,0,0,0,0,0,0,0,0,0,0,0,0,0,1,73.77350711896639,15.0,normal
1,0.3,0,0,0,0,0,0,0,0,0,0,0,0,0,0,76.40811487598994,0.0,normal
0,0.1,0,0,0,0,0,0,0,0,1,0,0,0,0,0,91.31263649498439,0.0,normal
0,0.9,0,0,1,0,0,0,0,1,1,0,0,1,0,0,96.86861177105094,60.0,suspicious
0,0.85,1,0,0,0,0,0,0,0,1,1,0,0,0,1,81.34932025534262,15.0,malicious
1,1.0,0,0,0,1,0,0,0,1,1,0,0,1,0,0,60.16786031789552,60.0,malicious
0,0.25,0,0,0,0,0,0,1,0,0,0,0,0,0,0,74.00988038469887,0.0,normal
0,0.08,0,0,0,0,0,0,0,0,0,0,0,0,0,0,83.65155573716217,0.0,normal
1,0.05,0,0,0,0,0,0,0,0,0,0,1,0,0,0,99.51400062324174,70.0,suspicious
0,0.05,0,0,0,0,0,0,0,1,0,1,0,0,0,0,76.42912066820438,0.0,suspicious
1,0.08,0,0,0,0,0,0,0,1,0,0,0,0,0,0,85.61350490145132,0.0,normal
0,0.25,0,0,0,0,0,0,1,0,0,0,0,0,0,0,65.51163348783167,0.0,normal
0,0.08,0,0,0,0,0,0,0,0,0,0,0,0,0,1,100.0,15.0,normal
0,0.1,0,0,0,0,0,0,0,0,1,0,0,0,0,0,100.0,0.0,normal
1,0.05,0,0,0,0,0,0,0,0,0,0,0,0,0,0,67.47787271229205,0.0,suspicious
0,0.05,0,0,0,0,0,0,0,1,0,0,0,0,0,0,93.17403158747813,0.0,normal
1,0.05,0,0,0,0,0,0,0,0,0,0,0,1,0,0,85.94335547962643,60.0,suspicious
0,0.1,0,0,0,0,0,0,0,0,0,1,0,0,0,0,89.45441987402158,0.0,normal
5,0.35,0,0,0,0,0,0,0,0,1,0,0,0,0,1,70.66164598381995,15.0,malicious
3,0.35,0,0,0,0,0,0,0,1,0,0,0,1,0,0,75.52671732293,60.0,malicious
0,0.08,0,0,0,0,0,0,0,0,0,0,0,1,0,0,99.37090320945128,60.0,normal
3,0.05,0,0,0,0,0,0,0,1,0,0,0,0,0,0,70.57683654659021,0.0,suspicious
0,0.05,0,0,0,0,0,0,0,0,0,0,0,0,0,1,62.905196688723606,15.0,normal
0,0.25,0,0,0,0,0,0,1,0,0,0,0,0,0,0,100.0,0.0,normal
1,0.05,0,0,0,0,0,0,0,0,0,0,0,0,0,0,72.97219374994367,0.0,normal
1,0.1,0,0,0,0,0,0,0,0,1,0,0,0,0,0,100.0,0.0,normal
1,0.05,0,0,0,0,0,0,0,0,0,1,0,0,0,0,66.88161372349941,0.0,malicious
0,0.9,0,0,1,0,0,0,0,0,1,1,0,0,0,1,83.15667738031303,15.0,malicious
3,0.35,0,0,0,0,0,0,0,0,0,1,0,0,1,0,64.59290588652127,30.0,malicious
2,0.08,0,0,0,0,0,0,0,1,0,0,0,0,0,0,100.0,0.0,normal
1,0.08,0,0,0,0,0,0,0,0,0,0,0,0,0,0,76.1545501379993,0.0,normal
1,0.05,0,0,0,0,0,0,0,0,0,0,0,0,0,0,76.31083514687774,0.0,normal
2,0.35,0,0,0,0,0,0,0,0,1,0,0,0,0,1,87.97272192899975,15.0,malicious
0,0.05,0,0,0,0,0,0,0,0,0,0,0,0,0,0,92.70269880622094,0.0,normal
1,0.1,0,0,0,0,0,0,0,0,1,0,1,0,0,0,79.23853354846595,70.0,malicious
1,0.08,0,0,0,0,0,0,0,0,0,0,0,0,0,0,78.07221683746994,0.0,normal
0,0.5,0,1,0,0,0,0,0,0,0,1,0,0,0,0,65.02962384288794,0.0,malicious
0,0.1,0,0,0,0,0,0,0,0,0,1,0,0,0,0,93.59713058848523,0.0,normal
0,0.05,0,0,0,0,0,0,0,0,0,1,0,1,0,0,77.44913355637937,60.0,suspicious
0,0.1,0,0,0,0,0,0,0,0,1,0,0,0,0,0,72.75128759643039,0.0,normal
2,0.35,0,0,0,0,0,0,0,0,0,0,0,0,0,0,60.34774509920824,0.0,malicious
0,0.3,0,0,0,0,0,0,0,1,1,0,0,0,0,0,95.21061991124316,0.0,normal
1,0.1,0,0,0,0,0,0,0,0,0,0,0,1,0,0,100.0,60.0,suspicious
0,0.1,0,0,0,0,0,0,0,0,0,0,0,0,1,0,100.0,30.0,normal
0,0.05,0,0,0,0,0,0,0,0,0,0,0,0,0,0,73.5997985176087,0.0,normal
1,0.05,0,0,0,0,0,0,0,0,0,0,0,0,0,0,70.43815181879476,0.0,suspicious
0,0.1,0,0,0,0,0,0,0,1,0,0,0,0,0,0,85.02397605939314,0.0,normal
0,0.05,0,0,0,0,0,0,0,0,0,0,0,0,0,0,100.0,0.0,normal
0,0.9,0,0,1,0,0,0,0,0,1,0,0,0,0,1,71.3781497300794,15.0,malicious
0,0.3,0,0,0,0,0,0,0,1,0,0,0,0,0,0,87.8130041104087,0.0,normal
0,0.08,0,0,0,0,0,0,0,0,0,0,0,0,0,0,72.93102974033081,0.0,normal
0,0.1,0,0,0,0,0,0,0,0,0,0,0,0,0,0,89.01321513656009,0.0,suspicious
0,0.05,0,0,0,0,0,0,0,0,0,0,0,0,0,1,74.03917255473425,15.0,normal
0,0.05,0,0,0,0,0,0,0,1,0,1,0,0,0,0,100.0,0.0,normal
0,0.08,0,0,0,0,0,0,0,0,0,0,0,0,0,0,85.98325845566026,0.0,normal
0,0.08,0,0,0,0,0,0,0,1,0,0,0,0,0,0,94.72593341044495,0.0,normal
2,0.08,0,0,0,0,0,0,0,0,0,0,0,0,0,0,76.99681053242504,0.0,normal
1,0.85,1,0,0,0,0,0,0,1,0,1,0,0,0,0,71.06019622312499,0.0,malicious
0,0.1,0,0,0,0,0,0,0,0,1,0,0,0,0,1,71.1228762279402,15.0,normal
0,0.5,0,1,0,0,0,0,0,1,1,1,0,0,0,1,88.45357262872231,15.0,malicious
0,0.05,0,0,0,0,0,0,0,0,0,0,0,0,0,0,79.33116671763243,0.0,normal
0,0.1,0,0,0,0,0,0,0,0,0,0,1,0,0,0,60.581491723445275,70.0,malicious
0,0.05,0,0,0,0,0,0,0,0,0,0,0,0,0,0,81.21495203141743,0.0,normal
0,0.1,0,0,0,0,0,0,0,0,0,0,0,0,0,0,86.71751456639811,0.0,normal
0,0.08,0,0,0,0,0,0,0,0,0,0,0,0,0,0,79.96960658256775,0.0,normal
0,0.3,0,0,0,0,0,0,0,0,1,0,0,0,0,0,62.381705909506366,0.0,normal
0,0.05,0,0,0,0,0,0,0,0,0,0,0,0,0,0,96.7786306773979,0.0,normal
1,0.25,0,0,0,0,0,0,1,0,1,0,0,1,0,0,76.90288248342107,60.0,malicious
0,0.05,0,0,0,0,0,0,0,0,0,0,0,0,0,0,89.15261858678092,0.0,normal
0,0.3,0,0,0,0,0,0,0,0,1,1,0,1,0,0,63.489403308215266,60.0,malicious
1,0.05,0,0,0,0,0,0,0,0,0,0,0,0,0,0,99.54898981358156,0.0,normal
2,0.08,0,0,0,0,0,0,0,0,0,0,0,0,0,0,95.54099574188328,0.0,normal
0,0.9,0,0,1,0,0,0,0,0,0,1,0,0,0,0,45.776761106941784,0.0,malicious
2,0.08,0,0,0,0,0,0,0,0,0,0,0,0,0,0,76.93027198711395,0.0,suspicious
0,0.1,0,0,0,0,0,0,0,0,0,0,0,0,0,0,75.53198218354312,0.0,normal
0,0.1,0,0,0,0,0,0,0,0,1,0,0,0,0,0,70.32444477980881,0.0,normal
0,0.25,0,0,0,0,0,0,1,0,0,0,0,0,0,0,74.67578914419627,0.0,normal
0,0.08,0,0,0,0,0,0,0,0,0,0,0,0,0,0,69.1387486007539,0.0,normal
0,0.45,0,0,0,0,0,1,0,1,1,1,0,0,0,0,85.3434140629077,0.0,malicious
0,0.5,0,1,0,0,0,0,0,0,1,0,0,0,0,0,62.12117494137363,0.0,malicious
1,0.5,0,1,0,0,0,0,0,1,1,0,0,0,0,0,72.50110403291306,0.0,malicious
1,0.55,0,0,0,0,1,0,0,0,0,0,0,0,0,0,70.61663472125711,0.0,malicious
1,0.1,0,0,0,0,0,0,0,0,1,0,0,0,0,0,100.0,0.0,normal
1,0.25,0,0,0,0,0,0,1,0,1,0,0,0,0,0,79.78958818317129,0.0,suspicious
0,0.08,0,0,0,0,0,0,0,0,0,0,0,0,0,1,76.30496258479758,15.0,normal
2,0.08,0,0,0,0,0,0,0,0,0,0,0,0,0,0,95.41903823058126,0.0,normal
1,0.08,0,0,0,0,0,0,0,0,0,1,0,0,1,0,75.2784018194067,30.0,suspicious
1,0.05,0,0,0,0,0,0,0,0,0,0,0,0,0,0,83.77096170479288,0.0,normal
0,0.05,0,0,0,0,0,0,0,0,0,0,0,0,0,0,77.98884122482038,0.0,normal
1,0.05,0,0,0,0,0,0,0,0,0,0,0,0,0,0,81.9605291631625,0.0,normal
1,0.1,0,0,0,0,0,0,0,0,0,0,0,0,0,0,89.02698155832523,0.0,normal
0,0.1,0,0,0,0,0,0,0,0,0,0,0,0,0,0,80.28215196817713,0.0,normal
0,0.05,0,0,0,0,0,0,0,0,0,0,0,0,0,0,96.49119898369192,0.0,normal
1,0.05,0,0,0,0,0,0,0,0,0,0,0,0,0,0,81.95178350531448,0.0,normal
0,0.08,0,0,0,0,0,0,0,0,0,0,0,0,1,0,69.75595252572973,30.0,suspicious
0,0.1,0,0,0,0,0,0,0,0,1,1,0,0,0,0,90.16530911728981,0.0,normal
2,0.08,0,0,0,0,0,0,0,0,0,1,0,0,1,0,97.58338052704747,30.0,malicious
1,0.05,0,0,0,0,0,0,0,0,0,0,0,0,0,1,69.77200834275861,15.0,normal
1,0.08,0,0,0,0,0,0,0,0,0,0,0,1,0,1,73.6046555478647,75.0,malicious
0,0.08,0,0,0,0,0,0,0,0,1,0,0,0,0,0,90.17399766894385,0.0,normal
1,0.5,0,1,0,0,0,0,0,0,0,0,0,1,0,0,33.512884342019966,60.0,malicious
1,0.1,0,0,0,0,0,0,0,0,1,0,0,0,0,1,87.48843821171742,15.0,suspicious
2,0.08,0,0,0,0,0,0,0,0,0,0,0,0,0,0,100.0,0.0,normal
1,0.08,0,0,0,0,0,0,0,0,0,0,0,1,0,0,90.93987775030435,60.0,suspicious
0,0.1,0,0,0,0,0,0,0,0,0,0,0,0,0,0,75.96228247157254,0.0,normal
0,0.1,0,0,0,0,0,0,0,0,0,0,0,0,0,0,87.02555198551724,0.0,normal
0,0.9,0,0,1,0,0,0,0,1,0,0,0,0,0,1,66.13376189036777,15.0,malicious
0,0.3,0,0,0,0,0,0,0,1,0,0,0,1,0,0,84.51537734454459,60.0,suspicious
0,0.9,0,0,1,0,0,0,0,1,1,0,0,0,0,0,47.056485093496455,0.0,malicious
1,0.45,0,0,0,0,0,1,0,0,0,0,0,0,1,1,85.87293326901339,45.0,suspicious
0,0.1,0,0,0,0,0,0,0,0,0,0,0,0,0,0,100.0,0.0,normal
0,0.05,0,0,0,0,0,0,0,0,0,0,0,0,0,0,100.0,0.0,normal
0,0.25,0,0,0,0,0,0,1,0,1,1,0,0,0,0,76.09971783793823,0.0,malicious
1,0.1,0,0,0,0,0,0,0,0,0,0,0,0,0,1,58.03782497956822,15.0,suspicious
0,0.08,0,0,0,0,0,0,0,0,0,0,0,0,0,0,57.37307208442341,0.0,normal
1,0.1,0,0,0,0,0,0,0,0,0,0,0,0,0,0,91.80046677329757,0.0,normal
3,0.35,0,0,0,0,0,0,0,1,0,1,0,0,0,0,74.41876984627007,0.0,malicious
4,0.08,0,0,0,0,0,0,0,0,0,0,0,0,0,0,85.0986188420105,0.0,malicious
0,0.1,0,0,0,0,0,0,0,0,0,0,0,0,0,0,85.26084299112856,0.0,normal
4,0.35,0,0,0,0,0,0,0,0,0,0,0,0,0,0,74.08494608506078,0.0,malicious
1,0.35,0,0,0,0,0,0,0,0,0,0,0,0,0,0,73.42272037853655,0.0,suspicious
0,0.5,0,1,0,0,0,0,0,0,0,1,0,0,0,0,58.202347362607554,0.0,suspicious
0,0.05,0,0,0,0,0,0,0,0,0,0,0,0,0,0,81.94537547725196,0.0,normal
2,0.35,0,0,0,0,0,0,0,0,0,1,0,0,0,0,52.54375006039678,0.0,malicious
1,0.1,0,0,0,0,0,0,0,0,1,0,0,0,0,1,66.73013839126315,15.0,suspicious
0,0.08,0,0,0,0,0,0,0,0,0,0,0,0,0,0,84.49156027943268,0.0,normal
3,0.35,0,0,0,0,0,0,0,0,0,0,0,0,0,0,61.48836094768639,0.0,malicious
0,0.25,0,0,0,0,0,0,1,0,0,1,0,0,0,1,74.21216316126575,15.0,normal
2,0.05,0,0,0,0,0,0,0,0,0,0,0,0,0,1,86.59073426671482,15.0,suspicious
0,0.1,0,0,0,0,0,0,0,0,1,0,0,0,0,0,78.76964895482962,0.0,normal
0,0.08,0,0,0,0,0,0,0,0,0,1,0,0,0,0,70.50036181969972,0.0,suspicious
0,0.45,0,0,0,0,0,1,0,1,1,0,0,0,0,1,75.27992099971362,15.0,malicious
0,0.45,0,0,0,0,0,1,0,0,1,0,0,0,0,0,100.0,0.0,normal
0,0.1,0,0,0,0,0,0,0,0,0,0,0,0,0,0,100.0,0.0,normal
0,0.08,0,0,0,0,0,0,0,0,0,0,0,0,0,0,71.99143932436665,0.0,suspicious
0,0.1,0,0,0,0,0,0,0,0,1,0,0,0,0,1,78.29964005554676,15.0,normal
0,0.08,0,0,0,0,0,0,0,0,0,0,0,1,0,0,85.86230226349629,60.0,normal
1,0.1,0,0,0,0,0,0,0,0,0,0,0,0,0,0,78.19518802198972,0.0,normal
0,0.35,0,0,0,0,0,0,0,1,0,0,0,0,0,0,39.57632143557873,0.0,suspicious
0,0.05,0,0,0,0,0,0,0,0,1,1,0,0,0,0,100.0,0.0,normal
1,0.45,0,0,0,0,0,1,0,0,0,1,1,0,0,1,94.95092217458767,85.0,malicious
0,0.08,0,0,0,0,0,0,0,0,0,0,0,0,0,0,82.76648428444342,0.0,normal
1,0.1,0,0,0,0,0,0,0,0,0,0,0,0,0,0,63.04353647767089,0.0,normal
1,0.08,0,0,0,0,0,0,0,0,0,1,0,0,0,0,74.01759714136487,0.0,malicious
0,0.05,0,0,0,0,0,0,0,0,0,0,0,0,0,0,92.06940917901031,0.0,normal
0,0.05,0,0,0,0,0,0,0,0,0,0,0,0,0,0,73.47741487498861,0.0,suspicious
0,0.1,0,0,0,0,0,0,0,0,1,0,0,0,0,0,73.55916349707493,0.0,normal
1,0.1,0,0,0,0,0,0,0,0,0,0,0,0,0,0,76.56451989934753,0.0,normal
0,0.1,0,0,0,0,0,0,0,0,0,0,0,0,0,0,94.0460165076909,0.0,normal
0,1.0,0,0,0,1,0,0,0,0,0,0,0,0,0,0,71.34269354432061,0.0,malicious
1,0.05,0,0,0,0,0,0,0,0,1,0,0,0,0,0,75.38469486151003,0.0,normal
3,0.55,0,0,0,0,1,0,0,0,0,0,0,0,0,0,63.15374947324995,0.0,malicious
2,0.1,0,0,0,0,0,0,0,0,0,0,0,0,0,0,83.92126356532198,0.0,normal
0,0.05,0,0,0,0,0,0,0,0,0,0,0,0,0,0,83.14535063107803,0.0,normal
0,0.1,0,0,0,0,0,0,0,0,0,0,0,0,0,0,71.47656529333042,0.0,normal
0,0.85,1,0,0,0,0,0,0,1,1,0,0,0,0,0,59.07008191229244,0.0,malicious
0,0.08,0,0,0,0,0,0,0,0,0,0,0,0,1,0,100.0,30.0,normal
1,0.05,0,0,0,0,0,0,0,0,0,0,0,0,1,0,76.77058564870032,30.0,normal
2,0.1,0,0,0,0,0,0,0,0,0,0,0,0,0,0,72.18347265175352,0.0,suspicious
4,0.35,0,0,0,0,0,0,0,1,0,0,0,0,0,0,63.649639739733054,0.0,malicious
0,0.08,0,0,0,0,0,0,0,0,0,0,0,0,0,1,81.37055733928436,15.0,normal
1,0.08,0,0,0,0,0,0,0,0,0,0,0,0,0,0,72.41899084847819,0.0,normal
0,0.08,0,0,0,0,0,0,0,0,0,0,0,0,0,0,72.88582227042349,0.0,normal
2,0.08,0,0,0,0,0,0,0,0,0,0,0,1,0,1,100.0,75.0,malicious
0,0.5,0,1,0,0,0,0,0,0,0,0,0,0,0,0,50.466227033222026,0.0,suspicious
0,0.3,0,0,0,0,0,0,0,0,0,0,0,0,0,0,68.54628236428977,0.0,normal
0,0.05,0,0,0,0,0,0,0,0,1,0,0,0,0,0,96.76698497095904,0.0,normal
1,0.1,0,0,0,0,0,0,0,0,1,0,0,0,0,0,81.08451259782727,0.0,normal
1,0.05,0,0,0,0,0,0,0,0,0,0,0,0,0,0,91.23178906607778,0.0,normal
0,0.08,0,0,0,0,0,0,0,0,0,0,0,0,0,1,100.0,15.0,normal
1,0.85,1,0,0,0,0,0,0,0,1,1,0,0,0,0,61.21451677593778,0.0,malicious
0,0.05,0,0,0,0,0,0,0,0,0,0,0,0,0,0,68.8759077641213,0.0,normal
0,0.05,0,0,0,0,0,0,0,0,0,0,0,0,0,0,65.93896990015566,0.0,normal
0,0.08,0,0,0,0,0,0,0,0,0,0,0,0,0,0,74.29514478531188,0.0,normal
1,0.05,0,0,0,0,0,0,0,0,0,0,0,0,0,0,93.82088039062555,0.0,normal
1,0.1,0,0,0,0,0,0,0,0,1,0,0,0,0,0,100.0,0.0,normal
1,0.1,0,0,0,0,0,0,0,0,1,0,0,0,0,0,84.6481602909539,0.0,normal
0,0.05,0,0,0,0,0,0,0,0,0,0,0,0,0,0,100.0,0.0,normal
0,0.1,0,0,0,0,0,0,0,0,0,0,0,1,0,0,77.50137877071232,60.0,suspicious
1,0.08,0,0,0,0,0,0,0,0,0,0,0,0,0,0,86.69428498298188,0.0,normal
1,0.08,0,0,0,0,0,0,0,0,0,0,0,0,0,1,75.13520064300316,15.0,normal
0,0.05,0,0,0,0,0,0,0,0,0,1,0,0,0,0,72.90043222768526,0.0,normal
1,0.5,0,1,0,0,0,0,0,0,0,1,0,0,0,0,53.04198379292485,0.0,malicious
1,0.1,0,0,0,0,0,0,0,0,0,0,0,0,0,0,90.67361695969927,0.0,normal
1,0.1,0,0,0,0,0,0,0,0,1,0,0,0,0,1,86.98111850119898,15.0,normal
0,0.05,0,0,0,0,0,0,0,0,0,0,0,1,0,0,76.46882559020995,60.0,normal
0,0.1,0,0,0,0,0,0,0,0,1,0,0,0,0,0,62.70375461505806,0.0,normal
0,0.5,0,1,0,0,0,0,0,0,1,1,0,0,0,0,74.73876759117306,0.0,malicious
0,0.05,0,0,0,0,0,0,0,0,0,0,0,0,0,1,77.2830508392912,15.0,normal
0,0.1,0,0,0,0,0,0,0,0,0,0,1,0,0,0,63.659560958651895,70.0,suspicious
0,0.05,0,0,0,0,0,0,0,0,0,0,0,0,0,0,71.42203030115135,0.0,normal
0,0.08,0,0,0,0,0,0,0,0,0,0,0,0,0,1,69.07475326733011,15.0,normal
1,0.05,0,0,0,0,0,0,0,0,0,0,0,0,0,0,86.6644677572742,0.0,normal
0,0.05,0,0,0,0,0,0,0,0,0,0,0,0,0,0,67.82015902418738,0.0,normal
0,0.1,0,0,0,0,0,0,0,0,1,0,0,0,0,0,68.58995373645304,0.0,normal
0,0.1,0,0,0,0,0,0,0,0,0,0,0,0,0,0,80.73995597160955,0.0,normal
0,0.08,0,0,0,0,0,0,0,0,0,0,0,0,0,0,100.0,0.0,normal
0,0.08,0,0,0,0,0,0,0,0,0,0,0,1,0,0,83.88227469975072,60.0,normal
0,0.05,0,0,0,0,0,0,0,0,1,0,0,0,0,0,88.94117722626038,0.0,normal
1,0.5,0,1,0,0,0,0,0,0,1,1,0,0,0,1,59.54844440646063,15.0,malicious
2,0.08,0,0,0,0,0,0,0,0,1,0,0,0,0,0,76.95371410090688,0.0,malicious
1,0.05,0,0,0,0,0,0,0,0,0,0,0,0,0,0,92.42542062652946,0.0,normal
1,0.1,0,0,0,0,0,0,0,0,0,0,0,0,0,0,84.26830742078529,0.0,normal
0,0.08,0,0,0,0,0,0,0,0,0,0,0,0,0,0,97.81456300657489,0.0,normal
0,0.05,0,0,0,0,0,0,0,0,0,0,0,0,0,0,73.32920065401059,0.0,normal
0,0.08,0,0,0,0,0,0,0,0,0,0,0,0,0,1,70.05966066714483,15.0,normal
1,0.3,0,0,0,0,0,0,0,0,0,1,0,0,0,1,89.46465726719431,15.0,suspicious
0,0.5,0,1,0,0,0,0,0,1,1,1,0,0,0,0,72.8379655181407,0.0,malicious
1,0.08,0,0,0,0,0,0,0,0,1,0,1,0,0,0,74.76597273328952,70.0,malicious
2,0.85,1,0,0,0,0,0,0,0,0,0,0,0,0,0,60.13007683212964,0.0,malicious
1,0.25,0,0,0,0,0,0,1,0,1,0,0,0,0,0,100.0,0.0,normal
1,0.1,0,0,0,0,0,0,0,0,0,0,0,0,0,0,73.26841854707625,0.0,normal
2,0.3,0,0,0,0,0,0,0,0,0,0,0,0,0,0,88.2173234124887,0.0,normal
0,0.08,0,0,0,0,0,0,0,0,0,1,0,0,0,0,69.53776608711128,0.0,normal
1,0.05,0,0,0,0,0,0,0,0,0,0,0,0,0,1,63.69313314696421,15.0,suspicious
1,0.05,0,0,0,0,0,0,0,0,0,0,0,1,0,0,90.04158246543584,60.0,normal
0,0.05,0,0,0,0,0,0,0,0,0,0,0,0,0,1,67.8137866691026,15.0,normal
0,0.45,0,0,0,0,0,1,0,0,1,1,0,0,0,1,100.0,15.0,malicious
0,0.5,0,1,0,0,0,0,0,1,0,1,0,0,0,0,58.74972876403966,0.0,malicious
0,0.3,0,0,0,0,0,0,0,0,0,1,0,0,0,0,100.0,0.0,normal
0,0.45,0,0,0,0,0,1,0,0,0,0,0,0,0,1,89.47970873764424,15.0,normal
0,0.05,0,0,0,0,0,0,0,0,0,0,0,0,0,0,79.76146793589739,0.0,normal
0,0.05,0,0,0,0,0,0,0,0,0,1,0,1,0,0,100.0,60.0,normal
0,0.1,0,0,0,0,0,0,0,0,0,0,0,0,0,0,90.13632884200015,0.0,suspicious
0,0.3,0,0,0,0,0,0,0,1,1,0,0,0,1,1,90.3644938688805,45.0,malicious
0,1.0,0,0,0,1,0,0,0,0,0,1,0,1,0,1,74.65728952982029,75.0,malicious
1,0.05,0,0,0,0,0,0,0,0,0,0,0,0,0,0,88.59890444136605,0.0,normal
0,0.08,0,0,0,0,0,0,0,0,0,0,0,0,0,0,74.15316658335928,0.0,normal
1,0.05,0,0,0,0,0,0,0,0,0,0,0,0,0,0,80.1929310005878,0.0,normal
0,0.1,0,0,0,0,0,0,0,0,0,0,0,0,0,0,75.46541446013103,0.0,normal
0,0.05,0,0,0,0,0,0,0,0,0,0,0,0,0,0,96.73335791594589,0.0,normal
1,0.85,1,0,0,0,0,0,0,0,1,0,0,0,0,0,56.88842933161476,0.0,suspicious
0,0.08,0,0,0,0,0,0,0,0,0,0,0,0,0,0,73.88522760525923,0.0,normal
1,0.3,0,0,0,0,0,0,0,0,0,0,0,1,0,0,100.0,60.0,suspicious
1,0.45,0,0,0,0,0,1,0,0,0,0,0,1,0,0,67.04568450211508,60.0,malicious
0,0.08,0,0,0,0,0,0,0,0,0,0,0,0,0,0,86.25006070036774,0.0,normal
0,0.25,0,0,0,0,0,0,1,0,0,1,0,0,0,0,74.67460014416362,0.0,normal
0,0.55,0,0,0,0,1,0,0,1,0,0,0,0,0,0,69.86411030637242,0.0,malicious
1,0.08,0,0,0,0,0,0,0,0,0,0,0,0,0,0,88.80839180090727,0.0,normal
0,0.25,0,0,0,0,0,0,1,0,1,0,0,0,0,0,100.0,0.0,normal
0,1.0,0,0,0,1,0,0,0,1,0,1,0,0,1,0,75.1941025280592,30.0,malicious
0,0.1,0,0,0,0,0,0,0,0,1,0,1,0,0,0,72.75334436443009,70.0,suspicious
2,0.85,1,0,0,0,0,0,0,0,0,0,0,0,0,0,62.379795451345615,0.0,malicious
0,0.35,0,0,0,0,0,0,0,0,0,1,0,0,0,0,61.53390888036812,0.0,suspicious
2,0.05,0,0,0,0,0,0,0,0,0,0,0,0,0,0,77.45174077179598,0.0,suspicious
1,0.1,0,0,0,0,0,0,0,1,1,0,0,0,0,0,76.52855682175485,0.0,suspicious
0,0.05,0,0,0,0,0,0,0,1,0,1,0,0,0,0,100.0,0.0,normal
1,0.08,0,0,0,0,0,0,0,1,1,0,0,0,0,0,56.443382707473674,0.0,malicious
1,0.08,0,0,0,0,0,0,0,0,0,0,0,0,0,0,87.25764432833961,0.0,normal
5,0.35,0,0,0,0,0,0,0,0,1,1,0,0,0,0,51.81186688801159,0.0,malicious
1,0.05,0,0,0,0,0,0,0,1,0,1,0,0,0,0,68.98310105176165,0.0,malicious
1,0.1,0,0,0,0,0,0,0,0,0,0,0,0,0,0,72.71502630847914,0.0,normal
3,0.05,0,0,0,0,0,0,0,0,0,0,0,0,0,0,71.79682323051912,0.0,malicious
0,1.0,0,0,0,1,0,0,0,0,0,0,0,0,0,0,61.717512432688075,0.0,malicious
0,0.1,0,0,0,0,0,0,0,0,0,0,0,0,0,0,88.77713209226361,0.0,normal
0,0.1,0,0,0,0,0,0,0,0,1,0,0,0,0,0,72.89996694747299,0.0,normal
1,0.08,0,0,0,0,0,0,0,0,0,0,0,0,0,0,86.0175092073704,0.0,normal
1,0.1,0,0,0,0,0,0,0,1,0,0,0,0,1,0,70.51898568337,30.0,malicious
0,0.08,0,0,0,0,0,0,0,0,1,0,0,0,0,0,84.0691489032262,0.0,normal
1,0.08,0,0,0,0,0,0,0,0,0,0,0,0,0,0,100.0,0.0,normal
2,0.08,0,0,0,0,0,0,0,0,0,0,0,0,0,1,82.15926017497456,15.0,suspicious
0,0.08,0,0,0,0,0,0,0,0,0,0,0,0,0,0,77.17235333372913,0.0,normal
0,0.1,0,0,0,0,0,0,0,0,0,0,0,0,0,0,76.34161456181145,0.0,normal
1,0.08,0,0,0,0,0,0,0,0,0,0,0,1,0,0,49.201829571654706,60.0,malicious
0,0.08,0,0,0,0,0,0,0,0,0,0,0,0,0,0,80.14627762316219,0.0,normal
0,0.08,0,0,0,0,0,0,0,0,0,0,0,0,0,0,74.66949884055555,0.0,normal
2,0.1,0,0,0,0,0,0,0,0,1,0,0,0,0,0,87.38147674045754,0.0,malicious
5,0.35,0,0,0,0,0,0,0,0,0,0,0,0,0,0,82.21179812371788,0.0,suspicious
1,0.08,0,0,0,0,0,0,0,0,0,0,0,0,0,0,82.7608154147755,0.0,normal
2,0.1,0,0,0,0,0,0,0,0,1,0,0,0,0,0,90.87736692237424,0.0,suspicious
1,0.45,0,0,0,0,0,1,0,1,0,0,0,0,0,0,80.04848611414265,0.0,suspicious
0,0.08,0,0,0,0,0,0,0,0,0,0,0,1,0,0,61.74126632488904,60.0,suspicious
0,0.9,0,0,1,0,0,0,0,0,1,0,0,0,0,0,77.19701577688168,0.0,malicious
0,0.08,0,0,0,0,0,0,0,0,0,0,0,0,0,0,72.95166909321985,0.0,suspicious
1,0.35,0,0,0,0,0,0,0,0,0,0,0,0,0,1,79.56657637426233,15.0,malicious
1,0.08,0,0,0,0,0,0,0,0,0,0,0,0,0,1,87.81082990667268,15.0,normal
2,0.1,0,0,0,0,0,0,0,0,0,0,0,0,0,0,94.3310231125687,0.0,normal
2,0.35,0,0,0,0,0,0,0,0,0,0,0,0,0,0,60.33524988522399,0.0,malicious
0,0.1,0,0,0,0,0,0,0,0,0,0,0,0,0,0,76.33933508621165,0.0,normal
0,0.5,0,1,0,0,0,0,0,1,0,0,0,0,0,0,69.52133707434642,0.0,suspicious
0,0.1,0,0,0,0,0,0,0,0,0,0,0,1,0,0,86.68918891841108,60.0,normal
0,0.1,0,0,0,0,0,0,0,0,0,0,0,0,0,1,85.19120061796883,15.0,normal
0,0.05,0,0,0,0,0,0,0,0,0,0,1,0,0,0,86.6878034035336,70.0,normal
1,0.05,0,0,0,0,0,0,0,0,0,0,0,0,0,0,82.88927532971617,0.0,normal
1,0.05,0,0,0,0,0,0,0,0,0,0,0,0,0,0,96.3976376172485,0.0,normal
0,0.1,0,0,0,0,0,0,0,0,1,0,0,0,0,0,85.97841856147905,0.0,normal
0,0.1,0,0,0,0,0,0,0,0,0,1,0,0,0,0,87.74980518918234,0.0,normal
0,0.3,0,0,0,0,0,0,0,0,0,0,0,0,0,0,68.52285332560085,0.0,normal
1,0.3,0,0,0,0,0,0,0,0,1,1,0,0,0,0,93.53287300203091,0.0,malicious
3,0.35,0,0,0,0,0,0,0,1,1,1,0,0,0,0,59.77096239166867,0.0,malicious
0,0.25,0,0,0,0,0,0,1,0,0,0,0,0,0,0,98.37815355477971,0.0,normal
2,0.3,0,0,0,0,0,0,0,0,0,0,0,0,0,0,70.0235474200938,0.0,malicious
0,0.25,0,0,0,0,0,0,1,1,1,1,1,0,0,1,63.657494718837654,85.0,malicious
0,0.1,0,0,0,0,0,0,0,0,0,0,0,0,0,0,92.36931445176656,0.0,normal
1,0.55,0,0,0,0,1,0,0,0,1,0,0,0,0,0,55.17382135575424,0.0,malicious
0,0.1,0,0,0,0,0,0,0,0,1,0,0,0,0,1,88.70240472472398,15.0,normal
1,0.35,0,0,0,0,0,0,0,1,0,1,0,0,1,0,77.35719324772369,30.0,malicious
0,0.1,0,0,0,0,0,0,0,0,1,0,0,0,0,0,100.0,0.0,normal
0,0.08,0,0,0,0,0,0,0,0,1,0,0,1,0,0,90.93157956398667,60.0,suspicious
0,0.05,0,0,0,0,0,0,0,0,1,1,0,0,0,0,74.11966507468036,0.0,normal
0,0.25,0,0,0,0,0,0,1,1,0,1,1,1,0,0,96.52241825668118,100.0,malicious
0,0.08,0,0,0,0,0,0,0,0,0,0,0,0,0,0,91.15437280054877,0.0,normal
0,0.1,0,0,0,0,0,0,0,0,0,0,0,0,0,0,93.79659055662458,0.0,suspicious
0,0.25,0,0,0,0,0,0,1,0,0,0,1,0,0,0,94.72804403318841,70.0,normal
0,0.05,0,0,0,0,0,0,0,0,0,0,0,0,0,0,87.0799120703326,0.0,normal
0,0.08,0,0,0,0,0,0,0,0,0,0,0,0,0,0,97.67727682625919,0.0,normal
0,0.05,0,0,0,0,0,0,0,0,0,0,0,0,1,0,77.32157659475327,30.0,normal
1,0.55,0,0,0,0,1,0,0,0,1,1,0,0,0,0,56.149785124859754,0.0,malicious
1,0.05,0,0,0,0,0,0,0,1,0,1,0,0,0,0,97.97634864294028,0.0,suspicious
1,0.35,0,0,0,0,0,0,0,1,0,1,0,0,0,0,73.85071029449182,0.0,malicious
2,0.55,0,0,0,0,1,0,0,0,0,1,0,1,0,0,66.85557990624487,60.0,malicious
0,0.05,0,0,0,0,0,0,0,0,0,0,0,0,0,0,90.03417702403512,0.0,normal
1,0.85,1,0,0,0,0,0,0,1,0,0,0,0,0,0,59.209592296512696,0.0,malicious
0,0.3,0,0,0,0,0,0,0,1,0,1,0,0,0,0,82.36235739332804,0.0,suspicious
0,0.05,0,0,0,0,0,0,0,0,0,0,0,0,0,1,86.85910864692346,15.0,normal
0,0.45,0,0,0,0,0,1,0,0,0,1,0,0,0,0,86.9639607462439,0.0,normal
1,0.08,0,0,0,0,0,0,0,0,0,0,0,0,0,1,83.8309271751084,15.0,normal
0,0.05,0,0,0,0,0,0,0,0,0,0,0,0,0,0,78.69734345472217,0.0,normal
0,0.08,0,0,0,0,0,0,0,0,0,0,0,0,0,0,79.98552493164924,0.0,normal
0,0.1,0,0,0,0,0,0,0,0,0,0,0,0,0,1,64.89458666943591,15.0,normal
1,0.35,0,0,0,0,0,0,0,1,0,0,0,0,0,0,79.11849653590612,0.0,normal
0,0.1,0,0,0,0,0,0,0,0,1,0,0,0,0,0,86.85529510728544,0.0,normal
0,0.1,0,0,0,0,0,0,0,1,0,0,0,0,1,0,55.370130409070455,30.0,normal
0,0.45,0,0,0,0,0,1,0,0,0,1,0,1,0,0,64.56530812439094,60.0,malicious
0,0.1,0,0,0,0,0,0,0,0,0,0,0,0,0,0,86.80183608219656,0.0,normal
1,0.08,0,0,0,0,0,0,0,0,0,0,0,0,0,0,77.83696326584686,0.0,normal
0,0.25,0,0,0,0,0,0,1,0,1,1,0,1,0,0,87.46278902890154,60.0,malicious
7,0.35,0,0,0,0,0,0,0,1,0,0,0,0,0,0,59.104771152881696,0.0,malicious
0,0.85,1,0,0,0,0,0,0,0,1,1,0,0,0,0,41.033167563133205,0.0,malicious
0,0.05,0,0,0,0,0,0,0,0,1,0,0,0,0,0,91.24122138277981,0.0,normal
0,0.05,0,0,0,0,0,0,0,0,0,0,1,0,1,0,100.0,100.0,normal
2,0.35,0,0,0,0,0,0,0,0,1,0,0,0,0,0,69.91180870680044,0.0,malicious
1,0.08,0,0,0,0,0,0,0,0,0,0,0,0,0,0,73.13726691037353,0.0,normal
1,0.5,0,1,0,0,0,0,0,0,1,1,0,0,0,1,73.23579984781458,15.0,malicious
0,0.25,0,0,0,0,0,0,1,1,0,0,0,0,1,0,90.9525146678595,30.0,normal
1,0.05,0,0,0,0,0,0,0,0,0,0,0,0,0,0,89.9238412079981,0.0,normal
1,0.9,0,0,1,0,0,0,0,0,0,0,0,0,0,1,55.73089685394298,15.0,malicious
3,0.35,0,0,0,0,0,0,0,0,0,0,1,0,1,0,88.31348382765312,100.0,malicious
0,0.08,0,0,0,0,0,0,0,0,0,0,0,0,0,0,71.98207307772705,0.0,normal
2,0.35,0,0,0,0,0,0,0,0,0,0,1,0,0,0,60.85683325388417,70.0,malicious
0,0.45,0,0,0,0,0,1,0,0,1,0,0,1,0,0,92.92743139686199,60.0,suspicious
0,0.5,0,1,0,0,0,0,0,0,0,1,0,0,0,1,75.08971047070449,15.0,suspicious
0,0.55,0,0,0,0,1,0,0,0,1,1,0,0,0,1,67.04204695557986,15.0,malicious
0,1.0,0,0,0,1,0,0,0,1,0,0,0,0,0,0,55.823511977148826,0.0,malicious
0,0.1,0,0,0,0,0,0,0,1,0,0,0,1,1,0,95.16684473256777,90.0,suspicious
1,0.45,0,0,0,0,0,1,0,1,1,0,0,0,0,0,79.26073953854493,0.0,malicious
0,0.1,0,0,0,0,0,0,0,0,0,0,0,0,0,0,83.64751857261302,0.0,normal
0,0.1,0,0,0,0,0,0,0,0,0,0,0,0,0,0,75.83338859306511,0.0,normal
0,0.25,0,0,0,0,0,0,1,0,0,1,0,0,0,1,100.0,15.0,normal
0,0.1,0,0,0,0,0,0,0,0,0,0,0,0,0,0,64.4753330684384,0.0,normal
2,0.1,0,0,0,0,0,0,0,0,0,1,0,0,0,1,80.88784772526722,15.0,malicious
0,0.55,0,0,0,0,1,0,0,0,0,0,0,0,0,0,62.61753223836867,0.0,suspicious
0,0.1,0,0,0,0,0,0,0,0,1,0,0,0,0,0,86.4960473358738,0.0,normal
0,0.05,0,0,0,0,0,0,0,0,0,0,1,0,0,0,69.99224730334387,70.0,normal
0,0.08,0,0,0,0,0,0,0,0,0,0,0,0,0,0,76.13477294581001,0.0,normal
1,0.05,0,0,0,0,0,0,0,0,0,0,0,0,0,0,100.0,0.0,normal
0,0.05,0,0,0,0,0,0,0,0,1,0,0,0,0,1,75.17454527115261,15.0,normal
0,0.08,0,0,0,0,0,0,0,0,0,0,0,0,0,0,83.49301804776735,0.0,normal
0,0.25,0,0,0,0,0,0,1,1,0,1,0,0,0,0,93.39440999479147,0.0,suspicious
2,0.05,0,0,0,0,0,0,0,0,0,0,0,0,0,0,85.75672177627915,0.0,normal
2,0.05,0,0,0,0,0,0,0,0,0,0,0,0,0,0,69.02844397145792,0.0,suspicious
2,0.05,0,0,0,0,0,0,0,0,0,0,0,0,0,1,80.99542568864815,15.0,normal
1,0.08,0,0,0,0,0,0,0,0,0,0,0,0,0,1,83.00182139583839,15.0,normal
1,0.05,0,0,0,0,0,0,0,1,0,0,0,0,0,0,84.53803103163126,0.0,normal
0,0.08,0,0,0,0,0,0,0,0,0,0,0,0,0,0,88.05746257872865,0.0,normal
0,0.08,0,0,0,0,0,0,0,0,0,0,0,0,0,0,97.02042606834085,0.0,suspicious
0,1.0,0,0,0,1,0,0,0,0,1,0,0,0,0,0,80.4570660845683,0.0,malicious
0,0.08,0,0,0,0,0,0,0,0,0,0,0,0,0,0,95.834088526934,0.0,normal
1,0.25,0,0,0,0,0,0,1,0,0,0,0,0,0,0,100.0,0.0,normal
0,0.08,0,0,0,0,0,0,0,0,0,0,0,0,0,0,72.18146648716494,0.0,normal
0,0.1,0,0,0,0,0,0,0,0,0,0,0,1,0,0,78.61178494979812,60.0,normal
0,0.1,0,0,0,0,0,0,0,1,1,0,0,0,0,0,62.4082277117722,0.0,suspicious
1,0.5,0,1,0,0,0,0,0,1,0,0,0,1,0,0,64.84594759818951,60.0,malicious
0,0.08,0,0,0,0,0,0,0,0,0,0,0,0,0,0,83.02587353790084,0.0,normal
0,0.05,0,0,0,0,0,0,0,0,0,0,0,0,0,1,76.43464564894845,15.0,normal
0,0.05,0,0,0,0,0,0,0,0,0,1,0,0,0,0,78.85814140420429,0.0,normal
0,0.1,0,0,0,0,0,0,0,0,1,0,0,0,0,0,70.69557419428412,0.0,normal
0,0.05,0,0,0,0,0,0,0,1,0,0,0,0,0,1,100.0,15.0,normal
0,0.5,0,1,0,0,0,0,0,1,1,1,0,0,1,0,75.84565812145485,30.0,malicious
1,0.08,0,0,0,0,0,0,0,0,0,0,0,0,0,0,100.0,0.0,normal
0,0.05,0,0,0,0,0,0,0,0,0,1,0,0,0,0,91.74023946257654,0.0,normal
0,0.05,0,0,0,0,0,0,0,0,0,0,0,0,0,0,100.0,0.0,normal
1,0.9,0,0,1,0,0,0,0,0,0,1,0,0,0,0,54.27969376896512,0.0,malicious
1,0.1,0,0,0,0,0,0,0,0,0,0,0,0,1,0,82.4185931090739,30.0,suspicious
1,0.1,0,0,0,0,0,0,0,0,1,1,0,1,0,0,91.37509601471733,60.0,malicious
1,0.08,0,0,0,0,0,0,0,0,0,0,0,0,0,0,91.37695671834047,0.0,normal
0,0.05,0,0,0,0,0,0,0,0,0,1,0,0,0,0,65.7742786792533,0.0,suspicious
0,0.08,0,0,0,0,0,0,0,0,0,0,0,0,0,0,87.60538447438178,0.0,normal
0,0.08,0,0,0,0,0,0,0,0,0,0,0,1,0,1,88.18352762256815,75.0,normal
2,0.35,0,0,0,0,0,0,0,0,1,0,0,0,0,0,65.35299507465699,0.0,malicious
0,0.1,0,0,0,0,0,0,0,0,0,0,0,0,0,0,100.0,0.0,normal
0,0.55,0,0,0,0,1,0,0,1,0,0,0,0,0,0,66.95651612087259,0.0,suspicious
0,0.08,0,0,0,0,0,0,0,1,0,0,0,0,0,0,72.6603872823,0.0,normal
0,0.05,0,0,0,0,0,0,0,0,0,0,0,1,0,0,87.77558643806579,60.0,normal
0,0.05,0,0,0,0,0,0,0,1,0,0,0,0,0,0,85.53155496849227,0.0,normal
0,0.1,0,0,0,0,0,0,0,0,0,0,0,0,0,0,86.76627849878426,0.0,normal
0,0.08,0,0,0,0,0,0,0,0,0,0,0,0,0,0,88.1668689697575,0.0,normal
0,0.1,0,0,0,0,0,0,0,0,0,0,0,0,0,0,81.29587119993907,0.0,normal
0,0.1,0,0,0,0,0,0,0,0,1,0,0,0,0,1,100.0,15.0,normal
0,0.1,0,0,0,0,0,0,0,0,0,0,0,0,0,0,67.79278703974751,0.0,normal
1,0.1,0,0,0,0,0,0,0,0,1,0,0,0,0,1,80.16291434634587,15.0,suspicious
1,0.08,0,0,0,0,0,0,0,1,0,0,0,0,0,0,100.0,0.0,normal
0,0.1,0,0,0,0,0,0,0,0,0,0,0,0,0,0,95.2373618540251,0.0,normal
0,0.3,0,0,0,0,0,0,0,1,1,0,0,0,0,1,79.41592117424219,15.0,normal
0,0.5,0,1,0,0,0,0,0,0,1,1,0,0,0,0,86.65461251839449,0.0,malicious
2,0.05,0,0,0,0,0,0,0,0,0,0,0,0,0,0,79.44814247407423,0.0,suspicious
0,0.05,0,0,0,0,0,0,0,0,1,0,0,0,0,0,100.0,0.0,normal
0,0.3,0,0,0,0,0,0,0,0,0,0,0,0,0,0,85.51394708443283,0.0,normal
0,0.05,0,0,0,0,0,0,0,0,0,0,0,0,0,0,87.78067127401852,0.0,normal
0,0.85,1,0,0,0,0,0,0,1,1,0,0,0,1,0,50.36338626812537,30.0,malicious
2,0.05,0,0,0,0,0,0,0,0,0,0,0,0,0,0,90.53923884302755,0.0,normal
0,0.85,1,0,0,0,0,0,0,0,0,0,0,0,0,0,58.96134328186979,0.0,malicious
1,0.35,0,0,0,0,0,0,0,0,0,0,0,0,0,0,76.02496693958335,0.0,suspicious
0,0.08,0,0,0,0,0,0,0,0,0,0,0,0,0,0,94.76167713737327,0.0,normal
1,0.35,0,0,0,0,0,0,0,1,1,1,0,0,0,0,70.32056807015424,0.0,malicious
1,0.08,0,0,0,0,0,0,0,0,0,0,0,0,0,0,74.0120041492974,0.0,normal
0,0.08,0,0,0,0,0,0,0,0,0,0,0,0,0,1,90.41676675170221,15.0,normal
1,0.1,0,0,0,0,0,0,0,0,1,1,0,0,0,0,71.20160407116337,0.0,malicious
1,0.3,0,0,0,0,0,0,0,1,0,1,0,0,0,0,90.62610218156786,0.0,suspicious
0,0.3,0,0,0,0,0,0,0,1,0,0,0,0,0,1,84.13629163109135,15.0,normal
1,0.08,0,0,0,0,0,0,0,0,0,0,0,0,0,1,84.78707572202396,15.0,normal
0,0.1,0,0,0,0,0,0,0,0,0,0,0,0,0,0,72.4424195574364,0.0,normal
0,0.1,0,0,0,0,0,0,0,0,0,0,0,0,0,0,86.67738384152145,0.0,normal
0,0.05,0,0,0,0,0,0,0,0,0,0,0,0,0,1,92.5741272187614,15.0,normal
0,0.08,0,0,0,0,0,0,0,0,0,0,0,0,0,0,79.42572599338074,0.0,suspicious
0,0.85,1,0,0,0,0,0,0,0,1,0,0,0,0,0,51.92721781090162,0.0,malicious
1,0.05,0,0,0,0,0,0,0,0,0,0,0,0,0,0,85.63796457734074,0.0,normal
1,0.05,0,0,0,0,0,0,0,0,0,0,0,0,0,0,95.37145039907298,0.0,normal
0,0.08,0,0,0,0,0,0,0,0,1,0,0,0,1,1,78.0832233768094,45.0,suspicious
4,0.35,0,0,0,0,0,0,0,0,1,0,0,0,0,0,61.265864899760835,0.0,malicious
1,0.55,0,0,0,0,1,0,0,1,0,0,0,0,0,0,76.4181765657237,0.0,malicious
5,0.35,0,0,0,0,0,0,0,0,0,0,0,0,0,0,50.33553835703355,0.0,malicious
0,0.85,1,0,0,0,0,0,0,0,0,1,0,0,0,0,79.21015409075675,0.0,malicious
0,0.08,0,0,0,0,0,0,0,0,0,1,0,0,0,0,78.7977201424458,0.0,normal
0,0.5,0,1,0,0,0,0,0,0,0,0,0,0,0,0,78.89981525088153,0.0,suspicious
0,0.1,0,0,0,0,0,0,0,1,0,0,0,0,0,0,85.1825193677646,0.0,normal
0,0.1,0,0,0,0,0,0,0,0,0,0,0,0,0,0,83.27392951502591,0.0,normal
1,0.08,0,0,0,0,0,0,0,0,0,0,0,0,1,0,90.34301569519445,30.0,normal
1,0.35,0,0,0,0,0,0,0,1,0,1,0,0,0,0,60.049508093783025,0.0,malicious
1,0.05,0,0,0,0,0,0,0,0,0,0,0,0,0,0,68.5911534730182,0.0,suspicious
0,0.1,0,0,0,0,0,0,0,0,0,0,0,0,0,0,100.0,0.0,normal
1,0.1,0,0,0,0,0,0,0,0,1,0,0,0,0,1,80.21959801721519,15.0,suspicious
3,0.35,0,0,0,0,0,0,0,0,0,1,0,0,1,0,90.48505295054372,30.0,malicious
1,0.1,0,0,0,0,0,0,0,0,0,0,0,0,0,0,100.0,0.0,normal
0,0.1,0,0,0,0,0,0,0,0,0,0,0,0,0,0,76.05695228364694,0.0,normal
0,0.05,0,0,0,0,0,0,0,0,0,0,0,0,0,0,70.16445621429125,0.0,normal
1,0.85,1,0,0,0,0,0,0,0,0,1,0,0,0,0,67.41452893841051,0.0,malicious
1,0.08,0,0,0,0,0,0,0,0,0,0,0,0,0,1,85.0098459172658,15.0,normal
0,0.05,0,0,0,0,0,0,0,0,0,0,0,0,0,0,73.02426123152276,0.0,normal
0,0.08,0,0,0,0,0,0,0,0,0,0,0,0,0,1,69.97832071790717,15.0,normal
4,0.35,0,0,0,0,0,0,0,0,0,1,0,0,0,1,70.26718872249229,15.0,malicious
0,0.08,0,0,0,0,0,0,0,0,0,0,0,0,0,0,99.84272069712918,0.0,normal
0,0.85,1,0,0,0,0,0,0,0,0,0,0,0,1,0,64.27671959946363,30.0,malicious
0,0.08,0,0,0,0,0,0,0,0,0,0,0,0,0,0,74.32356566171384,0.0,normal
0,0.05,0,0,0,0,0,0,0,1,0,0,0,0,0,0,69.78061376851034,0.0,normal
1,0.55,0,0,0,0,1,0,0,0,0,0,0,0,0,0,67.9449867861229,0.0,malicious
1,0.1,0,0,0,0,0,0,0,0,1,0,1,0,1,0,95.2644925024326,100.0,malicious
0,0.05,0,0,0,0,0,0,0,1,0,0,0,0,0,1,100.0,15.0,normal
0,0.08,0,0,0,0,0,0,0,0,0,0,0,0,0,0,78.46012881618485,0.0,normal
0,0.08,0,0,0,0,0,0,0,0,0,0,0,0,0,1,98.3864468279829,15.0,normal
2,0.45,0,0,0,0,0,1,0,0,0,1,0,0,0,0,73.88160860678121,0.0,malicious
0,0.1,0,0,0,0,0,0,0,0,1,0,0,0,0,0,79.30783932938547,0.0,normal
1,1.0,0,0,0,1,0,0,0,0,0,1,0,0,0,0,72.39076240976993,0.0,malicious
1,0.1,0,0,0,0,0,0,0,0,1,0,0,0,0,0,87.0875039653808,0.0,normal
0,0.25,0,0,0,0,0,0,1,0,0,0,0,0,0,1,63.04242943287099,15.0,normal
0,1.0,0,0,0,1,0,0,0,0,0,1,0,0,0,0,83.34182009469006,0.0,malicious
1,0.08,0,0,0,0,0,0,0,0,1,0,0,0,0,0,88.79122153201195,0.0,normal
1,0.08,0,0,0,0,0,0,0,0,0,0,0,0,0,1,87.798201793196,15.0,normal
0,0.05,0,0,0,0,0,0,0,0,0,0,0,0,0,0,83.53080746953631,0.0,normal
2,0.05,0,0,0,0,0,0,0,0,0,0,0,0,0,0,75.03762827614166,0.0,suspicious
0,0.05,0,0,0,0,0,0,0,0,0,0,0,0,0,0,91.97634538356054,0.0,normal
1,0.08,0,0,0,0,0,0,0,0,0,0,0,0,0,0,99.89055601110911,0.0,normal
1,0.1,0,0,0,0,0,0,0,0,0,0,0,0,0,0,86.29353284876989,0.0,normal
0,0.08,0,0,0,0,0,0,0,0,0,0,0,0,0,0,100.0,0.0,normal
0,0.08,0,0,0,0,0,0,0,0,0,0,0,0,0,0,78.91478498439486,0.0,normal
0,1.0,0,0,0,1,0,0,0,0,0,0,0,0,0,0,80.00253727624201,0.0,malicious
0,0.1,0,0,0,0,0,0,0,0,0,0,0,0,0,0,94.1305372761039,0.0,normal
0,0.1,0,0,0,0,0,0,0,0,0,0,0,1,0,1,76.60303289003095,75.0,normal
1,0.1,0,0,0,0,0,0,0,0,1,0,0,0,0,0,82.91203590648783,0.0,normal
0,0.1,0,0,0,0,0,0,0,0,0,0,0,0,0,0,96.31048796732233,0.0,normal
0,0.08,0,0,0,0,0,0,0,0,0,0,0,0,0,0,100.0,0.0,suspicious
0,0.05,0,0,0,0,0,0,0,0,0,0,0,0,0,0,80.68053412626554,0.0,normal
0,0.1,0,0,0,0,0,0,0,0,0,0,0,0,0,0,100.0,0.0,normal
1,0.1,0,0,0,0,0,0,0,0,1,0,0,0,0,0,82.4878532710441,0.0,suspicious
0,0.05,0,0,0,0,0,0,0,0,0,0,0,0,0,0,88.99113812981285,0.0,suspicious
1,0.85,1,0,0,0,0,0,0,1,0,0,1,0,0,0,76.74944477348373,70.0,malicious
2,0.1,0,0,0,0,0,0,0,1,1,0,0,0,0,0,59.79698789635998,0.0,malicious
0,0.1,0,0,0,0,0,0,0,0,1,0,0,0,1,0,73.93218330132791,30.0,normal
2,0.05,0,0,0,0,0,0,0,0,0,0,0,0,0,1,73.09842757077988,15.0,normal
1,0.08,0,0,0,0,0,0,0,1,0,0,0,0,0,0,84.22683750459521,0.0,suspicious
0,0.1,0,0,0,0,0,0,0,0,0,0,0,0,0,1,78.52856674009386,15.0,normal
2,0.05,0,0,0,0,0,0,0,0,0,0,0,0,0,0,72.88745059578393,0.0,suspicious
1,0.08,0,0,0,0,0,0,0,0,1,0,0,0,0,1,100.0,15.0,normal
1,0.3,0,0,0,0,0,0,0,0,1,1,0,0,0,0,100.0,0.0,suspicious
1,0.1,0,0,0,0,0,0,0,0,1,0,0,0,0,0,87.60589927230859,0.0,suspicious
1,0.85,1,0,0,0,0,0,0,0,1,1,0,0,0,0,76.83624911990204,0.0,malicious
2,0.35,0,0,0,0,0,0,0,0,0,0,0,0,0,0,52.24008428502859,0.0,malicious
0,0.25,0,0,0,0,0,0,1,0,1,1,0,0,0,0,90.63371412164366,0.0,normal
0,0.08,0,0,0,0,0,0,0,0,0,0,0,0,0,0,83.81616173857883,0.0,normal
2,0.9,0,0,1,0,0,0,0,0,1,0,0,0,0,0,42.85253766267223,0.0,malicious
1,0.55,0,0,0,0,1,0,0,1,1,0,0,0,0,0,60.65297640919592,0.0,malicious
2,0.1,0,0,0,0,0,0,0,0,0,0,0,0,0,0,90.79007272657235,0.0,suspicious
0,0.35,0,0,0,0,0,0,0,0,1,1,0,1,0,0,52.050758189978005,60.0,malicious
0,0.55,0,0,0,0,1,0,0,0,0,1,0,0,0,0,64.65925816433854,0.0,suspicious
0,0.08,0,0,0,0,0,0,0,0,0,0,0,0,0,1,100.0,15.0,normal
1,0.5,0,1,0,0,0,0,0,0,0,1,0,0,1,0,60.46434502139667,30.0,malicious
3,0.05,0,0,0,0,0,0,0,0,0,0,0,0,0,1,95.31698005054386,15.0,suspicious
1,0.05,0,0,0,0,0,0,0,1,0,0,0,0,0,0,77.28017006592442,0.0,normal
0,0.25,0,0,0,0,0,0,1,1,0,1,0,0,0,0,81.37094321221699,0.0,suspicious
3,0.05,0,0,0,0,0,0,0,0,0,0,0,0,0,0,74.44950170383451,0.0,malicious
0,0.25,0,0,0,0,0,0,1,0,0,0,0,0,0,0,87.40451496330806,0.0,normal
0,0.1,0,0,0,0,0,0,0,0,0,0,0,0,1,0,96.40752718895382,30.0,normal
0,0.08,0,0,0,0,0,0,0,0,0,0,1,0,0,0,74.98274146803696,70.0,suspicious
0,0.5,0,1,0,0,0,0,0,0,0,1,0,0,0,0,64.39841410495524,0.0,malicious
0,0.5,0,1,0,0,0,0,0,0,1,1,0,0,0,1,58.42222667700314,15.0,malicious
1,0.1,0,0,0,0,0,0,0,0,1,0,0,0,0,0,72.38942083746655,0.0,normal
0,1.0,0,0,0,1,0,0,0,0,0,1,0,0,0,1,49.796935825376536,15.0,malicious
1,0.3,0,0,0,0,0,0,0,0,1,1,0,0,0,0,89.78438068341787,0.0,suspicious
0,0.1,0,0,0,0,0,0,0,0,1,0,0,0,0,0,77.95421825098342,0.0,normal
0,0.35,0,0,0,0,0,0,0,0,1,0,0,0,0,0,66.11134326564006,0.0,normal
1,0.08,0,0,0,0,0,0,0,1,0,0,1,0,0,0,77.66448053258871,70.0,malicious
0,0.1,0,0,0,0,0,0,0,0,0,0,0,0,0,0,100.0,0.0,normal
0,0.05,0,0,0,0,0,0,0,0,0,0,0,0,0,0,99.06208686793073,0.0,suspicious
1,0.08,0,0,0,0,0,0,0,0,0,0,0,0,0,0,100.0,0.0,normal
0,0.05,0,0,0,0,0,0,0,0,0,0,0,0,0,0,97.02798790892673,0.0,normal
0,0.1,0,0,0,0,0,0,0,0,0,0,0,0,0,1,95.89084496574624,15.0,normal
0,0.1,0,0,0,0,0,0,0,0,0,1,0,0,0,1,100.0,15.0,normal
0,0.5,0,1,0,0,0,0,0,1,1,0,0,0,0,0,70.70846981396186,0.0,suspicious
0,0.08,0,0,0,0,0,0,0,0,0,0,0,0,0,0,100.0,0.0,normal
0,0.08,0,0,0,0,0,0,0,0,0,0,0,0,0,0,97.10124387139487,0.0,normal
1,0.05,0,0,0,0,0,0,0,0,0,0,0,0,0,0,70.11652421371967,0.0,normal
0,0.08,0,0,0,0,0,0,0,0,0,0,0,0,0,1,87.76164693973543,15.0,normal
1,0.1,0,0,0,0,0,0,0,0,1,0,0,0,0,0,88.44626207818689,0.0,suspicious
1,0.25,0,0,0,0,0,0,1,0,0,0,0,1,0,1,93.4885632340629,75.0,malicious
0,0.05,0,0,0,0,0,0,0,0,0,1,0,0,0,1,91.21339747041263,15.0,normal
1,0.3,0,0,0,0,0,0,0,1,0,1,0,0,0,0,79.26050019836015,0.0,suspicious
1,0.05,0,0,0,0,0,0,0,0,0,0,0,0,0,0,91.246632327007,0.0,normal
0,0.08,0,0,0,0,0,0,0,0,0,0,0,0,0,1,90.46224862125905,15.0,normal
3,0.1,0,0,0,0,0,0,0,0,1,0,0,0,0,0,86.48872273239614,0.0,malicious
2,0.35,0,0,0,0,0,0,0,1,0,0,0,0,0,0,74.22548663081946,0.0,malicious
0,0.85,1,0,0,0,0,0,0,0,0,1,0,0,0,1,55.2597605581485,15.0,malicious
0,0.1,0,0,0,0,0,0,0,0,0,0,0,0,0,0,81.67073647596395,0.0,normal
0,0.5,0,1,0,0,0,0,0,1,1,0,0,0,0,0,85.0298544587373,0.0,suspicious
1,0.25,0,0,0,0,0,0,1,0,0,0,0,0,0,0,71.94255579623949,0.0,normal
0,0.05,0,0,0,0,0,0,0,0,0,0,0,0,0,0,100.0,0.0,normal
0,0.1,0,0,0,0,0,0,0,0,0,0,0,0,0,0,94.79650469902188,0.0,normal
0,0.1,0,0,0,0,0,0,0,0,1,0,0,0,0,0,76.63118357853104,0.0,normal
0,0.1,0,0,0,0,0,0,0,0,0,0,0,0,0,1,93.94860730757411,15.0,normal
0,0.08,0,0,0,0,0,0,0,0,0,0,0,0,0,0,86.7717010308236,0.0,normal
0,0.08,0,0,0,0,0,0,0,0,0,0,0,0,0,1,80.14855713177249,15.0,normal
1,0.1,0,0,0,0,0,0,0,0,1,0,0,0,0,0,91.00233296509916,0.0,suspicious
0,0.1,0,0,0,0,0,0,0,0,0,0,0,0,0,0,80.20053315570743,0.0,normal
2,0.35,0,0,0,0,0,0,0,0,1,1,0,0,0,0,79.864364710812,0.0,malicious
3,0.35,0,0,0,0,0,0,0,0,0,1,0,0,0,0,78.8486982429066,0.0,malicious
4,0.35,0,0,0,0,0,0,0,0,1,0,0,0,0,0,85.75413652123301,0.0,malicious
0,0.05,0,0,0,0,0,0,0,0,0,0,0,0,0,1,72.64233653080271,15.0,normal
1,0.85,1,0,0,0,0,0,0,0,1,0,0,0,0,1,72.42999600642308,15.0,malicious
0,0.08,0,0,0,0,0,0,0,0,0,1,0,0,0,0,79.2029513587871,0.0,normal
1,0.05,0,0,0,0,0,0,0,0,0,0,1,0,0,1,100.0,85.0,suspicious
2,0.3,0,0,0,0,0,0,0,1,0,1,0,0,0,1,88.80175572271327,15.0,malicious
1,0.08,0,0,0,0,0,0,0,0,0,0,0,0,0,1,79.09700265634343,15.0,normal
0,1.0,0,0,0,1,0,0,0,1,1,0,0,0,0,0,69.49209252686039,0.0,malicious
1,0.55,0,0,0,0,1,0,0,0,0,0,0,0,0,0,69.35496106523308,0.0,suspicious
1,0.1,0,0,0,0,0,0,0,0,0,0,0,0,0,1,79.00125896781574,15.0,normal
1,0.05,0,0,0,0,0,0,0,0,0,0,0,0,0,0,92.85819221075938,0.0,normal
0,0.05,0,0,0,0,0,0,0,0,1,0,0,0,0,0,60.89614030134938,0.0,normal
1,0.05,0,0,0,0,0,0,0,0,0,0,0,0,0,0,63.4867243874316,0.0,normal
0,0.3,0,0,0,0,0,0,0,1,0,0,0,0,0,0,79.95256250550801,0.0,normal
0,0.1,0,0,0,0,0,0,0,0,0,0,0,0,0,0,77.90051642662031,0.0,normal
1,0.08,0,0,0,0,0,0,0,0,0,0,0,0,0,0,92.59247230227398,0.0,normal
0,0.1,0,0,0,0,0,0,0,0,0,0,0,0,0,1,84.84601528070652,15.0,normal
2,0.55,0,0,0,0,1,0,0,0,0,0,0,0,0,0,90.68433874247867,0.0,suspicious
0,0.1,0,0,0,0,0,0,0,1,0,0,0,0,0,0,93.98848548058173,0.0,normal
0,0.05,0,0,0,0,0,0,0,0,0,1,0,0,0,0,80.88496858700447,0.0,normal
1,0.05,0,0,0,0,0,0,0,0,0,0,0,0,1,0,72.77860829113419,30.0,suspicious
1,0.08,0,0,0,0,0,0,0,0,0,1,0,0,0,0,90.52464406667308,0.0,normal
0,0.1,0,0,0,0,0,0,0,0,0,0,0,0,0,0,82.28090139013823,0.0,normal
3,0.08,0,0,0,0,0,0,0,0,0,0,0,0,1,0,100.0,30.0,malicious
5,0.35,0,0,0,0,0,0,0,0,0,1,0,0,0,0,58.57631989762895,0.0,malicious
0,0.5,0,1,0,0,0,0,0,1,0,0,0,0,0,1,43.015192612338325,15.0,malicious
0,0.08,0,0,0,0,0,0,0,0,0,0,0,0,1,0,68.96710580623859,30.0,normal
1,0.05,0,0,0,0,0,0,0,0,0,0,0,0,0,1,96.69672542459524,15.0,normal
1,0.1,0,0,0,0,0,0,0,0,0,0,0,0,0,0,88.74872551817344,0.0,suspicious
0,0.08,0,0,0,0,0,0,0,0,0,0,0,0,0,0,78.41517816673455,0.0,suspicious
1,0.3,0,0,0,0,0,0,0,1,1,1,0,0,0,0,73.49962995926282,0.0,malicious
0,0.05,0,0,0,0,0,0,0,0,0,0,0,0,0,0,51.915945069910315,0.0,normal
0,0.85,1,0,0,0,0,0,0,0,1,0,0,0,0,0,84.11739246132828,0.0,malicious
0,0.05,0,0,0,0,0,0,0,0,0,0,0,0,0,0,77.03452488542968,0.0,normal
1,0.08,0,0,0,0,0,0,0,1,0,0,0,0,0,0,54.963266333216474,0.0,normal
0,0.05,0,0,0,0,0,0,0,0,0,0,1,0,0,0,76.8249224072301,70.0,suspicious
1,0.08,0,0,0,0,0,0,0,0,0,0,0,0,0,1,62.00078910444613,15.0,suspicious
0,0.05,0,0,0,0,0,0,0,0,0,0,0,0,0,0,88.05676456780625,0.0,normal
0,0.08,0,0,0,0,0,0,0,0,0,0,0,0,0,0,80.04883905608311,0.0,normal
0,0.05,0,0,0,0,0,0,0,1,0,0,0,0,0,0,84.5539971167884,0.0,normal
0,0.05,0,0,0,0,0,0,0,0,0,0,0,0,0,0,70.53278699128298,0.0,normal
1,0.08,0,0,0,0,0,0,0,0,0,0,0,0,0,0,78.34668848258505,0.0,normal
0,0.08,0,0,0,0,0,0,0,0,0,1,0,0,0,0,91.59993723272675,0.0,normal
0,0.08,0,0,0,0,0,0,0,0,0,0,0,0,0,0,84.48059434291962,0.0,normal
0,0.1,0,0,0,0,0,0,0,0,1,0,1,1,0,0,88.42789475853925,100.0,malicious
1,0.1,0,0,0,0,0,0,0,0,0,0,0,0,0,0,96.45461879769279,0.0,normal
3,0.35,0,0,0,0,0,0,0,0,0,0,0,0,0,0,73.10202499565251,0.0,malicious
1,0.05,0,0,0,0,0,0,0,0,0,0,0,0,0,0,99.89856707838086,0.0,normal
1,1.0,0,0,0,1,0,0,0,0,0,1,0,0,0,1,67.48848791268104,15.0,malicious
0,0.1,0,0,0,0,0,0,0,0,1,0,0,0,0,0,99.42235588543653,0.0,normal
0,0.85,1,0,0,0,0,0,0,0,1,0,1,0,0,0,54.24094201396395,70.0,malicious
0,0.08,0,0,0,0,0,0,0,0,0,0,0,0,0,0,81.2199636512014,0.0,normal
1,0.08,0,0,0,0,0,0,0,0,0,0,0,1,0,0,73.08629967281257,60.0,suspicious
0,0.05,0,0,0,0,0,0,0,0,0,0,0,0,0,0,98.95096743918202,0.0,normal
0,0.08,0,0,0,0,0,0,0,0,0,0,0,0,1,1,83.15935469696618,45.0,normal
0,0.1,0,0,0,0,0,0,0,0,1,0,0,0,0,0,89.43868390811701,0.0,normal
2,0.35,0,0,0,0,0,0,0,1,0,0,0,0,0,1,75.62940014063251,15.0,malicious
0,0.1,0,0,0,0,0,0,0,0,0,0,0,0,0,1,100.0,15.0,normal
1,0.05,0,0,0,0,0,0,0,0,0,0,0,0,0,0,75.10414143581419,0.0,normal
2,0.08,0,0,0,0,0,0,0,0,0,0,0,0,0,0,73.20441488355021,0.0,suspicious
1,0.1,0,0,0,0,0,0,0,0,0,0,0,1,0,1,79.55853227364945,75.0,malicious
0,0.1,0,0,0,0,0,0,0,0,0,0,0,0,0,0,97.06268286523223,0.0,normal
1,0.08,0,0,0,0,0,0,0,0,0,0,0,0,0,0,74.26319416319448,0.0,normal
0,0.08,0,0,0,0,0,0,0,0,0,0,0,0,0,0,67.50348750115892,0.0,normal
0,0.08,0,0,0,0,0,0,0,0,0,0,0,0,1,0,80.77402496219196,30.0,normal
1,0.45,0,0,0,0,0,1,0,0,0,0,0,0,0,0,78.1657810527034,0.0,suspicious
2,0.35,0,0,0,0,0,0,0,0,1,1,0,0,0,0,62.91946359612001,0.0,malicious
0,0.08,0,0,0,0,0,0,0,0,1,0,0,0,0,0,64.46665448707088,0.0,normal
0,0.3,0,0,0,0,0,0,0,0,0,1,0,0,0,0,69.84151492226394,0.0,suspicious
1,0.1,0,0,0,0,0,0,0,1,0,1,0,1,0,1,100.0,75.0,malicious
0,0.5,0,1,0,0,0,0,0,0,0,0,0,0,0,0,78.05872907568998,0.0,suspicious
0,0.1,0,0,0,0,0,0,0,0,0,0,0,0,0,0,69.87764861654263,0.0,normal
0,0.5,0,1,0,0,0,0,0,0,1,0,0,0,0,0,65.49009607259525,0.0,malicious
1,0.08,0,0,0,0,0,0,0,0,1,0,0,0,0,1,76.19826150364571,15.0,normal
0,0.08,0,0,0,0,0,0,0,0,0,0,0,0,0,0,89.58214497872531,0.0,normal
0,0.08,0,0,0,0,0,0,0,0,0,0,0,0,0,0,89.07831893851782,0.0,normal
0,0.1,0,0,0,0,0,0,0,0,1,0,0,0,0,0,74.40788812638704,0.0,normal
2,0.1,0,0,0,0,0,0,0,0,0,0,0,0,1,0,75.98250312873246,30.0,suspicious
0,0.05,0,0,0,0,0,0,0,0,0,0,0,0,0,0,75.10666417834146,0.0,normal
0,0.55,0,0,0,0,1,0,0,0,0,0,0,0,0,0,59.717936852441525,0.0,normal
0,0.08,0,0,0,0,0,0,0,0,0,0,0,0,0,1,71.15783745589323,15.0,normal
0,0.05,0,0,0,0,0,0,0,0,0,0,0,0,0,0,93.6032992085671,0.0,normal
1,0.1,0,0,0,0,0,0,0,0,1,0,0,1,0,0,100.0,60.0,suspicious
0,0.08,0,0,0,0,0,0,0,0,0,0,0,0,0,0,72.09563891266593,0.0,normal
0,0.35,0,0,0,0,0,0,0,0,0,1,0,1,0,0,72.73804828012476,60.0,malicious
0,0.25,0,0,0,0,0,0,1,0,1,1,0,0,0,0,62.626662897035985,0.0,malicious
1,0.85,1,0,0,0,0,0,0,0,0,0,0,0,0,0,71.82351833793126,0.0,malicious
0,0.08,0,0,0,0,0,0,0,0,0,0,0,0,0,1,95.6836563719823,15.0,normal
0,0.08,0,0,0,0,0,0,0,0,0,0,1,0,0,0,60.3486410582589,70.0,suspicious
0,0.05,0,0,0,0,0,0,0,0,0,0,0,0,0,1,93.29303136270352,15.0,normal
1,0.45,0,0,0,0,0,1,0,1,0,0,0,0,0,0,73.32431483081142,0.0,suspicious
2,0.05,0,0,0,0,0,0,0,0,0,0,1,0,0,0,80.69186914124515,70.0,malicious
1,0.05,0,0,0,0,0,0,0,0,0,0,0,0,0,1,76.63827878256207,15.0,normal
0,0.05,0,0,0,0,0,0,0,1,0,0,0,0,0,0,69.52611552785757,0.0,normal
0,0.5,0,1,0,0,0,0,0,0,1,1,0,0,0,1,40.04936360107585,15.0,malicious
0,0.1,0,0,0,0,0,0,0,0,0,0,0,0,0,0,74.64316464585593,0.0,normal
0,0.1,0,0,0,0,0,0,0,0,0,0,0,0,0,0,87.11661013410423,0.0,normal
0,0.05,0,0,0,0,0,0,0,0,0,0,0,0,0,1,91.8929980405258,15.0,normal
1,0.08,0,0,0,0,0,0,0,1,0,0,0,0,0,0,100.0,0.0,normal
0,0.1,0,0,0,0,0,0,0,0,0,0,0,0,0,0,100.0,0.0,normal
0,0.1,0,0,0,0,0,0,0,0,0,0,0,0,0,0,72.45660371355628,0.0,normal
2,0.05,0,0,0,0,0,0,0,0,0,0,0,0,0,0,79.17009680128841,0.0,normal
0,0.05,0,0,0,0,0,0,0,0,0,0,0,0,0,0,69.87213060147424,0.0,normal
2,0.08,0,0,0,0,0,0,0,0,0,0,0,0,0,1,86.40538253564168,15.0,suspicious
0,0.08,0,0,0,0,0,0,0,0,0,0,0,0,0,0,74.21165138557039,0.0,normal
3,0.08,0,0,0,0,0,0,0,0,1,1,0,0,0,0,85.2403279917814,0.0,malicious
0,0.08,0,0,0,0,0,0,0,1,1,0,0,0,0,0,100.0,0.0,normal
0,0.05,0,0,0,0,0,0,0,0,1,0,0,0,0,0,100.0,0.0,normal
0,0.1,0,0,0,0,0,0,0,0,0,0,0,0,0,1,76.60503639453661,15.0,normal
0,0.25,0,0,0,0,0,0,1,0,0,0,0,0,0,0,87.62575560500778,0.0,normal
0,0.08,0,0,0,0,0,0,0,0,0,0,0,0,0,0,88.38902813682324,0.0,normal
0,0.25,0,0,0,0,0,0,1,0,0,1,0,0,0,0,98.403801421136,0.0,normal
0,0.1,0,0,0,0,0,0,0,0,0,0,0,0,0,0,81.67214436161447,0.0,normal
0,0.05,0,0,0,0,0,0,0,0,0,0,0,0,0,0,81.82618838284777,0.0,normal
0,0.1,0,0,0,0,0,0,0,0,0,1,0,0,0,0,77.8523225504623,0.0,suspicious
1,0.08,0,0,0,0,0,0,0,1,0,0,0,0,0,0,100.0,0.0,normal
0,0.08,0,0,0,0,0,0,0,0,0,0,0,1,0,0,78.62841172760434,60.0,normal
0,0.08,0,0,0,0,0,0,0,1,0,0,0,0,0,0,60.61249954533004,0.0,normal
0,0.1,0,0,0,0,0,0,0,0,1,0,0,0,0,0,89.37204106687147,0.0,normal
1,0.25,0,0,0,0,0,0,1,1,1,0,0,0,0,0,100.0,0.0,suspicious
3,0.35,0,0,0,0,0,0,0,0,0,1,0,1,0,0,80.64805418031843,60.0,malicious
0,0.05,0,0,0,0,0,0,0,1,0,0,0,0,0,1,84.6978763569217,15.0,normal
1,0.05,0,0,0,0,0,0,0,0,0,0,0,1,0,0,83.25769817106776,60.0,suspicious
0,0.08,0,0,0,0,0,0,0,0,0,0,0,0,0,0,96.18623269588404,0.0,normal
0,0.08,0,0,0,0,0,0,0,1,0,0,0,0,0,0,99.30858192423493,0.0,normal
0,0.1,0,0,0,0,0,0,0,0,1,0,0,0,0,0,100.0,0.0,normal
0,0.08,0,0,0,0,0,0,0,1,0,0,0,0,0,0,99.95062891850357,0.0,normal
0,0.05,0,0,0,0,0,0,0,0,0,0,0,1,0,1,87.44238032805028,75.0,normal
2,0.35,0,0,0,0,0,0,0,0,0,0,0,0,0,0,56.653983315818365,0.0,malicious
0,0.45,0,0,0,0,0,1,0,0,1,0,0,0,0,0,78.504319773472,0.0,normal
0,0.1,0,0,0,0,0,0,0,0,1,0,0,0,0,0,84.01632519724181,0.0,suspicious
1,0.08,0,0,0,0,0,0,0,0,0,0,0,0,0,0,79.59769718490911,0.0,normal
2,0.08,0,0,0,0,0,0,0,0,0,0,0,0,0,0,62.36029863390327,0.0,suspicious
1,0.05,0,0,0,0,0,0,0,0,0,0,0,0,0,0,78.851347231041,0.0,normal
1,0.1,0,0,0,0,0,0,0,0,1,0,0,0,0,0,100.0,0.0,normal
0,0.05,0,0,0,0,0,0,0,1,1,0,0,0,0,1,75.53782186439847,15.0,suspicious
0,0.1,0,0,0,0,0,0,0,0,0,1,0,1,0,0,85.70435396694235,60.0,suspicious
2,0.05,0,0,0,0,0,0,0,0,0,1,0,0,0,0,93.3494232472957,0.0,normal
2,0.05,0,0,0,0,0,0,0,0,0,0,0,0,0,0,97.39131814397084,0.0,normal
0,0.05,0,0,0,0,0,0,0,0,0,0,0,0,0,1,97.44397201263737,15.0,normal
0,0.1,0,0,0,0,0,0,0,0,0,0,0,0,0,0,84.2980388118385,0.0,normal
3,0.35,0,0,0,0,0,0,0,0,1,0,0,0,0,1,41.802954335025994,15.0,malicious
1,0.5,0,1,0,0,0,0,0,0,1,1,0,0,0,0,70.27135732940327,0.0,malicious
1,0.08,0,0,0,0,0,0,0,0,0,0,0,0,0,1,83.04199003164567,15.0,normal
1,0.05,0,0,0,0,0,0,0,0,0,0,0,0,0,0,99.69004137832427,0.0,normal
0,0.05,0,0,0,0,0,0,0,0,0,0,0,0,0,0,76.79689041529721,0.0,normal
0,0.08,0,0,0,0,0,0,0,0,0,0,0,0,0,0,81.61413687577515,0.0,normal
0,0.08,0,0,0,0,0,0,0,0,0,0,0,0,0,1,78.84756621995166,15.0,normal
0,0.3,0,0,0,0,0,0,0,1,1,1,0,1,0,0,81.3920737359679,60.0,malicious
0,0.05,0,0,0,0,0,0,0,1,0,0,0,0,0,1,85.32503514090244,15.0,normal
2,0.1,0,0,0,0,0,0,0,0,0,1,0,0,0,0,90.03300971056818,0.0,suspicious
1,0.85,1,0,0,0,0,0,0,0,1,0,0,0,0,0,53.79320906376127,0.0,malicious
0,0.1,0,0,0,0,0,0,0,1,1,0,0,0,0,0,76.78351744963601,0.0,normal
1,0.05,0,0,0,0,0,0,0,0,0,0,0,0,0,1,81.23967680756942,15.0,normal
1,0.08,0,0,0,0,0,0,0,0,0,0,0,0,1,0,73.63693291850052,30.0,suspicious
0,0.1,0,0,0,0,0,0,0,0,0,0,0,0,0,0,85.16923101360575,0.0,normal
0,0.05,0,0,0,0,0,0,0,0,0,0,0,0,0,0,78.70386514547882,0.0,normal
0,0.1,0,0,0,0,0,0,0,0,1,0,0,0,0,0,88.16626927888878,0.0,normal
0,0.9,0,0,1,0,0,0,0,1,0,0,0,1,0,0,80.2577519618944,60.0,malicious
0,0.08,0,0,0,0,0,0,0,0,1,0,0,0,0,0,100.0,0.0,normal
0,0.05,0,0,0,0,0,0,0,0,0,0,0,0,0,0,100.0,0.0,normal
0,0.25,0,0,0,0,0,0,1,0,1,0,0,0,0,0,71.37975703865521,0.0,normal
0,0.08,0,0,0,0,0,0,0,1,0,1,0,1,0,1,86.87498421676122,75.0,malicious
1,0.05,0,0,0,0,0,0,0,0,0,1,0,0,0,0,75.02320673421956,0.0,normal
1,0.5,0,1,0,0,0,0,0,0,1,0,0,0,0,0,92.65185187672125,0.0,suspicious
1,0.05,0,0,0,0,0,0,0,0,0,0,0,0,0,1,70.50999751434529,15.0,suspicious
0,0.05,0,0,0,0,0,0,0,0,0,0,0,0,0,0,79.40938320718652,0.0,normal
1,0.45,0,0,0,0,0,1,0,1,0,0,0,0,0,1,70.91135545969229,15.0,malicious
0,0.1,0,0,0,0,0,0,0,0,0,0,0,0,0,1,78.32871190845667,15.0,normal
1,0.5,0,1,0,0,0,0,0,1,0,1,0,0,0,0,94.0093524010195,0.0,malicious
0,0.08,0,0,0,0,0,0,0,0,0,0,0,0,0,0,95.78534648853898,0.0,normal
1,0.1,0,0,0,0,0,0,0,0,0,0,0,0,0,0,85.6370869045989,0.0,normal
0,0.3,0,0,0,0,0,0,0,0,0,0,0,0,0,1,79.50232732862656,15.0,normal
1,0.9,0,0,1,0,0,0,0,0,0,0,0,0,0,1,72.9359267624465,15.0,malicious
0,0.05,0,0,0,0,0,0,0,0,1,0,0,0,0,0,86.40620804169025,0.0,normal
2,0.25,0,0,0,0,0,0,1,0,0,0,0,0,0,0,71.3639123495895,0.0,normal
0,0.45,0,0,0,0,0,1,0,0,0,0,0,0,0,0,100.0,0.0,normal
0,0.05,0,0,0,0,0,0,0,0,0,0,0,0,0,0,100.0,0.0,normal
1,0.08,0,0,0,0,0,0,0,0,0,0,0,0,0,0,100.0,0.0,normal
0,0.3,0,0,0,0,0,0,0,0,0,1,0,0,0,0,80.1437576757584,0.0,normal
2,0.05,0,0,0,0,0,0,0,0,0,0,0,0,0,0,85.38647959262494,0.0,normal
0,0.08,0,0,0,0,0,0,0,0,0,0,0,0,0,0,84.86620052315234,0.0,normal
1,0.1,0,0,0,0,0,0,0,1,0,0,0,0,0,0,91.02886294780068,0.0,normal
0,0.55,0,0,0,0,1,0,0,0,0,0,0,0,0,0,65.51274396830658,0.0,suspicious
1,0.08,0,0,0,0,0,0,0,0,0,0,0,1,0,1,77.63958991037275,75.0,malicious
0,0.08,0,0,0,0,0,0,0,1,0,0,0,0,0,0,70.7321856444957,0.0,normal
1,0.3,0,0,0,0,0,0,0,0,0,0,0,0,0,0,75.27532671567022,0.0,normal
1,0.08,0,0,0,0,0,0,0,0,0,0,0,0,0,0,95.50817884084753,0.0,normal
1,0.05,0,0,0,0,0,0,0,0,0,0,0,0,1,0,85.80808019315712,30.0,suspicious
0,0.25,0,0,0,0,0,0,1,0,0,0,0,0,0,0,91.44047868857047,0.0,normal
2,0.35,0,0,0,0,0,0,0,0,0,0,0,0,0,0,58.46169335692846,0.0,malicious
2,0.1,0,0,0,0,0,0,0,0,0,0,0,0,0,0,53.724478161816506,0.0,malicious
0,0.45,0,0,0,0,0,1,0,0,1,0,0,0,0,0,82.97686831384566,0.0,suspicious
0,0.08,0,0,0,0,0,0,0,0,0,0,0,0,0,0,83.77487727555798,0.0,normal
0,0.1,0,0,0,0,0,0,0,0,0,0,0,0,0,0,100.0,0.0,normal
4,0.35,0,0,0,0,0,0,0,0,1,0,0,0,0,0,80.75410137028578,0.0,malicious
0,0.1,0,0,0,0,0,0,0,0,1,0,0,0,0,1,79.36920964123814,15.0,normal
1,0.1,0,0,0,0,0,0,0,0,1,0,0,0,0,0,94.03589828144382,0.0,normal
0,0.08,0,0,0,0,0,0,0,0,0,0,0,0,0,0,71.72751778964644,0.0,normal
1,0.25,0,0,0,0,0,0,1,0,0,1,0,0,0,0,89.56144260057748,0.0,suspicious
0,0.1,0,0,0,0,0,0,0,0,1,0,0,0,0,0,92.0816985702624,0.0,normal
0,0.05,0,0,0,0,0,0,0,1,0,0,0,0,0,0,96.87639496683646,0.0,normal
0,0.05,0,0,0,0,0,0,0,0,0,0,0,0,0,0,81.50942571901487,0.0,normal
1,0.5,0,1,0,0,0,0,0,0,0,0,0,0,0,0,74.3231505822987,0.0,normal
1,0.85,1,0,0,0,0,0,0,0,0,0,0,0,0,0,60.49382597272802,0.0,malicious
0,0.05,0,0,0,0,0,0,0,0,0,0,0,0,0,0,84.51127001874383,0.0,normal
0,0.55,0,0,0,0,1,0,0,1,1,1,0,0,0,0,70.3558048336153,0.0,malicious
0,0.08,0,0,0,0,0,0,0,0,1,0,0,0,0,0,73.45209576668137,0.0,normal
0,0.1,0,0,0,0,0,0,0,0,0,0,0,0,0,0,63.461999251949166,0.0,normal
0,0.08,0,0,0,0,0,0,0,1,0,0,0,1,0,0,98.13907024116975,60.0,normal
1,0.45,0,0,0,0,0,1,0,1,0,0,0,0,0,1,67.19032756193855,15.0,malicious
1,0.3,0,0,0,0,0,0,0,0,0,1,0,0,0,0,78.00852506356917,0.0,suspicious
0,0.1,0,0,0,0,0,0,0,0,1,0,0,0,0,0,89.30718495616051,0.0,normal
2,0.05,0,0,0,0,0,0,0,0,0,0,1,0,0,0,83.80795226431579,70.0,malicious
0,0.1,0,0,0,0,0,0,0,0,0,0,0,0,0,0,86.50610448796775,0.0,normal
1,1.0,0,0,0,1,0,0,0,0,0,0,0,0,0,0,65.08008942519281,0.0,malicious
0,0.55,0,0,0,0,1,0,0,1,1,1,0,0,0,1,83.25998498482721,15.0,malicious
1,0.3,0,0,0,0,0,0,0,0,1,1,0,1,0,0,76.79896557772126,60.0,malicious
1,0.1,0,0,0,0,0,0,0,0,1,0,0,0,0,0,93.30771252837158,0.0,normal
2,0.05,0,0,0,0,0,0,0,0,0,0,0,0,0,1,84.48035991835005,15.0,suspicious
2,0.08,0,0,0,0,0,0,0,0,0,0,0,1,0,1,81.43093696415905,75.0,malicious
1,0.05,0,0,0,0,0,0,0,0,0,0,0,0,0,0,58.12838495833621,0.0,suspicious
1,0.08,0,0,0,0,0,0,0,0,1,0,0,0,0,0,65.66003940847555,0.0,suspicious
0,0.05,0,0,0,0,0,0,0,0,0,0,0,0,0,0,81.35095770053239,0.0,normal
4,0.35,0,0,0,0,0,0,0,1,0,0,0,0,0,0,74.47880919665853,0.0,malicious
1,0.08,0,0,0,0,0,0,0,0,0,0,0,0,0,0,94.6994650099774,0.0,normal
0,0.05,0,0,0,0,0,0,0,0,0,1,0,0,0,0,76.54592736556589,0.0,normal
0,0.1,0,0,0,0,0,0,0,0,0,0,0,0,0,0,81.07262489392585,0.0,normal
0,0.1,0,0,0,0,0,0,0,0,0,0,0,0,0,0,87.20141662562061,0.0,normal
0,0.08,0,0,0,0,0,0,0,0,0,0,0,0,0,0,81.9742003266115,0.0,normal
1,0.1,0,0,0,0,0,0,0,0,0,0,0,0,0,0,95.24511092123046,0.0,normal
0,0.1,0,0,0,0,0,0,0,0,0,0,0,0,0,0,90.6951054672553,0.0,normal
1,0.1,0,0,0,0,0,0,0,0,1,0,0,0,0,0,80.71439867001169,0.0,normal
0,0.1,0,0,0,0,0,0,0,0,0,0,0,0,0,0,75.14665534164116,0.0,normal
1,0.3,0,0,0,0,0,0,0,0,0,0,1,0,0,0,94.51604811154651,70.0,malicious
6,0.35,0,0,0,0,0,0,0,1,0,0,0,0,0,0,41.909181290355924,0.0,malicious
0,0.9,0,0,1,0,0,0,0,0,0,0,0,0,0,0,86.5323975809612,0.0,suspicious
1,0.05,0,0,0,0,0,0,0,0,0,0,0,1,0,1,72.5719813304961,75.0,malicious
0,0.55,0,0,0,0,1,0,0,1,0,0,0,0,1,0,69.67977798846765,30.0,malicious
1,0.1,0,0,0,0,0,0,0,0,1,0,0,0,0,0,100.0,0.0,normal
0,0.3,0,0,0,0,0,0,0,1,0,0,0,0,0,1,87.09380547219268,15.0,normal
0,0.05,0,0,0,0,0,0,0,0,0,0,0,0,0,0,91.8761546075703,0.0,normal
0,0.1,0,0,0,0,0,0,0,0,0,0,0,0,0,0,64.6108168677795,0.0,normal
0,0.05,0,0,0,0,0,0,0,0,0,0,0,0,0,0,67.78385905689137,0.0,normal
2,0.5,0,1,0,0,0,0,0,1,0,1,0,0,0,1,66.4514208086666,15.0,malicious
0,0.3,0,0,0,0,0,0,0,0,0,0,0,0,0,0,86.61416519789813,0.0,normal
0,0.05,0,0,0,0,0,0,0,0,0,0,0,0,1,0,83.7696790133017,30.0,normal
1,0.35,0,0,0,0,0,0,0,0,0,1,0,1,0,0,75.47326519841518,60.0,malicious
0,0.08,0,0,0,0,0,0,0,0,0,0,0,0,0,0,80.64273916583926,0.0,normal
0,0.05,0,0,0,0,0,0,0,0,0,0,0,0,0,0,79.09462905354184,0.0,normal
0,0.1,0,0,0,0,0,0,0,0,0,0,0,0,0,0,88.35982464659905,0.0,normal
0,0.1,0,0,0,0,0,0,0,0,0,0,0,0,1,1,91.58822706313578,45.0,normal
0,0.08,0,0,0,0,0,0,0,1,1,0,0,0,0,0,63.0462534763342,0.0,normal
0,0.3,0,0,0,0,0,0,0,0,1,0,0,0,0,0,78.11615612274964,0.0,normal
0,0.45,0,0,0,0,0,1,0,1,1,0,0,0,0,1,87.09171536848554,15.0,normal
0,0.55,0,0,0,0,1,0,0,1,0,1,0,0,0,0,68.91605211226126,0.0,malicious
0,0.05,0,0,0,0,0,0,0,1,0,0,0,0,0,0,81.6065153405398,0.0,normal
0,0.05,0,0,0,0,0,0,0,0,0,0,0,0,0,0,90.78131741346334,0.0,normal
1,0.5,0,1,0,0,0,0,0,1,1,1,0,0,0,0,68.46637426682312,0.0,malicious
1,0.1,0,0,0,0,0,0,0,0,1,1,0,0,0,1,100.0,15.0,suspicious
1,0.55,0,0,0,0,1,0,0,0,1,0,0,0,0,0,78.78643453625077,0.0,malicious
0,0.1,0,0,0,0,0,0,0,0,1,0,0,0,0,0,76.85729609543978,0.0,normal
0,0.08,0,0,0,0,0,0,0,0,0,0,0,0,0,0,88.24617762523901,0.0,normal
0,0.3,0,0,0,0,0,0,0,1,1,0,0,0,0,0,90.99264517873969,0.0,normal
0,0.45,0,0,0,0,0,1,0,0,0,1,0,0,0,0,81.87919801403184,0.0,suspicious
0,0.55,0,0,0,0,1,0,0,0,1,0,0,0,1,0,52.31302694407908,30.0,malicious
1,0.08,0,0,0,0,0,0,0,1,0,0,0,0,0,0,100.0,0.0,normal
0,0.5,0,1,0,0,0,0,0,0,0,0,0,0,1,0,36.92989002905405,30.0,malicious
0,0.1,0,0,0,0,0,0,0,0,1,0,0,1,0,0,100.0,60.0,normal
7,0.35,0,0,0,0,0,0,0,0,0,1,0,0,0,0,65.84834995555647,0.0,malicious
0,0.08,0,0,0,0,0,0,0,0,0,0,0,1,0,1,91.18225029539093,75.0,normal
0,0.85,1,0,0,0,0,0,0,1,0,0,1,0,0,0,56.05912185329241,70.0,malicious
2,0.08,0,0,0,0,0,0,0,0,0,0,0,0,0,0,86.38570753376824,0.0,normal
5,0.35,0,0,0,0,0,0,0,0,0,1,0,0,0,0,77.56864170199248,0.0,malicious
1,0.35,0,0,0,0,0,0,0,0,1,0,0,0,0,0,57.979772959751486,0.0,malicious
0,0.45,0,0,0,0,0,1,0,1,0,0,0,0,0,0,82.68550446252611,0.0,normal
0,0.1,0,0,0,0,0,0,0,0,0,0,0,0,0,0,90.58461810060851,0.0,normal
0,0.1,0,0,0,0,0,0,0,0,1,0,0,0,0,0,91.86488823087825,0.0,normal
0,1.0,0,0,0,1,0,0,0,0,0,0,0,1,1,0,64.30245657726627,90.0,malicious
1,0.1,0,0,0,0,0,0,0,0,0,0,0,0,0,1,79.91318316321917,15.0,normal
0,0.1,0,0,0,0,0,0,0,0,1,0,0,0,0,1,86.12946247903585,15.0,normal
0,0.08,0,0,0,0,0,0,0,0,0,0,0,0,0,0,81.6281168249941,0.0,normal
0,0.1,0,0,0,0,0,0,0,0,0,0,0,0,1,0,95.69660952005108,30.0,normal
1,0.45,0,0,0,0,0,1,0,0,0,0,0,0,0,0,70.4693268347702,0.0,malicious
0,0.05,0,0,0,0,0,0,0,0,0,0,0,0,0,0,94.45047182357904,0.0,normal
0,0.1,0,0,0,0,0,0,0,0,0,0,0,1,0,0,81.50394380952702,60.0,normal
0,0.45,0,0,0,0,0,1,0,0,0,1,0,0,0,1,80.04085596596235,15.0,suspicious
0,0.1,0,0,0,0,0,0,0,0,1,0,0,0,0,0,78.28588629606145,0.0,normal
0,0.1,0,0,0,0,0,0,0,0,0,0,0,0,0,1,83.7876273897045,15.0,normal
0,0.1,0,0,0,0,0,0,0,0,1,0,0,0,0,0,88.52280892566053,0.0,normal
2,0.35,0,0,0,0,0,0,0,1,1,0,0,0,0,0,80.02809836421469,0.0,malicious
0,0.1,0,0,0,0,0,0,0,0,0,0,0,0,0,0,62.34815584527628,0.0,normal
0,0.1,0,0,0,0,0,0,0,0,1,0,0,0,0,1,73.99562377973183,15.0,normal
1,0.3,0,0,0,0,0,0,0,0,1,0,0,0,0,0,67.49339640441107,0.0,malicious
2,0.35,0,0,0,0,0,0,0,0,1,1,0,0,0,0,60.606258011138785,0.0,malicious
0,0.1,0,0,0,0,0,0,0,0,0,0,0,0,0,0,74.21019493932646,0.0,normal
1,0.05,0,0,0,0,0,0,0,0,0,0,0,1,0,0,82.48844874850873,60.0,suspicious
0,0.08,0,0,0,0,0,0,0,0,0,0,0,0,0,0,87.43455287046672,0.0,normal
1,0.05,0,0,0,0,0,0,0,0,0,0,1,0,0,0,76.62246257305054,70.0,suspicious
1,0.85,1,0,0,0,0,0,0,0,1,0,0,0,0,0,88.76361303314928,0.0,malicious
0,0.1,0,0,0,0,0,0,0,0,0,0,0,0,0,0,83.52159898988928,0.0,normal
1,0.05,0,0,0,0,0,0,0,0,0,0,0,0,0,0,73.5303482909366,0.0,normal
2,0.05,0,0,0,0,0,0,0,0,0,0,0,0,0,0,77.95085099231571,0.0,normal
0,0.08,0,0,0,0,0,0,0,0,0,0,0,0,1,0,84.3074804535116,30.0,normal
0,0.08,0,0,0,0,0,0,0,0,0,0,1,0,0,0,84.6991932751012,70.0,suspicious
1,0.1,0,0,0,0,0,0,0,0,0,0,0,0,0,0,81.73707273824135,0.0,normal
1,0.35,0,0,0,0,0,0,0,0,1,1,0,0,0,0,62.167922961151305,0.0,malicious
0,0.08,0,0,0,0,0,0,0,0,0,0,0,0,0,0,85.76257026023205,0.0,normal
1,0.1,0,0,0,0,0,0,0,0,1,0,0,0,0,0,77.10702223911183,0.0,normal
1,0.05,0,0,0,0,0,0,0,0,0,0,0,0,0,1,92.97704845601143,15.0,normal
0,0.08,0,0,0,0,0,0,0,0,0,0,0,0,0,0,76.25442014115563,0.0,normal
2,0.05,0,0,0,0,0,0,0,0,0,0,0,0,0,0,69.47066935882751,0.0,normal
1,0.05,0,0,0,0,0,0,0,0,0,0,0,0,0,0,82.39384717908365,0.0,normal
0,0.08,0,0,0,0,0,0,0,0,0,0,0,0,0,1,67.00379516885667,15.0,normal
0,0.05,0,0,0,0,0,0,0,0,0,0,0,0,0,0,91.63291725770318,0.0,normal
0,0.08,0,0,0,0,0,0,0,1,0,0,0,0,0,0,83.59508490729051,0.0,normal
0,0.08,0,0,0,0,0,0,0,0,0,0,0,0,0,0,100.0,0.0,normal
0,0.05,0,0,0,0,0,0,0,1,0,0,0,0,1,1,89.95566229051771,45.0,normal
1,0.08,0,0,0,0,0,0,0,0,0,1,0,0,0,0,74.1366506793713,0.0,normal
1,0.1,0,0,0,0,0,0,0,0,1,0,0,0,1,0,91.57240489460305,30.0,suspicious
1,0.08,0,0,0,0,0,0,0,0,0,0,0,0,0,0,85.00610445011665,0.0,normal
1,0.35,0,0,0,0,0,0,0,1,1,0,0,0,0,0,69.23689633147961,0.0,suspicious
4,0.35,0,0,0,0,0,0,0,0,0,1,0,0,0,0,68.77678298469021,0.0,malicious
0,0.9,0,0,1,0,0,0,0,0,1,0,0,0,0,0,92.36057475616829,0.0,malicious
1,0.35,0,0,0,0,0,0,0,0,1,0,0,0,0,0,75.29303341237318,0.0,suspicious
3,0.35,0,0,0,0,0,0,0,1,0,0,0,0,0,1,61.90685927982722,15.0,malicious
2,1.0,0,0,0,1,0,0,0,1,0,0,0,0,0,0,47.43694885052561,0.0,malicious
2,0.08,0,0,0,0,0,0,0,0,0,0,0,0,0,0,75.71832379343512,0.0,malicious
0,0.1,0,0,0,0,0,0,0,0,1,0,0,0,0,0,100.0,0.0,normal
1,0.5,0,1,0,0,0,0,0,1,0,0,0,0,0,0,59.83829600559078,0.0,malicious
0,0.55,0,0,0,0,1,0,0,0,0,1,0,0,0,0,97.99308980039312,0.0,suspicious
0,0.08,0,0,0,0,0,0,0,0,0,0,0,1,1,0,94.84430254388393,90.0,normal
2,0.35,0,0,0,0,0,0,0,1,0,0,0,1,0,0,75.95441966389932,60.0,malicious
0,0.05,0,0,0,0,0,0,0,0,0,0,0,0,0,0,87.59725068989533,0.0,normal
1,0.08,0,0,0,0,0,0,0,0,0,0,0,0,0,0,88.35780848334491,0.0,normal
0,0.08,0,0,0,0,0,0,0,0,0,0,0,0,0,0,100.0,0.0,normal
0,0.45,0,0,0,0,0,1,0,0,0,0,0,1,0,1,90.74734995809392,75.0,suspicious
1,0.05,0,0,0,0,0,0,0,0,0,0,0,0,0,0,86.93472956262418,0.0,normal
0,0.3,0,0,0,0,0,0,0,0,0,1,0,0,0,0,74.85629226157783,0.0,normal
1,0.1,0,0,0,0,0,0,0,0,0,0,0,0,0,1,62.32680126592845,15.0,suspicious
0,0.85,1,0,0,0,0,0,0,0,0,1,0,0,0,1,46.30623330940732,15.0,malicious
1,0.1,0,0,0,0,0,0,0,0,0,0,0,0,0,0,83.16764150824837,0.0,normal
0,0.5,0,1,0,0,0,0,0,0,0,1,0,0,0,0,87.34453001731083,0.0,malicious
1,0.05,0,0,0,0,0,0,0,0,0,0,0,0,1,1,86.99635367116402,45.0,normal
3,0.35,0,0,0,0,0,0,0,1,0,1,0,1,0,1,88.14572382021987,75.0,malicious
0,0.05,0,0,0,0,0,0,0,0,0,0,0,0,0,0,86.52579941441151,0.0,normal
3,0.35,0,0,0,0,0,0,0,1,0,1,0,0,0,0,85.41181976504951,0.0,malicious
0,0.08,0,0,0,0,0,0,0,0,0,0,0,0,0,0,84.0973844505252,0.0,normal
0,0.5,0,1,0,0,0,0,0,1,1,1,0,0,0,0,67.76970096065507,0.0,malicious
0,0.35,0,0,0,0,0,0,0,1,1,0,0,0,0,1,85.43000678880873,15.0,suspicious
0,0.05,0,0,0,0,0,0,0,0,0,0,0,0,0,1,90.68300464953731,15.0,normal
1,0.08,0,0,0,0,0,0,0,0,0,1,0,0,0,0,67.63336750531323,0.0,normal
0,0.1,0,0,0,0,0,0,0,1,0,0,0,0,0,0,48.23215405197148,0.0,suspicious
0,0.05,0,0,0,0,0,0,0,0,1,0,0,0,0,0,87.8012237775056,0.0,normal
0,0.5,0,1,0,0,0,0,0,0,1,1,0,0,0,0,73.10317062914716,0.0,malicious
0,0.05,0,0,0,0,0,0,0,0,0,0,0,0,0,0,98.70110490288069,0.0,normal
1,0.05,0,0,0,0,0,0,0,0,0,0,0,0,0,0,52.21234507439475,0.0,normal
0,0.08,0,0,0,0,0,0,0,0,0,0,0,0,1,0,84.46107303870428,30.0,normal
0,0.1,0,0,0,0,0,0,0,0,0,1,0,0,0,0,78.33528543652992,0.0,normal
0,0.08,0,0,0,0,0,0,0,0,0,0,0,0,0,0,95.28701282592556,0.0,normal
1,0.35,0,0,0,0,0,0,0,0,1,1,1,0,0,0,75.27802461159366,70.0,malicious
0,0.3,0,0,0,0,0,0,0,1,0,0,0,0,0,1,84.11043661203857,15.0,normal
0,0.1,0,0,0,0,0,0,0,0,0,0,0,0,0,0,99.22167354066858,0.0,normal
0,0.05,0,0,0,0,0,0,0,0,0,0,0,0,0,0,83.33985933315694,0.0,normal
1,0.08,0,0,0,0,0,0,0,0,0,0,0,0,0,0,91.11797034170453,0.0,normal
0,0.05,0,0,0,0,0,0,0,0,1,0,0,0,0,0,79.994248087368,0.0,normal
0,0.1,0,0,0,0,0,0,0,0,0,0,0,0,0,0,81.38954937315219,0.0,normal
1,0.08,0,0,0,0,0,0,0,0,0,0,0,0,0,0,90.61250025151733,0.0,normal
0,0.25,0,0,0,0,0,0,1,0,0,0,0,0,0,1,87.34074800706497,15.0,normal
1,0.1,0,0,0,0,0,0,0,0,0,0,0,0,0,0,88.28480813995554,0.0,normal
1,0.05,0,0,0,0,0,0,0,0,1,0,0,0,0,0,74.85887393648117,0.0,normal
1,0.1,0,0,0,0,0,0,0,0,0,0,0,0,0,0,85.87950243071101,0.0,normal
0,0.05,0,0,0,0,0,0,0,0,0,0,0,0,0,0,98.58994492717672,0.0,normal
0,0.08,0,0,0,0,0,0,0,0,0,0,0,0,0,0,92.29537089989368,0.0,normal
0,0.5,0,1,0,0,0,0,0,0,1,1,0,0,0,1,61.910684988920906,15.0,malicious
2,0.08,0,0,0,0,0,0,0,0,0,0,0,0,0,1,89.66195927070665,15.0,suspicious
0,0.05,0,0,0,0,0,0,0,0,0,0,1,0,0,1,76.86591566021319,85.0,normal
0,0.05,0,0,0,0,0,0,0,0,0,0,0,0,0,0,62.19828040402066,0.0,normal
0,0.1,0,0,0,0,0,0,0,0,0,0,0,0,0,1,86.68240810127413,15.0,normal
1,0.05,0,0,0,0,0,0,0,1,0,0,0,0,0,0,78.76361032495493,0.0,normal
0,0.1,0,0,0,0,0,0,0,0,1,0,0,0,0,0,66.47384417749343,0.0,normal
0,0.05,0,0,0,0,0,0,0,0,1,0,0,0,0,1,77.67657135514617,15.0,normal
1,0.05,0,0,0,0,0,0,0,0,0,0,0,0,0,0,96.23203805314009,0.0,normal
0,0.08,0,0,0,0,0,0,0,0,1,0,0,0,1,0,100.0,30.0,normal
0,0.05,0,0,0,0,0,0,0,0,0,0,0,1,0,0,93.92681923622634,60.0,normal
1,0.45,0,0,0,0,0,1,0,1,0,1,0,0,0,0,94.77117208636895,0.0,malicious
1,0.05,0,0,0,0,0,0,0,0,0,0,0,0,0,1,85.82063520101302,15.0,normal
2,0.1,0,0,0,0,0,0,0,0,0,0,0,0,0,1,73.72819703718955,15.0,suspicious
1,0.05,0,0,0,0,0,0,0,0,0,0,0,0,0,0,97.36808749905397,0.0,normal
0,0.5,0,1,0,0,0,0,0,0,0,1,0,0,1,0,82.14987452801982,30.0,malicious
0,0.1,0,0,0,0,0,0,0,0,0,0,0,1,0,0,83.52663301633072,60.0,normal
0,0.08,0,0,0,0,0,0,0,0,0,0,0,0,0,0,100.0,0.0,normal
1,0.08,0,0,0,0,0,0,0,1,0,0,0,0,0,0,85.29010228979398,0.0,normal
2,0.55,0,0,0,0,1,0,0,0,0,1,0,0,1,0,63.91235617373785,30.0,malicious
0,0.05,0,0,0,0,0,0,0,0,0,1,0,0,0,0,80.01315030142159,0.0,normal
1,0.1,0,0,0,0,0,0,0,0,1,0,0,0,0,0,72.49683881417772,0.0,suspicious
1,0.05,0,0,0,0,0,0,0,0,1,0,0,0,0,1,77.9232694461345,15.0,suspicious
0,0.1,0,0,0,0,0,0,0,0,0,0,0,0,0,0,71.06996061181077,0.0,normal
0,0.9,0,0,1,0,0,0,0,0,0,0,0,0,0,1,85.15082494131983,15.0,suspicious
1,0.35,0,0,0,0,0,0,0,0,0,0,0,0,0,1,81.81366942329893,15.0,normal
0,0.1,0,0,0,0,0,0,0,0,0,0,1,0,0,0,86.20581861915115,70.0,normal
0,0.85,1,0,0,0,0,0,0,0,0,0,0,0,0,0,60.75746505601722,0.0,malicious
1,0.05,0,0,0,0,0,0,0,0,0,0,0,0,0,0,74.94792565557873,0.0,normal
2,0.35,0,0,0,0,0,0,0,1,0,1,0,0,0,0,66.78376034932361,0.0,malicious
0,0.9,0,0,1,0,0,0,0,0,0,1,0,0,0,0,53.13062370220656,0.0,malicious
0,0.08,0,0,0,0,0,0,0,0,0,0,0,1,0,0,82.02461134959341,60.0,normal
0,0.1,0,0,0,0,0,0,0,0,0,0,0,0,0,0,100.0,0.0,normal
1,0.1,0,0,0,0,0,0,0,1,0,0,0,0,0,0,78.92379044420468,0.0,normal
0,0.08,0,0,0,0,0,0,0,0,0,0,0,0,0,0,88.28543856297323,0.0,normal
0,0.85,1,0,0,0,0,0,0,1,0,0,0,0,0,0,40.34316623675345,0.0,malicious
2,0.35,0,0,0,0,0,0,0,0,0,0,0,0,0,0,69.75275127544315,0.0,malicious
0,0.55,0,0,0,0,1,0,0,0,0,1,0,0,0,0,56.72620910660392,0.0,malicious
0,0.25,0,0,0,0,0,0,1,0,0,0,0,0,0,0,87.41252953625732,0.0,normal
1,0.9,0,0,1,0,0,0,0,1,0,0,0,0,0,0,64.93436816303394,0.0,malicious
0,0.45,0,0,0,0,0,1,0,1,0,0,0,0,0,1,100.0,15.0,normal
1,0.05,0,0,0,0,0,0,0,0,0,0,0,0,0,0,100.0,0.0,normal
0,0.08,0,0,0,0,0,0,0,0,0,1,0,0,0,0,93.9594726419302,0.0,normal
1,0.08,0,0,0,0,0,0,0,0,0,0,0,1,0,0,100.0,60.0,normal
0,0.45,0,0,0,0,0,1,0,0,1,0,0,0,0,0,80.12249528066576,0.0,suspicious
1,0.3,0,0,0,0,0,0,0,0,0,0,0,0,0,0,95.45854158637194,0.0,normal
1,0.08,0,0,0,0,0,0,0,0,0,0,0,0,0,1,84.35929443458629,15.0,normal
0,0.55,0,0,0,0,1,0,0,0,1,1,0,0,0,0,96.10123944104993,0.0,suspicious
0,0.25,0,0,0,0,0,0,1,0,0,1,0,0,0,1,100.0,15.0,normal
0,0.1,0,0,0,0,0,0,0,0,0,0,0,0,0,0,83.00641141808312,0.0,normal
2,0.1,0,0,0,0,0,0,0,0,0,0,0,0,0,0,100.0,0.0,normal
1,0.25,0,0,0,0,0,0,1,1,0,1,0,0,0,1,83.11135988548413,15.0,malicious
3,0.05,0,0,0,0,0,0,0,0,0,0,0,0,0,0,70.66821106305298,0.0,suspicious
0,0.25,0,0,0,0,0,0,1,1,0,0,0,0,0,0,83.79602377903431,0.0,normal
0,0.1,0,0,0,0,0,0,0,0,0,0,0,0,0,0,82.259863666316,0.0,normal
0,0.1,0,0,0,0,0,0,0,0,0,0,0,0,0,1,77.31736367413129,15.0,normal
1,0.08,0,0,0,0,0,0,0,0,0,0,0,0,0,0,89.02723235320516,0.0,normal
0,0.1,0,0,0,0,0,0,0,0,1,0,0,0,0,0,91.33615402517871,0.0,normal
1,0.08,0,0,0,0,0,0,0,0,0,0,1,0,0,0,97.60109431840974,70.0,suspicious
0,0.55,0,0,0,0,1,0,0,0,0,1,1,0,0,1,63.01620637577922,85.0,malicious
0,0.1,0,0,0,0,0,0,0,0,0,0,0,0,0,0,88.80236530798705,0.0,normal
1,0.08,0,0,0,0,0,0,0,0,0,0,0,0,0,0,82.06123600669102,0.0,normal
0,0.25,0,0,0,0,0,0,1,0,0,1,0,0,0,0,84.71620979374352,0.0,normal
1,0.08,0,0,0,0,0,0,0,0,0,0,0,0,0,0,91.43343826263185,0.0,normal
1,0.25,0,0,0,0,0,0,1,1,0,0,0,0,0,0,90.36716988648206,0.0,suspicious
3,0.35,0,0,0,0,0,0,0,0,0,1,0,0,0,0,82.03469438252982,0.0,malicious
0,0.05,0,0,0,0,0,0,0,1,0,0,0,0,0,0,75.79515775681307,0.0,normal
0,0.05,0,0,0,0,0,0,0,0,0,0,0,0,0,0,99.1055077271424,0.0,normal
1,0.1,0,0,0,0,0,0,0,0,1,1,0,0,0,0,85.56293983380404,0.0,suspicious
0,0.1,0,0,0,0,0,0,0,0,1,0,0,0,0,0,89.75062046465521,0.0,normal
0,0.08,0,0,0,0,0,0,0,0,0,0,0,0,0,0,100.0,0.0,normal
2,0.08,0,0,0,0,0,0,0,0,0,0,0,0,0,1,82.96497285707105,15.0,suspicious
1,0.05,0,0,0,0,0,0,0,0,0,0,0,0,0,0,75.70977803625243,0.0,normal
0,0.08,0,0,0,0,0,0,0,0,0,0,0,0,0,0,77.44566075364806,0.0,normal
1,0.1,0,0,0,0,0,0,0,0,0,0,0,0,0,1,92.64769735788944,15.0,suspicious
1,0.08,0,0,0,0,0,0,0,0,1,0,0,0,0,0,73.9970770884198,0.0,suspicious
0,0.05,0,0,0,0,0,0,0,0,0,1,1,0,0,0,86.53656943584247,70.0,suspicious
0,0.05,0,0,0,0,0,0,0,0,0,0,0,0,0,0,77.75718984355393,0.0,normal
0,0.1,0,0,0,0,0,0,0,1,0,0,0,0,0,0,79.75620299824384,0.0,normal
2,0.35,0,0,0,0,0,0,0,1,1,0,0,0,0,0,67.25219048618314,0.0,malicious
0,0.5,0,1,0,0,0,0,0,1,0,1,0,0,0,0,61.75861729724366,0.0,malicious
0,0.08,0,0,0,0,0,0,0,0,0,0,0,0,0,0,93.19477003185808,0.0,normal
0,0.1,0,0,0,0,0,0,0,1,0,0,0,0,0,1,68.07937253091589,15.0,normal
1,0.05,0,0,0,0,0,0,0,0,0,0,0,0,0,0,100.0,0.0,normal
1,0.05,0,0,0,0,0,0,0,0,0,0,0,0,0,0,96.29271869131415,0.0,normal
0,0.25,0,0,0,0,0,0,1,0,0,1,0,0,0,1,100.0,15.0,normal
1,0.08,0,0,0,0,0,0,0,1,0,0,0,0,0,0,70.65661587482333,0.0,normal
0,0.1,0,0,0,0,0,0,0,0,0,0,0,0,0,0,79.46684382516335,0.0,normal
1,0.05,0,0,0,0,0,0,0,0,0,0,0,0,0,0,95.47025790426343,0.0,normal
2,0.1,0,0,0,0,0,0,0,0,0,0,1,0,0,0,62.429400321663564,70.0,malicious
0,0.08,0,0,0,0,0,0,0,0,0,0,0,0,0,0,76.91668400550448,0.0,normal
0,0.5,0,1,0,0,0,0,0,0,0,1,0,0,0,1,74.60955732635581,15.0,suspicious
1,0.25,0,0,0,0,0,0,1,0,1,1,0,0,0,0,75.6564201573003,0.0,malicious
0,0.05,0,0,0,0,0,0,0,0,0,0,0,0,0,0,94.2726058064088,0.0,normal
1,0.1,0,0,0,0,0,0,0,0,0,0,0,0,0,0,87.97100165869327,0.0,normal
0,0.05,0,0,0,0,0,0,0,0,1,0,0,0,0,0,77.04917143809597,0.0,normal
0,0.08,0,0,0,0,0,0,0,0,0,0,0,0,0,0,97.21615476985679,0.0,normal
1,0.55,0,0,0,0,1,0,0,1,0,0,0,0,0,0,61.70630375078433,0.0,malicious
0,0.05,0,0,0,0,0,0,0,0,0,0,0,0,0,1,74.26545413685251,15.0,normal
1,0.35,0,0,0,0,0,0,0,0,0,1,0,0,0,0,87.66022373191542,0.0,suspicious
0,0.05,0,0,0,0,0,0,0,0,0,0,0,0,0,0,79.70507617074934,0.0,normal
1,0.25,0,0,0,0,0,0,1,0,0,0,0,0,1,0,92.86750377200687,30.0,malicious
0,0.05,0,0,0,0,0,0,0,0,0,0,0,0,0,0,92.99312993953144,0.0,normal
6,0.35,0,0,0,0,0,0,0,1,1,0,0,0,0,0,79.4805603752048,0.0,malicious
2,0.08,0,0,0,0,0,0,0,0,0,0,0,0,0,1,80.55668222173082,15.0,malicious
0,0.1,0,0,0,0,0,0,0,0,0,0,0,0,0,0,81.3558031346264,0.0,normal
1,0.08,0,0,0,0,0,0,0,1,0,0,0,0,0,1,84.90370036089993,15.0,suspicious
1,0.05,0,0,0,0,0,0,0,0,0,0,0,1,0,1,77.83975550767168,75.0,malicious
2,0.35,0,0,0,0,0,0,0,0,1,1,0,0,0,0,49.408717884310434,0.0,malicious
0,0.08,0,0,0,0,0,0,0,0,0,0,0,0,0,1,86.76358795459075,15.0,normal
0,0.25,0,0,0,0,0,0,1,1,0,1,0,0,0,0,91.01007300715652,0.0,normal
1,0.1,0,0,0,0,0,0,0,0,0,0,0,0,0,0,86.20096291034176,0.0,normal
1,0.1,0,0,0,0,0,0,0,1,1,0,0,0,0,1,60.4547613169111,15.0,suspicious
3,0.35,0,0,0,0,0,0,0,0,1,1,0,0,0,0,71.75616355838235,0.0,malicious
0,0.9,0,0,1,0,0,0,0,0,0,1,0,0,0,1,76.86477974721394,15.0,malicious
2,0.05,0,0,0,0,0,0,0,0,0,0,0,0,0,0,81.89892547961061,0.0,normal
0,0.08,0,0,0,0,0,0,0,0,0,0,0,0,0,1,85.02210332470092,15.0,normal
3,0.25,0,0,0,0,0,0,1,0,1,0,0,0,0,0,78.49285543191507,0.0,malicious
1,0.05,0,0,0,0,0,0,0,0,0,0,0,0,0,0,76.8821229861748,0.0,normal
0,0.9,0,0,1,0,0,0,0,0,1,1,0,0,0,1,60.03474027998588,15.0,malicious
3,0.35,0,0,0,0,0,0,0,1,0,0,0,0,0,1,66.34282164599743,15.0,malicious
0,0.05,0,0,0,0,0,0,0,0,0,0,1,0,0,0,100.0,70.0,normal
0,0.1,0,0,0,0,0,0,0,0,0,0,0,0,0,0,89.1683728292311,0.0,normal
2,0.08,0,0,0,0,0,0,0,0,0,0,0,0,0,0,93.94148936860833,0.0,normal
0,0.55,0,0,0,0,1,0,0,0,1,1,0,0,0,0,80.82470595604192,0.0,malicious
0,0.08,0,0,0,0,0,0,0,0,0,0,0,0,0,0,92.90808354859027,0.0,normal
4,0.35,0,0,0,0,0,0,0,0,0,1,0,0,0,0,62.523618546446286,0.0,malicious
1,0.08,0,0,0,0,0,0,0,0,0,0,1,0,0,0,69.77576280077065,70.0,malicious
0,0.1,0,0,0,0,0,0,0,0,1,0,0,0,0,0,96.23445231348308,0.0,normal
0,0.05,0,0,0,0,0,0,0,0,0,0,1,0,0,0,84.54935256940563,70.0,normal
0,0.08,0,0,0,0,0,0,0,0,0,0,0,0,0,0,79.76364216783591,0.0,normal
0,0.3,0,0,0,0,0,0,0,0,0,0,0,0,0,1,92.75983270146277,15.0,normal
1,0.45,0,0,0,0,0,1,0,0,0,0,0,0,1,0,92.00673835871906,30.0,suspicious
2,0.3,0,0,0,0,0,0,0,1,0,1,0,0,0,0,99.29054239053688,0.0,malicious
5,0.35,0,0,0,0,0,0,0,0,0,1,0,0,0,0,82.71440706412218,0.0,malicious
0,0.55,0,0,0,0,1,0,0,0,1,1,0,0,0,0,91.89088431826741,0.0,suspicious
0,0.5,0,1,0,0,0,0,0,0,0,0,0,0,0,0,72.08582460371258,0.0,malicious
0,0.1,0,0,0,0,0,0,0,0,1,0,0,0,0,0,82.41196600147315,0.0,normal
0,0.08,0,0,0,0,0,0,0,0,0,0,0,0,0,0,68.4098148503454,0.0,normal
0,0.05,0,0,0,0,0,0,0,0,1,0,0,0,0,0,76.34273347350346,0.0,suspicious
0,0.1,0,0,0,0,0,0,0,0,1,0,0,1,1,0,85.13916399159103,90.0,suspicious
0,0.1,0,0,0,0,0,0,0,0,0,0,0,0,0,1,92.80263461801837,15.0,normal
1,0.05,0,0,0,0,0,0,0,0,0,0,0,0,0,0,87.24233389404381,0.0,normal
2,0.08,0,0,0,0,0,0,0,0,0,0,0,0,0,1,67.11553400590898,15.0,malicious
0,0.1,0,0,0,0,0,0,0,0,1,0,0,0,0,0,86.75788473636224,0.0,normal
2,0.35,0,0,0,0,0,0,0,0,0,0,0,0,0,1,46.66739990402044,15.0,malicious
1,1.0,0,0,0,1,0,0,0,1,0,0,0,0,0,1,80.70617265864551,15.0,malicious
2,0.35,0,0,0,0,0,0,0,0,0,0,0,0,0,0,66.6772760206656,0.0,suspicious
0,0.05,0,0,0,0,0,0,0,0,0,0,0,0,0,0,100.0,0.0,normal
0,0.45,0,0,0,0,0,1,0,0,0,0,0,0,0,0,84.86341987163013,0.0,normal
2,0.05,0,0,0,0,0,0,0,0,0,0,0,1,0,0,88.82521288790586,60.0,malicious
0,0.08,0,0,0,0,0,0,0,0,0,0,0,0,1,1,87.2216480647765,45.0,normal
0,0.3,0,0,0,0,0,0,0,0,0,1,0,0,0,1,77.89720358441991,15.0,normal
0,0.25,0,0,0,0,0,0,1,0,0,1,0,0,0,0,98.74790460262899,0.0,normal
0,0.1,0,0,0,0,0,0,0,0,0,1,0,0,0,0,100.0,0.0,normal
0,0.05,0,0,0,0,0,0,0,0,0,0,0,1,0,0,85.67814620988291,60.0,normal
0,0.45,0,0,0,0,0,1,0,1,0,1,0,1,0,0,88.0556563643088,60.0,malicious
0,0.1,0,0,0,0,0,0,0,0,0,0,0,0,0,0,80.81869063517709,0.0,normal
0,0.08,0,0,0,0,0,0,0,0,0,0,0,0,0,0,80.86972798694784,0.0,normal
0,0.08,0,0,0,0,0,0,0,1,0,0,0,0,0,0,100.0,0.0,normal
0,0.05,0,0,0,0,0,0,0,0,0,0,0,0,0,0,71.30483374685089,0.0,normal
1,0.35,0,0,0,0,0,0,0,0,0,1,0,0,0,0,68.5075627109957,0.0,suspicious
0,0.08,0,0,0,0,0,0,0,0,0,0,0,0,1,0,73.24197100911366,30.0,normal
4,0.35,0,0,0,0,0,0,0,1,0,0,0,0,0,0,69.81536369569537,0.0,malicious
0,0.05,0,0,0,0,0,0,0,0,0,0,0,0,0,0,75.00388266495419,0.0,normal
0,0.05,0,0,0,0,0,0,0,0,0,0,0,0,0,0,92.94693425394182,0.0,normal
3,0.3,0,0,0,0,0,0,0,0,0,0,0,0,0,0,53.954655047591594,0.0,malicious
1,0.08,0,0,0,0,0,0,0,0,0,0,0,0,0,0,100.0,0.0,normal
1,0.25,0,0,0,0,0,0,1,1,1,1,1,0,0,0,65.19382056295916,70.0,malicious
1,0.05,0,0,0,0,0,0,0,1,0,0,0,0,0,0,70.93283107283796,0.0,normal
0,0.08,0,0,0,0,0,0,0,0,0,0,0,0,0,0,58.39913885024497,0.0,normal
1,0.05,0,0,0,0,0,0,0,0,1,0,0,0,0,0,75.22043240769759,0.0,suspicious
0,0.1,0,0,0,0,0,0,0,0,0,0,0,0,0,1,75.98231669969825,15.0,normal
2,0.25,0,0,0,0,0,0,1,0,1,0,0,0,0,0,69.45566282297304,0.0,malicious
0,0.05,0,0,0,0,0,0,0,0,0,0,0,0,0,1,100.0,15.0,normal
1,0.5,0,1,0,0,0,0,0,1,0,0,0,0,0,1,56.89565245112466,15.0,malicious
2,0.1,0,0,0,0,0,0,0,0,1,0,0,0,0,0,100.0,0.0,normal
0,0.1,0,0,0,0,0,0,0,1,0,0,0,0,0,0,96.83465466933998,0.0,normal
2,0.25,0,0,0,0,0,0,1,0,0,0,0,0,0,0,80.7880714562994,0.0,normal
0,0.1,0,0,0,0,0,0,0,1,1,0,0,0,0,0,90.7374675683803,0.0,normal
0,0.1,0,0,0,0,0,0,0,0,0,1,0,1,0,0,89.90076589789615,60.0,normal
0,0.1,0,0,0,0,0,0,0,0,0,0,0,0,0,0,60.47760577773776,0.0,normal
0,0.85,1,0,0,0,0,0,0,1,1,0,0,0,0,0,100.0,0.0,malicious
0,0.05,0,0,0,0,0,0,0,0,0,0,0,0,0,0,73.76852277045818,0.0,normal
0,0.08,0,0,0,0,0,0,0,0,0,0,0,0,0,0,88.59551045007797,0.0,normal
1,1.0,0,0,0,1,0,0,0,1,1,0,0,0,0,1,70.04857574405248,15.0,malicious
1,0.45,0,0,0,0,0,1,0,1,1,0,0,0,0,0,67.19299740893595,0.0,malicious
0,1.0,0,0,0,1,0,0,0,0,0,1,0,0,0,0,69.71437730528923,0.0,malicious
0,0.3,0,0,0,0,0,0,0,0,1,0,0,0,0,0,81.95806014587669,0.0,normal
0,0.05,0,0,0,0,0,0,0,0,0,0,0,0,0,0,87.5895612997316,0.0,normal
1,0.05,0,0,0,0,0,0,0,0,0,0,0,0,0,1,79.15037310891267,15.0,normal
0,0.1,0,0,0,0,0,0,0,0,0,0,0,0,0,0,81.29462767055907,0.0,normal
0,0.25,0,0,0,0,0,0,1,0,0,1,0,0,0,0,86.19457924828662,0.0,normal
0,0.1,0,0,0,0,0,0,0,0,1,0,0,0,0,0,78.2219118378187,0.0,normal
0,0.08,0,0,0,0,0,0,0,0,0,0,0,0,0,1,100.0,15.0,normal
1,0.1,0,0,0,0,0,0,0,0,0,0,0,0,0,0,94.10419898913243,0.0,normal
0,0.55,0,0,0,0,1,0,0,0,1,0,0,0,0,1,74.31126183310788,15.0,malicious
4,0.1,0,0,0,0,0,0,0,0,1,0,0,1,0,0,95.78134519998248,60.0,malicious
0,0.08,0,0,0,0,0,0,0,0,0,0,0,1,1,0,63.744878839916865,90.0,suspicious
1,0.05,0,0,0,0,0,0,0,0,0,0,0,0,0,0,75.62916680840198,0.0,normal
0,0.08,0,0,0,0,0,0,0,0,0,0,0,1,0,0,100.0,60.0,normal
1,0.08,0,0,0,0,0,0,0,0,0,0,0,0,0,0,88.6624878406632,0.0,normal
1,0.05,0,0,0,0,0,0,0,0,0,0,0,0,0,0,86.57194745889913,0.0,normal
0,0.05,0,0,0,0,0,0,0,0,1,0,0,0,0,0,100.0,0.0,normal
0,0.08,0,0,0,0,0,0,0,0,0,0,0,0,0,1,97.54634515653622,15.0,suspicious
1,0.35,0,0,0,0,0,0,0,1,1,1,0,0,0,1,55.031883361135044,15.0,malicious
0,0.1,0,0,0,0,0,0,0,0,0,0,0,0,0,0,72.47049632468244,0.0,normal
1,0.05,0,0,0,0,0,0,0,0,0,0,0,0,0,0,63.78148714617222,0.0,normal
0,0.1,0,0,0,0,0,0,0,0,0,0,0,0,0,0,88.23231890997775,0.0,normal
0,0.08,0,0,0,0,0,0,0,0,0,0,0,0,0,0,90.84096084940825,0.0,normal
0,0.08,0,0,0,0,0,0,0,0,0,0,0,0,0,0,74.47427007885192,0.0,normal
0,0.05,0,0,0,0,0,0,0,0,0,0,0,0,0,0,88.47657914008794,0.0,normal
1,0.05,0,0,0,0,0,0,0,0,0,0,0,0,0,0,76.28468014214225,0.0,normal
2,0.08,0,0,0,0,0,0,0,0,0,1,0,0,1,0,79.25852650386587,30.0,malicious
1,0.05,0,0,0,0,0,0,0,0,0,0,0,0,0,1,65.01863440577065,15.0,malicious
0,0.05,0,0,0,0,0,0,0,0,0,0,0,1,0,0,84.2932761054295,60.0,normal
0,0.05,0,0,0,0,0,0,0,0,0,0,0,1,0,0,75.37875407893429,60.0,normal
0,0.5,0,1,0,0,0,0,0,1,1,1,0,0,1,0,51.87909993869908,30.0,malicious
1,0.05,0,0,0,0,0,0,0,0,0,0,0,0,0,0,73.13502350410825,0.0,normal
4,0.1,0,0,0,0,0,0,0,0,1,0,0,0,0,0,74.02582115357853,0.0,malicious
0,0.1,0,0,0,0,0,0,0,0,1,0,0,0,0,0,64.30946533253315,0.0,normal
0,0.08,0,0,0,0,0,0,0,0,0,0,0,0,0,0,83.38203860293493,0.0,normal
1,0.1,0,0,0,0,0,0,0,0,0,0,0,0,0,0,94.98466654858608,0.0,normal
0,0.25,0,0,0,0,0,0,1,0,1,1,0,0,0,0,79.1413598293307,0.0,suspicious
0,0.9,0,0,1,0,0,0,0,0,1,0,0,0,0,0,68.2483616129017,0.0,malicious
0,0.1,0,0,0,0,0,0,0,0,0,0,0,1,0,1,70.22737269590013,75.0,normal
0,0.05,0,0,0,0,0,0,0,0,0,0,0,0,0,0,76.24743126323852,0.0,normal
0,0.05,0,0,0,0,0,0,0,0,0,1,0,0,0,0,69.62555192346335,0.0,suspicious
1,0.1,0,0,0,0,0,0,0,0,0,0,1,0,0,1,88.18274182840152,85.0,malicious
0,0.85,1,0,0,0,0,0,0,0,0,0,0,0,0,0,88.2504949749861,0.0,suspicious
0,0.5,0,1,0,0,0,0,0,0,0,0,0,0,0,0,81.05640870065392,0.0,normal
1,0.05,0,0,0,0,0,0,0,0,0,0,0,0,0,0,91.3252402283967,0.0,normal
1,0.1,0,0,0,0,0,0,0,0,0,0,0,0,0,0,63.690306389214555,0.0,normal
1,0.1,0,0,0,0,0,0,0,1,0,0,0,0,0,0,68.0764306732678,0.0,suspicious
0,0.45,0,0,0,0,0,1,0,0,1,0,0,0,0,1,76.54119395518167,15.0,suspicious
0,0.55,0,0,0,0,1,0,0,0,0,0,0,0,0,0,72.42394886910856,0.0,normal
1,0.05,0,0,0,0,0,0,0,0,1,0,0,0,0,0,58.247160443585784,0.0,suspicious
0,0.5,0,1,0,0,0,0,0,0,0,0,0,0,0,0,42.41588130798431,0.0,suspicious
0,0.5,0,1,0,0,0,0,0,0,0,0,0,0,0,0,69.92271784867603,0.0,malicious
1,0.08,0,0,0,0,0,0,0,0,0,0,0,0,0,0,84.04123613663542,0.0,normal
0,0.05,0,0,0,0,0,0,0,0,0,0,0,0,0,0,96.31402224701841,0.0,normal
0,0.1,0,0,0,0,0,0,0,0,0,0,0,1,0,0,91.63857892429057,60.0,normal
1,0.08,0,0,0,0,0,0,0,0,0,0,0,0,0,1,70.32298421805426,15.0,normal
0,0.35,0,0,0,0,0,0,0,1,0,0,0,0,0,0,70.19079973798527,0.0,normal
0,0.3,0,0,0,0,0,0,0,1,0,0,0,0,0,0,100.0,0.0,normal
3,0.35,0,0,0,0,0,0,0,1,0,0,0,0,0,0,47.20700277129829,0.0,malicious
0,0.05,0,0,0,0,0,0,0,0,1,0,0,0,0,0,94.56100353305283,0.0,normal
1,0.1,0,0,0,0,0,0,0,0,0,1,0,0,0,0,100.0,0.0,normal
0,0.08,0,0,0,0,0,0,0,0,0,0,0,0,0,0,78.73886985967371,0.0,normal
2,0.08,0,0,0,0,0,0,0,0,1,0,0,0,0,0,82.45488693568417,0.0,malicious
2,0.1,0,0,0,0,0,0,0,1,0,0,0,0,0,0,70.92142299553389,0.0,malicious
0,0.05,0,0,0,0,0,0,0,0,0,0,0,0,0,0,72.80484290023722,0.0,normal
1,0.1,0,0,0,0,0,0,0,0,0,0,0,0,0,0,91.68110378744461,0.0,normal
0,0.08,0,0,0,0,0,0,0,0,0,0,0,0,0,1,83.4679352461471,15.0,normal
0,0.08,0,0,0,0,0,0,0,0,0,0,0,0,0,0,64.21885389953897,0.0,normal
0,0.1,0,0,0,0,0,0,0,0,0,0,0,0,0,0,77.2301417248168,0.0,normal
0,0.05,0,0,0,0,0,0,0,0,0,0,0,0,0,0,82.39350587968934,0.0,normal
1,0.1,0,0,0,0,0,0,0,0,0,1,0,0,0,0,88.26859221400207,0.0,normal
0,0.08,0,0,0,0,0,0,0,0,0,0,0,0,0,0,51.91134873036418,0.0,normal
0,0.5,0,1,0,0,0,0,0,1,1,0,0,0,0,0,75.76416155415782,0.0,suspicious
1,0.08,0,0,0,0,0,0,0,0,0,0,0,0,0,0,98.22293115369138,0.0,normal
1,0.85,1,0,0,0,0,0,0,1,0,0,0,0,0,0,67.88067894973983,0.0,malicious
1,0.1,0,0,0,0,0,0,0,0,0,0,0,0,0,0,85.94469273350235,0.0,suspicious
0,0.1,0,0,0,0,0,0,0,0,1,0,0,0,0,0,73.3319970512628,0.0,normal
1,0.08,0,0,0,0,0,0,0,0,1,0,0,0,0,0,64.78329923109555,0.0,normal
2,0.05,0,0,0,0,0,0,0,0,0,0,0,0,0,1,98.99983082354026,15.0,normal
0,0.08,0,0,0,0,0,0,0,0,0,1,0,0,0,0,84.19417394599135,0.0,normal
1,0.05,0,0,0,0,0,0,0,0,0,0,0,0,0,1,85.46979960016088,15.0,normal
0,0.1,0,0,0,0,0,0,0,1,0,0,0,0,0,0,100.0,0.0,normal
1,0.08,0,0,0,0,0,0,0,0,0,0,0,0,0,0,92.91647369951816,0.0,normal
1,0.1,0,0,0,0,0,0,0,0,1,0,0,0,0,0,87.22647758044853,0.0,suspicious
0,0.05,0,0,0,0,0,0,0,0,0,0,0,1,0,0,89.37301658282311,60.0,normal
0,0.3,0,0,0,0,0,0,0,1,0,0,0,0,0,1,100.0,15.0,normal
0,0.08,0,0,0,0,0,0,0,0,0,0,1,0,0,0,92.48661603114479,70.0,normal
0,0.3,0,0,0,0,0,0,0,0,0,1,0,0,0,0,95.52124732706933,0.0,normal
0,0.05,0,0,0,0,0,0,0,1,0,0,0,0,0,0,75.5339499519127,0.0,normal
0,0.05,0,0,0,0,0,0,0,0,0,0,0,0,0,0,64.18759496833061,0.0,normal
0,0.08,0,0,0,0,0,0,0,0,0,0,0,0,0,1,100.0,15.0,normal
0,0.25,0,0,0,0,0,0,1,1,1,1,0,0,0,0,82.66553670429137,0.0,malicious
0,0.1,0,0,0,0,0,0,0,0,1,0,0,0,1,1,86.01435245524543,45.0,suspicious
2,0.08,0,0,0,0,0,0,0,1,0,0,0,0,0,1,93.44836518425035,15.0,suspicious
1,0.3,0,0,0,0,0,0,0,0,1,1,0,1,0,0,100.0,60.0,malicious
0,0.08,0,0,0,0,0,0,0,0,0,0,0,0,0,0,74.36120937783335,0.0,normal
0,0.1,0,0,0,0,0,0,0,0,0,0,0,0,0,0,72.5274928464711,0.0,normal
0,0.1,0,0,0,0,0,0,0,0,0,0,0,0,1,0,72.30793035485787,30.0,normal
0,0.25,0,0,0,0,0,0,1,1,0,1,0,1,0,0,86.48399167120326,60.0,malicious
0,0.08,0,0,0,0,0,0,0,0,0,0,1,0,0,0,44.21943110030462,70.0,malicious
0,0.1,0,0,0,0,0,0,0,0,0,0,0,0,0,0,72.58903392098162,0.0,normal
1,0.55,0,0,0,0,1,0,0,0,0,1,0,0,0,0,67.43463003725402,0.0,malicious
0,0.08,0,0,0,0,0,0,0,0,0,0,0,1,0,0,70.23271140495628,60.0,suspicious
0,1.0,0,0,0,1,0,0,0,0,0,1,0,1,0,0,62.41445073446398,60.0,malicious
1,0.5,0,1,0,0,0,0,0,0,1,0,1,0,0,0,54.93115218278942,70.0,malicious
0,0.08,0,0,0,0,0,0,0,0,0,0,0,0,0,0,92.11381587962518,0.0,normal
3,0.1,0,0,0,0,0,0,0,0,0,0,0,0,0,1,93.0795167890303,15.0,malicious
1,0.55,0,0,0,0,1,0,0,1,0,0,0,1,0,0,99.1292077673572,60.0,malicious
1,0.08,0,0,0,0,0,0,0,0,1,1,0,0,0,0,94.95105706831578,0.0,malicious
0,0.05,0,0,0,0,0,0,0,0,0,0,0,0,0,0,100.0,0.0,normal
0,0.08,0,0,0,0,0,0,0,0,1,0,0,0,0,1,75.48529723851226,15.0,normal
1,0.1,0,0,0,0,0,0,0,1,0,0,0,0,0,0,77.42819092727531,0.0,suspicious
0,0.05,0,0,0,0,0,0,0,0,0,0,0,0,0,0,86.52216578878617,0.0,normal
0,0.45,0,0,0,0,0,1,0,1,0,0,0,0,0,0,94.54457535577154,0.0,normal
1,0.25,0,0,0,0,0,0,1,0,0,0,0,0,0,0,70.45497247526035,0.0,suspicious
2,0.35,0,0,0,0,0,0,0,1,0,0,0,0,0,0,72.73880290362148,0.0,malicious
0,0.05,0,0,0,0,0,0,0,0,0,0,0,0,0,1,100.0,15.0,normal
0,0.1,0,0,0,0,0,0,0,0,0,0,0,0,0,0,76.20050764610157,0.0,normal
1,0.1,0,0,0,0,0,0,0,0,0,0,0,0,0,0,99.91777064060624,0.0,normal
0,0.1,0,0,0,0,0,0,0,0,0,0,0,1,1,0,61.72705732054166,90.0,malicious
0,0.05,0,0,0,0,0,0,0,0,0,1,0,0,0,0,96.08358586263007,0.0,normal
0,0.05,0,0,0,0,0,0,0,1,0,0,0,0,0,1,81.57712872812736,15.0,normal
1,0.08,0,0,0,0,0,0,0,0,1,0,0,0,0,0,68.12439920411322,0.0,suspicious
0,0.3,0,0,0,0,0,0,0,1,0,0,0,0,0,1,84.61204096772349,15.0,normal
3,0.35,0,0,0,0,0,0,0,0,1,1,0,0,0,0,40.95096856759206,0.0,malicious
1,0.1,0,0,0,0,0,0,0,0,0,0,0,0,0,1,86.68523971210773,15.0,normal
0,0.08,0,0,0,0,0,0,0,0,0,0,0,0,0,0,100.0,0.0,normal
0,0.08,0,0,0,0,0,0,0,0,0,0,0,0,0,0,79.11224333909803,0.0,normal
1,0.08,0,0,0,0,0,0,0,0,0,0,0,0,0,0,59.9505083194084,0.0,suspicious
1,0.05,0,0,0,0,0,0,0,0,0,0,0,0,0,1,79.85106210614101,15.0,normal
0,0.08,0,0,0,0,0,0,0,0,0,0,0,0,0,0,72.81250272870751,0.0,normal
1,0.3,0,0,0,0,0,0,0,0,1,0,0,0,0,0,100.0,0.0,normal
0,0.08,0,0,0,0,0,0,0,0,0,0,0,0,0,0,92.36828817669058,0.0,normal
0,0.25,0,0,0,0,0,0,1,1,1,0,0,0,0,0,68.44976791997668,0.0,suspicious
1,0.08,0,0,0,0,0,0,0,0,0,1,0,0,0,0,100.0,0.0,normal
1,0.1,0,0,0,0,0,0,0,0,0,0,0,1,0,0,81.29086943770233,60.0,malicious
0,0.08,0,0,0,0,0,0,0,0,0,0,0,0,0,1,98.699562487679,15.0,normal
0,0.05,0,0,0,0,0,0,0,0,0,0,0,0,0,1,80.96335093799553,15.0,normal
0,0.1,0,0,0,0,0,0,0,0,1,1,0,0,0,1,88.19039019991496,15.0,suspicious
0,0.3,0,0,0,0,0,0,0,0,1,0,0,0,0,0,77.30660799738058,0.0,normal
0,0.1,0,0,0,0,0,0,0,0,0,0,0,0,1,0,100.0,30.0,normal
2,0.35,0,0,0,0,0,0,0,0,1,1,0,0,1,0,49.57170077768566,30.0,malicious
0,0.55,0,0,0,0,1,0,0,0,1,0,0,1,0,0,79.66689791241463,60.0,malicious
0,0.55,0,0,0,0,1,0,0,0,1,1,1,0,0,0,70.30251705645715,70.0,malicious
1,0.1,0,0,0,0,0,0,0,0,1,0,0,1,0,0,87.81982213568547,60.0,suspicious
0,0.08,0,0,0,0,0,0,0,0,0,0,0,0,0,1,100.0,15.0,normal
0,0.05,0,0,0,0,0,0,0,0,0,0,0,0,0,0,74.96303407873904,0.0,normal
0,0.1,0,0,0,0,0,0,0,0,0,0,0,0,0,1,66.17934485112494,15.0,normal
0,0.1,0,0,0,0,0,0,0,0,1,0,0,0,0,0,87.04514068257087,0.0,normal
0,0.1,0,0,0,0,0,0,0,0,0,0,0,0,0,1,74.35564300969315,15.0,normal
0,0.08,0,0,0,0,0,0,0,0,0,0,0,0,0,0,67.79630636851019,0.0,normal
0,0.08,0,0,0,0,0,0,0,0,0,0,0,0,0,0,73.02954296493841,0.0,normal
0,0.05,0,0,0,0,0,0,0,0,0,0,0,0,0,0,87.59879088143026,0.0,normal
0,0.08,0,0,0,0,0,0,0,0,0,0,0,0,0,1,88.85653782207241,15.0,normal
0,0.55,0,0,0,0,1,0,0,0,1,1,0,0,0,0,72.70123680454167,0.0,malicious
0,0.08,0,0,0,0,0,0,0,0,0,0,0,0,0,1,99.68783020919736,15.0,normal
0,0.3,0,0,0,0,0,0,0,0,0,1,0,1,1,0,82.54523620911208,90.0,malicious
0,0.05,0,0,0,0,0,0,0,0,0,0,0,1,0,0,95.07194758764115,60.0,normal
0,0.08,0,0,0,0,0,0,0,0,0,0,0,0,0,1,92.3876523306773,15.0,normal
2,0.1,0,0,0,0,0,0,0,0,1,0,0,0,0,1,70.70661405732872,15.0,malicious
0,0.5,0,1,0,0,0,0,0,1,1,1,0,0,0,0,58.61004123177899,0.0,malicious
1,0.1,0,0,0,0,0,0,0,0,0,0,0,0,0,0,67.87078934147115,0.0,normal
0,0.1,0,0,0,0,0,0,0,0,0,0,0,0,0,0,68.91576675486567,0.0,normal
0,0.3,0,0,0,0,0,0,0,0,0,0,0,0,0,0,86.04871063758901,0.0,normal
0,0.9,0,0,1,0,0,0,0,0,0,0,0,0,0,0,78.16211050772793,0.0,malicious
0,0.25,0,0,0,0,0,0,1,0,0,0,0,0,0,0,80.47001047286545,0.0,normal
2,0.05,0,0,0,0,0,0,0,0,0,0,0,0,0,0,95.68392283528672,0.0,normal
1,0.08,0,0,0,0,0,0,0,0,0,0,1,0,0,1,83.42391290951747,85.0,malicious
0,0.1,0,0,0,0,0,0,0,0,0,0,0,1,0,0,100.0,60.0,normal
1,0.05,0,0,0,0,0,0,0,0,0,1,0,0,0,0,87.92215194196146,0.0,normal
0,0.05,0,0,0,0,0,0,0,0,0,1,0,0,0,0,92.11612185560924,0.0,normal
0,0.05,0,0,0,0,0,0,0,0,0,0,0,0,0,0,84.3345180293101,0.0,normal
0,0.08,0,0,0,0,0,0,0,0,0,0,0,0,0,0,76.44708535777816,0.0,normal
0,0.08,0,0,0,0,0,0,0,0,0,0,0,0,0,0,64.66075093637292,0.0,normal
3,0.05,0,0,0,0,0,0,0,0,0,0,0,0,0,0,88.50110279317845,0.0,suspicious
0,0.1,0,0,0,0,0,0,0,0,0,0,0,0,0,0,100.0,0.0,normal
0,0.05,0,0,0,0,0,0,0,0,0,0,0,0,0,0,71.35839445797494,0.0,normal
0,0.1,0,0,0,0,0,0,0,0,1,0,0,0,0,1,85.46170102942011,15.0,normal
1,0.35,0,0,0,0,0,0,0,0,1,1,0,0,0,1,78.55320969899289,15.0,malicious
0,0.05,0,0,0,0,0,0,0,0,0,0,0,0,0,0,88.33101257029514,0.0,normal
0,0.5,0,1,0,0,0,0,0,1,0,1,0,0,0,0,45.72657599490331,0.0,suspicious
2,0.05,0,0,0,0,0,0,0,0,0,0,0,0,0,0,65.36828885419158,0.0,malicious
0,0.5,0,1,0,0,0,0,0,1,1,0,0,1,0,0,74.67338915909369,60.0,malicious
1,0.05,0,0,0,0,0,0,0,0,0,0,0,0,0,0,94.31395526351317,0.0,normal
0,0.1,0,0,0,0,0,0,0,0,1,0,0,0,0,0,75.3777101227314,0.0,normal
1,0.05,0,0,0,0,0,0,0,0,0,0,0,0,0,0,82.9889216245342,0.0,normal
0,0.1,0,0,0,0,0,0,0,0,0,0,0,0,0,0,92.52612206175759,0.0,normal
0,0.08,0,0,0,0,0,0,0,0,0,0,0,0,0,0,88.34878885757946,0.0,normal
0,0.1,0,0,0,0,0,0,0,0,0,1,0,0,0,0,93.04076178294679,0.0,normal
1,0.35,0,0,0,0,0,0,0,0,1,1,0,0,0,0,59.600377658438475,0.0,malicious
0,0.25,0,0,0,0,0,0,1,0,1,1,0,1,0,0,86.85502041970788,60.0,malicious
0,0.1,0,0,0,0,0,0,0,1,1,0,0,0,0,0,77.07044993418805,0.0,normal
1,0.1,0,0,0,0,0,0,0,1,1,0,0,0,0,0,94.42628289261702,0.0,suspicious
0,0.05,0,0,0,0,0,0,0,0,0,0,0,0,0,0,100.0,0.0,normal
1,0.1,0,0,0,0,0,0,0,0,0,0,0,0,0,0,99.69703109593499,0.0,normal
0,0.05,0,0,0,0,0,0,0,1,0,0,0,0,0,0,94.41344345232982,0.0,normal
0,0.5,0,1,0,0,0,0,0,0,0,1,0,0,0,0,82.2577958821536,0.0,malicious
0,0.85,1,0,0,0,0,0,0,0,0,1,0,0,0,0,68.7237190709756,0.0,malicious
0,0.05,0,0,0,0,0,0,0,0,1,0,0,0,0,0,82.43369178434283,0.0,normal
0,0.08,0,0,0,0,0,0,0,1,0,0,0,0,0,0,91.86668267738877,0.0,normal
0,0.05,0,0,0,0,0,0,0,0,0,0,0,0,0,1,59.8770092223706,15.0,normal
0,0.08,0,0,0,0,0,0,0,0,0,0,0,0,0,1,89.54875051374336,15.0,normal
0,0.08,0,0,0,0,0,0,0,0,0,0,0,0,1,0,75.85465807138186,30.0,normal
0,0.08,0,0,0,0,0,0,0,0,0,0,0,0,0,0,100.0,0.0,normal
0,0.05,0,0,0,0,0,0,0,0,0,0,0,0,0,0,68.3714325994968,0.0,normal
0,0.55,0,0,0,0,1,0,0,0,0,1,0,0,0,0,81.37908832227521,0.0,malicious
0,0.05,0,0,0,0,0,0,0,0,0,0,0,0,0,0,68.90082192486989,0.0,normal
1,0.1,0,0,0,0,0,0,0,0,1,0,0,0,0,0,90.1586562645108,0.0,normal
0,0.1,0,0,0,0,0,0,0,0,1,0,0,0,0,0,80.4450775593664,0.0,normal
1,0.1,0,0,0,0,0,0,0,0,0,0,0,0,0,1,61.832416672398914,15.0,normal
1,0.08,0,0,0,0,0,0,0,1,0,0,0,0,0,0,77.65593795913017,0.0,suspicious
0,0.08,0,0,0,0,0,0,0,0,0,0,0,1,0,1,74.06343692798552,75.0,suspicious
0,0.5,0,1,0,0,0,0,0,1,0,0,0,0,0,0,72.19865714530899,0.0,malicious
0,0.5,0,1,0,0,0,0,0,1,1,1,0,0,0,0,70.49249863175648,0.0,malicious
2,0.35,0,0,0,0,0,0,0,1,1,1,0,0,0,0,63.48951783561242,0.0,malicious
1,0.1,0,0,0,0,0,0,0,0,0,0,0,0,0,0,93.42143964426313,0.0,normal
0,0.05,0,0,0,0,0,0,0,1,0,0,0,0,0,0,88.39250071752143,0.0,normal
0,0.1,0,0,0,0,0,0,0,0,0,0,1,0,0,1,75.28178406210434,85.0,suspicious
1,0.05,0,0,0,0,0,0,0,0,0,0,0,1,0,1,78.36455910522166,75.0,suspicious
0,0.1,0,0,0,0,0,0,0,0,0,0,0,0,0,0,100.0,0.0,normal
1,0.08,0,0,0,0,0,0,0,0,0,0,0,0,0,0,89.68300216075443,0.0,normal
1,0.3,0,0,0,0,0,0,0,0,0,1,0,0,0,0,80.71550289880446,0.0,normal
3,0.05,0,0,0,0,0,0,0,0,0,0,0,0,0,0,59.87059775834272,0.0,malicious
6,0.35,0,0,0,0,0,0,0,0,1,1,0,0,0,0,72.20153859391058,0.0,malicious
0,0.08,0,0,0,0,0,0,0,0,0,0,0,0,0,0,91.02486612493573,0.0,normal
1,0.05,0,0,0,0,0,0,0,0,0,0,0,0,0,0,96.72353274388438,0.0,normal
0,0.05,0,0,0,0,0,0,0,1,0,0,0,0,0,0,68.54860500602574,0.0,normal
0,0.05,0,0,0,0,0,0,0,0,0,0,0,0,0,1,86.2728828393015,15.0,normal
1,0.85,1,0,0,0,0,0,0,0,1,1,0,0,0,0,74.66648048098003,0.0,malicious
1,0.08,0,0,0,0,0,0,0,0,0,1,0,0,0,0,100.0,0.0,normal
1,0.08,0,0,0,0,0,0,0,0,0,0,0,0,0,0,85.1960097001849,0.0,normal
0,0.05,0,0,0,0,0,0,0,0,0,0,0,0,0,0,69.66504808810917,0.0,normal
1,0.05,0,0,0,0,0,0,0,0,0,0,0,0,0,0,77.58722335982958,0.0,normal
0,0.45,0,0,0,0,0,1,0,1,0,1,0,1,0,1,100.0,75.0,malicious
0,0.08,0,0,0,0,0,0,0,0,0,1,0,0,0,0,70.99762863619482,0.0,normal
1,0.3,0,0,0,0,0,0,0,1,0,0,0,0,0,0,78.30826867945046,0.0,normal
1,0.05,0,0,0,0,0,0,0,0,0,0,0,0,0,0,74.94304464817066,0.0,normal
3,0.25,0,0,0,0,0,0,1,0,1,1,0,0,0,0,92.56842731441996,0.0,malicious
0,0.5,0,1,0,0,0,0,0,0,0,1,0,0,0,0,46.27985705767489,0.0,malicious
0,0.1,0,0,0,0,0,0,0,0,1,0,0,0,0,0,100.0,0.0,normal
1,0.25,0,0,0,0,0,0,1,1,0,0,1,0,0,1,100.0,85.0,malicious
0,0.05,0,0,0,0,0,0,0,0,0,0,0,0,0,0,61.463585250068846,0.0,normal
2,0.1,0,0,0,0,0,0,0,0,0,0,0,0,0,1,80.8265969309539,15.0,normal
0,0.05,0,0,0,0,0,0,0,0,0,0,0,0,0,0,73.75119443756198,0.0,normal
1,0.1,0,0,0,0,0,0,0,0,0,0,0,0,0,0,88.90369390887618,0.0,normal
2,0.55,0,0,0,0,1,0,0,0,1,1,1,0,0,0,53.0916928918013,70.0,malicious
0,0.05,0,0,0,0,0,0,0,0,0,0,0,0,0,0,93.01956329850117,0.0,normal
3,0.1,0,0,0,0,0,0,0,0,1,0,0,0,0,0,98.37538379979333,0.0,malicious
1,0.05,0,0,0,0,0,0,0,0,0,0,0,0,0,0,87.44793447887756,0.0,normal
3,0.08,0,0,0,0,0,0,0,0,0,0,0,0,1,1,73.89749850993597,45.0,malicious
1,0.05,0,0,0,0,0,0,0,0,0,0,0,0,1,0,88.67207027338833,30.0,normal
0,0.08,0,0,0,0,0,0,0,0,0,0,0,0,0,1,87.92270195659916,15.0,normal
0,0.25,0,0,0,0,0,0,1,0,0,1,0,0,0,0,89.39865667749325,0.0,normal
2,0.35,0,0,0,0,0,0,0,0,1,0,0,1,0,0,78.9804776187312,60.0,malicious
0,0.85,1,0,0,0,0,0,0,0,1,1,0,0,0,0,65.82685691380794,0.0,malicious
2,0.08,0,0,0,0,0,0,0,0,0,0,0,0,0,0,67.39615963088639,0.0,normal
0,0.55,0,0,0,0,1,0,0,0,1,1,0,1,0,0,77.15532625653246,60.0,malicious
0,0.3,0,0,0,0,0,0,0,0,1,0,0,0,0,0,75.58666077120394,0.0,normal
1,0.1,0,0,0,0,0,0,0,0,0,0,0,0,0,0,70.33414744885276,0.0,normal
0,0.3,0,0,0,0,0,0,0,0,0,1,0,0,0,0,64.56510373131033,0.0,normal
2,0.1,0,0,0,0,0,0,0,0,0,0,0,0,0,1,82.18246038597027,15.0,suspicious
0,0.08,0,0,0,0,0,0,0,0,1,0,0,0,0,0,88.952628986744,0.0,normal
0,0.08,0,0,0,0,0,0,0,0,0,0,0,0,0,0,68.45926992642457,0.0,normal
0,0.1,0,0,0,0,0,0,0,0,1,0,0,0,0,0,68.41939962715709,0.0,normal
0,0.1,0,0,0,0,0,0,0,0,0,1,0,0,0,0,74.46711009067269,0.0,normal
1,0.08,0,0,0,0,0,0,0,0,1,0,0,0,0,0,87.97549515226314,0.0,normal
4,0.35,0,0,0,0,0,0,0,0,1,1,0,0,0,0,52.47734400616855,0.0,malicious
0,0.25,0,0,0,0,0,0,1,1,0,1,0,0,0,0,61.53442371352271,0.0,malicious
0,0.05,0,0,0,0,0,0,0,0,0,0,0,0,0,0,63.23266525121477,0.0,normal
0,0.08,0,0,0,0,0,0,0,0,0,0,0,0,0,0,75.48377688322681,0.0,normal
0,0.1,0,0,0,0,0,0,0,0,0,0,0,0,0,0,100.0,0.0,normal
1,0.05,0,0,0,0,0,0,0,0,0,0,0,0,0,0,79.2301685729712,0.0,normal
0,0.1,0,0,0,0,0,0,0,1,0,0,0,0,0,0,100.0,0.0,normal
0,0.1,0,0,0,0,0,0,0,1,0,0,0,0,0,0,51.88604569805831,0.0,suspicious
1,0.1,0,0,0,0,0,0,0,0,0,0,0,0,0,0,90.92337465550605,0.0,normal
1,0.1,0,0,0,0,0,0,0,0,1,0,0,0,0,0,82.401239097636,0.0,normal
0,0.1,0,0,0,0,0,0,0,0,0,0,0,1,0,0,64.50249210102842,60.0,suspicious
0,0.1,0,0,0,0,0,0,0,0,0,0,0,0,0,1,75.12964784782136,15.0,normal
0,0.1,0,0,0,0,0,0,0,0,0,0,0,0,1,0,86.86473490765937,30.0,normal
1,0.3,0,0,0,0,0,0,0,0,0,0,0,0,0,0,81.0137574014828,0.0,normal
1,0.25,0,0,0,0,0,0,1,0,0,1,0,0,0,0,85.60673378562353,0.0,malicious
1,0.1,0,0,0,0,0,0,0,0,1,0,0,0,0,0,79.34253168949675,0.0,suspicious
0,0.1,0,0,0,0,0,0,0,0,1,0,0,0,0,0,87.04784126909739,0.0,normal
1,0.1,0,0,0,0,0,0,0,0,1,0,0,0,1,1,82.75038931682442,45.0,suspicious
2,0.08,0,0,0,0,0,0,0,1,0,0,0,0,0,0,76.01081107209953,0.0,suspicious
1,0.08,0,0,0,0,0,0,0,0,0,0,0,0,0,0,72.73645757803195,0.0,normal
0,0.08,0,0,0,0,0,0,0,0,0,0,0,0,0,0,67.08298629981215,0.0,normal
3,0.35,0,0,0,0,0,0,0,0,0,0,1,0,0,0,58.26971557027732,70.0,malicious
1,0.05,0,0,0,0,0,0,0,0,0,0,0,0,0,0,95.0353674162348,0.0,normal
0,0.05,0,0,0,0,0,0,0,0,0,0,0,0,0,0,84.69119404054119,0.0,normal
0,0.1,0,0,0,0,0,0,0,0,1,0,0,0,0,0,83.15183416343255,0.0,suspicious
0,0.08,0,0,0,0,0,0,0,0,0,0,0,0,0,0,93.21651362518922,0.0,normal
0,0.05,0,0,0,0,0,0,0,0,0,0,0,0,0,0,53.36254464327993,0.0,normal
0,0.1,0,0,0,0,0,0,0,0,0,0,0,1,0,0,74.95811957631292,60.0,suspicious
0,0.05,0,0,0,0,0,0,0,0,0,0,0,0,0,0,94.97915985626668,0.0,normal
1,0.08,0,0,0,0,0,0,0,0,0,0,0,0,0,0,89.33757591531365,0.0,normal
0,0.55,0,0,0,0,1,0,0,0,0,0,0,1,0,1,80.25798673760583,75.0,malicious
0,0.05,0,0,0,0,0,0,0,0,0,0,0,0,0,1,75.05198159346615,15.0,normal
0,0.5,0,1,0,0,0,0,0,1,0,1,0,1,0,1,75.94168418959478,75.0,malicious
2,0.05,0,0,0,0,0,0,0,0,0,0,0,0,0,0,82.74072938988411,0.0,normal
0,0.55,0,0,0,0,1,0,0,0,0,0,0,1,0,0,80.92872022544441,60.0,suspicious
2,0.05,0,0,0,0,0,0,0,1,0,0,0,0,0,1,84.40564939285896,15.0,malicious
1,0.1,0,0,0,0,0,0,0,0,0,0,0,0,0,0,86.2369250186986,0.0,normal
0,0.1,0,0,0,0,0,0,0,1,1,0,0,1,0,0,85.4802213676422,60.0,suspicious
0,0.55,0,0,0,0,1,0,0,1,0,1,0,0,0,0,77.63847824952438,0.0,suspicious
0,0.08,0,0,0,0,0,0,0,0,0,0,1,0,0,0,91.50673078490667,70.0,normal
1,0.1,0,0,0,0,0,0,0,0,1,1,0,0,0,0,92.94046088618549,0.0,suspicious
1,0.05,0,0,0,0,0,0,0,0,0,1,0,0,0,0,81.2447692694608,0.0,suspicious
2,0.35,0,0,0,0,0,0,0,0,1,1,0,0,0,1,87.9272323185289,15.0,malicious
2,0.1,0,0,0,0,0,0,0,0,0,0,0,0,0,0,74.13266882756483,0.0,normal
0,0.08,0,0,0,0,0,0,0,0,0,0,0,0,0,0,88.92863092553775,0.0,normal
1,0.1,0,0,0,0,0,0,0,0,1,0,0,0,0,1,81.17502603285249,15.0,suspicious
0,0.08,0,0,0,0,0,0,0,1,0,0,0,0,0,1,85.7048211944939,15.0,normal
1,0.05,0,0,0,0,0,0,0,0,0,0,0,0,0,0,67.25668118368213,0.0,normal
0,0.5,0,1,0,0,0,0,0,1,0,0,0,0,0,0,78.01880450360859,0.0,suspicious
0,0.1,0,0,0,0,0,0,0,0,1,0,0,0,0,0,98.58952196715347,0.0,normal
0,0.55,0,0,0,0,1,0,0,0,0,0,0,0,0,0,64.95800148760348,0.0,suspicious
2,0.35,0,0,0,0,0,0,0,0,0,0,0,0,0,0,65.86219495985229,0.0,malicious
0,0.3,0,0,0,0,0,0,0,0,0,1,0,0,0,0,100.0,0.0,normal
0,0.3,0,0,0,0,0,0,0,0,0,0,0,0,0,0,83.507306967128,0.0,normal
4,0.35,0,0,0,0,0,0,0,0,0,0,0,0,0,0,64.34834070330322,0.0,malicious
1,0.08,0,0,0,0,0,0,0,0,0,0,0,0,0,0,82.39399102770739,0.0,normal
0,0.05,0,0,0,0,0,0,0,0,0,0,0,0,0,0,51.08101600243122,0.0,normal
2,0.85,1,0,0,0,0,0,0,1,1,1,0,0,0,1,74.5634971557951,15.0,malicious
0,0.1,0,0,0,0,0,0,0,0,0,0,0,0,0,0,63.98169676721008,0.0,normal
0,0.05,0,0,0,0,0,0,0,1,0,0,0,0,0,0,69.46272952790379,0.0,normal
1,0.1,0,0,0,0,0,0,0,0,0,0,0,1,0,0,87.76847028255415,60.0,suspicious
0,0.1,0,0,0,0,0,0,0,1,0,0,0,1,0,0,86.46655989123539,60.0,suspicious
0,0.05,0,0,0,0,0,0,0,0,0,0,0,0,0,0,85.12519980112272,0.0,normal
0,0.25,0,0,0,0,0,0,1,1,0,1,0,0,0,0,99.401954100488,0.0,suspicious
4,0.35,0,0,0,0,0,0,0,0,0,1,0,0,0,0,67.92300496857689,0.0,malicious
1,0.1,0,0,0,0,0,0,0,1,1,0,0,0,0,0,83.32266987678484,0.0,normal
0,0.05,0,0,0,0,0,0,0,0,0,0,0,0,0,1,64.93983050230312,15.0,normal
0,0.1,0,0,0,0,0,0,0,0,1,0,0,0,0,0,91.56290697491823,0.0,normal
3,0.35,0,0,0,0,0,0,0,1,1,1,0,1,0,0,82.13137595256191,60.0,malicious
3,0.35,0,0,0,0,0,0,0,1,1,0,1,0,0,0,67.66190493889181,70.0,malicious
0,0.1,0,0,0,0,0,0,0,0,0,0,0,0,0,0,99.01972709735006,0.0,normal
0,0.08,0,0,0,0,0,0,0,0,0,1,0,0,0,1,89.53579588655575,15.0,normal
0,0.3,0,0,0,0,0,0,0,0,1,0,0,0,0,0,100.0,0.0,normal
0,0.1,0,0,0,0,0,0,0,0,0,0,0,0,0,0,59.00598695009922,0.0,normal
0,0.08,0,0,0,0,0,0,0,0,1,1,0,0,0,0,81.33785979545344,0.0,normal
1,0.45,0,0,0,0,0,1,0,0,0,0,0,0,0,1,99.83031198339276,15.0,normal
0,0.08,0,0,0,0,0,0,0,0,1,0,0,0,0,0,93.00426056961793,0.0,normal
0,0.1,0,0,0,0,0,0,0,0,0,0,0,0,0,0,95.73038373130292,0.0,normal
2,0.25,0,0,0,0,0,0,1,0,0,0,0,0,0,0,46.01890984771569,0.0,malicious
0,0.05,0,0,0,0,0,0,0,0,0,0,0,0,0,0,83.12712341963837,0.0,normal
2,0.05,0,0,0,0,0,0,0,0,0,0,0,0,0,1,87.78815040519551,15.0,suspicious
0,0.3,0,0,0,0,0,0,0,0,0,1,0,0,0,0,66.68144127972879,0.0,suspicious
0,0.1,0,0,0,0,0,0,0,0,0,0,0,0,1,0,81.15963543155907,30.0,normal
2,0.35,0,0,0,0,0,0,0,1,0,0,0,0,0,1,54.53964276516578,15.0,malicious
0,0.55,0,0,0,0,1,0,0,1,0,0,0,0,0,0,61.944595057416755,0.0,malicious
0,0.05,0,0,0,0,0,0,0,1,0,0,0,0,0,0,63.96043936021488,0.0,normal
2,0.5,0,1,0,0,0,0,0,0,0,0,0,0,0,0,75.28785531193766,0.0,malicious
0,0.1,0,0,0,0,0,0,0,0,0,1,0,0,0,0,100.0,0.0,normal
0,0.08,0,0,0,0,0,0,0,0,0,0,0,0,0,0,100.0,0.0,normal
0,0.05,0,0,0,0,0,0,0,0,0,0,0,1,0,0,89.71732774354938,60.0,normal
1,0.35,0,0,0,0,0,0,0,1,0,1,0,0,0,0,75.19039235629069,0.0,malicious
0,0.25,0,0,0,0,0,0,1,1,1,1,0,0,0,0,84.14272086722539,0.0,malicious
0,0.1,0,0,0,0,0,0,0,0,1,0,0,0,0,1,94.96229629580921,15.0,normal
0,0.5,0,1,0,0,0,0,0,0,1,1,0,0,0,0,51.990818084372634,0.0,malicious
0,0.1,0,0,0,0,0,0,0,0,0,0,0,0,0,0,73.7927013859077,0.0,normal
0,0.3,0,0,0,0,0,0,0,1,1,0,0,0,0,0,82.15350562504517,0.0,normal
1,1.0,0,0,0,1,0,0,0,1,1,1,0,0,0,0,77.03209940674613,0.0,malicious
2,0.55,0,0,0,0,1,0,0,0,0,0,1,0,0,0,74.64590686303086,70.0,malicious
0,0.08,0,0,0,0,0,0,0,0,0,0,0,0,0,0,97.73931976795092,0.0,normal
1,0.05,0,0,0,0,0,0,0,0,0,0,0,0,0,0,84.99234798936614,0.0,normal
0,0.05,0,0,0,0,0,0,0,0,0,0,0,0,0,0,100.0,0.0,normal
0,0.25,0,0,0,0,0,0,1,0,0,1,0,0,0,0,85.36049750413521,0.0,suspicious
1,0.1,0,0,0,0,0,0,0,0,0,0,0,0,0,0,86.49891629832611,0.0,normal
0,0.3,0,0,0,0,0,0,0,0,1,0,0,0,0,0,100.0,0.0,normal
0,0.25,0,0,0,0,0,0,1,0,1,1,0,0,0,0,66.07622846315834,0.0,malicious
2,0.08,0,0,0,0,0,0,0,0,0,0,0,0,0,0,66.07810510022063,0.0,suspicious
0,0.55,0,0,0,0,1,0,0,0,0,1,0,0,0,0,68.10047978928384,0.0,malicious
2,0.35,0,0,0,0,0,0,0,1,0,0,0,0,0,0,74.79780010738408,0.0,malicious
0,0.1,0,0,0,0,0,0,0,0,0,0,0,0,0,1,91.6281439131491,15.0,normal
0,0.05,0,0,0,0,0,0,0,0,0,1,0,0,1,0,78.94313935358818,30.0,suspicious
0,0.08,0,0,0,0,0,0,0,0,1,0,0,0,0,0,80.12153430858402,0.0,normal
1,0.05,0,0,0,0,0,0,0,0,0,0,0,0,0,0,83.8155683654753,0.0,normal
2,0.35,0,0,0,0,0,0,0,1,0,1,1,0,0,0,74.15505160041756,70.0,malicious
1,0.05,0,0,0,0,0,0,0,0,1,0,0,0,0,0,80.25880209219162,0.0,normal
3,0.08,0,0,0,0,0,0,0,0,0,0,0,0,0,1,93.20453210989177,15.0,malicious
1,0.1,0,0,0,0,0,0,0,0,1,0,0,0,1,1,76.21001955616146,45.0,suspicious
0,0.05,0,0,0,0,0,0,0,0,0,0,0,0,0,1,82.03175425010173,15.0,normal
3,0.35,0,0,0,0,0,0,0,0,1,0,0,0,0,0,57.53240533893923,0.0,malicious
0,0.05,0,0,0,0,0,0,0,0,0,1,0,0,0,0,100.0,0.0,normal
0,0.1,0,0,0,0,0,0,0,0,0,0,0,0,0,0,94.02795133984128,0.0,normal
2,0.08,0,0,0,0,0,0,0,0,0,0,0,0,0,0,95.34565527190276,0.0,suspicious
2,0.3,0,0,0,0,0,0,0,0,0,1,0,0,0,0,91.85455304368463,0.0,suspicious
0,0.55,0,0,0,0,1,0,0,0,0,0,0,0,0,0,41.84830544811617,0.0,suspicious
1,0.3,0,0,0,0,0,0,0,0,0,1,0,0,0,0,100.0,0.0,normal
1,0.08,0,0,0,0,0,0,0,0,0,0,0,0,0,0,81.45749905838237,0.0,normal
0,0.08,0,0,0,0,0,0,0,0,0,0,0,0,0,0,100.0,0.0,normal
1,0.1,0,0,0,0,0,0,0,0,0,0,0,0,0,1,86.48293330086699,15.0,normal
1,0.5,0,1,0,0,0,0,0,0,1,0,0,0,1,0,69.85979561166018,30.0,malicious
0,0.25,0,0,0,0,0,0,1,0,0,0,0,0,0,0,88.28935090802078,0.0,normal
0,0.05,0,0,0,0,0,0,0,0,0,0,0,0,0,1,88.16439842374714,15.0,normal
1,0.05,0,0,0,0,0,0,0,0,0,0,0,1,1,1,86.69625665152063,100.0,malicious
3,0.9,0,0,1,0,0,0,0,0,1,1,0,0,0,0,53.93045496660167,0.0,malicious
1,0.05,0,0,0,0,0,0,0,0,0,0,0,0,0,0,66.35161718766366,0.0,normal
1,0.08,0,0,0,0,0,0,0,0,0,0,0,0,0,0,99.77986352763676,0.0,normal
0,0.5,0,1,0,0,0,0,0,1,0,1,0,0,0,1,68.13618240630633,15.0,malicious
0,0.05,0,0,0,0,0,0,0,0,0,0,0,0,0,0,77.88878439459054,0.0,normal
5,0.35,0,0,0,0,0,0,0,0,0,1,0,0,0,0,58.48842738737314,0.0,malicious
0,0.1,0,0,0,0,0,0,0,0,1,0,0,0,0,0,97.98716018570477,0.0,normal
1,0.08,0,0,0,0,0,0,0,0,0,0,0,0,0,1,84.97689494434115,15.0,normal
0,0.08,0,0,0,0,0,0,0,0,0,0,1,0,0,0,93.82176000914366,70.0,normal
0,0.05,0,0,0,0,0,0,0,0,0,0,1,0,0,0,86.79798334047855,70.0,normal
0,0.1,0,0,0,0,0,0,0,0,1,0,0,1,0,1,97.76126531174663,75.0,suspicious
2,0.08,0,0,0,0,0,0,0,0,0,0,0,0,0,1,59.76044337042036,15.0,suspicious
0,0.05,0,0,0,0,0,0,0,0,0,0,0,0,0,0,83.00204666013377,0.0,normal
1,0.45,0,0,0,0,0,1,0,0,1,0,0,0,0,0,95.48066278128174,0.0,suspicious
0,0.05,0,0,0,0,0,0,0,0,0,0,0,0,1,0,76.56214253105173,30.0,normal
2,0.1,0,0,0,0,0,0,0,1,1,0,0,0,0,0,78.8442623601365,0.0,malicious
0,0.1,0,0,0,0,0,0,0,0,0,0,0,0,0,0,84.76115164649006,0.0,normal
1,0.05,0,0,0,0,0,0,0,0,0,0,0,0,0,0,81.89071141628332,0.0,normal
0,0.08,0,0,0,0,0,0,0,0,0,0,0,0,0,0,89.87369245882181,0.0,suspicious
1,0.05,0,0,0,0,0,0,0,1,0,1,0,0,0,1,84.27791883326441,15.0,suspicious
0,0.1,0,0,0,0,0,0,0,0,0,0,0,0,0,0,100.0,0.0,normal
1,0.08,0,0,0,0,0,0,0,1,0,0,0,0,0,0,75.93677516107178,0.0,normal
2,0.05,0,0,0,0,0,0,0,0,0,0,0,0,0,0,85.64980734634813,0.0,normal
1,0.1,0,0,0,0,0,0,0,0,0,0,0,0,0,1,100.0,15.0,normal
0,0.3,0,0,0,0,0,0,0,0,0,1,0,0,0,0,85.17144125593724,0.0,normal
0,0.08,0,0,0,0,0,0,0,0,0,0,0,0,0,0,92.94421528146367,0.0,normal
0,0.05,0,0,0,0,0,0,0,0,0,0,0,0,0,0,98.37066116272555,0.0,normal
0,0.05,0,0,0,0,0,0,0,0,0,0,0,1,0,0,99.5833088202456,60.0,normal
0,0.05,0,0,0,0,0,0,0,0,0,0,0,0,0,0,94.84975130016622,0.0,normal
1,0.08,0,0,0,0,0,0,0,0,0,0,0,0,0,1,67.9926173744102,15.0,normal
0,0.08,0,0,0,0,0,0,0,0,0,0,0,1,0,0,82.46279730352983,60.0,normal
1,0.5,0,1,0,0,0,0,0,0,0,0,0,0,0,0,78.20842226891057,0.0,normal
0,0.08,0,0,0,0,0,0,0,0,0,0,0,0,0,0,99.65196414517358,0.0,normal
0,0.5,0,1,0,0,0,0,0,0,0,0,0,0,0,0,89.6536508246258,0.0,normal
0,0.08,0,0,0,0,0,0,0,1,0,0,0,0,0,0,86.1059380193288,0.0,normal
0,0.1,0,0,0,0,0,0,0,0,0,0,0,0,1,0,80.54734456301489,30.0,normal
1,0.1,0,0,0,0,0,0,0,0,1,0,0,0,0,0,98.86395423780615,0.0,normal
0,0.3,0,0,0,0,0,0,0,1,1,0,0,0,0,0,100.0,0.0,normal
0,1.0,0,0,0,1,0,0,0,0,1,1,0,0,0,1,70.19601796962145,15.0,malicious
0,0.05,0,0,0,0,0,0,0,0,0,0,0,0,0,0,73.11230256148416,0.0,normal
1,0.08,0,0,0,0,0,0,0,0,0,0,0,0,0,0,79.47660093341678,0.0,normal
0,0.05,0,0,0,0,0,0,0,0,0,0,0,0,0,1,75.01287755052037,15.0,normal
0,0.1,0,0,0,0,0,0,0,0,1,0,0,0,0,0,72.62197388968447,0.0,normal
1,0.55,0,0,0,0,1,0,0,0,1,0,0,0,0,0,57.86699145411608,0.0,malicious
0,0.05,0,0,0,0,0,0,0,0,0,0,0,0,0,0,95.77221426064858,0.0,normal
1,0.08,0,0,0,0,0,0,0,0,0,0,0,0,0,0,91.35256254531225,0.0,normal
0,0.05,0,0,0,0,0,0,0,1,1,0,0,0,0,0,90.06841670485848,0.0,normal
0,0.3,0,0,0,0,0,0,0,1,1,1,0,0,0,0,85.60402256336886,0.0,normal
2,0.08,0,0,0,0,0,0,0,0,0,0,0,1,0,0,91.422687243876,60.0,malicious
0,0.05,0,0,0,0,0,0,0,0,0,0,0,0,0,0,89.51936886031055,0.0,normal
0,0.05,0,0,0,0,0,0,0,0,0,0,0,0,0,1,82.63181857079273,15.0,normal
3,0.35,0,0,0,0,0,0,0,1,0,1,0,0,0,1,78.65500083386175,15.0,malicious
0,0.08,0,0,0,0,0,0,0,1,0,0,0,0,0,0,100.0,0.0,normal
0,0.3,0,0,0,0,0,0,0,0,1,1,0,0,0,0,100.0,0.0,normal
1,0.55,0,0,0,0,1,0,0,0,1,0,0,0,0,0,50.97118234339996,0.0,malicious
0,0.08,0,0,0,0,0,0,0,0,0,0,0,0,0,0,91.42142637493336,0.0,normal
1,0.1,0,0,0,0,0,0,0,1,1,0,0,0,0,0,91.47740499603285,0.0,normal
0,0.08,0,0,0,0,0,0,0,0,0,0,0,0,0,0,48.50935923652045,0.0,normal
0,0.1,0,0,0,0,0,0,0,0,1,0,0,0,0,0,100.0,0.0,normal
2,0.05,0,0,0,0,0,0,0,0,0,0,0,0,0,0,85.35405722124345,0.0,normal
0,0.05,0,0,0,0,0,0,0,0,0,0,0,0,1,0,90.85557427894139,30.0,normal
0,0.08,0,0,0,0,0,0,0,0,0,0,0,0,0,0,70.02417307727602,0.0,normal
0,0.9,0,0,1,0,0,0,0,0,1,0,0,0,0,1,89.8428083664335,15.0,malicious
0,0.1,0,0,0,0,0,0,0,0,0,0,0,0,0,0,90.23978477539778,0.0,normal
3,0.35,0,0,0,0,0,0,0,0,1,1,0,0,0,0,55.89223908088877,0.0,malicious
1,0.08,0,0,0,0,0,0,0,0,0,0,0,0,0,1,67.98008386993862,15.0,suspicious
0,0.45,0,0,0,0,0,1,0,0,1,1,0,0,0,0,61.899742407330066,0.0,malicious
0,0.1,0,0,0,0,0,0,0,0,1,0,0,0,0,0,79.74409010663564,0.0,normal
1,0.08,0,0,0,0,0,0,0,0,0,0,0,0,0,0,72.6106268323464,0.0,suspicious
2,0.05,0,0,0,0,0,0,0,0,0,0,0,0,0,0,94.0051821161974,0.0,normal
0,0.25,0,0,0,0,0,0,1,1,0,0,0,0,0,1,100.0,15.0,normal
0,0.08,0,0,0,0,0,0,0,0,0,0,0,0,0,0,87.01638222297149,0.0,normal
0,0.35,0,0,0,0,0,0,0,0,0,1,0,0,0,0,67.5021482912594,0.0,normal
2,0.05,0,0,0,0,0,0,0,1,0,0,0,0,0,0,60.02580519526066,0.0,suspicious
0,0.08,0,0,0,0,0,0,0,0,0,0,0,0,0,0,93.87857074830404,0.0,normal
0,0.08,0,0,0,0,0,0,0,0,0,0,0,0,0,0,100.0,0.0,normal
1,0.35,0,0,0,0,0,0,0,1,0,1,0,0,0,0,89.27208201287199,0.0,suspicious
0,0.3,0,0,0,0,0,0,0,0,1,1,0,0,0,0,87.2325461633385,0.0,suspicious
1,0.1,0,0,0,0,0,0,0,0,0,0,0,0,0,0,58.478292448348604,0.0,normal
0,0.08,0,0,0,0,0,0,0,0,0,0,0,0,1,1,72.18033772728768,45.0,normal
0,0.25,0,0,0,0,0,0,1,1,1,1,0,0,0,0,77.7458201400969,0.0,suspicious
0,0.35,0,0,0,0,0,0,0,0,0,1,0,0,0,0,65.68830089941073,0.0,normal
1,0.05,0,0,0,0,0,0,0,0,1,0,0,0,1,0,88.04957444628381,30.0,suspicious
0,0.9,0,0,1,0,0,0,0,0,0,0,0,0,0,0,57.193761693328256,0.0,malicious
1,0.05,0,0,0,0,0,0,0,0,0,0,0,0,0,0,76.24969399691956,0.0,normal
0,0.5,0,1,0,0,0,0,0,0,1,1,0,0,0,0,63.283153238420866,0.0,malicious
1,0.3,0,0,0,0,0,0,0,0,0,1,0,1,1,0,80.12394618364024,90.0,malicious
1,0.08,0,0,0,0,0,0,0,0,0,0,0,0,0,0,60.27576788265141,0.0,normal
1,0.05,0,0,0,0,0,0,0,0,0,0,0,0,0,0,74.72114290275513,0.0,normal
0,0.05,0,0,0,0,0,0,0,0,0,0,0,0,0,0,100.0,0.0,normal
0,0.08,0,0,0,0,0,0,0,0,0,0,0,1,0,0,81.74942080519861,60.0,normal
0,0.05,0,0,0,0,0,0,0,0,0,0,0,0,0,1,98.97436476197811,15.0,normal
1,0.5,0,1,0,0,0,0,0,1,0,1,0,0,0,0,59.38096868284167,0.0,malicious
0,0.25,0,0,0,0,0,0,1,0,1,0,0,0,0,0,79.72430738939944,0.0,normal
1,0.1,0,0,0,0,0,0,0,0,0,0,0,0,0,1,46.44740755025527,15.0,malicious
0,0.5,0,1,0,0,0,0,0,0,1,1,0,0,0,0,71.45596739821207,0.0,malicious
0,0.1,0,0,0,0,0,0,0,0,1,1,0,0,0,0,67.41379589702919,0.0,suspicious
0,0.08,0,0,0,0,0,0,0,0,0,0,0,0,0,0,80.3638473054006,0.0,suspicious
1,0.08,0,0,0,0,0,0,0,0,0,0,0,0,0,0,93.51213272332897,0.0,normal
0,0.08,0,0,0,0,0,0,0,0,0,0,0,0,0,0,58.52163589683324,0.0,normal
0,0.08,0,0,0,0,0,0,0,0,0,1,0,0,0,0,85.8907120646778,0.0,normal
0,0.08,0,0,0,0,0,0,0,0,0,0,0,0,0,0,91.68672146785157,0.0,normal
0,0.05,0,0,0,0,0,0,0,0,0,0,0,0,0,0,83.91262707570566,0.0,normal
2,0.1,0,0,0,0,0,0,0,0,0,0,0,0,0,0,93.89526749853268,0.0,normal
2,0.08,0,0,0,0,0,0,0,0,0,0,0,1,0,0,92.00551472236248,60.0,malicious
0,0.1,0,0,0,0,0,0,0,0,1,0,1,0,0,1,85.41092848912382,85.0,suspicious
0,0.08,0,0,0,0,0,0,0,0,0,0,0,0,0,0,86.96203255890781,0.0,normal
0,0.05,0,0,0,0,0,0,0,0,0,0,0,0,0,0,91.20383411355357,0.0,normal
0,0.05,0,0,0,0,0,0,0,0,0,0,0,0,0,0,95.85488265902758,0.0,normal
1,1.0,0,0,0,1,0,0,0,0,0,0,0,0,0,0,72.59910781447532,0.0,malicious
0,0.08,0,0,0,0,0,0,0,1,0,0,0,0,0,0,81.66619380186299,0.0,normal
1,0.08,0,0,0,0,0,0,0,0,0,0,0,1,0,1,88.50282648110434,75.0,suspicious
2,0.05,0,0,0,0,0,0,0,0,0,0,0,0,0,1,81.61546248320741,15.0,suspicious
0,0.08,0,0,0,0,0,0,0,0,0,0,0,0,0,0,100.0,0.0,normal
0,0.05,0,0,0,0,0,0,0,0,0,0,0,0,0,0,91.54952571626649,0.0,normal
1,0.85,1,0,0,0,0,0,0,1,0,0,0,0,0,0,62.24949372820441,0.0,malicious
0,0.1,0,0,0,0,0,0,0,0,0,0,1,0,0,0,73.71191201604086,70.0,suspicious
3,0.1,0,0,0,0,0,0,0,0,0,0,0,0,0,0,82.79959250303989,0.0,suspicious
0,0.08,0,0,0,0,0,0,0,0,0,0,0,0,0,0,77.09508397852153,0.0,normal
1,0.1,0,0,0,0,0,0,0,0,0,0,0,0,0,1,82.9798916716154,15.0,normal
0,0.08,0,0,0,0,0,0,0,0,0,0,0,0,0,0,76.69865085252711,0.0,normal
0,0.05,0,0,0,0,0,0,0,0,0,0,0,0,0,0,70.29215087436215,0.0,normal
2,1.0,0,0,0,1,0,0,0,0,0,0,0,0,0,0,94.98208467997648,0.0,malicious
0,0.1,0,0,0,0,0,0,0,0,1,0,0,0,0,0,78.80554913646505,0.0,normal
1,0.05,0,0,0,0,0,0,0,0,0,0,0,0,0,0,64.01368478979728,0.0,normal
0,0.1,0,0,0,0,0,0,0,0,1,0,0,0,0,0,82.61665742694848,0.0,normal
1,0.45,0,0,0,0,0,1,0,0,0,0,0,0,0,1,98.57025063890877,15.0,suspicious
0,0.05,0,0,0,0,0,0,0,0,0,0,0,0,0,1,76.01150421497661,15.0,normal
1,0.1,0,0,0,0,0,0,0,0,0,0,0,0,0,0,96.78892941168263,0.0,normal
0,0.1,0,0,0,0,0,0,0,0,0,0,0,0,0,0,79.141571824933,0.0,normal
1,0.25,0,0,0,0,0,0,1,0,1,0,0,0,0,0,59.52972464941524,0.0,malicious
0,0.08,0,0,0,0,0,0,0,0,0,0,0,0,0,0,96.83086003477345,0.0,normal
2,0.08,0,0,0,0,0,0,0,0,0,0,0,0,0,0,76.32388228889465,0.0,suspicious
0,0.1,0,0,0,0,0,0,0,0,0,0,0,0,0,0,74.31741136425242,0.0,normal
4,0.35,0,0,0,0,0,0,0,1,1,1,0,0,1,0,48.42551553908463,30.0,malicious
0,0.9,0,0,1,0,0,0,0,0,0,1,0,0,0,0,71.28734702664252,0.0,malicious
0,0.05,0,0,0,0,0,0,0,0,1,0,0,0,0,0,100.0,0.0,suspicious
1,0.05,0,0,0,0,0,0,0,1,0,0,0,0,0,0,71.3419669798975,0.0,normal
0,0.08,0,0,0,0,0,0,0,0,0,1,0,0,1,1,81.94712013284416,45.0,suspicious
0,0.05,0,0,0,0,0,0,0,0,0,0,0,0,0,0,69.28584461755429,0.0,normal
1,0.3,0,0,0,0,0,0,0,1,0,1,0,0,1,1,90.62447414780328,45.0,malicious
1,0.1,0,0,0,0,0,0,0,0,0,0,1,0,1,0,100.0,100.0,malicious
0,0.1,0,0,0,0,0,0,0,0,0,0,0,0,0,0,78.70937842719158,0.0,normal
1,0.1,0,0,0,0,0,0,0,0,1,0,0,0,0,0,73.79563929966164,0.0,malicious
0,0.5,0,1,0,0,0,0,0,0,0,1,0,1,0,0,65.05922928971913,60.0,malicious
0,0.1,0,0,0,0,0,0,0,1,0,0,0,0,0,0,82.75624861282351,0.0,normal
1,0.35,0,0,0,0,0,0,0,0,0,1,0,0,0,0,84.66269742191395,0.0,suspicious
2,0.25,0,0,0,0,0,0,1,1,1,1,1,0,0,1,90.04613909848547,85.0,malicious
1,0.1,0,0,0,0,0,0,0,0,1,0,0,0,0,0,68.96345238587006,0.0,malicious
2,0.05,0,0,0,0,0,0,0,0,0,0,0,0,0,0,76.50465489082539,0.0,suspicious
1,0.1,0,0,0,0,0,0,0,0,1,0,0,0,0,0,86.81070806571708,0.0,suspicious
2,0.08,0,0,0,0,0,0,0,0,1,0,0,0,0,1,85.14187197055362,15.0,malicious
0,0.1,0,0,0,0,0,0,0,0,0,0,0,0,0,0,100.0,0.0,normal
0,0.1,0,0,0,0,0,0,0,0,0,0,0,0,0,1,89.5676968610409,15.0,normal
0,0.1,0,0,0,0,0,0,0,0,0,0,0,0,0,1,84.30188092564791,15.0,normal
0,0.08,0,0,0,0,0,0,0,0,0,0,0,0,0,0,100.0,0.0,normal
0,0.3,0,0,0,0,0,0,0,0,1,0,0,0,0,1,73.32291357753635,15.0,normal
2,0.45,0,0,0,0,0,1,0,0,0,1,1,0,0,0,81.49842671884215,70.0,malicious
0,0.3,0,0,0,0,0,0,0,1,0,1,0,0,0,1,100.0,15.0,normal
0,0.08,0,0,0,0,0,0,0,1,0,0,0,0,0,0,96.54092758049501,0.0,normal
0,0.45,0,0,0,0,0,1,0,1,0,0,0,0,0,1,83.39211467085035,15.0,suspicious
1,0.1,0,0,0,0,0,0,0,0,0,0,0,0,1,0,69.82095551333533,30.0,suspicious
10,0.35,0,0,0,0,0,0,0,0,0,1,0,0,0,0,76.85333401372303,0.0,malicious
0,0.05,0,0,0,0,0,0,0,0,0,0,0,1,0,0,72.88325935944877,60.0,normal
0,0.25,0,0,0,0,0,0,1,1,0,1,0,0,0,0,81.95763676567488,0.0,suspicious
0,0.08,0,0,0,0,0,0,0,0,0,0,0,0,0,0,84.28601595477427,0.0,normal
1,0.08,0,0,0,0,0,0,0,0,0,0,0,0,0,0,98.75790506328114,0.0,normal
0,0.1,0,0,0,0,0,0,0,0,0,0,0,0,0,0,77.09457079967645,0.0,normal
0,0.05,0,0,0,0,0,0,0,1,0,0,0,0,0,1,62.88611914457846,15.0,normal
1,0.08,0,0,0,0,0,0,0,0,0,0,0,0,0,0,73.78025269086602,0.0,normal
0,0.08,0,0,0,0,0,0,0,0,0,0,0,0,0,0,84.27093505902424,0.0,normal
0,0.08,0,0,0,0,0,0,0,0,0,1,0,0,0,0,73.79868685576957,0.0,normal
1,0.35,0,0,0,0,0,0,0,0,0,0,0,0,0,1,61.22961038343139,15.0,normal
0,0.1,0,0,0,0,0,0,0,0,0,0,0,0,0,0,75.68766490649,0.0,normal
1,0.35,0,0,0,0,0,0,0,1,1,0,0,0,0,0,60.69101205517191,0.0,suspicious
2,0.08,0,0,0,0,0,0,0,0,0,1,0,0,0,1,94.13556972970898,15.0,suspicious
0,0.05,0,0,0,0,0,0,0,1,0,0,0,0,0,0,81.59186859138649,0.0,normal
1,0.08,0,0,0,0,0,0,0,1,1,0,0,0,0,0,87.02600153228863,0.0,suspicious
1,0.05,0,0,0,0,0,0,0,0,0,0,0,0,0,0,67.51191491422735,0.0,normal
1,0.1,0,0,0,0,0,0,0,0,1,0,0,0,0,0,84.72638090555958,0.0,normal
0,0.05,0,0,0,0,0,0,0,0,0,0,0,1,0,0,92.90688150531747,60.0,normal
1,0.45,0,0,0,0,0,1,0,0,0,0,0,0,0,0,90.56255575165042,0.0,normal
0,0.08,0,0,0,0,0,0,0,0,0,1,0,1,0,0,68.94035226766111,60.0,malicious
1,0.55,0,0,0,0,1,0,0,0,0,0,0,0,0,0,69.07609347468038,0.0,malicious
1,0.08,0,0,0,0,0,0,0,0,0,0,0,0,0,0,89.61143461968358,0.0,normal
0,0.45,0,0,0,0,0,1,0,0,0,0,0,0,0,0,83.69479187460797,0.0,normal
2,0.08,0,0,0,0,0,0,0,0,0,1,0,0,1,0,91.15787383259574,30.0,malicious
2,0.3,0,0,0,0,0,0,0,0,0,0,0,0,0,0,73.40214996663337,0.0,suspicious
0,0.9,0,0,1,0,0,0,0,1,0,0,0,0,0,0,74.55718739897762,0.0,malicious
0,0.55,0,0,0,0,1,0,0,0,0,1,0,0,0,0,71.40846631858594,0.0,malicious
1,0.08,0,0,0,0,0,0,0,0,0,0,1,0,0,0,92.41696403546165,70.0,suspicious
2,0.1,0,0,0,0,0,0,0,0,1,0,0,0,0,0,63.218198085344326,0.0,malicious
0,0.08,0,0,0,0,0,0,0,0,0,0,0,0,0,0,84.2369481649616,0.0,normal
1,0.3,0,0,0,0,0,0,0,0,0,0,0,0,0,0,94.65311695329908,0.0,normal
0,0.85,1,0,0,0,0,0,0,1,0,1,0,0,0,0,43.85787438617432,0.0,malicious
0,0.08,0,0,0,0,0,0,0,0,1,0,0,0,0,0,97.07764014373096,0.0,normal
0,0.5,0,1,0,0,0,0,0,0,0,1,0,1,0,0,65.67955968248378,60.0,malicious
1,0.05,0,0,0,0,0,0,0,0,0,0,1,0,0,0,83.29114719695636,70.0,malicious
0,0.3,0,0,0,0,0,0,0,0,0,1,0,0,0,1,80.83053579973202,15.0,normal
1,0.5,0,1,0,0,0,0,0,1,0,1,0,0,0,1,74.26055385468243,15.0,malicious
4,0.35,0,0,0,0,0,0,0,0,0,1,0,1,0,0,74.69282704515217,60.0,malicious
1,0.05,0,0,0,0,0,0,0,0,0,1,0,0,0,0,81.37415492933461,0.0,normal
0,0.08,0,0,0,0,0,0,0,0,0,0,0,0,0,0,79.84102774072517,0.0,normal
0,0.05,0,0,0,0,0,0,0,1,1,1,0,0,0,0,78.81262043872967,0.0,suspicious
0,0.05,0,0,0,0,0,0,0,1,0,0,0,0,0,0,63.319340681967276,0.0,normal
0,0.1,0,0,0,0,0,0,0,0,0,0,0,0,0,0,85.52186887845657,0.0,normal
1,0.25,0,0,0,0,0,0,1,1,0,0,0,0,1,0,86.89339904279834,30.0,malicious
0,0.1,0,0,0,0,0,0,0,0,0,0,0,0,0,0,90.94638026654961,0.0,normal
0,0.08,0,0,0,0,0,0,0,0,0,0,0,1,0,0,80.01169843578505,60.0,suspicious
0,0.08,0,0,0,0,0,0,0,0,0,0,0,0,0,0,61.5782833898968,0.0,normal
0,0.05,0,0,0,0,0,0,0,0,0,0,0,0,0,0,89.06054768010992,0.0,normal
1,0.05,0,0,0,0,0,0,0,0,0,0,0,0,0,0,100.0,0.0,normal
1,0.1,0,0,0,0,0,0,0,0,0,0,0,0,0,0,92.56427336518345,0.0,normal
0,0.08,0,0,0,0,0,0,0,0,0,0,0,0,0,0,100.0,0.0,normal
2,0.45,0,0,0,0,0,1,0,0,0,1,0,0,0,1,90.55303559802428,15.0,malicious
0,0.05,0,0,0,0,0,0,0,0,0,0,0,0,0,0,89.5153625274531,0.0,normal
0,0.1,0,0,0,0,0,0,0,0,0,0,0,0,0,0,85.7490759385557,0.0,normal
0,0.08,0,0,0,0,0,0,0,0,0,0,0,0,0,1,83.42788774300276,15.0,normal
0,0.1,0,0,0,0,0,0,0,0,0,0,0,0,0,0,57.12460948459156,0.0,normal
0,0.3,0,0,0,0,0,0,0,1,1,0,0,0,0,0,65.23548885244435,0.0,malicious
0,0.25,0,0,0,0,0,0,1,0,1,1,0,0,0,0,91.15549661237671,0.0,malicious
1,0.05,0,0,0,0,0,0,0,0,0,0,0,0,0,0,75.24580793794169,0.0,normal
1,0.55,0,0,0,0,1,0,0,1,1,0,0,0,0,0,65.95663741232103,0.0,malicious
0,0.08,0,0,0,0,0,0,0,0,0,0,0,0,0,0,81.18240473490047,0.0,normal
2,0.08,0,0,0,0,0,0,0,1,0,0,0,0,0,0,68.22540235407529,0.0,malicious
0,0.05,0,0,0,0,0,0,0,0,0,0,0,0,0,0,93.29477507776143,0.0,normal
0,0.55,0,0,0,0,1,0,0,0,0,1,0,0,0,0,55.330997490941115,0.0,malicious
0,0.08,0,0,0,0,0,0,0,0,0,0,0,0,0,0,92.8393498121755,0.0,normal
0,0.3,0,0,0,0,0,0,0,1,1,0,0,0,0,0,88.0616842040896,0.0,normal
0,0.1,0,0,0,0,0,0,0,1,0,0,0,0,0,0,77.10244320599286,0.0,normal
0,0.05,0,0,0,0,0,0,0,0,0,0,0,1,0,0,62.64611157846781,60.0,suspicious
0,0.3,0,0,0,0,0,0,0,0,1,0,0,0,0,0,91.81391235388938,0.0,normal
1,0.05,0,0,0,0,0,0,0,0,0,0,0,0,0,0,77.13956463388035,0.0,normal
0,0.05,0,0,0,0,0,0,0,0,0,0,0,0,0,0,74.03438990198514,0.0,normal
0,0.08,0,0,0,0,0,0,0,0,0,0,0,0,0,0,86.5356341402915,0.0,normal
0,0.3,0,0,0,0,0,0,0,0,1,1,0,0,0,0,92.77100433837336,0.0,normal
1,0.1,0,0,0,0,0,0,0,0,1,0,0,0,0,0,79.9399406388568,0.0,normal
1,0.1,0,0,0,0,0,0,0,0,0,0,0,0,0,0,83.54943203132606,0.0,normal
0,0.05,0,0,0,0,0,0,0,0,0,0,0,1,0,1,100.0,75.0,normal
0,0.85,1,0,0,0,0,0,0,0,0,1,0,0,0,0,80.40649421098219,0.0,malicious
0,0.08,0,0,0,0,0,0,0,0,0,0,0,0,0,1,58.43472146182127,15.0,normal
3,0.35,0,0,0,0,0,0,0,1,1,0,0,0,0,0,58.78760718970452,0.0,malicious
0,0.08,0,0,0,0,0,0,0,0,0,1,0,0,0,0,75.07713716520705,0.0,normal
0,0.5,0,1,0,0,0,0,0,0,1,1,0,0,0,0,54.57846639734875,0.0,malicious
0,0.08,0,0,0,0,0,0,0,1,0,1,0,0,0,0,97.46830096513682,0.0,normal
1,0.05,0,0,0,0,0,0,0,0,0,0,0,0,0,0,74.29715899486969,0.0,normal
0,0.08,0,0,0,0,0,0,0,0,0,0,0,0,0,0,89.77983837219142,0.0,normal
3,0.35,0,0,0,0,0,0,0,1,0,1,0,0,0,0,58.752634454770075,0.0,malicious
0,0.05,0,0,0,0,0,0,0,0,0,0,0,0,0,0,80.63612697815621,0.0,normal
0,0.1,0,0,0,0,0,0,0,1,0,0,0,0,0,0,97.86411742959017,0.0,normal
1,0.08,0,0,0,0,0,0,0,0,0,0,0,0,0,0,100.0,0.0,normal
0,0.08,0,0,0,0,0,0,0,0,0,0,0,0,1,0,81.33470941189577,30.0,normal
0,0.1,0,0,0,0,0,0,0,0,0,0,0,0,0,0,87.63547279331814,0.0,normal
1,0.08,0,0,0,0,0,0,0,0,0,0,0,0,0,0,76.55795455138005,0.0,normal
2,0.1,0,0,0,0,0,0,0,0,0,0,0,0,0,0,80.12533313139032,0.0,suspicious
2,0.08,0,0,0,0,0,0,0,0,0,0,0,0,0,1,91.76759184781896,15.0,normal
1,0.05,0,0,0,0,0,0,0,0,0,0,0,0,0,0,71.95657648633504,0.0,normal
1,0.08,0,0,0,0,0,0,0,1,0,0,1,0,0,0,79.30760331554518,70.0,malicious
1,0.1,0,0,0,0,0,0,0,0,0,0,0,0,1,0,93.2213785056068,30.0,normal
1,0.1,0,0,0,0,0,0,0,0,0,0,0,0,0,1,94.06007496895204,15.0,normal
0,0.05,0,0,0,0,0,0,0,0,0,0,0,0,0,0,85.79044213756566,0.0,normal
1,0.1,0,0,0,0,0,0,0,0,1,0,0,0,0,0,82.75055284727493,0.0,normal
3,0.05,0,0,0,0,0,0,0,1,0,0,0,0,0,0,73.41789356365052,0.0,malicious
1,0.08,0,0,0,0,0,0,0,1,0,0,0,0,0,0,90.17510538961884,0.0,normal
0,0.05,0,0,0,0,0,0,0,0,0,0,1,0,0,1,81.06446324247445,85.0,suspicious
6,0.35,0,0,0,0,0,0,0,0,1,0,0,0,0,0,75.2101693706452,0.0,malicious
0,0.05,0,0,0,0,0,0,0,0,0,0,0,1,0,1,91.79722072778263,75.0,normal
0,0.08,0,0,0,0,0,0,0,1,0,0,0,0,0,0,78.37817238845753,0.0,normal
1,0.5,0,1,0,0,0,0,0,1,0,1,0,0,0,0,81.08122370018057,0.0,malicious
2,0.25,0,0,0,0,0,0,1,0,0,0,0,0,0,0,79.11986838739665,0.0,malicious
1,0.35,0,0,0,0,0,0,0,1,0,1,0,1,0,0,91.74637883563366,60.0,malicious
0,0.5,0,1,0,0,0,0,0,0,0,1,0,0,0,0,78.61374910259255,0.0,malicious
0,0.05,0,0,0,0,0,0,0,0,0,0,0,0,0,0,75.43222589713919,0.0,normal
2,0.05,0,0,0,0,0,0,0,0,0,0,0,0,0,0,69.56446754969045,0.0,suspicious
0,0.1,0,0,0,0,0,0,0,0,0,1,0,0,0,1,83.42308108646814,15.0,normal
0,0.05,0,0,0,0,0,0,0,0,0,0,0,0,0,0,86.86026771068636,0.0,normal
0,0.1,0,0,0,0,0,0,0,0,1,0,0,0,0,0,100.0,0.0,normal
1,0.1,0,0,0,0,0,0,0,0,0,0,0,0,0,0,77.99389250732892,0.0,normal
0,0.1,0,0,0,0,0,0,0,0,0,0,0,0,0,0,81.58437584919693,0.0,normal
0,0.08,0,0,0,0,0,0,0,0,0,0,0,0,0,1,97.35469623118556,15.0,normal
0,0.08,0,0,0,0,0,0,0,0,0,0,0,0,0,0,87.60737026853488,0.0,normal
0,0.05,0,0,0,0,0,0,0,0,0,1,0,0,0,1,90.99384697778687,15.0,normal
0,0.08,0,0,0,0,0,0,0,0,0,0,0,0,0,0,95.85625184713584,0.0,normal
2,0.85,1,0,0,0,0,0,0,1,0,1,0,0,0,0,70.7620874260188,0.0,malicious
0,0.08,0,0,0,0,0,0,0,0,0,0,0,0,0,1,100.0,15.0,normal
1,0.05,0,0,0,0,0,0,0,0,0,0,0,0,0,1,72.72016502380662,15.0,suspicious
0,0.08,0,0,0,0,0,0,0,0,0,0,1,0,0,0,76.9604852018755,70.0,normal
1,0.05,0,0,0,0,0,0,0,0,0,0,0,0,0,0,72.40568343608007,0.0,normal
0,0.08,0,0,0,0,0,0,0,0,0,0,0,0,0,0,68.27613218822289,0.0,normal
0,0.05,0,0,0,0,0,0,0,0,0,0,0,0,0,0,100.0,0.0,normal
0,0.9,0,0,1,0,0,0,0,0,0,1,0,0,0,0,61.197618494537906,0.0,malicious
0,0.05,0,0,0,0,0,0,0,0,0,0,0,0,0,0,74.623253908701,0.0,suspicious
1,0.55,0,0,0,0,1,0,0,0,1,0,0,0,0,1,58.72876456660896,15.0,malicious
0,0.05,0,0,0,0,0,0,0,0,0,0,0,0,0,0,100.0,0.0,normal
1,0.05,0,0,0,0,0,0,0,0,0,0,0,0,0,0,70.5495724201796,0.0,normal
0,0.05,0,0,0,0,0,0,0,0,0,1,0,0,0,0,84.44527241894404,0.0,normal
1,0.1,0,0,0,0,0,0,0,0,1,1,0,0,1,1,65.14014702432215,45.0,malicious
0,0.08,0,0,0,0,0,0,0,0,0,0,0,0,0,1,95.24704184080345,15.0,normal
3,0.08,0,0,0,0,0,0,0,1,0,0,0,0,0,0,68.24688770924777,0.0,malicious
0,0.3,0,0,0,0,0,0,0,1,1,1,0,0,0,0,90.66574515665698,0.0,suspicious
0,0.08,0,0,0,0,0,0,0,0,0,0,0,0,0,0,91.7634561183858,0.0,normal
0,0.05,0,0,0,0,0,0,0,0,0,1,0,0,0,0,74.0059348348255,0.0,normal
2,0.08,0,0,0,0,0,0,0,0,0,0,0,0,0,1,74.32129911317153,15.0,malicious
1,0.08,0,0,0,0,0,0,0,0,0,0,0,1,0,0,56.079368125935815,60.0,malicious
1,0.1,0,0,0,0,0,0,0,0,1,0,0,1,0,0,90.18994313200925,60.0,malicious
0,0.05,0,0,0,0,0,0,0,0,0,0,0,0,0,0,88.01364563000068,0.0,normal
0,0.05,0,0,0,0,0,0,0,0,0,0,0,0,1,0,86.67560625466277,30.0,normal
0,0.1,0,0,0,0,0,0,0,0,1,0,0,0,0,0,63.41034467165147,0.0,normal
4,0.35,0,0,0,0,0,0,0,0,0,1,0,0,0,0,69.79545277360627,0.0,malicious
2,0.1,0,0,0,0,0,0,0,0,0,0,0,0,0,0,83.13398126722802,0.0,normal
0,0.3,0,0,0,0,0,0,0,0,0,0,0,1,1,0,100.0,90.0,normal
0,0.05,0,0,0,0,0,0,0,0,0,1,0,0,0,0,100.0,0.0,normal
0,0.08,0,0,0,0,0,0,0,0,0,0,0,0,0,0,90.62362495473602,0.0,normal
0,0.05,0,0,0,0,0,0,0,0,0,0,0,0,0,1,83.86724826348626,15.0,normal
0,0.1,0,0,0,0,0,0,0,0,0,0,0,0,0,0,72.7250147891961,0.0,normal
1,0.05,0,0,0,0,0,0,0,0,0,0,0,0,0,1,92.19163646720406,15.0,normal
0,0.1,0,0,0,0,0,0,0,0,0,0,0,0,0,0,77.59739947418197,0.0,normal
0,0.05,0,0,0,0,0,0,0,0,0,0,0,0,0,0,67.69178711083003,0.0,normal
1,0.05,0,0,0,0,0,0,0,1,1,0,0,0,0,1,81.96376859145022,15.0,suspicious
1,0.08,0,0,0,0,0,0,0,0,1,0,0,0,0,1,74.33014836898401,15.0,normal
1,0.05,0,0,0,0,0,0,0,0,0,0,0,0,0,1,85.25515992849984,15.0,normal
2,0.55,0,0,0,0,1,0,0,0,0,1,0,0,0,0,57.72139550223678,0.0,malicious
1,0.05,0,0,0,0,0,0,0,0,0,0,0,0,0,0,83.4092936291963,0.0,normal
0,0.3,0,0,0,0,0,0,0,0,0,0,0,0,0,0,69.09309842498725,0.0,normal
2,0.35,0,0,0,0,0,0,0,1,1,0,0,0,0,0,77.55328956935719,0.0,malicious
2,0.05,0,0,0,0,0,0,0,0,1,0,0,0,0,0,74.84978882944388,0.0,suspicious
0,0.05,0,0,0,0,0,0,0,0,0,0,0,0,0,0,89.02695693771314,0.0,normal
1,0.08,0,0,0,0,0,0,0,0,0,0,0,0,0,0,87.76888225837281,0.0,normal
0,0.1,0,0,0,0,0,0,0,0,0,0,0,0,0,0,91.05254260123148,0.0,normal
1,0.1,0,0,0,0,0,0,0,0,1,0,0,0,0,0,84.82303380944134,0.0,normal
1,0.1,0,0,0,0,0,0,0,0,0,0,0,0,0,0,73.68278570292199,0.0,normal
0,0.35,0,0,0,0,0,0,0,0,1,0,0,0,0,0,68.13308028839448,0.0,normal
2,0.55,0,0,0,0,1,0,0,0,0,1,0,0,0,0,87.79242920075465,0.0,malicious
0,0.05,0,0,0,0,0,0,0,0,0,1,0,0,0,0,73.13555441394624,0.0,normal
1,0.35,0,0,0,0,0,0,0,1,1,0,0,0,0,0,56.87045005342412,0.0,malicious
1,0.08,0,0,0,0,0,0,0,1,0,0,0,0,0,0,72.70816676303161,0.0,normal
0,0.08,0,0,0,0,0,0,0,0,0,0,0,0,0,1,77.19557615002104,15.0,normal
2,0.05,0,0,0,0,0,0,0,0,1,0,0,0,0,0,81.0018756233256,0.0,suspicious
1,0.35,0,0,0,0,0,0,0,0,1,0,0,0,0,0,68.29200548942873,0.0,suspicious
1,0.45,0,0,0,0,0,1,0,0,1,0,0,1,0,0,100.0,60.0,malicious
0,0.1,0,0,0,0,0,0,0,0,0,0,0,0,0,0,82.58200193450602,0.0,normal
0,0.05,0,0,0,0,0,0,0,1,0,0,0,0,0,0,83.22346866740544,0.0,normal
1,0.08,0,0,0,0,0,0,0,0,0,1,0,0,0,0,85.34041382200557,0.0,normal
0,0.5,0,1,0,0,0,0,0,1,1,1,0,0,0,0,37.435849500611276,0.0,malicious
1,0.08,0,0,0,0,0,0,0,0,0,0,0,1,0,0,91.02840217891095,60.0,normal
0,0.05,0,0,0,0,0,0,0,0,0,0,0,0,0,0,86.95283610217805,0.0,normal
0,0.45,0,0,0,0,0,1,0,0,0,1,0,0,0,0,97.33224235133284,0.0,normal
2,0.08,0,0,0,0,0,0,0,0,0,0,0,0,0,0,75.28770328308052,0.0,suspicious
1,0.85,1,0,0,0,0,0,0,0,0,0,0,0,0,0,57.06547432601064,0.0,malicious
0,0.45,0,0,0,0,0,1,0,1,0,1,0,0,0,0,64.1760245032103,0.0,malicious
2,0.05,0,0,0,0,0,0,0,1,0,0,0,0,0,0,86.42339218974124,0.0,normal
0,0.05,0,0,0,0,0,0,0,0,0,0,0,0,0,0,81.69254082885304,0.0,normal
2,0.05,0,0,0,0,0,0,0,0,0,0,0,0,0,0,83.7099211983753,0.0,normal
1,0.1,0,0,0,0,0,0,0,0,1,0,0,0,0,0,77.25860082562728,0.0,normal
0,0.9,0,0,1,0,0,0,0,0,0,1,0,0,0,0,72.92081163953341,0.0,malicious
1,0.1,0,0,0,0,0,0,0,0,0,0,0,0,0,0,77.06889377415551,0.0,normal
0,0.08,0,0,0,0,0,0,0,0,0,0,0,0,0,0,100.0,0.0,normal
0,0.08,0,0,0,0,0,0,0,0,0,0,0,0,0,0,84.11892231842563,0.0,normal
0,0.9,0,0,1,0,0,0,0,0,1,1,0,0,0,0,78.00748271873141,0.0,malicious
0,0.08,0,0,0,0,0,0,0,0,0,0,0,0,0,0,85.20834220165705,0.0,normal
0,0.05,0,0,0,0,0,0,0,0,0,0,0,1,0,0,94.00854129349631,60.0,normal
1,0.05,0,0,0,0,0,0,0,0,0,0,1,0,0,1,100.0,85.0,normal
0,0.25,0,0,0,0,0,0,1,0,1,1,0,0,0,1,80.72026856669586,15.0,suspicious
0,0.1,0,0,0,0,0,0,0,0,0,0,0,0,0,1,90.46376584534472,15.0,normal
0,1.0,0,0,0,1,0,0,0,0,1,1,0,0,0,0,68.59866139119717,0.0,malicious
1,0.05,0,0,0,0,0,0,0,0,0,0,0,0,0,0,83.60100930119754,0.0,normal
0,0.05,0,0,0,0,0,0,0,0,1,0,0,0,0,0,100.0,0.0,normal
0,0.08,0,0,0,0,0,0,0,0,0,1,0,1,0,1,100.0,75.0,suspicious
0,0.08,0,0,0,0,0,0,0,0,1,0,0,0,0,0,100.0,0.0,normal
1,0.35,0,0,0,0,0,0,0,0,0,0,0,0,0,0,65.04425043342144,0.0,suspicious
0,0.1,0,0,0,0,0,0,0,0,0,0,0,0,0,0,82.22536757029779,0.0,normal
0,0.1,0,0,0,0,0,0,0,0,0,0,0,0,0,0,82.36565038926676,0.0,normal
0,0.08,0,0,0,0,0,0,0,0,0,0,0,0,0,0,94.67549230254147,0.0,normal
0,0.5,0,1,0,0,0,0,0,0,1,0,0,0,0,0,53.62215049027936,0.0,malicious
0,0.1,0,0,0,0,0,0,0,0,1,0,0,0,0,0,87.56496425966893,0.0,normal
1,0.25,0,0,0,0,0,0,1,0,1,1,0,0,0,0,68.14210164567834,0.0,malicious
0,0.1,0,0,0,0,0,0,0,0,0,0,0,0,0,0,82.2249352074695,0.0,normal
1,0.55,0,0,0,0,1,0,0,0,1,0,0,0,0,1,65.67089078233242,15.0,malicious
0,0.08,0,0,0,0,0,0,0,0,0,0,0,0,0,0,99.04220644991639,0.0,normal
0,0.05,0,0,0,0,0,0,0,0,0,0,0,0,0,0,84.63915962823765,0.0,normal
1,0.05,0,0,0,0,0,0,0,1,0,0,0,0,0,0,80.90496325767786,0.0,normal
1,0.05,0,0,0,0,0,0,0,0,0,0,0,0,0,0,89.31477933467336,0.0,normal
0,0.5,0,1,0,0,0,0,0,0,1,0,0,0,0,1,54.59192740825601,15.0,malicious
3,0.3,0,0,0,0,0,0,0,0,0,1,0,1,0,0,85.17530350271946,60.0,malicious
0,0.1,0,0,0,0,0,0,0,0,0,0,0,0,0,0,90.99700808281221,0.0,normal
0,0.85,1,0,0,0,0,0,0,1,0,1,1,0,0,0,78.84006552485695,70.0,malicious
0,1.0,0,0,0,1,0,0,0,0,0,0,0,0,0,0,69.54454497998184,0.0,malicious
2,0.1,0,0,0,0,0,0,0,0,0,0,0,0,0,0,100.0,0.0,suspicious
0,0.5,0,1,0,0,0,0,0,1,0,0,0,0,0,0,72.40811461796754,0.0,malicious
1,1.0,0,0,0,1,0,0,0,0,0,0,0,0,0,0,66.54064239749856,0.0,malicious
0,0.1,0,0,0,0,0,0,0,0,0,0,0,0,0,0,82.43459958749406,0.0,normal
1,0.05,0,0,0,0,0,0,0,0,0,0,0,0,0,0,100.0,0.0,normal
0,0.05,0,0,0,0,0,0,0,0,0,0,0,0,0,0,96.68912879642636,0.0,normal
5,0.35,0,0,0,0,0,0,0,0,0,0,0,0,0,0,59.19767206327165,0.0,malicious
0,0.1,0,0,0,0,0,0,0,0,0,0,0,0,0,1,100.0,15.0,normal
0,0.05,0,0,0,0,0,0,0,0,0,0,0,0,0,0,100.0,0.0,normal
0,0.1,0,0,0,0,0,0,0,0,0,0,0,0,0,0,93.57167779592241,0.0,normal
0,0.85,1,0,0,0,0,0,0,0,1,0,0,0,0,0,58.920260763293804,0.0,malicious
0,0.45,0,0,0,0,0,1,0,1,0,1,0,0,0,0,65.74379206641308,0.0,malicious
1,0.25,0,0,0,0,0,0,1,0,1,0,0,0,0,0,89.84822430919178,0.0,normal
1,0.25,0,0,0,0,0,0,1,0,0,1,0,0,0,0,66.9931288600209,0.0,suspicious
0,0.1,0,0,0,0,0,0,0,0,0,0,0,0,0,1,52.25246738418158,15.0,normal
0,0.05,0,0,0,0,0,0,0,1,0,0,0,0,0,1,70.5406614998588,15.0,normal
0,0.25,0,0,0,0,0,0,1,0,0,0,0,0,0,1,69.95737254579052,15.0,normal
0,0.08,0,0,0,0,0,0,0,0,1,1,0,0,0,0,78.25214315164627,0.0,malicious
1,0.08,0,0,0,0,0,0,0,0,0,0,0,0,0,0,88.69089935992862,0.0,normal
0,1.0,0,0,0,1,0,0,0,1,0,1,0,0,0,0,72.39903303837023,0.0,malicious
0,0.55,0,0,0,0,1,0,0,0,0,0,0,0,0,0,60.295371574598185,0.0,malicious
1,0.5,0,1,0,0,0,0,0,0,0,0,0,0,0,0,65.09724751156583,0.0,malicious
0,0.45,0,0,0,0,0,1,0,1,0,1,0,0,0,0,97.43755576221994,0.0,suspicious
0,0.05,0,0,0,0,0,0,0,0,0,0,0,0,0,0,99.78847646683235,0.0,normal
1,0.08,0,0,0,0,0,0,0,0,1,0,0,1,0,0,60.763950187795444,60.0,malicious
0,0.08,0,0,0,0,0,0,0,0,0,0,0,0,0,0,74.20961538270868,0.0,normal
0,0.1,0,0,0,0,0,0,0,0,0,0,0,0,0,0,100.0,0.0,normal
2,1.0,0,0,0,1,0,0,0,0,1,0,0,0,0,1,61.13839014874844,15.0,malicious
1,0.08,0,0,0,0,0,0,0,0,0,0,0,0,0,0,94.58509704010619,0.0,normal
0,0.08,0,0,0,0,0,0,0,1,0,1,0,0,0,0,76.32709288438446,0.0,normal
3,0.1,0,0,0,0,0,0,0,0,1,0,0,0,0,0,69.57896390426512,0.0,malicious
0,0.9,0,0,1,0,0,0,0,0,0,1,0,0,0,0,76.96044962063748,0.0,malicious
0,0.08,0,0,0,0,0,0,0,0,0,0,0,0,1,0,72.69124630677143,30.0,normal
0,0.55,0,0,0,0,1,0,0,0,0,0,0,1,0,0,64.94374598168245,60.0,malicious
0,0.85,1,0,0,0,0,0,0,0,0,1,0,0,0,0,84.54515392036853,0.0,malicious
0,0.45,0,0,0,0,0,1,0,0,0,1,0,0,0,1,85.68667282527437,15.0,malicious
3,0.35,0,0,0,0,0,0,0,0,0,0,0,0,0,0,72.69419096397708,0.0,malicious
1,0.55,0,0,0,0,1,0,0,0,0,1,0,0,0,0,69.51585564318127,0.0,malicious
3,0.35,0,0,0,0,0,0,0,1,0,1,0,0,0,0,77.79073702983672,0.0,malicious
0,0.9,0,0,1,0,0,0,0,0,1,0,0,0,0,0,68.76913843885626,0.0,malicious
0,0.05,0,0,0,0,0,0,0,0,0,1,0,0,0,0,74.14900163537251,0.0,normal
0,0.08,0,0,0,0,0,0,0,0,0,0,0,0,1,0,100.0,30.0,normal
1,0.05,0,0,0,0,0,0,0,0,0,0,0,0,1,0,70.52996089921523,30.0,normal
1,0.05,0,0,0,0,0,0,0,0,0,0,0,0,0,0,64.59339257549806,0.0,normal
2,0.35,0,0,0,0,0,0,0,1,0,1,0,0,0,0,66.21231128475158,0.0,malicious
1,0.5,0,1,0,0,0,0,0,1,0,1,0,0,0,0,68.32310144576454,0.0,malicious
0,0.08,0,0,0,0,0,0,0,0,0,0,0,0,0,0,90.40247908880453,0.0,normal
0,0.08,0,0,0,0,0,0,0,0,0,1,0,0,0,1,87.52921434330909,15.0,normal
0,0.05,0,0,0,0,0,0,0,0,0,0,0,0,0,1,75.26526180264179,15.0,normal
0,0.1,0,0,0,0,0,0,0,0,0,0,0,0,0,1,78.02385652840994,15.0,normal
1,0.3,0,0,0,0,0,0,0,0,1,1,0,0,0,0,66.49079699905823,0.0,malicious
0,0.45,0,0,0,0,0,1,0,1,0,0,0,0,0,0,97.5693499206965,0.0,normal
0,0.08,0,0,0,0,0,0,0,0,0,0,1,0,0,0,73.1811823655791,70.0,malicious
0,0.1,0,0,0,0,0,0,0,0,1,0,0,0,0,1,86.6859660388221,15.0,normal
2,0.05,0,0,0,0,0,0,0,0,0,0,0,1,0,0,85.56308611470818,60.0,suspicious
3,0.35,0,0,0,0,0,0,0,1,0,0,0,0,0,0,83.98101838133906,0.0,malicious
1,0.55,0,0,0,0,1,0,0,0,1,0,0,0,1,0,68.19882409739836,30.0,malicious
2,0.5,0,1,0,0,0,0,0,0,0,0,0,0,0,1,71.54708463588133,15.0,malicious
0,0.05,0,0,0,0,0,0,0,0,0,0,0,0,0,1,79.87348819185364,15.0,normal
1,0.35,0,0,0,0,0,0,0,0,0,0,0,0,0,0,57.409393007215336,0.0,suspicious
2,0.5,0,1,0,0,0,0,0,0,0,1,0,0,0,0,56.45056690359922,0.0,malicious
3,0.35,0,0,0,0,0,0,0,0,1,0,0,0,0,0,61.66850649296059,0.0,malicious
0,0.05,0,0,0,0,0,0,0,0,0,0,0,0,0,0,86.99553493673737,0.0,normal
0,0.08,0,0,0,0,0,0,0,0,0,0,0,0,0,0,74.2994634745875,0.0,normal
0,0.08,0,0,0,0,0,0,0,1,0,0,0,0,0,0,91.38583364772889,0.0,normal
2,0.1,0,0,0,0,0,0,0,0,0,0,0,0,1,0,68.88392574903001,30.0,malicious
1,0.1,0,0,0,0,0,0,0,0,1,0,0,0,0,0,75.78875584278279,0.0,suspicious
1,0.1,0,0,0,0,0,0,0,0,1,0,0,0,0,0,86.77978276921856,0.0,normal
1,0.85,1,0,0,0,0,0,0,1,0,0,0,0,0,0,53.14838997234966,0.0,malicious
0,0.1,0,0,0,0,0,0,0,0,0,0,0,0,0,0,85.16470192613241,0.0,normal
0,0.05,0,0,0,0,0,0,0,0,0,0,0,0,0,0,100.0,0.0,normal
0,0.05,0,0,0,0,0,0,0,0,0,0,0,0,0,1,97.97796016151148,15.0,normal
0,0.08,0,0,0,0,0,0,0,0,0,0,0,0,0,0,80.17955225325743,0.0,normal
2,0.1,0,0,0,0,0,0,0,0,0,0,0,0,0,0,82.60622085489803,0.0,normal
2,0.05,0,0,0,0,0,0,0,0,0,1,0,0,0,0,74.5287982398827,0.0,suspicious
1,0.1,0,0,0,0,0,0,0,0,0,0,0,0,0,0,81.149938287614,0.0,normal
0,0.05,0,0,0,0,0,0,0,0,0,0,0,0,0,0,100.0,0.0,normal
0,0.05,0,0,0,0,0,0,0,0,0,0,0,0,0,0,81.390982898961,0.0,normal
1,0.55,0,0,0,0,1,0,0,0,0,0,0,0,0,1,77.8639581168687,15.0,malicious
0,0.08,0,0,0,0,0,0,0,0,0,0,0,1,0,0,100.0,60.0,normal
1,0.1,0,0,0,0,0,0,0,1,0,0,0,0,0,0,98.25974229635325,0.0,normal
2,0.05,0,0,0,0,0,0,0,0,0,0,0,0,0,1,94.75156207245597,15.0,suspicious
0,0.3,0,0,0,0,0,0,0,1,1,1,0,0,0,0,90.1461976937634,0.0,normal
0,0.1,0,0,0,0,0,0,0,0,0,0,0,0,0,1,87.40136807458609,15.0,normal
4,0.35,0,0,0,0,0,0,0,0,0,0,0,0,0,1,85.8383193430563,15.0,malicious
1,0.05,0,0,0,0,0,0,0,0,0,0,0,0,0,0,84.20279748611506,0.0,normal
0,0.05,0,0,0,0,0,0,0,0,0,0,0,0,0,1,76.53653119190818,15.0,normal
3,0.1,0,0,0,0,0,0,0,0,1,0,0,0,0,0,78.335232660175,0.0,suspicious
2,0.25,0,0,0,0,0,0,1,0,0,0,0,0,0,0,92.13929730529462,0.0,suspicious
4,0.35,0,0,0,0,0,0,0,0,1,0,0,0,0,0,62.00932706581439,0.0,malicious
0,0.1,0,0,0,0,0,0,0,0,1,0,0,0,0,0,100.0,0.0,normal
1,0.1,0,0,0,0,0,0,0,0,1,0,0,0,0,1,100.0,15.0,suspicious
3,0.35,0,0,0,0,0,0,0,0,0,1,0,0,0,1,70.78220608620448,15.0,malicious
2,0.1,0,0,0,0,0,0,0,0,0,0,1,0,0,0,88.40414868952027,70.0,malicious
0,0.08,0,0,0,0,0,0,0,0,0,0,0,0,0,1,89.84677152951227,15.0,normal
0,0.1,0,0,0,0,0,0,0,0,1,0,0,0,0,0,78.97713630427451,0.0,normal
0,0.08,0,0,0,0,0,0,0,0,0,0,0,0,0,0,98.90854907009069,0.0,normal
0,0.1,0,0,0,0,0,0,0,0,1,0,1,0,0,0,85.65325068999202,70.0,suspicious
0,0.55,0,0,0,0,1,0,0,1,0,1,0,0,0,0,78.40116910067923,0.0,malicious
0,0.08,0,0,0,0,0,0,0,0,0,0,0,0,0,0,79.9885106280306,0.0,normal
2,0.1,0,0,0,0,0,0,0,0,0,0,0,0,0,0,88.22398913494607,0.0,suspicious
4,0.35,0,0,0,0,0,0,0,0,1,1,0,0,0,0,77.9730308777947,0.0,malicious
0,0.08,0,0,0,0,0,0,0,0,0,0,0,0,0,0,71.19713006488722,0.0,normal
1,0.55,0,0,0,0,1,0,0,1,0,1,0,0,0,0,60.28306462925981,0.0,malicious
0,0.1,0,0,0,0,0,0,0,0,0,0,0,1,0,1,67.7859746227451,75.0,suspicious
0,0.1,0,0,0,0,0,0,0,0,0,0,0,0,0,0,93.58963629891863,0.0,normal
0,0.05,0,0,0,0,0,0,0,0,1,0,0,1,0,1,85.53396771687386,75.0,suspicious
1,0.1,0,0,0,0,0,0,0,0,0,0,0,0,0,0,71.04310576993834,0.0,normal
1,0.05,0,0,0,0,0,0,0,0,0,0,0,1,1,0,100.0,90.0,suspicious
0,0.05,0,0,0,0,0,0,0,0,0,0,0,0,0,0,100.0,0.0,normal
0,1.0,0,0,0,1,0,0,0,0,0,0,0,0,0,0,73.61709256848559,0.0,malicious
0,0.08,0,0,0,0,0,0,0,0,1,0,0,1,0,0,76.70306899873518,60.0,suspicious
0,0.08,0,0,0,0,0,0,0,0,0,0,0,0,0,0,66.62472123653602,0.0,normal
1,0.1,0,0,0,0,0,0,0,0,0,0,0,0,1,0,85.80788229038347,30.0,normal
1,0.08,0,0,0,0,0,0,0,0,0,0,0,0,0,0,77.41511188210741,0.0,normal
0,0.08,0,0,0,0,0,0,0,1,0,0,0,0,0,0,87.22362816389489,0.0,normal
0,0.08,0,0,0,0,0,0,0,0,0,0,0,0,0,0,82.41556982714116,0.0,normal
0,0.05,0,0,0,0,0,0,0,0,0,0,0,0,0,0,67.93205298343669,0.0,normal
0,0.08,0,0,0,0,0,0,0,0,0,0,0,0,0,0,73.56936592441491,0.0,normal
1,0.08,0,0,0,0,0,0,0,0,0,0,0,0,0,0,88.28441492197513,0.0,normal
0,0.05,0,0,0,0,0,0,0,0,0,0,1,0,0,1,63.40420037781014,85.0,suspicious
0,0.08,0,0,0,0,0,0,0,0,0,0,0,0,0,0,50.00266630667341,0.0,normal
1,0.35,0,0,0,0,0,0,0,0,1,0,0,0,0,0,75.04285898444539,0.0,suspicious
0,0.1,0,0,0,0,0,0,0,0,0,0,0,0,0,1,96.31054012718756,15.0,normal
0,0.1,0,0,0,0,0,0,0,1,1,0,0,0,0,0,96.49598632442904,0.0,normal
1,1.0,0,0,0,1,0,0,0,0,1,1,0,0,0,0,58.34368127309884,0.0,malicious
1,0.05,0,0,0,0,0,0,0,1,0,0,1,0,0,0,90.1914336821179,70.0,malicious
0,0.55,0,0,0,0,1,0,0,0,0,1,0,1,0,0,67.51806885490136,60.0,malicious
0,0.5,0,1,0,0,0,0,0,0,0,1,0,0,0,0,59.11590324843006,0.0,suspicious
0,0.05,0,0,0,0,0,0,0,0,0,0,0,0,0,0,100.0,0.0,normal
0,0.1,0,0,0,0,0,0,0,0,0,0,0,1,0,0,74.17345119252359,60.0,normal
1,0.05,0,0,0,0,0,0,0,0,0,0,0,0,0,0,69.87244865442301,0.0,suspicious
1,0.08,0,0,0,0,0,0,0,1,0,0,0,0,0,0,81.33739994258819,0.0,normal
0,0.05,0,0,0,0,0,0,0,0,0,0,0,0,0,0,80.72719841737305,0.0,normal
0,0.9,0,0,1,0,0,0,0,0,0,0,0,0,1,1,63.36750823109925,45.0,malicious
2,0.08,0,0,0,0,0,0,0,0,0,0,0,0,0,0,87.01869369383398,0.0,suspicious
0,0.3,0,0,0,0,0,0,0,1,0,0,0,0,0,0,95.23042949779958,0.0,normal
0,0.05,0,0,0,0,0,0,0,0,0,0,0,0,0,0,84.34056448765845,0.0,normal
1,0.3,0,0,0,0,0,0,0,1,1,1,0,1,0,0,85.72532386713101,60.0,malicious
1,0.05,0,0,0,0,0,0,0,1,0,0,0,0,0,0,93.77323755094314,0.0,normal
1,0.08,0,0,0,0,0,0,0,0,0,0,0,0,0,0,84.28994209128663,0.0,normal
2,0.08,0,0,0,0,0,0,0,0,0,0,0,0,0,0,81.94182445715217,0.0,normal
0,0.08,0,0,0,0,0,0,0,0,0,0,0,0,0,0,89.97534823515366,0.0,normal
0,0.05,0,0,0,0,0,0,0,0,0,0,0,0,0,0,88.50125646114121,0.0,normal
0,0.25,0,0,0,0,0,0,1,0,0,0,0,0,0,0,80.65828372548249,0.0,normal
1,0.45,0,0,0,0,0,1,0,1,1,1,0,0,0,0,77.74611284476488,0.0,malicious
1,0.05,0,0,0,0,0,0,0,1,0,0,0,0,0,0,70.09460947925692,0.0,malicious
1,0.08,0,0,0,0,0,0,0,0,0,0,0,0,0,0,87.52130650845189,0.0,normal
0,0.08,0,0,0,0,0,0,0,0,0,0,0,0,0,0,100.0,0.0,normal
2,0.1,0,0,0,0,0,0,0,0,1,0,0,0,0,0,88.1617828335102,0.0,malicious
1,0.1,0,0,0,0,0,0,0,0,1,0,0,0,0,0,80.85328616264164,0.0,suspicious
2,0.85,1,0,0,0,0,0,0,1,0,0,1,0,1,1,62.49403005978079,100.0,malicious
1,0.35,0,0,0,0,0,0,0,0,1,0,0,0,0,1,75.51434604583534,15.0,suspicious
1,0.1,0,0,0,0,0,0,0,0,1,0,0,1,0,0,76.75286670400402,60.0,malicious
0,0.45,0,0,0,0,0,1,0,0,0,0,0,0,0,0,87.2412929721874,0.0,normal
3,0.25,0,0,0,0,0,0,1,0,0,1,0,0,0,0,65.23005642998076,0.0,malicious
0,0.05,0,0,0,0,0,0,0,1,0,0,0,0,0,0,86.57524249570608,0.0,normal
0,0.05,0,0,0,0,0,0,0,0,0,0,0,0,0,1,78.28073314562201,15.0,normal
0,0.45,0,0,0,0,0,1,0,0,0,0,0,0,0,0,81.12511345482586,0.0,normal
0,0.05,0,0,0,0,0,0,0,0,0,0,0,0,0,1,67.41193678256872,15.0,suspicious
1,0.1,0,0,0,0,0,0,0,0,1,1,0,1,0,0,89.94300933878314,60.0,malicious
0,0.9,0,0,1,0,0,0,0,0,1,1,0,0,0,0,79.22839432060408,0.0,malicious
1,0.08,0,0,0,0,0,0,0,0,0,0,0,0,0,0,90.39889358555763,0.0,normal
0,0.1,0,0,0,0,0,0,0,0,1,0,0,0,0,0,94.92942739773389,0.0,normal
0,0.05,0,0,0,0,0,0,0,0,0,1,0,0,0,1,77.67338034571239,15.0,normal
0,0.5,0,1,0,0,0,0,0,1,0,1,0,0,0,1,61.566704070778194,15.0,malicious
0,0.05,0,0,0,0,0,0,0,0,0,0,1,0,0,0,80.61130831659733,70.0,normal
0,0.1,0,0,0,0,0,0,0,0,0,1,0,0,0,0,79.05388514611367,0.0,normal
1,0.1,0,0,0,0,0,0,0,0,0,0,0,0,0,0,95.25126670880712,0.0,normal
1,0.08,0,0,0,0,0,0,0,0,0,1,0,0,0,1,100.0,15.0,normal
0,0.1,0,0,0,0,0,0,0,0,0,0,0,0,0,0,60.594067166730916,0.0,normal
1,0.3,0,0,0,0,0,0,0,1,0,1,0,0,0,0,75.16644882412554,0.0,malicious
0,0.1,0,0,0,0,0,0,0,0,0,0,0,0,0,0,76.45292375792305,0.0,normal
0,0.08,0,0,0,0,0,0,0,0,0,0,0,0,0,0,100.0,0.0,normal
2,0.08,0,0,0,0,0,0,0,1,0,1,0,0,0,0,72.73864751998902,0.0,malicious
0,0.08,0,0,0,0,0,0,0,0,0,1,0,0,0,0,96.61707840514845,0.0,normal
0,0.08,0,0,0,0,0,0,0,0,0,0,0,0,0,0,79.89320801022104,0.0,suspicious
0,0.05,0,0,0,0,0,0,0,0,0,0,0,0,0,0,59.131691028928586,0.0,normal
2,0.08,0,0,0,0,0,0,0,0,0,1,0,0,0,0,80.99692853914742,0.0,malicious
0,0.05,0,0,0,0,0,0,0,0,0,0,0,0,0,0,99.62997306128136,0.0,normal
2,0.05,0,0,0,0,0,0,0,0,0,0,0,0,0,0,91.03648668823314,0.0,normal
0,0.5,0,1,0,0,0,0,0,0,1,0,0,0,0,1,62.504681224694565,15.0,malicious
2,0.25,0,0,0,0,0,0,1,0,0,0,0,0,0,0,72.24245207960439,0.0,malicious
0,0.08,0,0,0,0,0,0,0,0,0,0,0,0,0,1,81.59999498102606,15.0,normal
0,1.0,0,0,0,1,0,0,0,1,0,0,0,0,0,0,69.53808710786316,0.0,malicious
2,0.35,0,0,0,0,0,0,0,0,1,0,0,0,0,0,43.70719019257551,0.0,malicious
0,0.08,0,0,0,0,0,0,0,0,0,0,0,0,0,1,62.53125169758832,15.0,normal
1,0.1,0,0,0,0,0,0,0,0,0,0,0,0,0,0,64.5965115415575,0.0,normal
4,0.35,0,0,0,0,0,0,0,0,1,1,0,0,0,0,77.23547569264149,0.0,malicious
0,0.05,0,0,0,0,0,0,0,0,1,1,0,1,0,0,87.74510958067005,60.0,suspicious
0,0.08,0,0,0,0,0,0,0,0,0,0,0,0,0,0,54.92946495194781,0.0,normal
1,0.45,0,0,0,0,0,1,0,0,1,0,0,0,0,1,86.25024113803188,15.0,malicious
1,0.1,0,0,0,0,0,0,0,0,1,0,0,1,0,0,100.0,60.0,suspicious
2,0.55,0,0,0,0,1,0,0,0,1,1,0,0,0,1,72.1928389905667,15.0,malicious
3,0.35,0,0,0,0,0,0,0,1,0,0,0,0,0,0,73.72235858248473,0.0,malicious
0,0.05,0,0,0,0,0,0,0,1,0,0,0,0,0,0,71.78775732239768,0.0,normal
0,0.05,0,0,0,0,0,0,0,0,0,0,0,0,0,0,91.35379010289655,0.0,normal
0,0.08,0,0,0,0,0,0,0,0,0,0,0,0,0,0,84.31634376709933,0.0,normal
1,0.35,0,0,0,0,0,0,0,1,1,0,0,0,0,1,64.6393221157579,15.0,malicious
0,0.08,0,0,0,0,0,0,0,0,0,0,0,0,0,0,89.93151112639929,0.0,normal
1,0.08,0,0,0,0,0,0,0,0,0,0,0,0,0,0,87.04753937968346,0.0,suspicious
0,0.1,0,0,0,0,0,0,0,0,1,0,0,0,0,0,82.12426876558301,0.0,normal
0,0.05,0,0,0,0,0,0,0,0,0,0,0,0,0,0,100.0,0.0,normal
1,0.35,0,0,0,0,0,0,0,0,1,0,0,0,0,1,39.24772432388879,15.0,malicious
0,0.1,0,0,0,0,0,0,0,1,0,1,0,0,0,0,92.90500368795261,0.0,normal
3,0.5,0,1,0,0,0,0,0,1,0,0,0,0,0,0,64.18224532444256,0.0,malicious
0,0.1,0,0,0,0,0,0,0,1,0,0,0,0,0,0,76.4175168935626,0.0,normal
2,0.05,0,0,0,0,0,0,0,0,0,0,0,0,0,0,100.0,0.0,normal
3,0.35,0,0,0,0,0,0,0,0,1,1,0,0,0,0,74.41383221866062,0.0,malicious
0,0.1,0,0,0,0,0,0,0,0,1,0,0,0,0,0,100.0,0.0,suspicious
0,0.05,0,0,0,0,0,0,0,0,0,0,0,0,0,0,98.55958168345758,0.0,normal
1,0.85,1,0,0,0,0,0,0,1,1,1,0,0,0,0,58.657238151864235,0.0,malicious
1,0.1,0,0,0,0,0,0,0,0,1,0,0,0,0,0,81.57477593378147,0.0,suspicious
0,0.1,0,0,0,0,0,0,0,0,0,0,0,0,0,0,49.13119687411453,0.0,normal
1,0.05,0,0,0,0,0,0,0,0,0,1,1,0,0,1,80.82285923970989,85.0,malicious
0,0.1,0,0,0,0,0,0,0,0,0,0,0,0,0,0,90.83160268391279,0.0,normal
1,0.05,0,0,0,0,0,0,0,0,0,1,0,0,0,0,70.35397562563404,0.0,malicious
0,0.9,0,0,1,0,0,0,0,0,0,0,0,0,0,0,74.31997753213261,0.0,malicious
1,0.08,0,0,0,0,0,0,0,1,0,0,0,0,1,0,93.47393674290723,30.0,suspicious
1,0.05,0,0,0,0,0,0,0,0,0,1,0,0,0,1,96.6029610209856,15.0,normal
1,0.05,0,0,0,0,0,0,0,0,0,0,0,0,0,1,82.58168171408204,15.0,normal
2,0.1,0,0,0,0,0,0,0,0,1,0,0,0,0,0,81.54295856117673,0.0,suspicious
0,0.05,0,0,0,0,0,0,0,0,0,0,0,0,0,0,82.35258639968548,0.0,normal
0,0.3,0,0,0,0,0,0,0,0,0,1,0,1,0,1,84.85624935309616,75.0,suspicious
0,0.1,0,0,0,0,0,0,0,0,0,0,0,0,0,1,72.68482770811497,15.0,normal
0,0.05,0,0,0,0,0,0,0,1,0,0,0,0,0,0,65.68077237974339,0.0,normal
1,0.1,0,0,0,0,0,0,0,0,1,0,0,1,0,1,86.86932563353808,75.0,malicious
0,0.08,0,0,0,0,0,0,0,0,0,0,0,0,0,0,73.5423734241107,0.0,normal
1,0.1,0,0,0,0,0,0,0,0,0,0,0,0,0,0,99.61609498751761,0.0,normal
1,0.05,0,0,0,0,0,0,0,0,0,0,0,0,0,0,73.49432736565554,0.0,normal
0,0.5,0,1,0,0,0,0,0,0,0,1,0,0,0,0,66.9184413719671,0.0,malicious
0,0.3,0,0,0,0,0,0,0,0,1,1,0,0,0,0,77.8904118362228,0.0,suspicious
1,0.9,0,0,1,0,0,0,0,0,1,0,0,0,0,0,58.47945961962349,0.0,malicious
1,0.08,0,0,0,0,0,0,0,1,0,0,0,0,0,0,73.99681326974803,0.0,suspicious
0,0.05,0,0,0,0,0,0,0,0,0,0,0,0,0,0,93.62410220771265,0.0,normal
0,0.9,0,0,1,0,0,0,0,0,1,0,0,0,0,0,60.5435738656218,0.0,malicious
2,0.1,0,0,0,0,0,0,0,0,0,0,0,0,0,0,92.36223874014544,0.0,normal
2,0.08,0,0,0,0,0,0,0,0,0,0,0,0,0,0,67.63520198479237,0.0,normal
0,0.05,0,0,0,0,0,0,0,0,0,0,0,0,0,0,97.86076969002613,0.0,normal
0,0.1,0,0,0,0,0,0,0,1,0,0,0,0,0,1,93.28440104854178,15.0,normal
0,0.25,0,0,0,0,0,0,1,0,1,0,0,0,0,0,90.3701108571843,0.0,normal
0,0.08,0,0,0,0,0,0,0,1,0,0,0,0,0,0,88.02855469815454,0.0,normal
1,0.1,0,0,0,0,0,0,0,0,1,0,0,0,0,0,81.97618472455764,0.0,suspicious
1,0.05,0,0,0,0,0,0,0,0,0,0,0,0,0,0,88.3156522608993,0.0,normal
0,0.1,0,0,0,0,0,0,0,0,1,0,0,0,0,0,75.28661386163145,0.0,normal
2,0.08,0,0,0,0,0,0,0,0,0,0,0,0,0,0,92.71123883740134,0.0,normal
0,0.35,0,0,0,0,0,0,0,0,0,1,0,0,0,0,70.53755459681051,0.0,normal
0,0.85,1,0,0,0,0,0,0,0,1,0,0,0,0,0,73.22886599052187,0.0,malicious
0,0.1,0,0,0,0,0,0,0,0,0,0,0,0,0,0,74.10049352306656,0.0,normal
0,0.1,0,0,0,0,0,0,0,0,1,0,0,0,0,0,74.39881077094114,0.0,normal
1,0.1,0,0,0,0,0,0,0,0,0,0,0,0,0,0,65.94254743990129,0.0,suspicious
2,0.05,0,0,0,0,0,0,0,0,0,0,0,0,0,0,91.83108179259949,0.0,normal
0,0.08,0,0,0,0,0,0,0,0,0,0,0,0,0,1,62.51778879404014,15.0,normal
0,0.5,0,1,0,0,0,0,0,0,1,1,0,0,0,0,60.43745918934342,0.0,malicious
0,1.0,0,0,0,1,0,0,0,0,1,1,0,0,0,0,68.8804954673466,0.0,malicious
0,0.08,0,0,0,0,0,0,0,0,0,0,0,0,0,0,67.30006574840988,0.0,normal
0,0.9,0,0,1,0,0,0,0,0,1,1,0,0,0,0,80.14317175337806,0.0,malicious
0,0.05,0,0,0,0,0,0,0,0,0,0,0,0,0,1,83.4004975712357,15.0,normal
3,0.1,0,0,0,0,0,0,0,0,0,0,0,0,0,0,90.69209533237824,0.0,suspicious
0,0.08,0,0,0,0,0,0,0,0,0,0,0,0,0,1,99.67984719897505,15.0,normal
0,0.08,0,0,0,0,0,0,0,0,0,0,0,0,0,0,82.37590156463389,0.0,normal
0,0.08,0,0,0,0,0,0,0,0,0,0,0,0,0,0,85.40201851792096,0.0,normal
0,0.55,0,0,0,0,1,0,0,0,0,1,0,0,0,1,63.13967238466652,15.0,malicious
0,0.1,0,0,0,0,0,0,0,0,0,0,0,0,0,0,77.48513702729593,0.0,normal
2,0.08,0,0,0,0,0,0,0,0,0,0,0,0,0,0,84.15209216804764,0.0,normal
0,0.08,0,0,0,0,0,0,0,0,0,0,0,0,0,0,76.78445040190994,0.0,normal
1,0.55,0,0,0,0,1,0,0,0,0,1,0,0,0,0,70.98886623237998,0.0,suspicious
2,0.1,0,0,0,0,0,0,0,0,1,0,0,0,0,0,100.0,0.0,suspicious
0,0.08,0,0,0,0,0,0,0,0,0,0,1,0,0,0,80.24784798231435,70.0,normal
0,0.05,0,0,0,0,0,0,0,0,0,0,0,0,0,0,80.1537136005921,0.0,normal
0,0.08,0,0,0,0,0,0,0,0,0,0,0,0,0,1,91.36213917890103,15.0,normal
0,0.25,0,0,0,0,0,0,1,0,1,0,0,0,1,0,100.0,30.0,normal
0,0.08,0,0,0,0,0,0,0,0,0,0,0,0,0,0,72.1312274689651,0.0,normal
0,0.08,0,0,0,0,0,0,0,0,0,0,0,0,0,0,86.30104930094203,0.0,normal
0,0.05,0,0,0,0,0,0,0,0,0,0,0,0,0,0,65.26687147177056,0.0,normal
0,0.1,0,0,0,0,0,0,0,0,0,0,0,0,0,0,86.13795445663769,0.0,normal
0,0.05,0,0,0,0,0,0,0,0,0,0,0,0,0,1,98.49191077701335,15.0,normal
0,0.1,0,0,0,0,0,0,0,0,0,1,0,0,0,0,79.54598450723701,0.0,normal
1,0.35,0,0,0,0,0,0,0,0,0,0,0,0,0,0,64.42419414807941,0.0,suspicious
0,0.1,0,0,0,0,0,0,0,0,1,0,0,1,0,1,76.97744349988174,75.0,malicious
1,0.1,0,0,0,0,0,0,0,0,0,0,0,0,1,0,80.96205352077156,30.0,suspicious
1,0.08,0,0,0,0,0,0,0,0,0,0,0,0,1,0,97.33384851633322,30.0,normal
0,0.45,0,0,0,0,0,1,0,0,0,0,0,0,0,0,85.77391656618155,0.0,normal
0,0.05,0,0,0,0,0,0,0,0,0,0,0,0,0,0,76.00322577954014,0.0,normal
1,0.05,0,0,0,0,0,0,0,0,0,0,0,0,0,0,72.01523101021985,0.0,normal
0,0.08,0,0,0,0,0,0,0,0,0,0,0,0,0,0,76.96013607737814,0.0,normal
0,0.25,0,0,0,0,0,0,1,1,1,0,0,0,0,1,78.77179896629498,15.0,suspicious
0,0.1,0,0,0,0,0,0,0,0,1,0,0,0,0,0,83.65968195795274,0.0,normal
1,0.25,0,0,0,0,0,0,1,0,0,0,0,0,0,0,80.88274313488043,0.0,normal
2,0.1,0,0,0,0,0,0,0,0,1,0,0,0,0,0,71.94177653469781,0.0,malicious
0,0.08,0,0,0,0,0,0,0,0,0,0,0,0,0,0,81.29235901427265,0.0,normal
0,0.1,0,0,0,0,0,0,0,0,0,0,0,0,0,0,68.46954533678384,0.0,normal
0,0.1,0,0,0,0,0,0,0,0,0,0,0,0,1,0,86.15032443717169,30.0,normal
0,0.55,0,0,0,0,1,0,0,0,0,0,0,0,0,0,43.517152008019856,0.0,suspicious
0,0.08,0,0,0,0,0,0,0,1,0,0,0,0,0,0,80.737000896512,0.0,normal
0,0.08,0,0,0,0,0,0,0,0,0,0,0,0,0,0,62.43217557649687,0.0,normal
3,0.35,0,0,0,0,0,0,0,0,0,0,0,0,0,1,57.38661233390023,15.0,malicious
1,0.08,0,0,0,0,0,0,0,0,0,0,0,0,0,0,88.21263012098096,0.0,normal
0,0.9,0,0,1,0,0,0,0,0,1,0,0,0,1,0,66.3952772205239,30.0,malicious
2,0.1,0,0,0,0,0,0,0,0,0,0,0,0,0,1,94.33078909332791,15.0,normal
0,0.05,0,0,0,0,0,0,0,0,0,1,0,1,0,1,87.25215328697767,75.0,suspicious
0,0.08,0,0,0,0,0,0,0,0,0,1,0,0,0,0,81.58373756913797,0.0,normal
1,0.85,1,0,0,0,0,0,0,1,1,0,0,0,0,0,59.42854931237988,0.0,malicious
0,0.1,0,0,0,0,0,0,0,0,0,0,0,0,0,0,68.98572870276827,0.0,normal
0,0.08,0,0,0,0,0,0,0,0,0,1,0,0,0,0,59.789135995071995,0.0,suspicious
1,0.1,0,0,0,0,0,0,0,0,0,0,0,1,0,0,77.35832551093546,60.0,suspicious
1,0.05,0,0,0,0,0,0,0,0,0,1,0,0,0,0,82.24868001428537,0.0,suspicious
1,0.3,0,0,0,0,0,0,0,1,0,0,0,0,0,0,78.70347470154671,0.0,suspicious
2,0.08,0,0,0,0,0,0,0,1,0,1,0,0,0,0,87.33210737651945,0.0,malicious
0,0.3,0,0,0,0,0,0,0,0,1,0,0,0,0,1,90.01954004189571,15.0,normal
3,0.35,0,0,0,0,0,0,0,1,0,0,0,0,0,0,47.78953646759607,0.0,malicious
1,0.1,0,0,0,0,0,0,0,0,0,0,0,0,0,0,100.0,0.0,normal
0,0.08,0,0,0,0,0,0,0,0,0,0,0,0,0,1,94.75100451604283,15.0,normal
1,0.1,0,0,0,0,0,0,0,0,0,0,0,0,0,1,78.83018011927486,15.0,normal
1,0.08,0,0,0,0,0,0,0,0,1,0,0,0,0,0,96.481104566542,0.0,normal
1,0.08,0,0,0,0,0,0,0,0,0,0,0,0,0,0,73.04826318801015,0.0,normal
1,0.1,0,0,0,0,0,0,0,0,1,0,0,0,0,1,100.0,15.0,suspicious
0,0.08,0,0,0,0,0,0,0,0,0,0,0,0,0,1,70.06118554997755,15.0,normal
0,0.1,0,0,0,0,0,0,0,0,1,0,0,0,0,0,87.85750099110818,0.0,normal
0,0.08,0,0,0,0,0,0,0,0,0,0,0,0,0,0,82.33881346395958,0.0,normal
0,0.1,0,0,0,0,0,0,0,0,0,0,0,0,0,1,77.48929964238862,15.0,normal
0,0.1,0,0,0,0,0,0,0,0,1,0,0,0,0,0,100.0,0.0,normal
0,0.08,0,0,0,0,0,0,0,0,0,0,0,0,0,0,76.07590559166867,0.0,normal
0,0.05,0,0,0,0,0,0,0,0,0,0,0,0,0,1,100.0,15.0,suspicious
0,0.5,0,1,0,0,0,0,0,1,1,1,0,0,0,0,73.92354130831312,0.0,malicious
1,0.35,0,0,0,0,0,0,0,0,0,1,0,0,0,0,70.42582646668934,0.0,suspicious
1,0.1,0,0,0,0,0,0,0,1,1,0,0,1,0,0,63.297476086061224,60.0,suspicious
2,0.3,0,0,0,0,0,0,0,0,0,0,0,0,0,0,70.8366485447597,0.0,suspicious
2,0.08,0,0,0,0,0,0,0,0,0,0,0,0,0,0,88.47353529138285,0.0,normal
0,0.05,0,0,0,0,0,0,0,0,0,0,0,1,0,0,80.13267651961475,60.0,normal
0,0.1,0,0,0,0,0,0,0,0,0,0,0,0,0,0,78.14383187451504,0.0,normal
1,0.08,0,0,0,0,0,0,0,0,0,0,0,0,0,1,97.81470967368546,15.0,normal
1,0.9,0,0,1,0,0,0,0,1,1,1,0,0,0,1,81.78489417073159,15.0,malicious
0,0.1,0,0,0,0,0,0,0,0,0,0,0,1,0,0,93.79812944382789,60.0,normal
0,0.5,0,1,0,0,0,0,0,0,0,1,0,0,0,0,67.25439821356983,0.0,malicious
0,0.05,0,0,0,0,0,0,0,0,0,0,0,0,0,0,94.17013179381617,0.0,normal
0,0.05,0,0,0,0,0,0,0,0,0,0,0,0,0,0,83.23031277352963,0.0,normal
0,0.3,0,0,0,0,0,0,0,0,0,1,0,0,0,0,75.99573097387194,0.0,normal
1,0.05,0,0,0,0,0,0,0,0,0,0,0,0,0,1,100.0,15.0,normal
0,0.08,0,0,0,0,0,0,0,0,1,0,0,1,0,0,62.59847193078336,60.0,malicious
1,0.3,0,0,0,0,0,0,0,1,0,0,0,1,0,0,83.58822242992014,60.0,malicious
0,0.25,0,0,0,0,0,0,1,1,1,0,0,1,0,0,94.11646128594248,60.0,malicious
0,0.08,0,0,0,0,0,0,0,0,0,0,0,0,0,0,100.0,0.0,normal
0,0.05,0,0,0,0,0,0,0,0,0,1,0,0,0,0,91.44309405115753,0.0,normal
1,0.05,0,0,0,0,0,0,0,0,0,0,0,0,0,0,75.86068271375686,0.0,normal
0,0.25,0,0,0,0,0,0,1,1,0,1,0,0,0,0,83.9303195757144,0.0,suspicious
0,0.1,0,0,0,0,0,0,0,0,0,0,0,0,0,0,67.12450615989633,0.0,normal
0,0.08,0,0,0,0,0,0,0,0,0,0,0,0,0,0,71.23835410629337,0.0,normal
2,0.08,0,0,0,0,0,0,0,0,0,0,0,0,0,0,69.39593593912679,0.0,normal
1,0.1,0,0,0,0,0,0,0,0,0,0,0,0,1,0,95.74409240801457,30.0,normal
0,0.08,0,0,0,0,0,0,0,0,0,0,0,0,0,0,77.1740251538439,0.0,normal
0,0.05,0,0,0,0,0,0,0,0,0,0,0,0,0,0,93.57929143524706,0.0,normal
1,0.05,0,0,0,0,0,0,0,0,0,1,0,0,0,1,79.90212590964207,15.0,normal
0,0.25,0,0,0,0,0,0,1,1,0,0,0,1,0,0,85.76033351784774,60.0,suspicious
0,0.08,0,0,0,0,0,0,0,1,0,0,0,0,0,0,100.0,0.0,normal
1,0.35,0,0,0,0,0,0,0,0,0,1,0,0,1,0,78.29879895313191,30.0,malicious
0,0.1,0,0,0,0,0,0,0,0,1,0,0,0,0,0,63.362419590724095,0.0,normal
0,0.1,0,0,0,0,0,0,0,0,1,0,0,0,0,0,82.1067277453461,0.0,normal
0,0.05,0,0,0,0,0,0,0,0,0,0,0,1,0,0,78.18081988682424,60.0,normal
1,0.05,0,0,0,0,0,0,0,0,0,0,0,0,0,0,99.20901328473937,0.0,normal
0,0.08,0,0,0,0,0,0,0,0,0,0,0,0,1,0,90.28960929912928,30.0,normal
0,0.3,0,0,0,0,0,0,0,0,1,0,0,0,0,0,100.0,0.0,normal
0,0.08,0,0,0,0,0,0,0,0,0,0,0,0,0,0,78.84259847968455,0.0,suspicious
0,0.05,0,0,0,0,0,0,0,0,1,0,0,0,0,1,77.76094663688531,15.0,normal
0,0.08,0,0,0,0,0,0,0,0,0,0,0,0,0,0,100.0,0.0,normal
0,0.05,0,0,0,0,0,0,0,0,0,1,0,0,0,0,100.0,0.0,normal
1,0.25,0,0,0,0,0,0,1,0,0,0,0,0,0,0,68.5999784157264,0.0,normal
2,0.35,0,0,0,0,0,0,0,0,0,0,0,0,0,0,65.2174918807573,0.0,suspicious
0,0.1,0,0,0,0,0,0,0,0,0,0,0,0,0,0,75.2618434904416,0.0,normal
1,0.25,0,0,0,0,0,0,1,0,0,1,0,0,0,0,79.98351073151446,0.0,suspicious
0,0.05,0,0,0,0,0,0,0,0,1,0,0,0,0,1,85.49368989245954,15.0,normal
1,0.08,0,0,0,0,0,0,0,0,0,0,0,0,0,0,81.72287593665224,0.0,normal
0,0.05,0,0,0,0,0,0,0,0,0,0,0,0,0,0,90.72712309760355,0.0,normal
1,0.1,0,0,0,0,0,0,0,0,0,0,0,0,0,1,73.98895607008129,15.0,normal
0,0.05,0,0,0,0,0,0,0,0,0,0,0,0,0,0,82.53863215994429,0.0,normal
0,0.3,0,0,0,0,0,0,0,0,0,1,0,0,0,0,84.84883176402695,0.0,normal
0,0.05,0,0,0,0,0,0,0,1,0,0,0,0,0,0,64.0173001519986,0.0,normal
1,0.1,0,0,0,0,0,0,0,0,1,0,0,0,0,0,98.33497714837978,0.0,normal
0,0.08,0,0,0,0,0,0,0,0,0,0,0,0,0,1,95.99858824276471,15.0,normal
1,0.1,0,0,0,0,0,0,0,1,0,1,0,0,0,0,100.0,0.0,normal
1,0.08,0,0,0,0,0,0,0,0,0,0,0,0,0,0,91.55380971844579,0.0,normal
0,0.05,0,0,0,0,0,0,0,0,0,0,0,0,0,0,81.54711239408303,0.0,normal
1,0.1,0,0,0,0,0,0,0,0,1,0,0,0,0,0,81.87801078931699,0.0,suspicious
0,0.1,0,0,0,0,0,0,0,0,1,0,1,0,0,0,100.0,70.0,suspicious
1,0.05,0,0,0,0,0,0,0,0,0,0,0,0,0,0,81.17608389880392,0.0,normal
0,0.08,0,0,0,0,0,0,0,0,0,0,0,0,0,0,96.24654172297649,0.0,normal
0,0.08,0,0,0,0,0,0,0,0,0,0,0,0,0,0,64.09059792471845,0.0,suspicious
0,0.08,0,0,0,0,0,0,0,0,0,0,0,0,0,0,73.81066542125781,0.0,normal
1,0.85,1,0,0,0,0,0,0,0,0,0,0,0,0,0,75.48953802337115,0.0,malicious
1,1.0,0,0,0,1,0,0,0,0,0,1,0,0,0,0,68.4439566978587,0.0,malicious
1,0.05,0,0,0,0,0,0,0,1,0,0,0,0,0,1,83.49739076734103,15.0,normal
0,0.08,0,0,0,0,0,0,0,0,0,0,0,0,0,0,98.18687321165365,0.0,normal
1,0.1,0,0,0,0,0,0,0,0,1,0,0,0,0,1,55.95153153605862,15.0,suspicious
1,0.1,0,0,0,0,0,0,0,0,0,0,0,0,1,0,89.9109008467521,30.0,suspicious
0,0.1,0,0,0,0,0,0,0,0,1,1,0,0,0,0,98.52252001897267,0.0,normal
1,0.25,0,0,0,0,0,0,1,0,0,0,0,0,0,0,71.07054974272836,0.0,normal
5,0.35,0,0,0,0,0,0,0,0,0,1,0,0,0,0,63.911151538904235,0.0,malicious
0,0.3,0,0,0,0,0,0,0,1,0,1,0,0,0,0,81.0073105210643,0.0,normal
1,0.05,0,0,0,0,0,0,0,0,0,0,0,1,0,0,72.6494099710656,60.0,malicious
1,0.3,0,0,0,0,0,0,0,0,0,0,0,0,0,0,91.90820616217341,0.0,normal
0,0.08,0,0,0,0,0,0,0,0,0,0,0,0,1,0,89.17085957580154,30.0,normal
1,0.1,0,0,0,0,0,0,0,0,0,0,0,0,1,0,72.9424723839542,30.0,malicious
0,0.1,0,0,0,0,0,0,0,0,1,0,0,0,0,0,75.9154894518038,0.0,normal
1,0.05,0,0,0,0,0,0,0,0,0,0,0,0,0,0,97.55712525429132,0.0,normal
1,0.08,0,0,0,0,0,0,0,0,0,0,1,0,0,1,91.69970964660628,85.0,suspicious
1,0.3,0,0,0,0,0,0,0,1,0,1,0,0,0,0,77.5123011349405,0.0,suspicious
0,0.1,0,0,0,0,0,0,0,0,1,0,0,0,0,0,76.98919793033362,0.0,normal
1,0.08,0,0,0,0,0,0,0,0,0,0,0,0,0,0,96.44556405713749,0.0,normal
0,0.05,0,0,0,0,0,0,0,1,0,0,0,0,1,0,86.09277977636827,30.0,normal
3,1.0,0,0,0,1,0,0,0,0,0,1,0,0,0,0,53.073836997037986,0.0,malicious
0,0.08,0,0,0,0,0,0,0,0,0,0,0,0,0,0,82.92866099713797,0.0,normal
0,0.05,0,0,0,0,0,0,0,1,0,0,0,0,0,0,55.78852017301856,0.0,normal
1,0.05,0,0,0,0,0,0,0,0,0,0,0,0,0,0,78.11374998725574,0.0,normal
0,0.05,0,0,0,0,0,0,0,1,0,0,0,0,0,0,83.72807820696933,0.0,normal
0,0.1,0,0,0,0,0,0,0,0,1,0,0,0,0,0,98.0108339643732,0.0,normal
0,0.05,0,0,0,0,0,0,0,0,0,0,0,0,0,0,100.0,0.0,normal
1,0.08,0,0,0,0,0,0,0,0,0,1,0,0,0,0,78.25358547142974,0.0,suspicious
2,0.1,0,0,0,0,0,0,0,0,1,0,0,0,0,0,90.810219031835,0.0,malicious
0,0.1,0,0,0,0,0,0,0,0,1,0,0,0,0,0,86.15964001083566,0.0,normal
0,0.08,0,0,0,0,0,0,0,1,0,0,0,0,0,0,100.0,0.0,normal
1,0.05,0,0,0,0,0,0,0,0,1,0,0,0,0,0,92.15160399288837,0.0,normal
0,0.1,0,0,0,0,0,0,0,0,0,0,0,0,0,0,100.0,0.0,normal
0,0.3,0,0,0,0,0,0,0,0,0,1,0,0,0,0,72.44428360917777,0.0,normal
0,0.1,0,0,0,0,0,0,0,0,0,0,0,0,1,0,81.71930935225457,30.0,normal
0,0.3,0,0,0,0,0,0,0,0,0,1,0,0,0,0,83.12766326296466,0.0,normal
1,0.08,0,0,0,0,0,0,0,0,0,0,0,0,0,0,67.08210579795997,0.0,normal
2,0.08,0,0,0,0,0,0,0,0,0,0,0,0,0,0,100.0,0.0,suspicious
4,0.35,0,0,0,0,0,0,0,0,1,1,0,0,1,0,81.2799891453118,30.0,malicious
0,0.3,0,0,0,0,0,0,0,0,0,1,0,0,0,1,97.87820741672864,15.0,normal
0,0.08,0,0,0,0,0,0,0,0,0,0,0,0,0,0,91.79118598154895,0.0,normal
2,0.25,0,0,0,0,0,0,1,1,0,1,1,0,0,0,83.28331823911381,70.0,malicious
0,0.08,0,0,0,0,0,0,0,0,0,0,0,0,0,1,78.99418416828061,15.0,normal
0,0.05,0,0,0,0,0,0,0,1,0,0,0,0,0,0,70.04636769015414,0.0,normal
2,0.35,0,0,0,0,0,0,0,0,0,1,0,0,0,1,58.30202169828134,15.0,malicious
1,0.1,0,0,0,0,0,0,0,0,1,1,0,0,0,0,82.46228419098439,0.0,malicious
0,0.05,0,0,0,0,0,0,0,0,0,0,0,0,0,0,88.43314420775201,0.0,normal
0,0.1,0,0,0,0,0,0,0,0,0,0,0,0,0,0,62.87621213813011,0.0,normal
1,0.85,1,0,0,0,0,0,0,0,0,0,0,0,0,0,56.67853549345658,0.0,malicious
0,0.1,0,0,0,0,0,0,0,0,0,0,0,0,0,0,94.98475418538453,0.0,normal
0,0.1,0,0,0,0,0,0,0,0,0,0,0,1,0,0,89.04920812650775,60.0,normal
1,0.05,0,0,0,0,0,0,0,1,0,0,0,0,0,1,78.67111709756874,15.0,normal
0,0.08,0,0,0,0,0,0,0,0,0,0,0,0,0,0,80.10101530209398,0.0,normal
2,0.9,0,0,1,0,0,0,0,1,0,1,0,0,0,0,63.414048069944315,0.0,malicious
0,0.05,0,0,0,0,0,0,0,0,0,0,0,0,0,0,92.63864058521585,0.0,normal
0,0.05,0,0,0,0,0,0,0,0,0,0,0,0,0,0,90.7038141639584,0.0,normal
0,0.1,0,0,0,0,0,0,0,0,1,0,0,0,0,0,96.2796542905203,0.0,normal
0,0.45,0,0,0,0,0,1,0,0,0,1,0,0,0,0,84.31078268529897,0.0,suspicious
0,0.08,0,0,0,0,0,0,0,0,0,0,0,0,0,0,66.80926237889908,0.0,suspicious
2,0.05,0,0,0,0,0,0,0,0,0,0,0,0,1,0,81.02341904550555,30.0,suspicious
0,0.1,0,0,0,0,0,0,0,0,1,0,0,0,0,0,100.0,0.0,normal
2,0.25,0,0,0,0,0,0,1,0,0,0,0,0,0,0,69.47820229296647,0.0,malicious
1,0.1,0,0,0,0,0,0,0,0,1,0,0,0,0,0,100.0,0.0,normal
0,0.1,0,0,0,0,0,0,0,0,1,0,0,0,0,0,86.0372568579033,0.0,normal
4,0.35,0,0,0,0,0,0,0,1,0,0,0,0,1,0,70.62362344562973,30.0,malicious
2,0.25,0,0,0,0,0,0,1,0,1,0,0,0,0,0,74.678623931872,0.0,malicious
1,0.45,0,0,0,0,0,1,0,1,0,1,0,0,0,0,70.70135476101014,0.0,malicious
1,0.05,0,0,0,0,0,0,0,0,0,0,0,0,0,0,70.67588284809287,0.0,normal
1,0.1,0,0,0,0,0,0,0,0,0,0,0,0,0,0,87.1574750754951,0.0,normal
0,0.1,0,0,0,0,0,0,0,0,1,0,0,0,0,1,80.81992083604095,15.0,normal
1,0.25,0,0,0,0,0,0,1,0,0,1,0,0,0,1,73.05246570819453,15.0,malicious
1,0.08,0,0,0,0,0,0,0,0,0,0,0,1,0,1,74.76744137212717,75.0,malicious
0,0.05,0,0,0,0,0,0,0,0,1,0,0,0,0,0,100.0,0.0,normal
4,0.35,0,0,0,0,0,0,0,0,1,1,0,0,0,1,83.04461224332005,15.0,malicious
0,0.08,0,0,0,0,0,0,0,0,0,0,0,0,1,0,76.06391195654236,30.0,normal
1,0.35,0,0,0,0,0,0,0,0,0,1,0,0,0,0,65.76987402234658,0.0,suspicious
0,0.3,0,0,0,0,0,0,0,0,1,0,0,0,0,1,86.44816310759218,15.0,suspicious
0,0.08,0,0,0,0,0,0,0,0,0,0,0,0,0,1,99.80611095074428,15.0,normal
0,0.1,0,0,0,0,0,0,0,0,1,0,0,0,0,0,92.00193228314309,0.0,normal
0,0.3,0,0,0,0,0,0,0,1,0,0,0,0,1,0,83.33895344803143,30.0,normal
6,0.35,0,0,0,0,0,0,0,1,0,1,0,0,0,0,69.43258940849324,0.0,malicious
0,0.05,0,0,0,0,0,0,0,0,0,0,0,0,0,0,86.29006704806959,0.0,normal
0,0.1,0,0,0,0,0,0,0,0,0,0,0,0,0,0,77.14038880987187,0.0,normal
2,0.08,0,0,0,0,0,0,0,0,0,0,0,0,0,0,90.47316353401646,0.0,normal
0,0.55,0,0,0,0,1,0,0,0,1,0,0,0,0,0,63.00635520009817,0.0,suspicious
1,0.85,1,0,0,0,0,0,0,0,1,1,0,0,0,0,67.0793242675188,0.0,malicious
0,0.1,0,0,0,0,0,0,0,0,0,0,1,1,0,0,72.25036199045498,100.0,malicious
1,0.55,0,0,0,0,1,0,0,1,1,0,0,0,1,0,67.03554516880234,30.0,malicious
7,0.35,0,0,0,0,0,0,0,1,0,1,0,0,0,0,79.29080956454673,0.0,malicious
1,0.08,0,0,0,0,0,0,0,0,0,0,1,0,0,0,86.61702384756964,70.0,malicious
0,0.08,0,0,0,0,0,0,0,0,0,0,0,0,0,0,86.09936275274555,0.0,normal
1,0.9,0,0,1,0,0,0,0,0,1,0,0,0,0,1,51.80189661789364,15.0,malicious
0,0.08,0,0,0,0,0,0,0,0,0,1,0,0,0,0,93.3006436267088,0.0,normal
0,0.08,0,0,0,0,0,0,0,1,0,1,0,1,0,0,86.2150511006974,60.0,suspicious
0,0.1,0,0,0,0,0,0,0,1,0,1,0,1,0,0,84.40235537200286,60.0,malicious
0,0.1,0,0,0,0,0,0,0,0,0,0,0,0,0,1,70.3561096920474,15.0,normal
1,0.55,0,0,0,0,1,0,0,0,0,1,0,0,0,0,69.34624067006115,0.0,malicious
0,0.08,0,0,0,0,0,0,0,0,0,0,0,0,0,0,100.0,0.0,normal
0,0.08,0,0,0,0,0,0,0,0,0,0,0,0,0,0,89.41527369867829,0.0,normal
4,0.35,0,0,0,0,0,0,0,0,0,0,0,0,0,0,63.038569084465045,0.0,malicious
0,0.1,0,0,0,0,0,0,0,0,0,0,0,0,0,0,85.92330397075588,0.0,normal
0,0.1,0,0,0,0,0,0,0,0,1,0,0,0,0,0,89.45737742549208,0.0,normal
0,0.05,0,0,0,0,0,0,0,0,0,0,0,0,0,0,78.90444620959303,0.0,normal
0,0.08,0,0,0,0,0,0,0,0,0,0,0,0,0,1,85.49590348300373,15.0,normal
0,0.1,0,0,0,0,0,0,0,0,0,0,0,0,0,0,85.4422310235352,0.0,normal
1,0.08,0,0,0,0,0,0,0,0,0,0,0,0,0,0,82.05706353105994,0.0,normal
0,0.1,0,0,0,0,0,0,0,0,0,0,0,0,0,0,79.26097333647195,0.0,normal
0,0.1,0,0,0,0,0,0,0,0,0,0,0,0,0,0,84.23807807013227,0.0,normal
0,0.85,1,0,0,0,0,0,0,0,0,0,0,0,0,0,58.869280947160405,0.0,malicious
1,0.55,0,0,0,0,1,0,0,0,0,1,0,0,0,0,86.14981686738606,0.0,malicious
1,0.05,0,0,0,0,0,0,0,0,1,0,0,0,0,0,91.87970079164309,0.0,normal
0,0.08,0,0,0,0,0,0,0,0,0,0,0,0,0,0,84.17267385208449,0.0,normal
0,0.85,1,0,0,0,0,0,0,0,0,0,0,0,0,0,63.21736830188314,0.0,malicious
0,0.9,0,0,1,0,0,0,0,1,0,0,0,0,0,0,64.63943001287899,0.0,malicious
4,0.35,0,0,0,0,0,0,0,1,1,1,0,0,0,0,59.200751604651536,0.0,malicious
1,0.08,0,0,0,0,0,0,0,0,1,0,0,0,0,0,99.65910152369374,0.0,normal
1,0.1,0,0,0,0,0,0,0,0,0,1,0,0,0,0,76.99595069477361,0.0,malicious
1,0.45,0,0,0,0,0,1,0,0,0,1,0,0,0,0,77.39646569669216,0.0,malicious
1,0.1,0,0,0,0,0,0,0,0,1,0,0,0,0,0,75.52988910148407,0.0,normal
1,0.05,0,0,0,0,0,0,0,0,0,0,0,0,1,0,81.59302251360677,30.0,normal
0,0.1,0,0,0,0,0,0,0,0,0,0,0,0,1,0,99.01420290800961,30.0,normal
0,0.1,0,0,0,0,0,0,0,1,0,0,0,0,0,0,89.087500388643,0.0,normal
0,0.1,0,0,0,0,0,0,0,0,0,0,0,0,0,0,74.48898887645227,0.0,normal
0,0.1,0,0,0,0,0,0,0,0,1,0,0,0,0,0,100.0,0.0,normal
1,0.45,0,0,0,0,0,1,0,1,0,1,0,0,0,0,93.97729103532501,0.0,malicious
4,0.35,0,0,0,0,0,0,0,0,1,0,0,0,0,0,83.8579990359158,0.0,suspicious
0,0.05,0,0,0,0,0,0,0,0,0,0,0,0,0,0,84.23924456491805,0.0,normal
0,0.08,0,0,0,0,0,0,0,0,0,0,0,0,0,1,76.07109234016549,15.0,normal
2,0.05,0,0,0,0,0,0,0,0,0,0,0,0,0,0,82.18908113883334,0.0,normal
0,0.05,0,0,0,0,0,0,0,0,1,0,0,0,0,0,68.90153666771084,0.0,normal
0,0.5,0,1,0,0,0,0,0,0,0,0,0,0,0,1,63.05771050213683,15.0,suspicious
0,0.08,0,0,0,0,0,0,0,0,0,0,0,0,0,0,78.68862802020384,0.0,normal
0,0.08,0,0,0,0,0,0,0,0,0,0,0,0,0,0,100.0,0.0,normal
1,0.3,0,0,0,0,0,0,0,1,0,0,0,0,0,0,72.0902203301793,0.0,suspicious
1,0.85,1,0,0,0,0,0,0,0,0,1,0,0,0,0,44.34905622886589,0.0,malicious
1,0.1,0,0,0,0,0,0,0,1,0,0,1,0,0,0,90.23520599826654,70.0,suspicious
0,0.3,0,0,0,0,0,0,0,1,1,1,0,1,0,1,69.0810557551281,75.0,malicious
0,0.1,0,0,0,0,0,0,0,0,1,0,0,0,0,0,91.30328073003432,0.0,normal
0,0.05,0,0,0,0,0,0,0,0,0,0,0,0,0,0,77.31423687539996,0.0,normal
0,0.05,0,0,0,0,0,0,0,0,0,0,0,0,0,0,71.4608199550727,0.0,normal
0,0.1,0,0,0,0,0,0,0,0,0,0,0,0,0,0,79.52296644028284,0.0,normal
3,0.1,0,0,0,0,0,0,0,0,1,1,0,1,0,0,76.45980591254961,60.0,malicious
0,0.05,0,0,0,0,0,0,0,0,0,0,0,0,0,0,93.62966911136176,0.0,normal
0,0.08,0,0,0,0,0,0,0,0,0,0,0,0,0,0,75.04454334295515,0.0,normal
0,0.05,0,0,0,0,0,0,0,1,0,0,0,0,0,0,70.11209523048547,0.0,normal
0,0.1,0,0,0,0,0,0,0,0,1,0,0,0,0,0,100.0,0.0,normal
1,0.1,0,0,0,0,0,0,0,0,0,0,0,0,0,0,100.0,0.0,normal
0,0.08,0,0,0,0,0,0,0,0,0,0,0,0,0,0,72.51316102417879,0.0,normal
1,0.08,0,0,0,0,0,0,0,0,0,0,0,0,0,0,86.38090339125165,0.0,normal
1,0.1,0,0,0,0,0,0,0,1,0,0,0,0,0,1,74.5354206368213,15.0,malicious
3,0.35,0,0,0,0,0,0,0,1,0,1,0,1,0,0,75.10992084952954,60.0,malicious
1,0.05,0,0,0,0,0,0,0,0,1,0,0,0,0,1,100.0,15.0,normal
0,0.05,0,0,0,0,0,0,0,0,0,0,0,0,0,0,74.95274774429355,0.0,normal
4,0.35,0,0,0,0,0,0,0,0,1,0,0,0,0,0,75.83841141802381,0.0,malicious
0,0.08,0,0,0,0,0,0,0,0,0,0,0,0,1,1,79.80253609765548,45.0,normal
0,0.08,0,0,0,0,0,0,0,0,0,0,0,0,0,0,90.46552383661546,0.0,normal
0,0.05,0,0,0,0,0,0,0,0,0,0,0,0,0,0,100.0,0.0,normal
0,0.1,0,0,0,0,0,0,0,0,0,0,0,0,0,1,100.0,15.0,normal
1,0.25,0,0,0,0,0,0,1,0,0,0,0,1,0,0,94.76529201007298,60.0,suspicious
0,0.05,0,0,0,0,0,0,0,0,0,0,0,0,0,0,79.17926437137993,0.0,normal
3,0.35,0,0,0,0,0,0,0,1,0,1,0,1,0,0,69.9772100327014,60.0,malicious
0,0.05,0,0,0,0,0,0,0,0,0,0,0,0,0,0,76.54304217521783,0.0,normal
1,0.1,0,0,0,0,0,0,0,0,1,0,0,0,0,0,85.10650314556437,0.0,normal
0,0.08,0,0,0,0,0,0,0,0,0,0,0,1,0,1,93.77133524477719,75.0,normal
0,0.5,0,1,0,0,0,0,0,0,0,0,0,1,0,1,87.90478117031824,75.0,malicious
0,0.25,0,0,0,0,0,0,1,0,1,0,0,0,0,0,76.64166939747763,0.0,normal
1,0.5,0,1,0,0,0,0,0,0,1,1,0,0,0,0,49.21321959421768,0.0,malicious
0,0.1,0,0,0,0,0,0,0,0,1,0,0,0,0,0,60.226885950938836,0.0,suspicious
0,0.08,0,0,0,0,0,0,0,0,0,0,0,0,0,0,92.40176117070428,0.0,normal
1,0.1,0,0,0,0,0,0,0,1,1,0,0,0,1,1,79.71886075441721,45.0,malicious
0,0.08,0,0,0,0,0,0,0,0,0,0,0,0,0,1,94.71227844611592,15.0,normal
1,0.85,1,0,0,0,0,0,0,0,0,1,0,1,0,1,57.34325410222291,75.0,malicious
0,0.25,0,0,0,0,0,0,1,0,0,0,1,0,0,0,62.33174100097313,70.0,malicious
0,1.0,0,0,0,1,0,0,0,1,1,0,0,1,0,0,85.07613560374492,60.0,malicious
1,0.25,0,0,0,0,0,0,1,0,1,0,0,0,0,0,80.92100321949849,0.0,suspicious
1,0.08,0,0,0,0,0,0,0,0,0,0,0,0,0,1,85.17829073753107,15.0,normal
1,0.1,0,0,0,0,0,0,0,0,1,0,0,0,1,0,65.94238016595926,30.0,suspicious
0,0.25,0,0,0,0,0,0,1,0,1,0,0,0,0,1,66.02186901654873,15.0,suspicious
2,0.05,0,0,0,0,0,0,0,0,0,0,0,0,0,0,90.00624309697723,0.0,normal
0,0.55,0,0,0,0,1,0,0,0,0,0,0,0,0,0,72.1183628973881,0.0,malicious
1,0.05,0,0,0,0,0,0,0,0,0,0,0,0,0,0,78.70608244301542,0.0,normal
0,0.1,0,0,0,0,0,0,0,0,0,0,0,0,0,0,83.2333177402253,0.0,normal
4,0.35,0,0,0,0,0,0,0,1,0,1,0,0,0,0,72.43758906512579,0.0,malicious
1,0.08,0,0,0,0,0,0,0,0,0,0,0,0,0,0,100.0,0.0,normal
0,0.25,0,0,0,0,0,0,1,0,0,0,0,0,0,0,73.40405359109782,0.0,normal
1,0.1,0,0,0,0,0,0,0,1,0,0,0,0,0,1,85.23227119866425,15.0,normal
0,0.05,0,0,0,0,0,0,0,0,0,0,0,0,0,0,79.92504238026685,0.0,normal
0,0.5,0,1,0,0,0,0,0,0,0,1,0,0,0,1,63.47762976790371,15.0,suspicious
0,0.08,0,0,0,0,0,0,0,0,0,0,0,0,0,0,85.95940420660989,0.0,normal
0,0.9,0,0,1,0,0,0,0,0,0,1,0,0,0,0,74.44776373910825,0.0,malicious
1,0.05,0,0,0,0,0,0,0,0,0,0,0,0,0,1,82.94439504928619,15.0,normal
0,0.1,0,0,0,0,0,0,0,0,0,0,0,0,0,1,86.5491754628947,15.0,normal
2,0.45,0,0,0,0,0,1,0,0,0,0,0,0,1,0,92.09166543078021,30.0,malicious
0,0.05,0,0,0,0,0,0,0,0,0,0,0,0,0,0,84.62844318780778,0.0,normal
0,0.1,0,0,0,0,0,0,0,0,0,0,1,0,0,0,78.6661400395092,70.0,suspicious
0,0.1,0,0,0,0,0,0,0,1,1,0,0,0,0,0,93.176744247529,0.0,normal
2,0.08,0,0,0,0,0,0,0,0,0,0,0,0,0,0,88.46519423181913,0.0,normal
3,0.05,0,0,0,0,0,0,0,0,1,0,0,0,0,0,79.18702755167959,0.0,malicious
0,0.05,0,0,0,0,0,0,0,0,0,0,0,0,0,0,96.9316509842258,0.0,normal
1,0.25,0,0,0,0,0,0,1,0,1,0,0,0,0,0,96.82929765565422,0.0,normal
0,0.05,0,0,0,0,0,0,0,0,0,0,0,0,0,1,89.8162431581482,15.0,normal
0,0.1,0,0,0,0,0,0,0,0,1,0,0,0,1,0,80.14874677843721,30.0,normal
0,0.05,0,0,0,0,0,0,0,1,0,0,0,0,0,0,76.19862237017979,0.0,normal
0,0.05,0,0,0,0,0,0,0,0,0,0,0,0,0,0,99.92622973618134,0.0,suspicious
1,0.08,0,0,0,0,0,0,0,0,1,0,0,0,0,0,94.58342658101385,0.0,normal
0,0.1,0,0,0,0,0,0,0,0,0,0,0,0,0,0,73.71140941657067,0.0,normal
1,0.08,0,0,0,0,0,0,0,0,0,0,0,0,0,0,83.11919746184226,0.0,normal
2,0.08,0,0,0,0,0,0,0,1,0,0,0,0,0,0,100.0,0.0,normal
0,0.08,0,0,0,0,0,0,0,0,0,0,0,0,0,1,100.0,15.0,normal
0,0.1,0,0,0,0,0,0,0,0,0,0,0,0,0,0,87.45821931486044,0.0,normal
1,1.0,0,0,0,1,0,0,0,1,0,0,0,0,0,1,65.89122322947179,15.0,malicious
0,0.9,0,0,1,0,0,0,0,0,0,0,0,0,0,0,67.34518955205651,0.0,malicious
0,0.05,0,0,0,0,0,0,0,0,0,0,0,0,0,0,63.14356455748546,0.0,normal
1,0.05,0,0,0,0,0,0,0,0,0,0,0,0,0,0,64.71723232037198,0.0,normal
0,0.9,0,0,1,0,0,0,0,0,0,0,0,0,0,0,58.83229856409423,0.0,malicious
1,0.1,0,0,0,0,0,0,0,0,0,0,0,1,0,0,74.48868430259945,60.0,suspicious
0,0.08,0,0,0,0,0,0,0,0,0,0,0,0,0,0,85.6973405216397,0.0,normal
1,0.1,0,0,0,0,0,0,0,0,0,0,0,0,0,0,73.56003047888322,0.0,suspicious
1,0.08,0,0,0,0,0,0,0,0,0,0,1,0,1,0,78.80089704850276,100.0,malicious
0,0.1,0,0,0,0,0,0,0,0,1,0,0,0,0,0,73.09129695562376,0.0,normal
1,0.3,0,0,0,0,0,0,0,1,1,1,0,0,0,0,86.7574187840448,0.0,malicious
0,0.3,0,0,0,0,0,0,0,0,1,1,0,0,0,0,79.24754323848279,0.0,normal
0,0.25,0,0,0,0,0,0,1,0,1,0,0,1,0,0,78.1243769059833,60.0,malicious
1,0.08,0,0,0,0,0,0,0,0,0,0,0,0,0,0,74.99990800909765,0.0,suspicious
1,0.55,0,0,0,0,1,0,0,0,1,0,0,0,0,0,61.64666735068669,0.0,malicious
1,0.25,0,0,0,0,0,0,1,1,0,0,0,1,1,0,80.78583305527985,90.0,malicious
1,0.05,0,0,0,0,0,0,0,0,0,1,0,0,0,0,83.38964604587373,0.0,normal
0,0.1,0,0,0,0,0,0,0,0,1,0,0,0,0,1,83.57609210993418,15.0,normal
0,0.5,0,1,0,0,0,0,0,0,0,1,0,0,0,0,59.56155674670814,0.0,malicious
2,0.08,0,0,0,0,0,0,0,0,0,0,0,0,0,1,73.37565024610322,15.0,suspicious
2,0.5,0,1,0,0,0,0,0,1,0,1,0,0,0,0,65.89511877534441,0.0,malicious
1,0.05,0,0,0,0,0,0,0,0,0,0,0,0,0,0,76.27421460750585,0.0,normal
0,0.05,0,0,0,0,0,0,0,0,0,0,0,0,0,0,61.330043684401275,0.0,normal
1,0.08,0,0,0,0,0,0,0,0,0,0,1,0,0,0,65.39992797309003,70.0,suspicious
0,0.08,0,0,0,0,0,0,0,1,0,0,0,0,0,0,83.46465918648283,0.0,normal
0,0.08,0,0,0,0,0,0,0,0,0,0,0,0,0,0,90.86982766855209,0.0,normal
0,0.9,0,0,1,0,0,0,0,0,1,0,0,0,0,0,84.41059912483087,0.0,malicious
0,0.1,0,0,0,0,0,0,0,0,0,0,0,0,0,0,100.0,0.0,normal
1,0.05,0,0,0,0,0,0,0,0,0,0,0,0,0,0,92.57036043081062,0.0,normal
0,0.05,0,0,0,0,0,0,0,0,0,0,0,0,0,0,83.76569881705385,0.0,normal
1,0.35,0,0,0,0,0,0,0,1,0,1,0,0,0,0,63.1847751674556,0.0,suspicious
1,0.08,0,0,0,0,0,0,0,0,0,0,1,0,1,0,88.21560688253845,100.0,malicious
0,0.05,0,0,0,0,0,0,0,0,0,0,0,0,0,0,69.83350897353685,0.0,normal
1,0.05,0,0,0,0,0,0,0,0,1,0,0,0,0,0,90.8309262604541,0.0,normal
1,0.05,0,0,0,0,0,0,0,0,0,0,0,0,0,0,87.8627848110948,0.0,normal
0,0.1,0,0,0,0,0,0,0,0,1,0,0,0,0,0,87.86661684946307,0.0,normal
0,0.55,0,0,0,0,1,0,0,1,0,0,0,0,0,0,87.31575200891278,0.0,normal
3,0.35,0,0,0,0,0,0,0,0,0,1,0,0,0,0,82.4845566541479,0.0,malicious
1,0.25,0,0,0,0,0,0,1,0,0,0,0,0,0,0,96.50613496108798,0.0,normal
0,0.1,0,0,0,0,0,0,0,0,0,0,0,0,0,1,57.703863511199145,15.0,normal
7,0.35,0,0,0,0,0,0,0,1,1,0,0,0,0,1,53.48135216430822,15.0,malicious
2,0.1,0,0,0,0,0,0,0,0,1,0,0,0,0,1,76.43562183912668,15.0,malicious
0,0.1,0,0,0,0,0,0,0,0,0,0,0,0,0,0,93.03200993787664,0.0,normal
0,0.05,0,0,0,0,0,0,0,0,0,0,0,0,0,0,90.60713264921958,0.0,normal
1,0.35,0,0,0,0,0,0,0,0,0,1,0,0,0,0,70.52836467786193,0.0,suspicious
3,0.35,0,0,0,0,0,0,0,1,0,0,0,1,0,0,79.14977581914971,60.0,malicious
0,0.05,0,0,0,0,0,0,0,0,0,0,0,0,0,0,75.49781519764672,0.0,normal
0,0.08,0,0,0,0,0,0,0,0,0,0,0,1,0,0,98.01645372088167,60.0,normal
0,0.1,0,0,0,0,0,0,0,0,0,0,0,0,0,0,89.55261843907364,0.0,normal
1,0.08,0,0,0,0,0,0,0,0,0,0,0,0,0,0,86.4116784857856,0.0,normal
0,0.08,0,0,0,0,0,0,0,1,0,0,0,1,0,0,82.96817985551654,60.0,normal
1,0.35,0,0,0,0,0,0,0,1,0,1,0,0,0,0,72.39442440509782,0.0,malicious
2,0.08,0,0,0,0,0,0,0,0,0,0,0,0,0,0,53.05622102507394,0.0,malicious
1,0.08,0,0,0,0,0,0,0,0,0,0,0,0,0,0,92.586141315446,0.0,normal
0,0.1,0,0,0,0,0,0,0,0,0,0,0,0,0,0,90.57079745269189,0.0,normal
2,0.35,0,0,0,0,0,0,0,0,0,0,0,0,0,0,61.96323697055562,0.0,malicious
0,0.85,1,0,0,0,0,0,0,0,0,1,0,0,0,0,56.08836359298762,0.0,malicious
0,0.05,0,0,0,0,0,0,0,0,0,0,0,0,0,1,80.959123146289,15.0,normal
0,0.1,0,0,0,0,0,0,0,0,0,0,0,0,0,0,89.02343038238926,0.0,normal
0,0.08,0,0,0,0,0,0,0,0,0,0,0,0,0,0,89.54545944900849,0.0,normal
0,0.85,1,0,0,0,0,0,0,1,0,1,0,0,0,0,55.849251789563766,0.0,malicious
2,0.55,0,0,0,0,1,0,0,0,1,1,0,0,0,0,73.35935285027365,0.0,malicious
0,0.5,0,1,0,0,0,0,0,1,1,1,0,0,0,0,62.66511224188344,0.0,malicious
2,0.25,0,0,0,0,0,0,1,1,0,1,0,0,0,0,65.22280852860787,0.0,malicious
0,0.08,0,0,0,0,0,0,0,1,0,0,0,0,0,0,83.76033313972103,0.0,normal
0,0.05,0,0,0,0,0,0,0,0,0,0,0,0,0,0,82.82216961645497,0.0,normal
0,0.1,0,0,0,0,0,0,0,0,0,0,0,0,0,0,77.19911334243422,0.0,normal
1,0.05,0,0,0,0,0,0,0,0,0,0,0,0,0,0,74.72897789359531,0.0,normal
1,0.05,0,0,0,0,0,0,0,0,0,0,0,0,0,0,92.27955700582918,0.0,normal
2,0.25,0,0,0,0,0,0,1,1,1,1,0,0,0,1,88.43496736741568,15.0,malicious
3,0.35,0,0,0,0,0,0,0,0,0,1,0,0,0,0,61.051626897073795,0.0,malicious
1,0.08,0,0,0,0,0,0,0,1,0,0,0,0,0,0,66.14911295493982,0.0,normal
0,0.5,0,1,0,0,0,0,0,0,0,0,0,0,0,1,70.3681746455146,15.0,suspicious
0,0.1,0,0,0,0,0,0,0,1,0,0,0,0,0,0,92.07085393344009,0.0,normal
0,0.1,0,0,0,0,0,0,0,0,0,0,0,0,0,1,82.0641461295952,15.0,normal
1,0.05,0,0,0,0,0,0,0,0,0,0,0,1,1,0,79.65237740090895,90.0,malicious
0,0.08,0,0,0,0,0,0,0,1,1,0,0,0,0,0,80.87938174110066,0.0,normal
1,0.08,0,0,0,0,0,0,0,0,0,0,0,0,0,0,83.46258327332427,0.0,normal
0,0.08,0,0,0,0,0,0,0,0,0,0,0,0,0,0,75.1567379178878,0.0,normal
0,0.05,0,0,0,0,0,0,0,0,0,0,0,0,0,1,65.15849883494806,15.0,normal
0,0.08,0,0,0,0,0,0,0,0,0,0,0,0,0,0,96.30873361522664,0.0,normal
1,0.05,0,0,0,0,0,0,0,0,0,0,0,0,0,0,79.49219691678904,0.0,normal
3,0.05,0,0,0,0,0,0,0,0,0,0,0,0,0,0,95.52153431251544,0.0,suspicious
1,0.1,0,0,0,0,0,0,0,0,1,0,0,0,0,0,69.62276723729138,0.0,suspicious
1,0.1,0,0,0,0,0,0,0,0,1,0,0,0,0,0,90.35239811737749,0.0,normal
0,0.08,0,0,0,0,0,0,0,0,0,0,0,0,0,1,79.4416299260766,15.0,normal
0,0.05,0,0,0,0,0,0,0,0,0,0,0,0,0,0,77.78006249932663,0.0,normal
1,0.08,0,0,0,0,0,0,0,0,0,0,0,0,0,0,67.79165478058408,0.0,normal
0,0.35,0,0,0,0,0,0,0,0,0,0,0,0,0,0,63.69068340510278,0.0,normal
2,0.3,0,0,0,0,0,0,0,0,0,0,0,1,0,1,89.43235945384922,75.0,malicious
2,0.35,0,0,0,0,0,0,0,0,0,1,1,0,0,0,55.664101401997115,70.0,malicious
1,0.1,0,0,0,0,0,0,0,0,0,0,0,0,0,0,66.33323366568175,0.0,normal
0,0.1,0,0,0,0,0,0,0,0,0,0,0,0,0,1,75.66468511878888,15.0,normal
1,1.0,0,0,0,1,0,0,0,1,0,0,0,0,0,0,76.8597656520944,0.0,malicious
0,0.25,0,0,0,0,0,0,1,0,1,1,0,0,0,0,63.9587492995492,0.0,suspicious
0,0.25,0,0,0,0,0,0,1,0,1,1,0,0,0,0,57.48775698356769,0.0,malicious
0,0.08,0,0,0,0,0,0,0,0,0,0,0,0,0,1,95.11934056752142,15.0,normal
0,0.05,0,0,0,0,0,0,0,0,0,0,0,0,0,0,59.83816217907271,0.0,normal
1,0.55,0,0,0,0,1,0,0,0,1,1,0,0,0,0,82.37686215087203,0.0,malicious
1,0.1,0,0,0,0,0,0,0,0,1,0,0,0,0,0,78.30339850848057,0.0,normal
0,0.3,0,0,0,0,0,0,0,0,1,0,0,0,0,0,68.55834347146366,0.0,normal
2,0.1,0,0,0,0,0,0,0,1,0,0,0,0,0,0,81.53708015183804,0.0,malicious
1,0.05,0,0,0,0,0,0,0,0,0,0,0,0,0,1,90.09443848120108,15.0,normal
1,0.35,0,0,0,0,0,0,0,1,0,0,0,0,0,1,70.26762255439998,15.0,suspicious
0,0.08,0,0,0,0,0,0,0,0,0,0,0,0,0,0,82.74450580890614,0.0,normal
0,0.1,0,0,0,0,0,0,0,0,0,0,0,0,0,0,95.49742320424218,0.0,normal
0,0.08,0,0,0,0,0,0,0,0,0,0,0,0,0,0,94.5699076600944,0.0,normal
1,0.1,0,0,0,0,0,0,0,0,0,0,0,0,0,0,100.0,0.0,normal
0,0.08,0,0,0,0,0,0,0,0,0,0,0,0,0,0,87.799735201566,0.0,normal
0,0.1,0,0,0,0,0,0,0,0,1,0,0,0,0,0,100.0,0.0,normal
4,0.35,0,0,0,0,0,0,0,0,1,0,0,0,0,0,68.78852813493235,0.0,malicious
0,0.85,1,0,0,0,0,0,0,0,0,0,0,0,0,0,51.61640110184478,0.0,malicious
0,0.25,0,0,0,0,0,0,1,0,0,0,0,0,0,1,90.81711557488805,15.0,normal
0,0.08,0,0,0,0,0,0,0,0,0,0,0,0,0,0,96.62299817230087,0.0,normal
1,0.1,0,0,0,0,0,0,0,0,0,0,1,0,0,0,73.81025098302017,70.0,malicious
0,0.05,0,0,0,0,0,0,0,1,0,0,0,0,0,1,88.00799212703197,15.0,normal
0,0.08,0,0,0,0,0,0,0,0,0,0,0,1,0,1,88.41579176357023,75.0,normal
1,0.05,0,0,0,0,0,0,0,0,0,0,0,0,0,1,64.86325385151326,15.0,normal
1,0.05,0,0,0,0,0,0,0,0,0,1,0,0,0,0,71.19275897521001,0.0,normal
0,0.08,0,0,0,0,0,0,0,0,0,0,0,0,0,0,74.72389305033978,0.0,normal
5,0.35,0,0,0,0,0,0,0,0,0,1,0,0,0,0,71.57717461778962,0.0,malicious
2,0.05,0,0,0,0,0,0,0,0,0,0,0,0,0,1,100.0,15.0,suspicious
0,0.3,0,0,0,0,0,0,0,0,1,0,0,0,0,0,91.91340298821297,0.0,normal
0,0.08,0,0,0,0,0,0,0,0,0,0,0,0,0,0,90.02793101512097,0.0,normal
0,0.05,0,0,0,0,0,0,0,0,0,0,0,1,0,0,64.61877740296482,60.0,suspicious
1,0.1,0,0,0,0,0,0,0,0,0,0,0,0,0,0,82.2254303227199,0.0,normal
0,0.08,0,0,0,0,0,0,0,0,0,0,0,0,0,0,100.0,0.0,normal
1,0.1,0,0,0,0,0,0,0,0,0,1,1,0,0,0,80.74110144884128,70.0,malicious
2,0.1,0,0,0,0,0,0,0,0,0,0,0,1,0,0,85.78925799157852,60.0,malicious
0,0.1,0,0,0,0,0,0,0,0,1,0,0,0,0,0,78.21106220861554,0.0,suspicious
0,0.05,0,0,0,0,0,0,0,0,0,0,0,0,0,0,95.89998295300504,0.0,normal
1,0.1,0,0,0,0,0,0,0,0,0,0,0,0,0,0,97.75526409995481,0.0,normal
0,0.1,0,0,0,0,0,0,0,0,0,0,0,0,0,0,96.39729734861054,0.0,normal
0,0.05,0,0,0,0,0,0,0,0,0,0,0,0,0,0,85.41993625580247,0.0,normal
0,0.08,0,0,0,0,0,0,0,0,0,0,1,0,0,0,87.50807763795518,70.0,suspicious
1,0.05,0,0,0,0,0,0,0,0,0,0,0,1,0,0,75.70111599525433,60.0,normal
1,0.1,0,0,0,0,0,0,0,0,0,0,0,0,1,0,70.11502227237195,30.0,suspicious
3,0.35,0,0,0,0,0,0,0,1,0,0,0,0,0,0,50.39079681181801,0.0,malicious
0,0.3,0,0,0,0,0,0,0,0,0,0,0,0,0,0,73.3552964444429,0.0,normal
0,0.1,0,0,0,0,0,0,0,1,0,0,0,0,0,0,89.52371988057175,0.0,normal
0,0.1,0,0,0,0,0,0,0,0,0,1,0,0,0,1,90.91348653005093,15.0,normal
0,0.05,0,0,0,0,0,0,0,0,0,0,0,0,0,0,80.84914391587768,0.0,normal
0,0.1,0,0,0,0,0,0,0,0,0,0,0,0,0,0,69.4253320644022,0.0,normal
0,0.05,0,0,0,0,0,0,0,0,0,0,0,0,0,1,90.98361951858128,15.0,normal
0,0.05,0,0,0,0,0,0,0,0,0,0,0,0,0,0,74.09096627245721,0.0,normal
0,0.3,0,0,0,0,0,0,0,1,0,1,0,0,0,0,74.84707452289607,0.0,suspicious
1,0.35,0,0,0,0,0,0,0,0,1,1,0,0,0,0,59.78939345394393,0.0,malicious
2,0.35,0,0,0,0,0,0,0,1,0,0,0,0,0,0,62.56062199833435,0.0,malicious
0,0.08,0,0,0,0,0,0,0,0,0,0,0,0,0,0,59.84301459267014,0.0,normal
0,0.1,0,0,0,0,0,0,0,1,0,0,0,1,0,0,91.60005784693516,60.0,normal
1,0.05,0,0,0,0,0,0,0,1,0,0,1,0,0,0,96.56259438479104,70.0,suspicious
1,0.1,0,0,0,0,0,0,0,1,0,0,0,1,0,0,100.0,60.0,suspicious
1,0.1,0,0,0,0,0,0,0,0,0,0,0,0,0,0,81.618799274363,0.0,normal
1,0.35,0,0,0,0,0,0,0,1,0,0,0,0,0,0,70.34637727145389,0.0,normal
0,0.55,0,0,0,0,1,0,0,1,0,0,0,0,0,0,59.629734643568646,0.0,malicious
0,0.05,0,0,0,0,0,0,0,0,0,0,0,0,1,1,92.97066250595549,45.0,normal
0,0.05,0,0,0,0,0,0,0,0,0,0,0,0,0,0,89.89394603359854,0.0,normal
0,0.35,0,0,0,0,0,0,0,0,0,0,0,0,0,0,84.14304531058288,0.0,normal
1,0.08,0,0,0,0,0,0,0,0,0,0,0,0,0,0,85.61581427956672,0.0,normal
0,0.9,0,0,1,0,0,0,0,0,1,1,1,0,0,0,67.74993657410927,70.0,malicious
0,0.08,0,0,0,0,0,0,0,0,0,0,0,0,0,0,77.16749145826186,0.0,normal
0,0.1,0,0,0,0,0,0,0,0,1,0,0,1,0,0,74.47669534555179,60.0,suspicious
1,0.08,0,0,0,0,0,0,0,1,0,0,0,0,0,0,100.0,0.0,normal
2,0.1,0,0,0,0,0,0,0,0,0,0,0,1,0,0,76.00315984857244,60.0,malicious
0,0.05,0,0,0,0,0,0,0,0,0,0,1,0,0,0,84.5114471920857,70.0,normal
1,0.55,0,0,0,0,1,0,0,0,1,1,0,0,0,1,82.31447043498127,15.0,malicious
1,0.08,0,0,0,0,0,0,0,0,0,0,0,0,0,0,92.41374097406613,0.0,normal
0,0.05,0,0,0,0,0,0,0,0,0,0,0,0,0,0,99.83573426377157,0.0,normal
2,0.35,0,0,0,0,0,0,0,0,1,1,0,0,0,0,54.80188722901253,0.0,malicious
1,0.55,0,0,0,0,1,0,0,0,1,1,0,0,0,0,64.76147157731839,0.0,malicious
0,0.08,0,0,0,0,0,0,0,0,0,0,0,0,0,0,78.95262073105843,0.0,normal
1,0.1,0,0,0,0,0,0,0,0,1,0,0,0,0,0,70.22460039650507,0.0,suspicious
0,0.08,0,0,0,0,0,0,0,0,0,0,0,0,0,0,79.52638163345327,0.0,normal
0,0.08,0,0,0,0,0,0,0,0,0,0,0,0,0,0,81.58286072055395,0.0,normal
1,0.5,0,1,0,0,0,0,0,0,0,1,0,0,0,0,56.268807902953775,0.0,malicious
5,0.1,0,0,0,0,0,0,0,0,0,0,0,0,0,0,76.12860839785768,0.0,malicious
2,0.1,0,0,0,0,0,0,0,0,0,0,0,0,0,0,100.0,0.0,normal
1,0.08,0,0,0,0,0,0,0,0,0,0,0,0,0,0,70.42764618841369,0.0,normal
1,0.08,0,0,0,0,0,0,0,0,0,0,0,0,1,0,93.31754173343471,30.0,normal
0,0.25,0,0,0,0,0,0,1,0,1,0,0,0,0,0,73.20986787893092,0.0,suspicious
0,0.08,0,0,0,0,0,0,0,0,0,0,0,0,0,1,62.86114933835701,15.0,normal
0,0.5,0,1,0,0,0,0,0,0,0,1,0,0,1,1,64.2892615078606,45.0,malicious
0,0.1,0,0,0,0,0,0,0,0,0,0,0,0,0,1,68.94034487957649,15.0,suspicious
0,0.1,0,0,0,0,0,0,0,0,0,0,0,0,0,0,76.43679178175373,0.0,normal
1,0.1,0,0,0,0,0,0,0,0,0,0,0,0,0,0,92.50933930295022,0.0,normal
0,0.05,0,0,0,0,0,0,0,0,0,0,0,0,0,1,77.61234474707213,15.0,normal
5,0.35,0,0,0,0,0,0,0,0,0,1,0,0,0,0,91.78162566681839,0.0,malicious
0,0.1,0,0,0,0,0,0,0,0,0,0,0,0,0,0,69.12567730640248,0.0,normal
0,0.05,0,0,0,0,0,0,0,0,0,1,0,0,0,0,90.34382310945202,0.0,normal
0,0.05,0,0,0,0,0,0,0,1,0,0,0,0,0,0,88.13410904739617,0.0,normal
0,0.3,0,0,0,0,0,0,0,0,0,1,0,0,0,1,77.93990861630779,15.0,normal
0,0.08,0,0,0,0,0,0,0,0,0,1,0,0,0,1,82.55812373908945,15.0,normal
0,0.25,0,0,0,0,0,0,1,0,0,0,0,0,0,1,85.29039094652973,15.0,normal
0,0.08,0,0,0,0,0,0,0,0,0,0,0,0,0,0,80.09178642585384,0.0,normal
0,0.05,0,0,0,0,0,0,0,0,0,0,0,0,0,0,89.69901650059835,0.0,normal
1,0.1,0,0,0,0,0,0,0,0,0,0,0,0,0,0,100.0,0.0,normal
0,0.05,0,0,0,0,0,0,0,0,0,0,0,0,0,0,82.25582379876121,0.0,normal
0,0.1,0,0,0,0,0,0,0,0,0,0,1,0,0,0,77.40629997329033,70.0,suspicious
0,0.1,0,0,0,0,0,0,0,1,1,0,0,0,0,0,90.98489280551922,0.0,normal
0,0.1,0,0,0,0,0,0,0,0,0,0,0,0,0,1,81.22474907229747,15.0,normal
1,0.08,0,0,0,0,0,0,0,0,0,0,0,0,0,0,87.12948500993899,0.0,normal
0,0.1,0,0,0,0,0,0,0,0,0,0,0,0,0,1,71.2155663853033,15.0,normal
1,0.3,0,0,0,0,0,0,0,1,1,0,0,0,0,0,82.55945487885477,0.0,normal
0,0.08,0,0,0,0,0,0,0,0,1,0,0,0,0,0,82.71380534137346,0.0,normal
1,0.08,0,0,0,0,0,0,0,0,0,0,0,0,0,1,88.29525235373623,15.0,normal
3,0.08,0,0,0,0,0,0,0,0,0,0,0,0,0,0,79.50532913611328,0.0,suspicious
4,0.35,0,0,0,0,0,0,0,1,1,1,1,0,0,1,74.7078902091929,85.0,malicious
1,0.1,0,0,0,0,0,0,0,0,0,0,0,0,0,0,73.47619305884558,0.0,normal
1,0.3,0,0,0,0,0,0,0,0,0,0,0,0,0,0,72.35182219262988,0.0,normal
0,0.08,0,0,0,0,0,0,0,0,0,0,0,0,0,0,86.85562023065788,0.0,normal
1,0.05,0,0,0,0,0,0,0,1,1,0,0,0,1,0,80.46720548833089,30.0,malicious
2,0.1,0,0,0,0,0,0,0,0,0,0,0,0,0,0,68.36222233226754,0.0,suspicious
0,0.05,0,0,0,0,0,0,0,0,0,0,0,0,0,1,89.88670028961451,15.0,normal
0,0.1,0,0,0,0,0,0,0,0,0,0,0,0,0,0,65.88063727029277,0.0,normal
1,0.25,0,0,0,0,0,0,1,1,0,1,0,0,0,0,73.1183501339094,0.0,malicious
1,0.05,0,0,0,0,0,0,0,0,0,0,0,0,0,1,84.80962432284642,15.0,normal
2,0.55,0,0,0,0,1,0,0,0,0,1,0,0,0,0,46.73849842864908,0.0,malicious
0,0.05,0,0,0,0,0,0,0,0,0,0,0,0,0,0,100.0,0.0,normal
0,0.08,0,0,0,0,0,0,0,0,0,0,0,0,0,0,83.57912438055322,0.0,normal
0,0.5,0,1,0,0,0,0,0,0,0,1,0,0,0,1,72.20918734475755,15.0,malicious
0,0.05,0,0,0,0,0,0,0,1,0,0,0,0,0,1,81.26970377518883,15.0,normal
0,0.05,0,0,0,0,0,0,0,0,0,1,0,0,0,0,93.30435843135172,0.0,normal
0,0.08,0,0,0,0,0,0,0,0,0,0,0,0,0,0,100.0,0.0,normal
1,0.35,0,0,0,0,0,0,0,1,0,0,0,0,0,0,66.83868239051951,0.0,malicious
2,0.05,0,0,0,0,0,0,0,1,0,0,0,0,0,0,84.74722317059611,0.0,suspicious
0,0.08,0,0,0,0,0,0,0,0,0,0,0,0,0,0,100.0,0.0,normal
2,0.35,0,0,0,0,0,0,0,0,1,1,0,1,0,0,71.30590065505173,60.0,suspicious
1,0.5,0,1,0,0,0,0,0,1,0,1,0,0,0,0,83.25188446214537,0.0,malicious
0,0.05,0,0,0,0,0,0,0,0,0,0,0,0,0,1,84.22176206692271,15.0,normal
0,0.05,0,0,0,0,0,0,0,0,0,0,0,0,0,1,91.35225563348939,15.0,suspicious
2,0.3,0,0,0,0,0,0,0,0,0,1,0,0,0,0,94.52881849066704,0.0,malicious
0,0.55,0,0,0,0,1,0,0,0,0,1,1,0,1,0,71.64631455152703,100.0,malicious
0,0.05,0,0,0,0,0,0,0,0,0,0,0,1,0,0,86.05984858421465,60.0,normal
0,0.05,0,0,0,0,0,0,0,0,1,0,0,0,0,0,100.0,0.0,normal
0,0.05,0,0,0,0,0,0,0,0,0,0,0,0,0,0,81.6796567276543,0.0,normal
2,0.1,0,0,0,0,0,0,0,0,0,0,0,0,0,0,70.40715934026164,0.0,normal
1,0.05,0,0,0,0,0,0,0,0,0,0,0,0,0,0,78.23318054760313,0.0,normal
0,0.9,0,0,1,0,0,0,0,0,1,0,0,0,0,0,63.57733712959741,0.0,malicious
0,0.1,0,0,0,0,0,0,0,1,1,0,0,0,0,0,71.184972239748,0.0,normal
1,0.1,0,0,0,0,0,0,0,0,0,0,0,0,0,1,71.86944334879209,15.0,normal
0,0.3,0,0,0,0,0,0,0,0,1,0,0,0,0,0,78.36738152885994,0.0,normal
0,0.55,0,0,0,0,1,0,0,0,1,0,0,0,0,1,88.66800225965441,15.0,suspicious
1,0.05,0,0,0,0,0,0,0,0,0,0,0,0,1,0,76.6573477216033,30.0,normal
0,0.08,0,0,0,0,0,0,0,0,0,0,0,0,0,0,100.0,0.0,normal
1,0.85,1,0,0,0,0,0,0,0,0,0,0,0,0,0,68.22888936563898,0.0,malicious
0,0.08,0,0,0,0,0,0,0,0,1,0,0,0,1,0,67.72798799032248,30.0,normal
0,0.1,0,0,0,0,0,0,0,0,1,1,0,0,0,0,96.22130896199597,0.0,normal
1,0.05,0,0,0,0,0,0,0,0,0,1,0,0,0,0,88.3298873477992,0.0,normal
1,0.3,0,0,0,0,0,0,0,1,0,1,0,0,0,0,74.52889514609396,0.0,malicious
1,0.05,0,0,0,0,0,0,0,0,0,0,0,0,0,0,90.01040548752508,0.0,normal
1,0.1,0,0,0,0,0,0,0,0,1,0,1,0,1,0,84.22152360362844,100.0,malicious
0,0.05,0,0,0,0,0,0,0,0,0,0,0,0,0,0,77.78515075087557,0.0,normal
0,0.9,0,0,1,0,0,0,0,0,0,0,0,0,0,0,65.08575714945056,0.0,malicious
0,0.3,0,0,0,0,0,0,0,0,0,0,0,0,0,0,58.51107994808813,0.0,normal
0,0.1,0,0,0,0,0,0,0,0,1,1,0,0,0,1,80.93290714734938,15.0,suspicious
1,0.1,0,0,0,0,0,0,0,0,0,0,0,0,0,0,80.38925722679055,0.0,normal
0,0.08,0,0,0,0,0,0,0,0,1,0,0,1,0,0,86.94293124594627,60.0,normal
1,0.05,0,0,0,0,0,0,0,0,1,0,0,0,0,0,85.66586511574442,0.0,normal
0,0.55,0,0,0,0,1,0,0,0,1,0,0,0,0,0,79.33515607912591,0.0,suspicious
0,0.55,0,0,0,0,1,0,0,0,0,1,0,0,1,1,50.51359451301376,45.0,malicious
0,0.1,0,0,0,0,0,0,0,0,0,0,0,0,0,0,78.42073248299596,0.0,normal
0,0.05,0,0,0,0,0,0,0,0,0,0,0,0,0,0,83.21223127904025,0.0,suspicious
1,0.08,0,0,0,0,0,0,0,0,0,0,0,0,0,0,94.59994573173918,0.0,normal
0,0.08,0,0,0,0,0,0,0,1,0,0,1,0,0,0,55.45888110574029,70.0,suspicious
0,0.05,0,0,0,0,0,0,0,0,0,0,0,0,0,0,79.20674595736304,0.0,normal
2,0.35,0,0,0,0,0,0,0,0,0,0,0,0,0,0,59.63406334986453,0.0,suspicious
0,0.05,0,0,0,0,0,0,0,0,0,0,0,0,0,0,86.79739769306832,0.0,normal
0,0.1,0,0,0,0,0,0,0,0,1,0,0,1,1,1,81.1135173095636,100.0,malicious
0,0.05,0,0,0,0,0,0,0,0,0,0,0,0,0,0,71.65472160352513,0.0,normal
1,0.1,0,0,0,0,0,0,0,0,0,0,0,0,0,0,89.13955229107495,0.0,normal
0,0.05,0,0,0,0,0,0,0,0,0,0,0,0,0,0,85.40660291065257,0.0,normal
0,0.45,0,0,0,0,0,1,0,1,0,1,0,0,0,0,92.83022483144893,0.0,suspicious
0,0.08,0,0,0,0,0,0,0,0,0,0,0,0,0,0,70.44683222871028,0.0,normal
1,0.08,0,0,0,0,0,0,0,0,0,0,0,0,0,0,84.57544675070704,0.0,normal
1,0.1,0,0,0,0,0,0,0,0,0,0,0,1,0,0,82.91310400425748,60.0,suspicious
2,0.05,0,0,0,0,0,0,0,0,0,0,0,0,0,0,100.0,0.0,normal
0,0.1,0,0,0,0,0,0,0,0,0,1,0,0,0,0,63.94141704465348,0.0,normal
0,0.05,0,0,0,0,0,0,0,0,0,0,0,0,0,1,74.89462728277825,15.0,normal
0,0.05,0,0,0,0,0,0,0,0,0,1,0,0,0,0,74.61450457110422,0.0,normal
0,0.08,0,0,0,0,0,0,0,1,0,0,0,0,0,0,96.13961768120733,0.0,normal
1,0.3,0,0,0,0,0,0,0,0,1,1,0,0,0,0,78.50416482546427,0.0,malicious
1,0.25,0,0,0,0,0,0,1,1,0,0,0,0,0,1,91.2130453396139,15.0,suspicious
0,0.08,0,0,0,0,0,0,0,0,0,0,0,0,0,0,100.0,0.0,normal
0,0.05,0,0,0,0,0,0,0,1,0,0,0,1,0,0,74.75410159164718,60.0,normal
0,0.08,0,0,0,0,0,0,0,0,0,0,0,0,0,0,85.869254432666,0.0,normal
2,0.5,0,1,0,0,0,0,0,0,0,1,0,0,0,0,68.32412955046512,0.0,malicious
1,0.55,0,0,0,0,1,0,0,0,0,1,0,0,0,0,76.29454570938498,0.0,malicious
0,0.08,0,0,0,0,0,0,0,0,1,0,0,0,0,0,87.97146988551394,0.0,normal
0,0.08,0,0,0,0,0,0,0,0,0,0,0,0,0,0,87.06229667033217,0.0,normal
0,0.1,0,0,0,0,0,0,0,0,0,0,0,0,0,0,88.9705993930006,0.0,normal
0,0.08,0,0,0,0,0,0,0,1,0,0,0,0,0,0,70.96958038393147,0.0,normal
2,0.08,0,0,0,0,0,0,0,0,0,0,0,0,0,0,87.2239316781948,0.0,normal
1,0.35,0,0,0,0,0,0,0,0,0,0,0,0,0,0,56.88955104894049,0.0,suspicious
1,0.1,0,0,0,0,0,0,0,0,1,0,0,0,0,1,68.65517758611405,15.0,suspicious
1,0.08,0,0,0,0,0,0,0,0,0,0,0,0,0,0,70.70511470908617,0.0,normal
0,0.1,0,0,0,0,0,0,0,0,0,0,0,0,0,0,73.77569618047714,0.0,normal
0,0.3,0,0,0,0,0,0,0,1,1,0,0,0,0,0,57.67307077242303,0.0,malicious
0,0.08,0,0,0,0,0,0,0,1,0,0,0,0,0,0,77.83787718341567,0.0,normal
0,0.08,0,0,0,0,0,0,0,0,0,0,0,0,1,0,90.63700632592953,30.0,normal
0,0.05,0,0,0,0,0,0,0,1,0,0,0,0,0,0,100.0,0.0,normal
2,0.35,0,0,0,0,0,0,0,0,0,0,1,0,1,0,57.91492104356814,100.0,malicious
1,0.1,0,0,0,0,0,0,0,0,1,0,0,0,1,0,89.26405210873713,30.0,suspicious
2,0.35,0,0,0,0,0,0,0,0,0,0,0,0,0,0,78.79866515702051,0.0,malicious
1,0.55,0,0,0,0,1,0,0,0,1,1,0,0,0,0,53.392156399139616,0.0,malicious
1,0.35,0,0,0,0,0,0,0,0,0,1,0,0,1,0,62.27202103677563,30.0,malicious
0,0.1,0,0,0,0,0,0,0,0,0,0,0,0,0,0,74.51647185117518,0.0,normal
0,0.25,0,0,0,0,0,0,1,0,0,1,0,0,0,1,90.27063973232738,15.0,normal
0,0.05,0,0,0,0,0,0,0,0,0,0,0,0,0,0,80.26588227715268,0.0,normal
0,0.5,0,1,0,0,0,0,0,0,0,1,1,0,0,0,52.71100795762386,70.0,malicious
1,0.05,0,0,0,0,0,0,0,0,0,0,0,0,0,0,69.0663182540028,0.0,normal
2,0.3,0,0,0,0,0,0,0,0,1,1,0,1,0,0,100.0,60.0,malicious
0,0.05,0,0,0,0,0,0,0,0,0,0,0,0,0,0,72.91240457517223,0.0,normal
0,0.25,0,0,0,0,0,0,1,1,1,1,1,1,0,0,82.45435616925083,100.0,malicious
0,0.05,0,0,0,0,0,0,0,1,0,0,0,0,0,1,83.40186441993288,15.0,normal
0,0.55,0,0,0,0,1,0,0,1,0,0,0,0,0,0,83.51791229083885,0.0,suspicious
1,0.25,0,0,0,0,0,0,1,0,1,0,0,1,0,0,79.5407005346148,60.0,malicious
1,0.08,0,0,0,0,0,0,0,0,0,0,0,0,0,0,57.84464598748149,0.0,normal
3,0.35,0,0,0,0,0,0,0,0,0,0,0,0,0,0,55.247562396507945,0.0,malicious
1,0.08,0,0,0,0,0,0,0,1,0,0,0,0,0,1,96.13242466970499,15.0,suspicious
0,0.05,0,0,0,0,0,0,0,0,0,0,0,0,0,0,65.03392212694988,0.0,normal
0,0.55,0,0,0,0,1,0,0,1,0,1,1,1,0,0,72.02307333683697,100.0,malicious
1,0.5,0,1,0,0,0,0,0,0,1,0,0,0,0,0,68.03255015362342,0.0,malicious
1,0.3,0,0,0,0,0,0,0,0,0,0,1,0,0,0,61.60401642758529,70.0,malicious
0,0.3,0,0,0,0,0,0,0,1,0,0,0,0,0,0,99.22709360989572,0.0,normal
0,0.45,0,0,0,0,0,1,0,1,0,1,0,0,0,0,53.926215080003665,0.0,malicious
1,0.08,0,0,0,0,0,0,0,0,1,0,0,1,0,0,100.0,60.0,suspicious
0,0.08,0,0,0,0,0,0,0,0,0,1,0,0,0,0,92.52520858036522,0.0,normal
0,0.05,0,0,0,0,0,0,0,1,0,0,0,0,0,0,72.42293321105723,0.0,normal
0,0.1,0,0,0,0,0,0,0,0,0,0,1,0,0,0,73.05650361603293,70.0,normal
0,0.08,0,0,0,0,0,0,0,0,0,1,0,0,0,0,77.50812409976591,0.0,normal
0,0.1,0,0,0,0,0,0,0,0,0,0,0,0,0,0,77.11971910601464,0.0,normal
1,0.05,0,0,0,0,0,0,0,0,0,0,0,0,0,0,79.66268594360284,0.0,normal
3,0.35,0,0,0,0,0,0,0,0,1,0,0,0,0,0,93.17917367016119,0.0,malicious
0,0.05,0,0,0,0,0,0,0,0,0,0,0,0,0,0,90.92416488958067,0.0,normal
0,0.3,0,0,0,0,0,0,0,0,0,1,0,0,0,0,92.59816795833423,0.0,normal
0,0.05,0,0,0,0,0,0,0,0,0,0,0,0,0,0,88.82542054618015,0.0,normal
1,0.08,0,0,0,0,0,0,0,0,0,0,0,0,0,0,72.61768297779486,0.0,normal
1,1.0,0,0,0,1,0,0,0,0,1,0,0,0,0,1,80.42519797687551,15.0,malicious
1,0.05,0,0,0,0,0,0,0,0,0,0,0,0,0,0,85.35796199889633,0.0,normal
0,0.08,0,0,0,0,0,0,0,1,0,0,0,0,0,0,74.30642612089703,0.0,normal
2,0.1,0,0,0,0,0,0,0,0,1,0,0,0,0,0,76.72721832644208,0.0,malicious
0,0.1,0,0,0,0,0,0,0,0,0,0,0,0,0,1,86.95641427110041,15.0,normal
0,0.05,0,0,0,0,0,0,0,0,0,0,0,0,0,0,78.98502082507137,0.0,normal
0,0.1,0,0,0,0,0,0,0,0,0,0,0,0,0,0,81.8370758216297,0.0,normal
1,0.1,0,0,0,0,0,0,0,0,1,0,0,0,0,0,66.87352879912153,0.0,suspicious
0,0.05,0,0,0,0,0,0,0,0,0,0,0,1,0,0,94.84625028343808,60.0,normal
1,0.05,0,0,0,0,0,0,0,0,0,0,0,0,0,0,75.94136261004395,0.0,normal
0,0.9,0,0,1,0,0,0,0,0,0,0,0,0,0,0,60.39564116901285,0.0,malicious
0,0.1,0,0,0,0,0,0,0,1,1,0,0,0,0,0,65.2922157244913,0.0,suspicious
0,0.1,0,0,0,0,0,0,0,0,1,0,0,0,0,0,80.70642575854139,0.0,normal
0,0.3,0,0,0,0,0,0,0,0,0,0,0,1,0,0,100.0,60.0,normal
0,0.05,0,0,0,0,0,0,0,0,0,0,0,0,0,0,80.06748305783692,0.0,normal
0,0.1,0,0,0,0,0,0,0,0,0,0,0,0,0,0,95.38401531503547,0.0,normal
0,0.5,0,1,0,0,0,0,0,0,0,0,0,0,0,0,84.10816939462475,0.0,suspicious
0,0.08,0,0,0,0,0,0,0,0,0,0,0,0,0,0,86.38290455181875,0.0,normal
0,0.1,0,0,0,0,0,0,0,0,1,0,0,0,0,0,75.77653402898109,0.0,normal
0,0.05,0,0,0,0,0,0,0,0,0,0,0,1,0,0,81.54112874312098,60.0,normal
0,0.55,0,0,0,0,1,0,0,0,1,0,0,0,0,0,68.56813920367105,0.0,malicious
0,0.05,0,0,0,0,0,0,0,0,0,0,0,0,0,0,79.09025186627623,0.0,normal
0,0.05,0,0,0,0,0,0,0,1,0,0,0,0,0,0,80.66004244408144,0.0,normal
0,0.5,0,1,0,0,0,0,0,1,1,0,0,0,0,1,64.74397582701214,15.0,malicious
0,0.1,0,0,0,0,0,0,0,0,1,0,0,0,0,0,70.08397591977626,0.0,normal
0,0.08,0,0,0,0,0,0,0,0,0,0,0,0,0,0,63.04197594319868,0.0,normal
1,1.0,0,0,0,1,0,0,0,1,0,1,0,0,0,0,68.20087080732063,0.0,malicious
0,0.25,0,0,0,0,0,0,1,1,0,1,0,0,0,0,99.53685796351103,0.0,normal
2,0.3,0,0,0,0,0,0,0,0,0,1,0,0,0,0,83.8624110490435,0.0,suspicious
0,0.25,0,0,0,0,0,0,1,0,0,0,0,0,0,0,93.01237060251914,0.0,normal
0,0.3,0,0,0,0,0,0,0,1,0,1,0,0,0,1,86.1096263911413,15.0,suspicious
3,0.35,0,0,0,0,0,0,0,0,0,1,0,0,0,0,78.05339747274513,0.0,malicious
0,0.1,0,0,0,0,0,0,0,0,0,0,0,0,0,1,90.34574186803047,15.0,normal
0,0.5,0,1,0,0,0,0,0,1,0,0,0,1,0,0,66.60583819606288,60.0,malicious
1,0.1,0,0,0,0,0,0,0,0,0,0,0,0,0,0,70.91927454234997,0.0,normal
0,0.08,0,0,0,0,0,0,0,0,0,1,1,0,0,0,95.09022701883768,70.0,suspicious
2,0.08,0,0,0,0,0,0,0,0,0,0,0,0,0,0,71.70460384820746,0.0,suspicious
1,0.1,0,0,0,0,0,0,0,0,0,0,0,1,0,0,85.20999595385312,60.0,normal
0,0.05,0,0,0,0,0,0,0,0,0,0,0,0,0,0,85.53128295072926,0.0,normal
0,0.08,0,0,0,0,0,0,0,0,0,0,0,0,0,1,94.30634002119734,15.0,normal
0,0.08,0,0,0,0,0,0,0,0,0,1,0,0,0,0,88.46185941201465,0.0,normal
1,0.1,0,0,0,0,0,0,0,0,0,0,0,0,0,1,90.18918677054047,15.0,normal
0,0.05,0,0,0,0,0,0,0,0,0,0,0,0,0,1,76.92482154259031,15.0,normal
2,0.05,0,0,0,0,0,0,0,0,0,0,0,0,0,1,77.19909694163515,15.0,malicious
1,0.85,1,0,0,0,0,0,0,0,1,1,0,0,1,0,80.89623221499932,30.0,malicious
2,0.1,0,0,0,0,0,0,0,0,1,0,0,0,0,0,87.48626678945153,0.0,suspicious
0,0.08,0,0,0,0,0,0,0,0,0,0,1,0,0,0,96.90936607803812,70.0,normal
1,0.3,0,0,0,0,0,0,0,1,0,1,0,0,0,0,88.85304480532584,0.0,normal
0,0.1,0,0,0,0,0,0,0,0,1,0,0,0,0,0,75.47047903753544,0.0,normal
0,0.08,0,0,0,0,0,0,0,0,0,0,0,1,0,0,74.63721200029593,60.0,normal
0,0.05,0,0,0,0,0,0,0,0,0,0,0,0,0,1,84.00623697095138,15.0,normal
0,0.25,0,0,0,0,0,0,1,0,0,0,0,0,1,1,73.40009711798095,45.0,suspicious
0,0.08,0,0,0,0,0,0,0,0,1,1,0,0,1,0,84.52243488847498,30.0,normal
0,0.05,0,0,0,0,0,0,0,0,0,0,0,0,0,0,66.76433872463227,0.0,normal
0,0.25,0,0,0,0,0,0,1,0,0,0,0,0,0,0,64.09086256136428,0.0,normal
1,0.25,0,0,0,0,0,0,1,1,0,0,0,0,0,0,73.81474668998501,0.0,suspicious
0,0.05,0,0,0,0,0,0,0,0,1,0,0,0,0,0,92.26559988690352,0.0,normal
0,0.08,0,0,0,0,0,0,0,0,0,1,0,0,0,0,100.0,0.0,normal
1,0.1,0,0,0,0,0,0,0,0,1,0,0,0,0,1,75.31838314145529,15.0,suspicious
1,0.1,0,0,0,0,0,0,0,0,0,0,0,0,0,0,100.0,0.0,normal
0,0.5,0,1,0,0,0,0,0,1,0,0,0,0,0,0,68.60749467724801,0.0,suspicious
2,0.1,0,0,0,0,0,0,0,0,0,0,0,1,0,0,85.84971823792034,60.0,malicious
0,0.1,0,0,0,0,0,0,0,0,1,1,0,0,0,1,72.83733331612069,15.0,suspicious
0,0.05,0,0,0,0,0,0,0,0,0,1,0,0,0,0,55.77944642037502,0.0,normal
1,0.1,0,0,0,0,0,0,0,0,0,0,0,0,1,1,93.77218880014294,45.0,normal
0,0.05,0,0,0,0,0,0,0,0,0,0,0,0,0,0,70.57853038970477,0.0,normal
1,0.55,0,0,0,0,1,0,0,0,0,1,0,0,0,0,50.786746821564,0.0,malicious
1,0.55,0,0,0,0,1,0,0,0,0,1,0,0,0,0,64.03309964829941,0.0,malicious
2,0.35,0,0,0,0,0,0,0,1,0,0,0,1,0,0,48.31484420955206,60.0,malicious
0,0.5,0,1,0,0,0,0,0,1,0,0,0,0,0,1,49.10448318199194,15.0,malicious
1,0.05,0,0,0,0,0,0,0,0,0,0,0,0,1,0,95.10602042923443,30.0,normal
1,0.08,0,0,0,0,0,0,0,0,0,0,0,0,0,0,74.42008261478973,0.0,normal
2,0.05,0,0,0,0,0,0,0,0,0,0,0,0,0,0,82.77462613579335,0.0,suspicious
1,0.25,0,0,0,0,0,0,1,1,1,1,0,0,0,0,100.0,0.0,malicious
1,0.05,0,0,0,0,0,0,0,1,0,0,0,0,0,1,82.62095961753917,15.0,normal
1,0.5,0,1,0,0,0,0,0,1,1,0,0,0,0,0,59.494243333435186,0.0,malicious
0,0.25,0,0,0,0,0,0,1,1,1,0,0,0,0,0,77.89223949061461,0.0,suspicious
3,0.35,0,0,0,0,0,0,0,1,1,0,0,0,0,0,63.06902668615409,0.0,malicious
0,0.05,0,0,0,0,0,0,0,0,0,0,0,0,0,0,87.2777077226911,0.0,normal
0,0.1,0,0,0,0,0,0,0,0,1,0,0,0,0,0,63.998378684185894,0.0,normal
0,0.5,0,1,0,0,0,0,0,0,0,0,0,0,0,0,49.71082282485028,0.0,suspicious
1,0.3,0,0,0,0,0,0,0,1,0,0,0,0,0,0,82.8558093901045,0.0,normal
0,0.05,0,0,0,0,0,0,0,0,1,0,0,0,0,0,82.88875594406743,0.0,normal
0,0.1,0,0,0,0,0,0,0,0,0,0,0,0,0,0,92.42743506124252,0.0,normal
0,0.1,0,0,0,0,0,0,0,1,1,0,0,0,0,0,53.149246471048315,0.0,suspicious
1,0.1,0,0,0,0,0,0,0,0,0,0,0,0,0,0,63.667339531330484,0.0,normal
0,0.25,0,0,0,0,0,0,1,1,1,0,0,0,0,0,97.02048792895124,0.0,normal
0,0.05,0,0,0,0,0,0,0,0,0,0,0,0,0,0,91.43184094760262,0.0,normal
0,0.35,0,0,0,0,0,0,0,0,0,1,0,1,0,0,49.28189304203905,60.0,malicious
0,0.9,0,0,1,0,0,0,0,1,0,0,0,0,0,0,80.42683398558886,0.0,malicious
0,0.45,0,0,0,0,0,1,0,0,0,1,0,0,0,0,85.69707981884522,0.0,suspicious
0,0.5,0,1,0,0,0,0,0,0,1,1,0,0,0,0,76.72842491952096,0.0,malicious
1,0.08,0,0,0,0,0,0,0,0,0,0,0,0,0,0,74.50626756682037,0.0,normal
0,0.08,0,0,0,0,0,0,0,0,0,0,0,0,0,1,82.00150108372229,15.0,normal
0,0.08,0,0,0,0,0,0,0,0,0,1,0,1,0,0,97.71924781414279,60.0,normal
0,0.08,0,0,0,0,0,0,0,0,0,0,0,0,0,0,80.91433568753936,0.0,normal
2,0.3,0,0,0,0,0,0,0,0,1,0,0,0,0,1,66.20295394400203,15.0,malicious
1,0.05,0,0,0,0,0,0,0,0,0,0,0,0,0,1,89.73006805099578,15.0,normal
0,0.25,0,0,0,0,0,0,1,1,0,0,0,0,0,0,80.0217591078485,0.0,normal
0,0.25,0,0,0,0,0,0,1,0,0,1,0,0,0,0,84.84074452613268,0.0,suspicious
0,0.05,0,0,0,0,0,0,0,0,0,0,0,0,0,1,80.70269343060471,15.0,normal
1,0.85,1,0,0,0,0,0,0,0,0,0,0,0,0,0,54.15669173604637,0.0,malicious
2,0.08,0,0,0,0,0,0,0,0,0,1,0,0,0,0,74.76434552733356,0.0,malicious
0,0.1,0,0,0,0,0,0,0,1,1,0,0,0,0,0,100.0,0.0,normal
0,0.3,0,0,0,0,0,0,0,0,1,1,0,0,0,0,90.94235584422675,0.0,normal
1,0.55,0,0,0,0,1,0,0,1,0,0,0,0,0,0,73.10411518802654,0.0,normal
1,0.05,0,0,0,0,0,0,0,0,0,0,0,0,0,0,62.11776195786934,0.0,normal
0,0.05,0,0,0,0,0,0,0,1,0,0,0,0,0,0,86.2891929147542,0.0,normal
0,0.1,0,0,0,0,0,0,0,1,0,0,0,0,0,0,68.78190144100775,0.0,normal
2,0.35,0,0,0,0,0,0,0,0,1,1,0,0,0,0,60.203184674770796,0.0,malicious
0,0.08,0,0,0,0,0,0,0,0,0,0,0,0,0,0,80.23090296691119,0.0,normal
0,0.3,0,0,0,0,0,0,0,0,0,0,0,0,0,0,74.6571989556293,0.0,normal
0,0.25,0,0,0,0,0,0,1,0,1,0,0,0,0,0,75.43491331847794,0.0,normal
1,0.08,0,0,0,0,0,0,0,0,0,0,0,0,0,0,100.0,0.0,normal
1,0.85,1,0,0,0,0,0,0,1,0,0,0,0,0,0,56.26524012270943,0.0,malicious
0,0.08,0,0,0,0,0,0,0,1,0,1,0,0,0,1,86.427881101823,15.0,normal
1,0.08,0,0,0,0,0,0,0,1,0,0,0,1,0,0,91.41688617039813,60.0,suspicious
1,0.05,0,0,0,0,0,0,0,0,0,0,0,0,0,0,96.93415066518816,0.0,normal
1,0.45,0,0,0,0,0,1,0,1,1,1,0,0,0,0,75.74475055901259,0.0,malicious
1,0.55,0,0,0,0,1,0,0,0,1,1,0,0,1,0,89.18667675166537,30.0,malicious
0,0.5,0,1,0,0,0,0,0,1,1,1,0,0,0,0,75.52165580663767,0.0,malicious
0,0.05,0,0,0,0,0,0,0,0,0,0,0,0,0,0,76.2108002205212,0.0,normal
0,0.05,0,0,0,0,0,0,0,0,0,0,0,0,0,0,68.15585132418994,0.0,normal
1,0.08,0,0,0,0,0,0,0,0,0,0,0,0,0,0,100.0,0.0,normal
4,0.35,0,0,0,0,0,0,0,0,0,1,0,0,0,1,50.431768216277156,15.0,malicious
1,0.5,0,1,0,0,0,0,0,0,0,0,0,1,0,0,62.60059381342809,60.0,malicious
0,0.25,0,0,0,0,0,0,1,1,0,0,0,0,0,0,78.66171450311793,0.0,normal
0,0.05,0,0,0,0,0,0,0,0,0,0,0,0,0,0,100.0,0.0,normal
0,0.1,0,0,0,0,0,0,0,0,0,0,0,0,0,0,84.96136866089735,0.0,normal
0,0.5,0,1,0,0,0,0,0,0,1,0,0,0,0,0,71.35270105779396,0.0,suspicious
1,0.1,0,0,0,0,0,0,0,0,0,0,0,0,0,0,83.41419397371149,0.0,normal
0,0.08,0,0,0,0,0,0,0,0,0,0,0,0,0,0,90.59244648056948,0.0,normal
3,0.1,0,0,0,0,0,0,0,0,0,0,0,0,0,0,87.41439517624167,0.0,malicious
1,0.05,0,0,0,0,0,0,0,0,0,0,0,0,1,0,88.08204356197065,30.0,normal
2,0.35,0,0,0,0,0,0,0,0,1,1,0,1,0,1,73.15592655990736,75.0,malicious
0,0.1,0,0,0,0,0,0,0,0,1,0,0,0,0,0,100.0,0.0,normal
0,0.08,0,0,0,0,0,0,0,1,0,0,0,0,0,0,90.22978091151003,0.0,normal
2,0.35,0,0,0,0,0,0,0,1,0,1,0,0,0,0,59.47910442472468,0.0,malicious
1,0.05,0,0,0,0,0,0,0,0,1,0,0,0,0,1,80.94950763044807,15.0,suspicious
0,0.3,0,0,0,0,0,0,0,0,0,0,0,0,0,0,73.43315487892283,0.0,normal
0,0.08,0,0,0,0,0,0,0,0,0,0,0,0,0,0,99.39768166400438,0.0,normal
0,0.45,0,0,0,0,0,1,0,0,0,0,0,0,0,1,86.884178919743,15.0,normal
1,0.55,0,0,0,0,1,0,0,1,0,0,0,0,0,0,55.63330700486992,0.0,malicious
0,0.05,0,0,0,0,0,0,0,1,0,1,0,0,0,0,84.55673710668606,0.0,normal
1,0.3,0,0,0,0,0,0,0,0,0,0,0,0,0,0,65.35214865580187,0.0,normal
0,0.05,0,0,0,0,0,0,0,0,0,0,0,1,0,0,83.7194590401509,60.0,normal
1,0.1,0,0,0,0,0,0,0,0,0,0,0,0,0,0,81.6537239429082,0.0,normal
0,0.1,0,0,0,0,0,0,0,0,0,0,0,1,0,0,81.79631180951115,60.0,suspicious
0,0.25,0,0,0,0,0,0,1,0,0,1,0,0,0,0,100.0,0.0,normal
0,0.05,0,0,0,0,0,0,0,0,0,0,0,0,0,0,83.16912204315551,0.0,normal
0,0.45,0,0,0,0,0,1,0,0,0,1,0,0,0,0,78.88635576246637,0.0,suspicious
0,0.55,0,0,0,0,1,0,0,0,0,0,0,0,0,0,100.0,0.0,normal
0,0.08,0,0,0,0,0,0,0,0,0,0,0,0,0,0,92.30972169439433,0.0,normal
0,0.05,0,0,0,0,0,0,0,0,0,0,0,0,0,0,100.0,0.0,normal
0,0.05,0,0,0,0,0,0,0,0,0,1,0,0,0,0,81.76357264998597,0.0,normal
1,0.05,0,0,0,0,0,0,0,0,0,0,0,0,0,0,89.22374206807454,0.0,normal
0,0.45,0,0,0,0,0,1,0,0,1,0,0,0,0,0,69.81632957539661,0.0,suspicious
1,0.08,0,0,0,0,0,0,0,0,0,0,0,0,0,1,100.0,15.0,normal
0,0.08,0,0,0,0,0,0,0,0,0,0,0,0,0,0,87.90758878597465,0.0,suspicious
0,0.1,0,0,0,0,0,0,0,0,0,0,0,0,0,0,89.05660315461004,0.0,normal
0,0.08,0,0,0,0,0,0,0,0,0,0,0,0,0,0,100.0,0.0,normal
1,1.0,0,0,0,1,0,0,0,0,1,0,0,0,0,0,58.69594779714839,0.0,malicious
0,0.9,0,0,1,0,0,0,0,0,0,0,0,0,0,0,82.42046637583172,0.0,suspicious
1,0.05,0,0,0,0,0,0,0,0,0,0,0,0,0,0,76.58433121880611,0.0,normal
1,0.1,0,0,0,0,0,0,0,0,0,0,0,0,0,0,85.91538464582787,0.0,suspicious
1,0.1,0,0,0,0,0,0,0,0,1,0,0,0,0,0,100.0,0.0,normal
1,0.25,0,0,0,0,0,0,1,1,1,1,0,0,0,0,78.86577625375114,0.0,malicious
1,0.5,0,1,0,0,0,0,0,0,0,1,0,0,0,0,63.9676754633979,0.0,malicious
0,0.08,0,0,0,0,0,0,0,0,0,0,0,0,1,0,65.35668382755166,30.0,normal
0,0.05,0,0,0,0,0,0,0,0,0,0,0,0,0,1,76.58840255267936,15.0,normal
3,0.1,0,0,0,0,0,0,0,0,0,0,0,0,0,0,72.10767286321365,0.0,malicious
1,0.1,0,0,0,0,0,0,0,0,0,0,0,0,0,0,71.31520889070704,0.0,suspicious
0,0.1,0,0,0,0,0,0,0,0,1,0,0,0,0,0,100.0,0.0,normal
0,0.05,0,0,0,0,0,0,0,0,0,0,0,0,0,1,94.32321471620493,15.0,normal
1,0.05,0,0,0,0,0,0,0,0,0,0,0,0,0,0,91.93827337482288,0.0,normal
0,0.08,0,0,0,0,0,0,0,0,0,1,1,0,0,1,86.78706245939007,85.0,malicious
1,0.08,0,0,0,0,0,0,0,0,0,0,0,0,0,0,77.06144566556928,0.0,normal
1,0.35,0,0,0,0,0,0,0,0,0,1,0,0,0,0,75.98738983568883,0.0,suspicious
0,0.1,0,0,0,0,0,0,0,0,1,0,0,0,0,0,94.59617123604367,0.0,normal
0,0.05,0,0,0,0,0,0,0,0,0,0,0,0,0,0,77.6789178602118,0.0,normal
2,0.08,0,0,0,0,0,0,0,0,0,0,0,0,0,1,70.51581454605069,15.0,malicious
0,0.08,0,0,0,0,0,0,0,1,0,0,0,0,0,0,73.85450366600946,0.0,normal
1,0.85,1,0,0,0,0,0,0,0,1,0,0,0,0,0,49.97535227384105,0.0,malicious
0,0.25,0,0,0,0,0,0,1,1,1,1,0,0,0,0,100.0,0.0,suspicious
1,0.05,0,0,0,0,0,0,0,0,0,0,0,1,0,0,89.21404500121173,60.0,normal
0,0.05,0,0,0,0,0,0,0,0,0,0,0,0,0,0,99.87248613762031,0.0,normal
0,0.1,0,0,0,0,0,0,0,0,0,0,0,0,0,1,82.35172566643689,15.0,normal
0,0.1,0,0,0,0,0,0,0,0,1,0,0,0,0,0,75.83946870578418,0.0,normal
0,0.1,0,0,0,0,0,0,0,0,0,0,0,0,0,0,69.83829480987106,0.0,normal
2,0.08,0,0,0,0,0,0,0,0,0,0,0,0,0,0,88.64038154415488,0.0,normal
1,0.25,0,0,0,0,0,0,1,1,0,1,0,1,0,0,90.55980659616418,60.0,malicious
1,0.1,0,0,0,0,0,0,0,0,1,0,0,0,0,1,100.0,15.0,normal
6,0.35,0,0,0,0,0,0,0,0,0,0,0,0,0,0,92.5711336756701,0.0,malicious
0,0.05,0,0,0,0,0,0,0,0,1,0,0,1,0,0,91.6704515406292,60.0,suspicious
1,0.08,0,0,0,0,0,0,0,0,0,0,0,0,0,0,87.71113240960558,0.0,normal
0,0.05,0,0,0,0,0,0,0,0,0,0,0,1,0,1,94.02356006254595,75.0,normal
0,0.35,0,0,0,0,0,0,0,0,1,1,0,0,0,1,69.69412757621775,15.0,malicious
1,0.9,0,0,1,0,0,0,0,0,1,0,0,0,1,0,50.80690244627398,30.0,malicious
1,0.55,0,0,0,0,1,0,0,0,0,0,0,0,0,0,73.89452360848188,0.0,suspicious
1,0.08,0,0,0,0,0,0,0,0,0,0,0,0,0,0,100.0,0.0,normal
0,0.08,0,0,0,0,0,0,0,0,0,0,0,0,0,0,77.77901332353333,0.0,normal
0,0.85,1,0,0,0,0,0,0,0,0,0,0,0,0,0,82.16381050486208,0.0,suspicious
1,0.05,0,0,0,0,0,0,0,0,0,0,0,1,0,0,88.3889677049282,60.0,suspicious
1,0.05,0,0,0,0,0,0,0,0,0,0,0,0,0,0,100.0,0.0,normal
0,0.05,0,0,0,0,0,0,0,0,0,0,0,0,0,0,100.0,0.0,normal
0,0.1,0,0,0,0,0,0,0,1,0,0,0,0,0,0,82.18016453079115,0.0,normal
2,0.1,0,0,0,0,0,0,0,0,0,0,0,0,0,0,81.96243968419093,0.0,normal
2,0.1,0,0,0,0,0,0,0,0,1,0,0,0,0,0,86.80100652465552,0.0,suspicious
1,0.85,1,0,0,0,0,0,0,0,1,0,1,0,0,1,65.44145259029234,85.0,malicious
1,0.05,0,0,0,0,0,0,0,0,0,0,0,1,0,0,71.71112409722298,60.0,suspicious
1,0.08,0,0,0,0,0,0,0,0,0,0,0,0,0,0,100.0,0.0,normal
0,0.55,0,0,0,0,1,0,0,0,0,0,0,0,0,0,84.74165063561368,0.0,normal
0,0.05,0,0,0,0,0,0,0,0,0,0,0,0,0,1,100.0,15.0,normal
0,0.05,0,0,0,0,0,0,0,0,1,1,0,0,0,0,85.6323965474608,0.0,normal
1,0.25,0,0,0,0,0,0,1,0,1,0,0,0,0,1,81.2297182513232,15.0,malicious
1,0.05,0,0,0,0,0,0,0,0,0,0,0,1,0,0,95.8521654879267,60.0,normal
0,0.05,0,0,0,0,0,0,0,0,0,0,0,0,0,0,98.73137135829991,0.0,normal
0,0.25,0,0,0,0,0,0,1,0,1,1,0,0,0,0,87.02299771465468,0.0,suspicious
0,0.1,0,0,0,0,0,0,0,0,0,0,0,0,0,0,100.0,0.0,normal
0,0.3,0,0,0,0,0,0,0,1,0,0,0,0,0,1,66.27494658963596,15.0,normal
0,0.08,0,0,0,0,0,0,0,0,0,1,0,0,0,0,59.40711318453277,0.0,normal
0,0.85,1,0,0,0,0,0,0,0,1,0,1,0,0,1,63.06244850335667,85.0,malicious
0,0.05,0,0,0,0,0,0,0,0,0,0,0,0,0,0,88.55681225937012,0.0,normal
1,0.05,0,0,0,0,0,0,0,0,0,0,0,0,0,0,100.0,0.0,suspicious
1,0.1,0,0,0,0,0,0,0,0,0,0,0,0,0,0,76.49827954955754,0.0,normal
0,0.05,0,0,0,0,0,0,0,0,0,0,0,0,0,0,80.43226683962942,0.0,normal
0,0.05,0,0,0,0,0,0,0,0,0,0,0,0,0,1,89.30195110563272,15.0,suspicious
1,0.1,0,0,0,0,0,0,0,0,0,0,0,0,0,1,71.03923154238666,15.0,normal
3,0.35,0,0,0,0,0,0,0,0,0,0,0,0,0,1,63.05538680148278,15.0,malicious
1,0.1,0,0,0,0,0,0,0,0,1,0,0,0,0,0,96.69677403420707,0.0,normal
0,0.08,0,0,0,0,0,0,0,0,0,0,0,0,0,0,75.49796401845161,0.0,normal
0,0.1,0,0,0,0,0,0,0,0,0,0,0,0,0,1,73.0340279571327,15.0,normal
0,0.1,0,0,0,0,0,0,0,0,0,0,0,0,0,1,51.770015312388296,15.0,normal
0,0.25,0,0,0,0,0,0,1,0,1,1,0,0,0,0,97.12992750622621,0.0,suspicious
3,0.08,0,0,0,0,0,0,0,0,0,0,0,1,0,0,90.97531337133024,60.0,malicious
0,0.08,0,0,0,0,0,0,0,0,0,0,0,0,0,0,88.64498284623058,0.0,normal
1,0.5,0,1,0,0,0,0,0,0,0,0,0,0,0,0,45.60024751336282,0.0,malicious
2,0.5,0,1,0,0,0,0,0,0,1,0,0,0,0,0,74.82438637143414,0.0,malicious
0,0.25,0,0,0,0,0,0,1,1,0,1,0,0,0,0,84.1359272336675,0.0,normal
0,0.1,0,0,0,0,0,0,0,0,0,0,0,0,1,0,79.73193138809421,30.0,normal
0,0.08,0,0,0,0,0,0,0,1,0,0,0,0,0,0,95.48128253647953,0.0,normal
0,0.1,0,0,0,0,0,0,0,0,0,0,0,0,0,0,80.79317172435513,0.0,normal
0,0.1,0,0,0,0,0,0,0,1,0,0,0,0,0,0,80.46259588730985,0.0,normal
1,0.05,0,0,0,0,0,0,0,0,0,0,0,0,0,0,74.67323435667308,0.0,normal
0,0.25,0,0,0,0,0,0,1,0,0,0,0,0,1,0,79.42048103592816,30.0,normal
1,0.45,0,0,0,0,0,1,0,0,0,1,0,0,0,0,89.56779354690826,0.0,normal
1,0.08,0,0,0,0,0,0,0,0,0,0,0,1,0,0,100.0,60.0,suspicious
1,0.1,0,0,0,0,0,0,0,0,0,1,0,0,0,1,100.0,15.0,normal
0,0.45,0,0,0,0,0,1,0,0,0,0,0,0,0,0,89.5928786373325,0.0,normal
1,0.1,0,0,0,0,0,0,0,0,0,0,0,0,0,0,82.89441512004898,0.0,normal
1,0.05,0,0,0,0,0,0,0,1,0,0,0,0,0,0,90.61368687751519,0.0,normal
4,0.35,0,0,0,0,0,0,0,0,1,0,0,1,0,0,61.10353998762811,60.0,malicious
1,0.1,0,0,0,0,0,0,0,0,0,0,0,0,0,0,86.82164833102735,0.0,normal
0,0.05,0,0,0,0,0,0,0,1,0,0,0,0,0,0,82.00772965012334,0.0,normal
0,0.08,0,0,0,0,0,0,0,0,0,1,0,0,0,0,93.04911864894893,0.0,normal
0,0.05,0,0,0,0,0,0,0,0,0,0,0,0,0,0,75.04461710672786,0.0,normal
0,0.08,0,0,0,0,0,0,0,0,0,0,0,0,0,0,79.10450694007633,0.0,normal
2,0.1,0,0,0,0,0,0,0,0,0,0,0,0,0,0,95.44735656989045,0.0,normal
1,0.5,0,1,0,0,0,0,0,1,0,1,0,0,0,0,58.826489270335614,0.0,malicious
3,0.05,0,0,0,0,0,0,0,0,1,0,0,0,0,0,76.7391976640546,0.0,malicious
0,0.05,0,0,0,0,0,0,0,1,0,0,0,0,0,0,99.40751047291374,0.0,normal
1,0.5,0,1,0,0,0,0,0,1,1,0,0,0,1,0,85.56373226192181,30.0,malicious
0,0.05,0,0,0,0,0,0,0,0,0,0,0,1,0,0,64.54262489730434,60.0,suspicious
0,0.1,0,0,0,0,0,0,0,0,0,0,0,0,0,0,100.0,0.0,normal
0,0.08,0,0,0,0,0,0,0,0,0,0,0,0,0,0,86.78050531134052,0.0,normal
1,0.1,0,0,0,0,0,0,0,0,0,0,0,0,1,0,83.52078550613382,30.0,normal
1,0.05,0,0,0,0,0,0,0,0,0,0,0,0,0,0,80.2649082572514,0.0,normal
0,0.85,1,0,0,0,0,0,0,0,0,1,0,0,0,0,66.54574859564725,0.0,malicious
2,0.08,0,0,0,0,0,0,0,0,0,1,0,0,0,0,82.7458613759419,0.0,suspicious
2,0.08,0,0,0,0,0,0,0,0,0,0,0,1,0,0,100.0,60.0,suspicious
1,0.08,0,0,0,0,0,0,0,0,0,0,0,0,0,1,69.9842638323945,15.0,normal
0,0.85,1,0,0,0,0,0,0,1,1,1,0,0,0,0,62.054876440310416,0.0,suspicious
0,0.05,0,0,0,0,0,0,0,1,1,0,1,0,0,1,87.13370272243587,85.0,malicious
0,0.08,0,0,0,0,0,0,0,0,0,0,0,0,0,0,73.37493676389683,0.0,suspicious
0,0.08,0,0,0,0,0,0,0,0,0,1,0,0,0,0,90.25328588937997,0.0,normal
0,0.1,0,0,0,0,0,0,0,0,0,0,1,0,0,0,80.32105060815573,70.0,normal
1,0.1,0,0,0,0,0,0,0,0,1,1,0,0,0,1,76.19845836880098,15.0,malicious
0,0.3,0,0,0,0,0,0,0,0,0,0,0,0,0,0,79.41201829606398,0.0,normal
2,0.08,0,0,0,0,0,0,0,0,0,0,0,0,0,0,60.0538525070685,0.0,malicious
2,0.5,0,1,0,0,0,0,0,0,0,1,0,0,0,0,44.97929951290642,0.0,malicious
5,0.35,0,0,0,0,0,0,0,0,1,1,0,0,0,0,66.48074880043029,0.0,malicious
1,0.1,0,0,0,0,0,0,0,1,0,0,0,1,1,0,83.60461965274158,90.0,malicious
0,0.5,0,1,0,0,0,0,0,1,0,1,0,0,1,0,63.9135752052533,30.0,malicious
0,0.05,0,0,0,0,0,0,0,0,0,0,0,0,0,0,94.13136792822259,0.0,normal
0,0.05,0,0,0,0,0,0,0,0,0,0,0,0,0,0,84.71046370177793,0.0,normal
1,0.08,0,0,0,0,0,0,0,0,0,0,0,0,0,0,77.36438828154698,0.0,normal
2,0.35,0,0,0,0,0,0,0,0,0,1,0,0,0,0,71.08399101879766,0.0,malicious
0,0.08,0,0,0,0,0,0,0,0,0,0,1,0,0,0,64.21175374544174,70.0,suspicious
0,0.9,0,0,1,0,0,0,0,0,0,0,0,0,0,0,71.64652831892762,0.0,malicious
0,0.85,1,0,0,0,0,0,0,0,1,0,0,0,0,0,58.10325997689233,0.0,malicious
0,0.1,0,0,0,0,0,0,0,0,0,0,0,1,0,0,96.9329229364933,60.0,normal
1,0.05,0,0,0,0,0,0,0,0,0,0,0,0,1,0,75.4963643951377,30.0,suspicious
0,0.1,0,0,0,0,0,0,0,0,1,1,0,0,0,0,75.54506102356555,0.0,suspicious
0,0.5,0,1,0,0,0,0,0,1,0,1,1,0,0,0,93.08831306475304,70.0,malicious
0,0.05,0,0,0,0,0,0,0,1,0,0,0,0,0,0,82.50164603025193,0.0,normal
1,0.1,0,0,0,0,0,0,0,1,0,0,0,0,0,0,95.90032593933608,0.0,normal
1,0.35,0,0,0,0,0,0,0,0,0,0,0,0,0,0,59.463454319525454,0.0,suspicious
0,0.05,0,0,0,0,0,0,0,0,0,0,1,0,0,1,86.20263767955886,85.0,normal
1,0.1,0,0,0,0,0,0,0,0,1,0,0,0,0,0,92.76776326299937,0.0,normal
2,0.35,0,0,0,0,0,0,0,0,0,1,0,0,0,0,71.08170654234746,0.0,malicious
1,0.08,0,0,0,0,0,0,0,0,0,0,0,0,0,0,84.54967622689911,0.0,normal
0,0.05,0,0,0,0,0,0,0,0,0,0,0,0,0,1,95.13960233856496,15.0,normal
5,0.35,0,0,0,0,0,0,0,0,1,0,0,0,0,0,90.006799536461,0.0,malicious
1,0.08,0,0,0,0,0,0,0,1,1,0,0,0,0,0,87.48314040180853,0.0,normal
1,0.5,0,1,0,0,0,0,0,0,1,1,0,0,0,0,69.4607339733391,0.0,malicious
0,0.05,0,0,0,0,0,0,0,0,0,0,0,0,0,1,65.56239870838829,15.0,normal
0,0.08,0,0,0,0,0,0,0,0,0,0,0,0,0,0,82.599227855886,0.0,normal
0,0.3,0,0,0,0,0,0,0,0,0,0,0,0,0,0,100.0,0.0,normal
3,0.35,0,0,0,0,0,0,0,0,0,0,0,0,0,1,49.77311954032133,15.0,malicious
1,0.05,0,0,0,0,0,0,0,0,1,0,0,0,0,0,65.94662552100296,0.0,suspicious
2,0.05,0,0,0,0,0,0,0,0,0,0,0,0,0,0,97.29759573842536,0.0,normal
0,0.1,0,0,0,0,0,0,0,0,1,0,0,0,0,0,86.96720890394238,0.0,normal
1,0.1,0,0,0,0,0,0,0,1,1,0,0,0,0,1,65.54178230993037,15.0,suspicious
0,0.05,0,0,0,0,0,0,0,0,0,0,0,0,0,0,100.0,0.0,normal
1,0.08,0,0,0,0,0,0,0,0,0,0,0,0,0,1,91.64579104154915,15.0,normal
1,0.1,0,0,0,0,0,0,0,1,0,0,0,0,0,0,81.62404726561665,0.0,normal
0,0.85,1,0,0,0,0,0,0,1,0,0,0,0,0,0,77.23522015057381,0.0,suspicious
0,0.08,0,0,0,0,0,0,0,0,0,0,0,0,0,0,85.42033182590482,0.0,normal
0,0.05,0,0,0,0,0,0,0,0,0,0,0,0,0,0,74.46370550675456,0.0,normal
0,0.55,0,0,0,0,1,0,0,0,0,1,0,1,0,0,76.1629661791352,60.0,malicious
0,0.05,0,0,0,0,0,0,0,0,0,0,0,0,0,0,72.29887157603531,0.0,normal
0,0.08,0,0,0,0,0,0,0,0,0,0,0,0,0,0,92.57249408661706,0.0,normal
1,0.1,0,0,0,0,0,0,0,0,0,0,0,0,0,0,87.69529657934066,0.0,normal
0,0.1,0,0,0,0,0,0,0,0,0,0,0,0,1,0,99.57166213834655,30.0,normal
0,0.1,0,0,0,0,0,0,0,0,1,0,1,0,0,1,79.54972697953035,85.0,malicious
0,0.05,0,0,0,0,0,0,0,0,0,0,0,0,0,1,92.30974541794276,15.0,normal
4,0.08,0,0,0,0,0,0,0,0,0,0,0,0,0,0,71.30380722996492,0.0,malicious
0,0.05,0,0,0,0,0,0,0,0,0,0,0,0,0,0,100.0,0.0,normal
1,0.05,0,0,0,0,0,0,0,0,0,0,0,0,0,0,89.32558039144926,0.0,normal
1,0.25,0,0,0,0,0,0,1,1,0,0,0,0,0,0,82.6081071237711,0.0,suspicious
0,0.25,0,0,0,0,0,0,1,1,0,1,0,0,1,0,100.0,30.0,suspicious
0,0.08,0,0,0,0,0,0,0,0,0,0,0,0,0,0,98.67159089108632,0.0,normal
0,0.55,0,0,0,0,1,0,0,0,0,0,0,0,0,0,65.44376394728559,0.0,suspicious
2,0.1,0,0,0,0,0,0,0,0,0,0,0,0,0,0,62.57059400533788,0.0,suspicious
0,0.1,0,0,0,0,0,0,0,0,0,0,0,0,0,1,95.53516355099399,15.0,normal
0,0.1,0,0,0,0,0,0,0,0,0,0,0,0,0,0,90.67441718185628,0.0,normal
1,0.1,0,0,0,0,0,0,0,0,1,0,0,0,1,0,86.53642700883455,30.0,suspicious
1,0.08,0,0,0,0,0,0,0,0,0,0,0,0,0,0,84.2103563038082,0.0,normal
0,0.85,1,0,0,0,0,0,0,0,0,1,0,0,0,1,67.03292798947676,15.0,malicious
0,0.05,0,0,0,0,0,0,0,0,0,0,0,0,0,0,74.875222233686,0.0,normal
0,0.25,0,0,0,0,0,0,1,0,1,0,0,0,0,0,79.33727153410277,0.0,normal
1,0.25,0,0,0,0,0,0,1,0,0,0,0,0,0,0,68.29224862179184,0.0,normal
0,0.25,0,0,0,0,0,0,1,0,0,0,0,0,0,0,91.65157641202461,0.0,normal
0,0.05,0,0,0,0,0,0,0,0,0,0,0,0,0,1,95.7067181259586,15.0,normal
0,0.05,0,0,0,0,0,0,0,0,0,0,0,0,0,0,81.11991981979199,0.0,normal
0,0.08,0,0,0,0,0,0,0,0,0,0,0,0,0,0,100.0,0.0,normal
2,0.5,0,1,0,0,0,0,0,1,0,0,0,0,0,0,75.76578450948966,0.0,malicious
0,0.1,0,0,0,0,0,0,0,0,0,0,0,0,0,0,96.96080443256645,0.0,normal
3,0.55,0,0,0,0,1,0,0,1,1,1,0,0,0,0,66.9890473994327,0.0,malicious
1,0.08,0,0,0,0,0,0,0,0,0,0,0,0,0,1,98.78018367307097,15.0,suspicious
1,0.5,0,1,0,0,0,0,0,1,0,0,0,0,0,0,61.98917683817015,0.0,malicious
0,0.05,0,0,0,0,0,0,0,0,0,1,0,0,0,0,79.32214962544431,0.0,normal
0,0.1,0,0,0,0,0,0,0,0,0,0,0,0,0,0,90.78768388008419,0.0,normal
1,0.08,0,0,0,0,0,0,0,0,0,0,0,0,0,0,78.78361794921327,0.0,normal
1,0.1,0,0,0,0,0,0,0,0,0,0,1,0,0,1,75.71074320047772,85.0,malicious
0,0.05,0,0,0,0,0,0,0,0,0,0,0,0,0,0,72.15936903238895,0.0,normal
0,0.05,0,0,0,0,0,0,0,0,0,0,0,0,0,0,85.35409880162418,0.0,normal
0,0.9,0,0,1,0,0,0,0,0,0,0,0,0,0,0,82.34766109263369,0.0,malicious
0,0.05,0,0,0,0,0,0,0,0,0,0,0,0,0,0,83.49994955666327,0.0,suspicious
0,0.05,0,0,0,0,0,0,0,0,0,0,0,0,0,0,76.31569354372536,0.0,normal
0,0.3,0,0,0,0,0,0,0,1,0,0,0,1,0,1,79.94956243371199,75.0,normal
0,0.05,0,0,0,0,0,0,0,0,0,0,1,0,0,0,82.12515225939107,70.0,normal
2,0.08,0,0,0,0,0,0,0,0,0,0,0,0,0,0,77.40933159594643,0.0,suspicious
1,0.1,0,0,0,0,0,0,0,0,0,0,0,0,0,1,76.2104647027634,15.0,normal
1,0.05,0,0,0,0,0,0,0,0,0,0,0,0,0,1,74.04022723983226,15.0,normal
0,0.1,0,0,0,0,0,0,0,0,0,0,0,0,1,0,81.81883682372872,30.0,normal
0,0.08,0,0,0,0,0,0,0,0,0,0,0,0,0,0,69.32713646989686,0.0,normal
0,0.08,0,0,0,0,0,0,0,1,0,0,0,0,0,0,79.40607607851346,0.0,normal
0,0.1,0,0,0,0,0,0,0,0,0,0,0,0,0,0,84.89128473720918,0.0,normal
0,0.08,0,0,0,0,0,0,0,0,0,0,0,1,0,0,78.56846945559755,60.0,normal
2,0.1,0,0,0,0,0,0,0,0,0,0,0,0,0,0,68.0714761379065,0.0,suspicious
0,0.1,0,0,0,0,0,0,0,0,1,0,0,0,0,0,66.99596118815121,0.0,normal
1,0.1,0,0,0,0,0,0,0,0,0,0,0,0,0,1,67.86977178915802,15.0,normal
0,0.85,1,0,0,0,0,0,0,0,0,0,0,0,0,0,55.262021307734614,0.0,malicious
0,0.05,0,0,0,0,0,0,0,0,0,1,0,0,0,0,79.79473315409581,0.0,normal
0,0.08,0,0,0,0,0,0,0,0,0,0,0,0,0,0,85.00042823031227,0.0,normal
0,0.1,0,0,0,0,0,0,0,0,0,0,0,0,0,0,79.36258197462806,0.0,normal
1,0.1,0,0,0,0,0,0,0,0,0,0,0,0,0,0,92.4434617415271,0.0,normal
1,0.55,0,0,0,0,1,0,0,1,0,0,0,1,0,0,55.5621098597738,60.0,malicious
0,0.1,0,0,0,0,0,0,0,0,1,0,1,0,0,0,86.48554340256192,70.0,suspicious
2,0.05,0,0,0,0,0,0,0,1,0,0,0,0,0,1,94.6262194948037,15.0,malicious
1,0.1,0,0,0,0,0,0,0,0,0,0,0,0,0,0,82.64863901323339,0.0,normal
1,0.05,0,0,0,0,0,0,0,0,0,0,0,0,0,0,62.02480838244,0.0,normal
0,0.9,0,0,1,0,0,0,0,0,1,0,1,0,0,1,70.85212814442475,85.0,malicious
1,0.08,0,0,0,0,0,0,0,1,0,0,0,1,0,0,74.981824774703,60.0,suspicious
0,0.05,0,0,0,0,0,0,0,1,0,0,0,1,0,0,80.17410519518972,60.0,normal
1,0.08,0,0,0,0,0,0,0,0,0,0,0,0,0,0,96.17735835022926,0.0,normal
1,0.5,0,1,0,0,0,0,0,0,1,0,0,0,0,0,71.66542394393483,0.0,malicious
0,0.05,0,0,0,0,0,0,0,0,0,0,0,0,0,0,70.65128933016193,0.0,normal
0,0.1,0,0,0,0,0,0,0,0,0,0,0,0,0,0,77.96755692874176,0.0,suspicious
0,0.45,0,0,0,0,0,1,0,1,0,0,0,0,0,0,67.71181746100365,0.0,suspicious
1,0.08,0,0,0,0,0,0,0,0,0,0,0,1,0,0,86.39132014722236,60.0,suspicious
2,0.1,0,0,0,0,0,0,0,0,0,0,0,0,0,0,73.4010695497003,0.0,suspicious
2,0.05,0,0,0,0,0,0,0,0,0,0,0,0,0,0,96.39601932152988,0.0,normal
1,0.1,0,0,0,0,0,0,0,0,0,1,0,0,0,0,86.29712790457654,0.0,normal
3,0.1,0,0,0,0,0,0,0,0,0,0,0,0,0,0,71.65012778279842,0.0,malicious
2,0.3,0,0,0,0,0,0,0,0,0,1,0,0,0,0,75.7024164356033,0.0,malicious
0,0.85,1,0,0,0,0,0,0,0,0,0,0,0,0,0,66.48053118567476,0.0,malicious
0,0.08,0,0,0,0,0,0,0,0,0,0,0,0,0,0,71.20378771478624,0.0,normal
0,0.1,0,0,0,0,0,0,0,0,0,0,0,0,0,0,87.84914122099264,0.0,normal
6,0.35,0,0,0,0,0,0,0,1,0,1,0,0,0,0,71.31688491120708,0.0,malicious
0,0.08,0,0,0,0,0,0,0,0,0,0,0,0,0,0,77.23683694232538,0.0,normal
0,1.0,0,0,0,1,0,0,0,1,1,0,0,0,0,0,70.13584642026463,0.0,malicious
0,0.1,0,0,0,0,0,0,0,0,0,0,0,0,0,0,75.06587557039596,0.0,normal
0,0.25,0,0,0,0,0,0,1,0,0,0,0,0,0,0,87.17124441953305,0.0,normal
0,0.45,0,0,0,0,0,1,0,0,1,0,0,0,0,1,73.62564828166963,15.0,malicious
0,0.08,0,0,0,0,0,0,0,1,0,0,0,0,1,0,80.83043761301433,30.0,normal
1,0.05,0,0,0,0,0,0,0,0,0,0,0,0,0,0,81.46022177740853,0.0,normal
0,0.1,0,0,0,0,0,0,0,0,1,0,0,0,0,0,75.3965716440927,0.0,normal
1,0.08,0,0,0,0,0,0,0,0,0,0,0,0,0,0,72.11388977636086,0.0,normal
0,0.9,0,0,1,0,0,0,0,0,0,1,0,0,0,1,73.92692107561875,15.0,malicious
1,0.05,0,0,0,0,0,0,0,0,0,0,0,0,0,0,79.6389682028766,0.0,normal
1,0.05,0,0,0,0,0,0,0,0,0,0,0,0,0,0,82.02962088952457,0.0,normal
2,0.45,0,0,0,0,0,1,0,0,0,1,0,0,0,0,81.78663474565386,0.0,malicious
0,0.5,0,1,0,0,0,0,0,1,0,0,0,0,0,0,72.27320899689146,0.0,suspicious
2,0.08,0,0,0,0,0,0,0,0,1,0,0,0,0,0,71.46901808651927,0.0,malicious
2,0.3,0,0,0,0,0,0,0,0,0,1,0,0,0,0,85.19100285848818,0.0,malicious
1,0.05,0,0,0,0,0,0,0,0,0,0,0,0,0,0,84.44896283485276,0.0,normal
1,0.05,0,0,0,0,0,0,0,0,0,0,0,0,0,0,77.03071582064199,0.0,normal
0,0.05,0,0,0,0,0,0,0,0,0,0,0,0,0,0,89.56150813958308,0.0,normal
0,0.08,0,0,0,0,0,0,0,0,1,0,0,0,0,0,70.12058103270479,0.0,normal
0,0.05,0,0,0,0,0,0,0,0,0,0,0,0,0,0,76.86482015942552,0.0,normal
0,0.08,0,0,0,0,0,0,0,0,0,0,0,0,0,1,97.35287330403054,15.0,normal
2,0.35,0,0,0,0,0,0,0,1,1,0,0,0,0,0,46.4236972893553,0.0,malicious
0,0.1,0,0,0,0,0,0,0,0,1,0,0,0,0,0,69.91803798917073,0.0,normal
1,0.9,0,0,1,0,0,0,0,0,0,0,0,0,0,0,56.935136865147115,0.0,malicious
2,0.08,0,0,0,0,0,0,0,0,1,1,0,0,0,0,77.2874750110974,0.0,malicious
1,0.05,0,0,0,0,0,0,0,0,0,0,0,0,0,0,89.87852916212546,0.0,normal
0,0.9,0,0,1,0,0,0,0,0,1,0,0,0,0,1,77.72360581248574,15.0,malicious
1,0.05,0,0,0,0,0,0,0,0,0,0,1,0,0,0,78.61992737001528,70.0,suspicious
0,0.05,0,0,0,0,0,0,0,0,0,0,1,0,0,0,100.0,70.0,normal
0,0.08,0,0,0,0,0,0,0,0,0,0,0,0,0,0,67.25081619433955,0.0,normal
1,0.08,0,0,0,0,0,0,0,0,0,0,0,0,0,0,74.58747727322901,0.0,normal
0,0.08,0,0,0,0,0,0,0,0,0,0,0,0,1,0,89.10825242068395,30.0,normal
0,0.55,0,0,0,0,1,0,0,0,0,0,0,0,0,0,61.30026877023152,0.0,suspicious
0,0.1,0,0,0,0,0,0,0,0,0,1,0,0,0,0,95.27301925417063,0.0,normal
1,0.08,0,0,0,0,0,0,0,0,0,0,0,0,0,0,82.88123441509356,0.0,normal
1,0.1,0,0,0,0,0,0,0,0,1,0,0,0,0,0,92.47129291608192,0.0,normal
0,0.05,0,0,0,0,0,0,0,0,0,0,0,1,0,0,91.5343742442843,60.0,normal
0,0.08,0,0,0,0,0,0,0,1,0,0,0,0,0,0,87.22441013811874,0.0,normal
5,0.35,0,0,0,0,0,0,0,0,1,1,0,0,0,1,71.81328392433674,15.0,malicious
0,0.05,0,0,0,0,0,0,0,0,0,0,0,0,0,0,78.02066223994287,0.0,normal
0,0.08,0,0,0,0,0,0,0,0,0,0,1,0,0,0,79.80404482498805,70.0,suspicious
5,0.35,0,0,0,0,0,0,0,1,0,1,0,0,0,0,82.5245228918342,0.0,malicious
1,0.1,0,0,0,0,0,0,0,1,0,0,0,0,0,0,78.68781560312728,0.0,normal
1,0.1,0,0,0,0,0,0,0,0,1,0,0,0,0,0,73.81971212884523,0.0,suspicious
0,0.08,0,0,0,0,0,0,0,0,0,0,0,0,0,0,73.67284610980313,0.0,normal
4,0.35,0,0,0,0,0,0,0,0,1,0,0,1,0,1,58.005062531414794,75.0,malicious
4,0.35,0,0,0,0,0,0,0,1,1,0,0,0,0,0,64.72775814586373,0.0,malicious
0,0.08,0,0,0,0,0,0,0,0,1,0,0,0,0,0,75.0484313835437,0.0,suspicious
0,1.0,0,0,0,1,0,0,0,1,0,1,0,0,0,0,64.01856582992497,0.0,malicious
0,0.05,0,0,0,0,0,0,0,0,0,0,0,0,0,0,95.13573735976365,0.0,normal
0,0.55,0,0,0,0,1,0,0,0,0,0,0,0,0,0,69.67901704580328,0.0,normal
1,0.05,0,0,0,0,0,0,0,0,0,0,0,0,0,1,89.50875667639883,15.0,normal
1,0.45,0,0,0,0,0,1,0,1,0,0,0,0,0,0,78.7068561054468,0.0,suspicious
0,0.3,0,0,0,0,0,0,0,0,1,0,0,0,0,0,87.037630686346,0.0,normal
1,0.05,0,0,0,0,0,0,0,0,1,0,0,0,0,0,80.33446248726614,0.0,normal
0,0.05,0,0,0,0,0,0,0,0,1,0,0,0,0,0,78.24640190589919,0.0,normal
2,0.05,0,0,0,0,0,0,0,0,0,0,0,0,0,0,70.69641209771211,0.0,suspicious
5,0.35,0,0,0,0,0,0,0,0,0,1,0,0,0,0,61.314757260549705,0.0,malicious
0,0.1,0,0,0,0,0,0,0,0,0,1,0,0,0,0,74.69282951902649,0.0,normal
0,0.1,0,0,0,0,0,0,0,0,0,0,0,0,0,1,81.69905816019114,15.0,normal
0,0.35,0,0,0,0,0,0,0,1,1,0,0,0,0,0,70.45726278629311,0.0,normal
1,0.08,0,0,0,0,0,0,0,0,0,0,0,0,0,0,96.5705999420023,0.0,normal
0,0.1,0,0,0,0,0,0,0,0,0,0,0,0,0,1,80.18142696654056,15.0,suspicious
0,0.1,0,0,0,0,0,0,0,0,1,0,1,0,0,0,76.44284221373019,70.0,malicious
6,0.35,0,0,0,0,0,0,0,0,0,0,0,0,0,1,80.38274000933494,15.0,malicious
3,0.08,0,0,0,0,0,0,0,0,0,0,0,0,0,0,77.21196374981179,0.0,malicious
0,0.1,0,0,0,0,0,0,0,0,1,0,0,0,0,0,48.9428843196564,0.0,suspicious
0,0.25,0,0,0,0,0,0,1,0,0,0,0,1,0,1,73.27652728524586,75.0,suspicious
0,0.08,0,0,0,0,0,0,0,0,0,0,0,0,0,0,73.50750361798151,0.0,normal
0,0.25,0,0,0,0,0,0,1,1,0,0,0,0,0,0,75.86423697033744,0.0,normal
0,0.9,0,0,1,0,0,0,0,0,0,0,0,0,0,0,61.83517101100853,0.0,malicious
0,0.45,0,0,0,0,0,1,0,0,0,0,0,1,0,0,81.39959254205223,60.0,suspicious
1,0.85,1,0,0,0,0,0,0,0,1,1,0,1,0,0,61.31334153677542,60.0,malicious
0,0.05,0,0,0,0,0,0,0,0,0,0,0,0,0,1,96.52793281145787,15.0,normal
1,0.5,0,1,0,0,0,0,0,1,0,0,0,0,0,0,79.88219190157511,0.0,malicious
3,0.35,0,0,0,0,0,0,0,1,0,1,0,0,0,1,66.45081459722839,15.0,malicious
0,0.08,0,0,0,0,0,0,0,0,0,0,0,0,0,0,85.43650887527996,0.0,normal
1,0.08,0,0,0,0,0,0,0,0,0,0,0,0,0,1,77.80612404345894,15.0,normal
0,0.08,0,0,0,0,0,0,0,0,0,0,0,0,0,0,70.61544612712399,0.0,normal
1,0.25,0,0,0,0,0,0,1,0,0,0,0,0,0,0,95.41909902932683,0.0,normal
0,0.08,0,0,0,0,0,0,0,0,0,0,0,0,0,1,73.71990320443962,15.0,normal
1,0.1,0,0,0,0,0,0,0,0,1,0,1,0,0,0,94.70937716549136,70.0,suspicious
2,0.3,0,0,0,0,0,0,0,0,0,1,1,0,0,0,92.3269281787125,70.0,malicious
1,0.05,0,0,0,0,0,0,0,0,0,0,0,0,0,0,89.59445787898841,0.0,normal
0,0.05,0,0,0,0,0,0,0,0,1,0,0,0,0,0,99.66610501677421,0.0,normal
0,0.1,0,0,0,0,0,0,0,0,1,0,0,0,0,0,83.52454445097462,0.0,normal
0,0.05,0,0,0,0,0,0,0,0,0,0,0,0,0,0,92.78635191082753,0.0,normal
2,0.08,0,0,0,0,0,0,0,1,0,0,0,0,0,0,69.364665355319,0.0,malicious
1,0.5,0,1,0,0,0,0,0,0,1,0,0,0,0,1,45.36332098273854,15.0,malicious
1,0.08,0,0,0,0,0,0,0,0,0,0,0,1,0,0,84.15226637821644,60.0,normal
0,0.05,0,0,0,0,0,0,0,1,0,0,0,1,0,0,93.80696540889342,60.0,normal
1,0.1,0,0,0,0,0,0,0,0,0,0,0,0,0,0,100.0,0.0,normal
0,0.08,0,0,0,0,0,0,0,0,0,0,0,0,0,0,87.28918890236307,0.0,normal
1,0.35,0,0,0,0,0,0,0,0,0,1,0,0,0,0,62.07106743605768,0.0,malicious
0,0.5,0,1,0,0,0,0,0,0,0,0,0,0,0,1,70.7816584074893,15.0,suspicious
0,0.05,0,0,0,0,0,0,0,0,0,0,0,0,0,0,73.99823072603415,0.0,normal
1,0.25,0,0,0,0,0,0,1,0,0,1,0,0,0,0,77.214019874565,0.0,suspicious
1,0.05,0,0,0,0,0,0,0,0,0,0,0,0,0,0,89.47894206921244,0.0,normal
0,0.5,0,1,0,0,0,0,0,1,1,0,0,0,0,0,81.01227682770129,0.0,malicious
0,0.1,0,0,0,0,0,0,0,0,0,0,0,0,0,1,89.68230971526644,15.0,normal
2,0.08,0,0,0,0,0,0,0,0,0,0,0,0,0,0,100.0,0.0,normal
1,0.25,0,0,0,0,0,0,1,0,1,1,0,0,0,1,93.37866050011138,15.0,malicious
4,0.35,0,0,0,0,0,0,0,1,1,0,0,1,0,1,48.91667606511391,75.0,malicious
1,0.08,0,0,0,0,0,0,0,0,0,0,0,0,1,0,95.69743774886634,30.0,normal
1,0.85,1,0,0,0,0,0,0,0,0,0,0,0,0,1,61.68710197619309,15.0,malicious
0,0.45,0,0,0,0,0,1,0,0,0,1,0,0,0,0,64.19119181618336,0.0,suspicious
0,0.25,0,0,0,0,0,0,1,1,0,0,0,0,0,1,82.63749593407289,15.0,suspicious
0,0.35,0,0,0,0,0,0,0,0,1,1,0,0,0,0,72.22243769035526,0.0,suspicious
1,0.1,0,0,0,0,0,0,0,1,0,0,0,0,0,1,88.79437873398875,15.0,normal
1,0.08,0,0,0,0,0,0,0,1,0,0,0,0,0,0,92.15528565214079,0.0,normal
0,1.0,0,0,0,1,0,0,0,1,0,1,0,1,0,0,72.10190138496353,60.0,malicious
1,0.35,0,0,0,0,0,0,0,1,0,1,0,0,0,0,83.37777524548864,0.0,malicious
0,0.45,0,0,0,0,0,1,0,1,1,0,0,0,0,1,100.0,15.0,normal
0,0.25,0,0,0,0,0,0,1,0,0,1,0,0,0,0,99.02515709587608,0.0,normal
0,0.05,0,0,0,0,0,0,0,0,0,0,0,0,0,0,81.5753282524209,0.0,normal
0,0.5,0,1,0,0,0,0,0,1,0,1,0,0,0,0,69.53666206705854,0.0,malicious
0,0.9,0,0,1,0,0,0,0,1,0,0,0,0,1,1,85.96733654025346,45.0,malicious
4,0.05,0,0,0,0,0,0,0,0,0,0,0,0,0,0,89.6627192131564,0.0,malicious
0,0.05,0,0,0,0,0,0,0,1,1,0,0,1,0,0,76.58694796028254,60.0,malicious
1,0.3,0,0,0,0,0,0,0,0,1,0,0,0,0,0,68.4044395456583,0.0,suspicious
1,0.5,0,1,0,0,0,0,0,1,0,0,0,0,1,0,65.9931132210247,30.0,malicious
0,0.08,0,0,0,0,0,0,0,0,0,0,0,0,0,0,71.3184526242949,0.0,normal
0,0.1,0,0,0,0,0,0,0,0,1,0,0,1,0,1,76.67444020828418,75.0,suspicious
5,0.35,0,0,0,0,0,0,0,1,1,0,0,0,0,0,76.78802094795437,0.0,malicious
0,0.05,0,0,0,0,0,0,0,0,1,0,0,0,0,0,73.0985361140996,0.0,normal
1,0.5,0,1,0,0,0,0,0,0,0,0,0,0,0,0,78.55701375928132,0.0,malicious
0,0.5,0,1,0,0,0,0,0,0,1,0,0,0,0,0,70.29457833587287,0.0,suspicious
1,0.05,0,0,0,0,0,0,0,0,0,0,0,0,0,0,89.77120625065604,0.0,normal
0,0.08,0,0,0,0,0,0,0,0,1,0,0,0,0,0,57.87773350997198,0.0,normal
0,0.08,0,0,0,0,0,0,0,0,0,0,0,0,0,0,89.24432654413458,0.0,normal
0,0.1,0,0,0,0,0,0,0,1,1,0,0,1,0,0,70.39012989128877,60.0,malicious
2,0.45,0,0,0,0,0,1,0,0,0,1,0,0,0,1,89.49839130707187,15.0,malicious
2,0.05,0,0,0,0,0,0,0,0,0,0,0,0,0,0,98.45162206098452,0.0,normal
0,0.1,0,0,0,0,0,0,0,0,1,0,0,0,0,0,74.89051942300773,0.0,normal
0,0.1,0,0,0,0,0,0,0,0,1,1,0,0,0,0,84.627313490283,0.0,suspicious
1,0.05,0,0,0,0,0,0,0,1,0,0,0,1,0,0,69.12394378538468,60.0,malicious
0,0.08,0,0,0,0,0,0,0,0,0,0,0,0,0,0,82.55791233745879,0.0,normal
4,0.35,0,0,0,0,0,0,0,0,1,1,1,0,0,1,65.92745929420022,85.0,malicious
0,0.1,0,0,0,0,0,0,0,0,0,0,0,0,0,0,89.20222890582285,0.0,normal
1,0.1,0,0,0,0,0,0,0,0,0,0,0,0,0,0,97.35340134524789,0.0,normal
1,0.08,0,0,0,0,0,0,0,1,0,0,0,0,0,0,88.49693595949309,0.0,suspicious
1,0.3,0,0,0,0,0,0,0,0,0,0,0,0,0,0,76.9031640123166,0.0,normal
0,0.1,0,0,0,0,0,0,0,0,0,0,0,1,0,0,78.88068408379421,60.0,normal
0,0.25,0,0,0,0,0,0,1,1,0,1,0,0,0,1,87.33783073113966,15.0,normal
0,0.1,0,0,0,0,0,0,0,0,0,0,0,0,0,0,84.5405635387906,0.0,normal
1,0.1,0,0,0,0,0,0,0,0,0,0,0,0,0,0,69.57281643470843,0.0,normal
1,0.25,0,0,0,0,0,0,1,0,0,1,0,0,0,0,91.06041728043809,0.0,suspicious
0,0.08,0,0,0,0,0,0,0,0,0,0,0,0,0,1,84.13284626682369,15.0,normal
0,0.45,0,0,0,0,0,1,0,0,0,0,0,0,0,0,86.32644148454202,0.0,normal
1,0.35,0,0,0,0,0,0,0,0,0,1,0,0,0,0,55.42250205598463,0.0,suspicious
6,0.35,0,0,0,0,0,0,0,1,0,1,0,1,0,0,77.05742902055724,60.0,malicious
1,0.3,0,0,0,0,0,0,0,1,0,1,0,0,0,0,89.54131373895426,0.0,malicious
0,0.1,0,0,0,0,0,0,0,0,0,0,0,0,0,0,61.92558675667806,0.0,normal
0,0.05,0,0,0,0,0,0,0,0,0,0,0,0,1,1,72.83729081669867,45.0,normal
0,0.08,0,0,0,0,0,0,0,0,0,0,0,0,0,0,60.29206195454415,0.0,suspicious
1,0.1,0,0,0,0,0,0,0,0,0,0,0,0,0,0,93.70562783799,0.0,normal
0,0.1,0,0,0,0,0,0,0,0,0,0,0,0,0,0,79.40443214002256,0.0,normal
0,0.85,1,0,0,0,0,0,0,0,0,0,0,0,0,0,55.097411765191225,0.0,malicious
0,0.08,0,0,0,0,0,0,0,0,0,0,0,0,0,0,88.39521550278653,0.0,suspicious
0,0.1,0,0,0,0,0,0,0,0,0,0,0,0,0,0,83.82296468362016,0.0,normal
0,0.08,0,0,0,0,0,0,0,0,0,0,0,0,0,0,84.93547312442763,0.0,normal
0,0.05,0,0,0,0,0,0,0,0,0,1,0,0,0,1,90.72312439503398,15.0,normal
0,0.1,0,0,0,0,0,0,0,0,1,0,0,0,0,0,87.97214307473968,0.0,normal
1,0.9,0,0,1,0,0,0,0,1,0,0,0,0,0,0,74.43781393404979,0.0,malicious
1,0.55,0,0,0,0,1,0,0,1,0,0,0,0,0,0,60.1872284274827,0.0,malicious
1,0.1,0,0,0,0,0,0,0,0,0,0,0,0,0,1,71.11467371253728,15.0,normal
1,0.1,0,0,0,0,0,0,0,0,1,0,0,0,0,0,78.3949269551337,0.0,normal
0,0.08,0,0,0,0,0,0,0,0,0,0,0,0,0,1,100.0,15.0,normal
1,0.1,0,0,0,0,0,0,0,0,0,0,0,0,0,0,79.77354615671301,0.0,normal
0,0.5,0,1,0,0,0,0,0,0,0,1,0,0,0,0,73.72927736981183,0.0,malicious
2,0.85,1,0,0,0,0,0,0,0,1,0,0,0,1,0,79.53493847310708,30.0,malicious
0,0.1,0,0,0,0,0,0,0,0,0,0,0,0,0,0,76.36578769381234,0.0,normal
2,0.05,0,0,0,0,0,0,0,0,0,0,0,0,0,0,65.80934274452605,0.0,suspicious
1,0.55,0,0,0,0,1,0,0,0,1,1,0,0,0,0,51.62891022199808,0.0,malicious
0,0.5,0,1,0,0,0,0,0,0,0,0,0,0,0,0,59.39240304580922,0.0,normal
0,0.08,0,0,0,0,0,0,0,0,0,0,0,0,0,1,87.46313858384404,15.0,normal
0,0.08,0,0,0,0,0,0,0,0,0,1,0,0,0,0,79.71288846063487,0.0,normal
0,0.05,0,0,0,0,0,0,0,0,0,1,0,0,0,0,91.72810553224386,0.0,normal
1,0.05,0,0,0,0,0,0,0,0,0,0,0,0,0,1,82.81897863832229,15.0,suspicious
0,0.05,0,0,0,0,0,0,0,0,0,0,0,0,0,0,85.70265268172733,0.0,normal
0,0.08,0,0,0,0,0,0,0,0,0,0,0,0,0,1,88.43347571548948,15.0,normal
1,0.08,0,0,0,0,0,0,0,0,0,0,0,0,0,0,78.30997333650554,0.0,suspicious
1,0.1,0,0,0,0,0,0,0,0,1,0,0,0,0,1,72.67840438515458,15.0,suspicious
0,0.1,0,0,0,0,0,0,0,0,0,0,0,0,0,0,81.39817663726205,0.0,normal
0,0.05,0,0,0,0,0,0,0,0,0,0,0,0,0,0,100.0,0.0,normal
3,0.05,0,0,0,0,0,0,0,0,0,0,0,0,0,1,91.17592072445561,15.0,suspicious
1,0.08,0,0,0,0,0,0,0,0,0,0,0,0,0,1,89.87971875190007,15.0,normal
0,0.05,0,0,0,0,0,0,0,0,0,0,0,0,0,0,70.7929223036571,0.0,normal
3,0.08,0,0,0,0,0,0,0,0,0,0,0,0,0,1,92.0615815966296,15.0,malicious
0,0.1,0,0,0,0,0,0,0,0,0,0,0,0,0,0,98.93714379844629,0.0,normal
0,0.08,0,0,0,0,0,0,0,0,0,0,0,0,0,0,100.0,0.0,normal
0,0.08,0,0,0,0,0,0,0,0,0,0,0,0,0,0,68.51159643390271,0.0,normal
1,0.45,0,0,0,0,0,1,0,1,0,0,1,0,0,1,90.27922082325985,85.0,malicious
0,0.05,0,0,0,0,0,0,0,0,0,0,0,1,0,0,68.75580939670226,60.0,normal
3,0.85,1,0,0,0,0,0,0,1,1,0,0,0,0,0,73.82402164406001,0.0,malicious
0,0.05,0,0,0,0,0,0,0,0,0,0,0,0,0,0,98.57278130347596,0.0,normal
0,0.1,0,0,0,0,0,0,0,0,0,0,0,0,0,0,92.14034722292232,0.0,normal
1,0.05,0,0,0,0,0,0,0,0,0,0,0,0,0,0,76.73983729311026,0.0,normal
0,0.08,0,0,0,0,0,0,0,0,1,0,0,0,0,0,80.69569163213274,0.0,normal
0,0.25,0,0,0,0,0,0,1,1,1,1,0,0,0,0,76.80314430569688,0.0,malicious
1,0.1,0,0,0,0,0,0,0,0,0,0,0,1,0,0,100.0,60.0,normal
1,0.08,0,0,0,0,0,0,0,0,0,0,0,0,0,0,100.0,0.0,normal
2,0.08,0,0,0,0,0,0,0,0,0,0,0,0,0,0,74.04195528539536,0.0,suspicious
1,0.05,0,0,0,0,0,0,0,0,0,0,0,0,0,1,79.77696614144412,15.0,normal
5,0.35,0,0,0,0,0,0,0,0,1,0,0,0,0,0,66.86961009122145,0.0,malicious
0,0.3,0,0,0,0,0,0,0,0,1,0,0,0,0,0,91.42336313649992,0.0,normal
1,0.1,0,0,0,0,0,0,0,0,1,1,0,0,0,0,74.24073858470197,0.0,malicious
1,0.5,0,1,0,0,0,0,0,1,1,1,0,0,0,0,77.08105891179169,0.0,malicious
0,0.85,1,0,0,0,0,0,0,1,0,1,1,0,0,0,86.40797738516054,70.0,malicious
4,0.1,0,0,0,0,0,0,0,0,0,0,0,0,0,0,71.69489588385918,0.0,malicious
0,0.1,0,0,0,0,0,0,0,0,0,0,0,0,0,0,66.10888290467274,0.0,normal
0,0.08,0,0,0,0,0,0,0,0,0,0,0,0,0,0,81.92944888880201,0.0,normal
0,0.1,0,0,0,0,0,0,0,0,1,0,0,0,0,0,90.35743786155828,0.0,normal
0,0.1,0,0,0,0,0,0,0,0,0,0,0,0,1,1,94.87114073387346,45.0,normal
0,0.05,0,0,0,0,0,0,0,0,0,0,0,0,0,0,72.61084666226219,0.0,normal
0,0.1,0,0,0,0,0,0,0,0,1,0,0,1,1,0,85.69707396093433,90.0,suspicious
0,0.08,0,0,0,0,0,0,0,0,0,0,0,1,0,0,84.76999746993204,60.0,normal
1,0.1,0,0,0,0,0,0,0,0,0,1,0,0,0,1,91.7083963138523,15.0,suspicious
0,0.05,0,0,0,0,0,0,0,0,0,0,0,0,0,0,84.74925490371575,0.0,normal
3,0.35,0,0,0,0,0,0,0,0,1,0,0,0,0,0,67.20121544864128,0.0,malicious
2,0.35,0,0,0,0,0,0,0,1,1,0,0,0,0,0,68.47115283821495,0.0,malicious
1,0.85,1,0,0,0,0,0,0,0,0,1,0,0,0,0,66.82603489219814,0.0,malicious
0,0.08,0,0,0,0,0,0,0,0,0,0,0,0,0,0,71.36680858060579,0.0,normal
0,0.1,0,0,0,0,0,0,0,0,0,0,0,0,0,1,70.69985581675593,15.0,normal
1,0.05,0,0,0,0,0,0,0,0,0,0,0,0,0,0,86.12862460732053,0.0,normal
0,0.1,0,0,0,0,0,0,0,1,0,0,0,0,0,1,100.0,15.0,normal
1,0.25,0,0,0,0,0,0,1,0,0,1,0,0,0,1,100.0,15.0,suspicious
2,0.08,0,0,0,0,0,0,0,0,0,0,0,0,0,0,62.988075770749646,0.0,suspicious
0,0.08,0,0,0,0,0,0,0,1,0,0,0,0,0,0,97.22502312437553,0.0,normal
0,0.1,0,0,0,0,0,0,0,0,1,0,0,0,0,0,47.663525313919074,0.0,normal
0,0.1,0,0,0,0,0,0,0,0,1,0,0,0,0,0,85.11054889276673,0.0,normal
0,1.0,0,0,0,1,0,0,0,1,0,1,0,0,0,0,74.74282652719164,0.0,malicious
0,0.1,0,0,0,0,0,0,0,1,1,0,0,0,1,1,100.0,45.0,normal
0,0.1,0,0,0,0,0,0,0,0,0,0,0,1,0,0,90.5779285390293,60.0,normal
0,0.3,0,0,0,0,0,0,0,1,0,1,0,0,0,1,87.04349926511055,15.0,suspicious
1,0.08,0,0,0,0,0,0,0,0,0,0,0,0,0,0,77.4242622569703,0.0,normal
2,0.35,0,0,0,0,0,0,0,1,1,0,0,0,0,0,62.30443171311729,0.0,malicious
0,0.1,0,0,0,0,0,0,0,1,1,0,0,0,1,1,90.65997119279963,45.0,suspicious
0,0.08,0,0,0,0,0,0,0,0,0,0,0,0,0,0,100.0,0.0,normal
0,0.1,0,0,0,0,0,0,0,1,1,0,0,0,0,0,65.20646403702276,0.0,normal
1,0.35,0,0,0,0,0,0,0,0,0,1,0,0,0,0,57.55211670067304,0.0,suspicious
0,0.08,0,0,0,0,0,0,0,0,0,0,0,0,0,0,79.6123133931069,0.0,normal
0,0.1,0,0,0,0,0,0,0,0,0,0,0,0,0,0,69.59007794928895,0.0,normal
1,0.1,0,0,0,0,0,0,0,0,1,0,0,0,0,0,80.53115425031027,0.0,normal
2,0.05,0,0,0,0,0,0,0,0,0,0,0,1,0,0,76.87017623797857,60.0,malicious
1,0.1,0,0,0,0,0,0,0,0,0,0,0,0,0,0,78.92796040988115,0.0,normal
1,0.55,0,0,0,0,1,0,0,0,1,1,0,0,0,0,73.73026213311056,0.0,malicious
0,0.1,0,0,0,0,0,0,0,0,0,0,0,0,0,0,83.87722307407373,0.0,normal
0,0.55,0,0,0,0,1,0,0,1,0,0,0,0,0,0,71.22158176844823,0.0,suspicious
0,0.08,0,0,0,0,0,0,0,0,0,0,0,0,0,0,74.09903284204354,0.0,normal
1,0.3,0,0,0,0,0,0,0,0,0,0,0,0,0,0,59.034159402723894,0.0,suspicious
0,0.08,0,0,0,0,0,0,0,0,0,0,0,0,0,0,65.74814626309659,0.0,normal
0,0.08,0,0,0,0,0,0,0,0,0,0,0,0,0,0,64.53288679109966,0.0,normal
0,0.55,0,0,0,0,1,0,0,1,0,0,0,0,0,0,65.57405216888503,0.0,suspicious
0,0.1,0,0,0,0,0,0,0,0,1,0,0,0,0,0,83.95537252633979,0.0,normal
1,0.1,0,0,0,0,0,0,0,0,0,1,0,0,0,0,100.0,0.0,normal
0,0.5,0,1,0,0,0,0,0,0,1,0,0,0,0,1,50.91909640571369,15.0,malicious
1,0.1,0,0,0,0,0,0,0,0,1,0,1,0,0,0,89.98507085497229,70.0,malicious
0,0.55,0,0,0,0,1,0,0,0,1,0,0,0,0,0,64.1716523536465,0.0,malicious
0,0.05,0,0,0,0,0,0,0,0,0,0,0,0,0,0,71.62534014042086,0.0,normal
0,0.05,0,0,0,0,0,0,0,1,0,0,0,0,0,0,89.54095738130314,0.0,normal
0,0.85,1,0,0,0,0,0,0,0,1,0,0,0,0,0,65.53634218862835,0.0,malicious
1,0.08,0,0,0,0,0,0,0,0,0,0,0,0,0,0,88.68986522997258,0.0,normal
2,0.05,0,0,0,0,0,0,0,0,0,0,0,0,0,1,74.08243348974156,15.0,suspicious
0,0.1,0,0,0,0,0,0,0,0,0,0,1,1,0,0,100.0,100.0,normal
0,0.08,0,0,0,0,0,0,0,0,0,0,0,0,0,0,70.46159406079546,0.0,normal
0,0.1,0,0,0,0,0,0,0,0,1,0,0,0,0,0,100.0,0.0,normal
0,0.3,0,0,0,0,0,0,0,0,0,0,0,0,0,0,91.14480906899878,0.0,normal
1,0.55,0,0,0,0,1,0,0,0,1,1,0,0,0,1,89.53582331264992,15.0,malicious
0,0.08,0,0,0,0,0,0,0,0,0,0,0,0,0,0,94.07310002241081,0.0,normal
1,0.08,0,0,0,0,0,0,0,0,0,0,0,0,0,0,78.43645792686893,0.0,normal
0,0.25,0,0,0,0,0,0,1,0,0,1,0,0,0,0,79.05769137894666,0.0,suspicious
1,0.05,0,0,0,0,0,0,0,1,0,0,0,0,1,0,86.35978892782997,30.0,suspicious
0,0.25,0,0,0,0,0,0,1,0,1,1,0,0,0,0,68.09753607587743,0.0,suspicious
0,0.05,0,0,0,0,0,0,0,0,0,0,0,0,0,0,80.9177713345117,0.0,normal
1,0.08,0,0,0,0,0,0,0,1,0,0,0,0,0,0,86.96481875174342,0.0,normal
1,1.0,0,0,0,1,0,0,0,0,0,0,0,0,0,0,67.33977189974657,0.0,malicious
1,0.05,0,0,0,0,0,0,0,0,1,1,0,0,0,0,82.03495653352573,0.0,suspicious
0,0.1,0,0,0,0,0,0,0,0,0,0,0,0,0,0,88.40128280730353,0.0,normal
4,0.35,0,0,0,0,0,0,0,0,0,0,0,0,0,0,51.15505360428965,0.0,malicious
2,0.08,0,0,0,0,0,0,0,1,0,0,0,0,0,1,62.15004703029213,15.0,malicious
1,0.08,0,0,0,0,0,0,0,0,0,0,0,0,0,0,66.66022420711884,0.0,normal
1,0.08,0,0,0,0,0,0,0,0,0,0,0,0,0,0,84.35229615998098,0.0,normal
2,0.1,0,0,0,0,0,0,0,0,0,0,0,0,0,1,82.7846901957138,15.0,malicious
1,0.08,0,0,0,0,0,0,0,0,0,0,0,0,0,0,95.72565630256078,0.0,normal
2,0.08,0,0,0,0,0,0,0,1,1,0,0,0,0,0,83.00951319798108,0.0,malicious
1,0.05,0,0,0,0,0,0,0,0,0,0,0,0,0,0,75.05055259975609,0.0,normal
1,0.5,0,1,0,0,0,0,0,0,0,0,0,0,0,1,64.51761676480832,15.0,malicious
0,0.08,0,0,0,0,0,0,0,0,0,0,0,1,1,0,76.40877318690107,90.0,suspicious
1,0.5,0,1,0,0,0,0,0,0,0,1,0,0,0,0,100.0,0.0,malicious
0,0.05,0,0,0,0,0,0,0,0,1,0,0,0,0,0,91.56861521349795,0.0,normal
2,0.9,0,0,1,0,0,0,0,0,0,0,0,0,0,0,59.28914007831199,0.0,malicious
0,0.08,0,0,0,0,0,0,0,0,0,0,0,1,0,0,76.18262968803866,60.0,normal
1,0.9,0,0,1,0,0,0,0,0,0,1,0,0,0,0,45.84636263015791,0.0,malicious
0,0.08,0,0,0,0,0,0,0,0,0,0,0,0,0,0,96.67985155373121,0.0,normal
0,0.08,0,0,0,0,0,0,0,0,1,0,0,1,0,1,89.69492397088302,75.0,suspicious
0,0.08,0,0,0,0,0,0,0,0,0,0,0,0,0,0,100.0,0.0,normal
0,0.55,0,0,0,0,1,0,0,1,0,1,0,0,0,0,63.41861999071992,0.0,malicious
0,0.08,0,0,0,0,0,0,0,0,0,1,0,0,0,1,66.03453538995886,15.0,suspicious
0,0.3,0,0,0,0,0,0,0,0,0,1,0,0,0,1,88.1043489598706,15.0,suspicious
0,0.08,0,0,0,0,0,0,0,0,0,0,0,0,0,0,92.75130819372069,0.0,normal
0,0.9,0,0,1,0,0,0,0,0,0,1,0,0,0,0,61.10258762747857,0.0,malicious
0,1.0,0,0,0,1,0,0,0,1,1,0,0,0,0,0,65.90699580001544,0.0,malicious
1,0.08,0,0,0,0,0,0,0,0,0,1,0,0,0,0,64.92075119742128,0.0,suspicious
0,1.0,0,0,0,1,0,0,0,1,1,0,0,0,0,0,82.46914535745188,0.0,malicious
0,0.05,0,0,0,0,0,0,0,0,0,0,0,0,0,0,75.70936907311025,0.0,suspicious
2,0.35,0,0,0,0,0,0,0,0,1,0,0,0,0,1,46.44161273511887,15.0,suspicious
0,0.45,0,0,0,0,0,1,0,0,0,0,0,1,0,0,77.44281109664276,60.0,malicious
0,0.85,1,0,0,0,0,0,0,0,0,1,0,0,0,0,70.66127546146814,0.0,malicious
0,0.3,0,0,0,0,0,0,0,1,0,1,0,0,0,0,83.61113397193468,0.0,normal
0,0.08,0,0,0,0,0,0,0,0,0,0,0,0,0,0,100.0,0.0,normal
0,0.25,0,0,0,0,0,0,1,0,0,0,0,0,0,1,75.24426134549695,15.0,normal
2,0.05,0,0,0,0,0,0,0,0,0,0,0,0,0,0,90.3209001722721,0.0,normal
1,0.1,0,0,0,0,0,0,0,0,0,0,0,1,0,0,79.99292003915069,60.0,suspicious
1,0.08,0,0,0,0,0,0,0,1,0,0,0,0,0,1,89.64449909164766,15.0,normal
1,0.1,0,0,0,0,0,0,0,0,1,0,0,0,0,0,74.4556174011242,0.0,malicious
0,0.08,0,0,0,0,0,0,0,0,0,0,0,1,0,0,100.0,60.0,normal
1,0.1,0,0,0,0,0,0,0,0,1,1,0,0,0,0,72.27578172190613,0.0,malicious
1,0.1,0,0,0,0,0,0,0,0,0,0,0,0,1,0,84.13000544926513,30.0,normal
0,0.25,0,0,0,0,0,0,1,1,0,0,0,0,0,0,85.50940116926283,0.0,normal
1,0.35,0,0,0,0,0,0,0,0,1,0,0,0,1,0,73.80371280875126,30.0,suspicious
1,0.08,0,0,0,0,0,0,0,0,0,0,0,0,0,0,100.0,0.0,normal
0,0.1,0,0,0,0,0,0,0,0,0,0,0,1,0,1,100.0,75.0,normal
0,0.1,0,0,0,0,0,0,0,1,1,0,0,0,0,0,92.35314068835575,0.0,normal
0,0.05,0,0,0,0,0,0,0,0,0,0,0,0,0,1,87.54969806913682,15.0,normal
2,0.05,0,0,0,0,0,0,0,0,0,0,0,0,1,0,88.07382346046533,30.0,malicious
0,0.08,0,0,0,0,0,0,0,1,0,0,0,0,0,0,81.74667060072333,0.0,normal
0,0.08,0,0,0,0,0,0,0,0,0,0,0,0,0,0,78.24707783445028,0.0,normal
1,0.08,0,0,0,0,0,0,0,0,0,0,0,0,0,0,100.0,0.0,normal
0,0.08,0,0,0,0,0,0,0,0,0,0,0,0,0,0,86.84841882852581,0.0,normal
0,1.0,0,0,0,1,0,0,0,0,1,1,0,0,0,0,77.97464395474137,0.0,malicious
0,0.08,0,0,0,0,0,0,0,0,0,0,0,0,0,0,90.1007266686505,0.0,normal
0,0.25,0,0,0,0,0,0,1,0,0,0,0,0,0,0,70.57159235436676,0.0,normal
2,0.08,0,0,0,0,0,0,0,0,0,0,0,0,0,0,94.45134499582176,0.0,normal
0,0.1,0,0,0,0,0,0,0,0,0,0,0,0,0,1,85.32207164835404,15.0,normal
0,0.1,0,0,0,0,0,0,0,0,0,0,0,0,0,1,69.5552890273937,15.0,normal
0,1.0,0,0,0,1,0,0,0,1,0,0,0,0,0,1,62.46653750177134,15.0,malicious
0,0.1,0,0,0,0,0,0,0,0,0,0,0,0,0,0,98.41973663825001,0.0,normal
0,0.85,1,0,0,0,0,0,0,0,0,1,0,0,0,1,50.77522725006071,15.0,malicious
0,0.3,0,0,0,0,0,0,0,0,1,0,0,0,0,0,76.0848497399155,0.0,normal
0,0.05,0,0,0,0,0,0,0,0,0,0,0,0,0,0,83.30646672040227,0.0,normal
0,0.05,0,0,0,0,0,0,0,1,0,0,0,0,0,0,70.17235034093665,0.0,normal
2,0.05,0,0,0,0,0,0,0,0,0,1,0,0,1,0,90.36190539731898,30.0,malicious
0,0.05,0,0,0,0,0,0,0,0,0,0,0,0,0,0,86.6062546552469,0.0,normal
1,0.08,0,0,0,0,0,0,0,0,0,0,0,0,0,0,77.3841682661171,0.0,suspicious
0,0.05,0,0,0,0,0,0,0,0,0,0,0,1,0,0,77.46456310012819,60.0,normal
0,0.3,0,0,0,0,0,0,0,0,0,0,0,0,0,0,89.48073559823902,0.0,normal
0,0.1,0,0,0,0,0,0,0,0,0,0,0,0,0,0,86.06558047215671,0.0,normal
1,0.1,0,0,0,0,0,0,0,0,1,0,0,0,0,0,100.0,0.0,normal
2,0.08,0,0,0,0,0,0,0,0,0,0,0,0,0,1,66.25072734437211,15.0,malicious
1,0.08,0,0,0,0,0,0,0,0,0,0,0,0,0,0,79.48579532045878,0.0,normal
1,0.1,0,0,0,0,0,0,0,0,0,0,0,0,0,0,81.28281138974722,0.0,normal
0,0.05,0,0,0,0,0,0,0,0,0,0,0,0,0,0,63.9227171081555,0.0,normal
0,0.1,0,0,0,0,0,0,0,0,0,0,0,0,0,0,86.44172406520076,0.0,normal
1,0.1,0,0,0,0,0,0,0,0,0,0,0,1,0,0,75.66984541520321,60.0,malicious
1,0.35,0,0,0,0,0,0,0,0,0,1,0,0,0,0,48.58305525258689,0.0,malicious
2,0.08,0,0,0,0,0,0,0,0,0,0,0,0,0,0,83.44157568640976,0.0,normal
0,0.1,0,0,0,0,0,0,0,1,0,1,0,0,0,0,72.93417862997393,0.0,normal
1,0.08,0,0,0,0,0,0,0,0,0,0,0,1,0,0,81.34125609418999,60.0,suspicious
1,0.85,1,0,0,0,0,0,0,1,0,1,0,0,0,0,75.90978143396273,0.0,malicious
0,0.05,0,0,0,0,0,0,0,0,0,1,0,0,0,0,80.04845229647643,0.0,normal
2,0.08,0,0,0,0,0,0,0,0,0,0,0,0,0,0,75.67451627319079,0.0,suspicious
0,0.55,0,0,0,0,1,0,0,1,0,0,0,0,0,0,68.52849393029656,0.0,suspicious
0,1.0,0,0,0,1,0,0,0,1,0,0,0,0,0,0,83.72382152872167,0.0,malicious
0,0.25,0,0,0,0,0,0,1,0,0,0,0,0,0,0,78.18456743698495,0.0,normal
0,0.08,0,0,0,0,0,0,0,0,0,0,0,0,0,0,88.1478725566452,0.0,normal
0,0.1,0,0,0,0,0,0,0,0,0,1,0,0,0,0,79.9445748380369,0.0,normal
0,0.08,0,0,0,0,0,0,0,1,0,0,0,1,0,0,100.0,60.0,normal
0,0.05,0,0,0,0,0,0,0,0,0,0,0,0,0,1,95.8249556814425,15.0,normal
0,0.55,0,0,0,0,1,0,0,0,0,0,0,0,1,0,59.673714892626734,30.0,malicious
1,0.3,0,0,0,0,0,0,0,1,1,0,0,0,0,0,68.61641002104459,0.0,malicious
2,0.08,0,0,0,0,0,0,0,0,0,1,0,0,0,0,85.74497735843478,0.0,suspicious
1,0.08,0,0,0,0,0,0,0,1,0,0,0,0,1,0,90.3635788881902,30.0,suspicious
1,0.1,0,0,0,0,0,0,0,0,0,0,0,1,0,0,92.51373941881954,60.0,suspicious
1,0.05,0,0,0,0,0,0,0,0,0,0,0,0,0,0,84.9745368751517,0.0,normal
0,0.1,0,0,0,0,0,0,0,0,1,0,0,0,0,0,92.62027051540102,0.0,normal
0,0.3,0,0,0,0,0,0,0,1,1,0,0,0,1,1,65.80590896758655,45.0,malicious
2,0.08,0,0,0,0,0,0,0,0,0,0,0,0,0,0,76.94645717967688,0.0,suspicious
0,0.05,0,0,0,0,0,0,0,0,0,0,0,0,0,1,66.00700670991486,15.0,normal
0,0.1,0,0,0,0,0,0,0,0,0,0,0,0,0,0,85.66986651059621,0.0,normal
0,0.08,0,0,0,0,0,0,0,0,0,1,0,0,0,0,100.0,0.0,normal
0,0.1,0,0,0,0,0,0,0,0,0,0,0,0,0,0,89.4458097812216,0.0,normal
4,0.1,0,0,0,0,0,0,0,0,1,0,0,0,0,0,68.06370194348209,0.0,malicious
1,0.08,0,0,0,0,0,0,0,0,0,0,0,0,0,0,100.0,0.0,normal
0,0.08,0,0,0,0,0,0,0,0,0,0,0,0,0,0,88.33167207005167,0.0,normal
0,0.1,0,0,0,0,0,0,0,0,0,0,0,0,0,0,75.04021624242948,0.0,normal
1,0.08,0,0,0,0,0,0,0,0,0,0,0,0,0,0,79.5454158815228,0.0,normal
1,0.25,0,0,0,0,0,0,1,0,0,1,0,0,1,1,56.762325521302564,45.0,malicious
1,0.45,0,0,0,0,0,1,0,0,0,1,0,0,0,0,83.87862209956172,0.0,malicious
0,0.3,0,0,0,0,0,0,0,0,1,1,0,0,0,0,89.38294191752483,0.0,normal
0,0.08,0,0,0,0,0,0,0,0,0,0,0,0,1,0,100.0,30.0,normal
0,0.85,1,0,0,0,0,0,0,1,1,1,0,0,0,0,51.27480469807124,0.0,malicious
2,0.05,0,0,0,0,0,0,0,0,0,0,0,0,0,0,98.02841554029314,0.0,normal
0,0.1,0,0,0,0,0,0,0,0,1,0,0,0,0,0,85.9599305474301,0.0,normal
0,0.1,0,0,0,0,0,0,0,0,0,0,0,1,1,0,51.7009690935817,90.0,malicious
1,0.1,0,0,0,0,0,0,0,1,1,0,0,0,0,0,96.20891566984109,0.0,normal
0,0.08,0,0,0,0,0,0,0,0,0,1,0,0,0,0,86.71233497436626,0.0,normal
2,0.1,0,0,0,0,0,0,0,0,0,0,0,1,0,0,82.59139860452359,60.0,malicious
1,0.05,0,0,0,0,0,0,0,0,0,0,0,0,0,0,89.74481367949727,0.0,suspicious
1,0.35,0,0,0,0,0,0,0,1,0,0,1,0,0,0,80.19126417760496,70.0,malicious
0,0.05,0,0,0,0,0,0,0,0,0,0,0,0,0,0,69.17237047368587,0.0,normal
1,0.1,0,0,0,0,0,0,0,0,1,1,0,0,0,0,80.15421057094157,0.0,malicious
1,0.08,0,0,0,0,0,0,0,0,0,0,0,0,0,1,97.35618318306511,15.0,normal
0,0.9,0,0,1,0,0,0,0,0,0,0,0,0,0,0,67.30972835229218,0.0,malicious
0,0.08,0,0,0,0,0,0,0,0,0,0,0,0,0,1,80.7683500724911,15.0,normal
0,0.1,0,0,0,0,0,0,0,0,0,0,0,0,0,0,100.0,0.0,normal
0,0.05,0,0,0,0,0,0,0,0,0,0,0,0,0,1,55.7963253580752,15.0,normal
2,0.35,0,0,0,0,0,0,0,0,1,1,0,0,0,0,65.60959342178245,0.0,malicious
0,0.1,0,0,0,0,0,0,0,0,1,0,0,0,1,0,100.0,30.0,normal
1,0.5,0,1,0,0,0,0,0,1,0,0,0,0,0,1,47.66027302254188,15.0,malicious
0,0.05,0,0,0,0,0,0,0,0,0,0,0,0,0,0,90.87242366832983,0.0,normal
0,0.05,0,0,0,0,0,0,0,0,0,0,0,0,0,0,90.37989381272044,0.0,normal
1,0.1,0,0,0,0,0,0,0,0,1,0,0,1,0,1,96.34030227620687,75.0,malicious
0,0.9,0,0,1,0,0,0,0,1,1,1,0,0,1,1,75.67617565406545,45.0,malicious
0,0.3,0,0,0,0,0,0,0,1,0,0,0,0,0,0,92.76247728565765,0.0,normal
2,0.45,0,0,0,0,0,1,0,1,1,1,0,0,0,1,96.94808614153263,15.0,malicious
0,0.3,0,0,0,0,0,0,0,0,0,0,0,0,0,1,100.0,15.0,normal
1,0.05,0,0,0,0,0,0,0,0,0,0,0,0,0,0,100.0,0.0,normal
1,0.05,0,0,0,0,0,0,0,1,0,0,0,0,0,0,81.20599352590695,0.0,normal
1,0.3,0,0,0,0,0,0,0,0,1,0,0,0,0,1,79.13900712698332,15.0,suspicious
0,0.08,0,0,0,0,0,0,0,0,0,0,0,0,1,0,82.64103321192378,30.0,normal
1,0.08,0,0,0,0,0,0,0,1,0,0,0,0,0,0,93.78148805145554,0.0,normal
0,0.1,0,0,0,0,0,0,0,0,0,0,0,0,0,0,72.73210126134475,0.0,normal
0,0.1,0,0,0,0,0,0,0,0,1,0,0,1,0,1,49.59317225500598,75.0,malicious
0,0.1,0,0,0,0,0,0,0,1,1,0,0,0,0,0,71.26612980568088,0.0,malicious
0,0.3,0,0,0,0,0,0,0,1,0,1,0,0,0,0,78.49809925035758,0.0,suspicious
0,1.0,0,0,0,1,0,0,0,0,1,1,0,0,0,1,68.03605456811539,15.0,malicious
0,0.08,0,0,0,0,0,0,0,0,0,0,0,1,0,1,78.84608022822877,75.0,suspicious
1,0.08,0,0,0,0,0,0,0,1,0,0,0,1,0,0,93.20756675398408,60.0,normal
2,0.1,0,0,0,0,0,0,0,0,0,0,0,1,0,1,77.76285288376566,75.0,malicious
0,0.05,0,0,0,0,0,0,0,0,0,0,0,0,0,0,81.6051380829715,0.0,normal
2,0.1,0,0,0,0,0,0,0,0,0,0,0,0,0,0,57.98384141776809,0.0,suspicious
0,0.08,0,0,0,0,0,0,0,0,0,1,0,0,0,0,100.0,0.0,normal
0,0.08,0,0,0,0,0,0,0,0,0,0,0,0,0,0,83.13130846653313,0.0,normal
0,0.25,0,0,0,0,0,0,1,1,0,0,0,0,0,0,81.558019682666,0.0,normal
1,0.1,0,0,0,0,0,0,0,0,1,0,0,0,0,0,83.09111238649382,0.0,normal
0,0.08,0,0,0,0,0,0,0,0,0,0,1,0,0,1,90.97448346163677,85.0,normal
0,0.55,0,0,0,0,1,0,0,0,0,1,0,0,0,0,66.41552530855245,0.0,suspicious
1,0.25,0,0,0,0,0,0,1,0,1,1,0,0,0,0,84.0580236956406,0.0,suspicious
0,0.05,0,0,0,0,0,0,0,0,1,0,0,0,0,0,100.0,0.0,normal
1,0.08,0,0,0,0,0,0,0,0,0,0,0,0,1,0,87.99655663878667,30.0,normal
0,0.55,0,0,0,0,1,0,0,1,0,0,0,0,0,0,85.01415958006781,0.0,normal
1,0.05,0,0,0,0,0,0,0,0,0,0,0,0,0,0,66.81744601237966,0.0,normal
1,0.3,0,0,0,0,0,0,0,1,0,0,0,0,0,0,90.69457970786945,0.0,normal
0,0.1,0,0,0,0,0,0,0,1,1,1,0,0,0,1,66.99946319033536,15.0,malicious
1,0.08,0,0,0,0,0,0,0,0,0,0,0,0,0,0,86.52260384374254,0.0,normal
1,0.05,0,0,0,0,0,0,0,1,0,0,0,0,0,0,91.78239753324618,0.0,normal
1,0.1,0,0,0,0,0,0,0,0,1,0,0,0,0,0,76.50772288081956,0.0,suspicious
0,0.35,0,0,0,0,0,0,0,0,1,1,0,0,0,1,67.40476564178483,15.0,malicious
0,0.08,0,0,0,0,0,0,0,0,0,0,0,0,0,1,89.10196498218349,15.0,normal
1,0.5,0,1,0,0,0,0,0,0,0,0,0,0,0,0,69.74953404814629,0.0,suspicious
0,0.25,0,0,0,0,0,0,1,0,0,0,0,0,0,0,100.0,0.0,normal
1,0.08,0,0,0,0,0,0,0,0,0,0,0,0,1,1,87.5665570672796,45.0,suspicious
1,0.5,0,1,0,0,0,0,0,0,0,1,0,0,0,1,77.75683642888339,15.0,malicious
1,0.1,0,0,0,0,0,0,0,0,0,0,0,0,0,0,80.40086441468013,0.0,normal
1,0.05,0,0,0,0,0,0,0,0,0,0,0,0,1,0,80.62959378870373,30.0,normal
1,0.55,0,0,0,0,1,0,0,1,0,0,0,0,0,0,72.43225557363499,0.0,malicious
0,0.05,0,0,0,0,0,0,0,0,0,0,0,0,0,0,96.55292515788634,0.0,normal
1,0.08,0,0,0,0,0,0,0,1,0,0,0,1,0,0,70.77362142639734,60.0,malicious
0,0.1,0,0,0,0,0,0,0,0,1,0,0,0,0,1,68.56110886583505,15.0,normal
0,0.1,0,0,0,0,0,0,0,0,1,0,0,0,0,0,91.16807612363147,0.0,normal
1,0.05,0,0,0,0,0,0,0,1,0,0,1,0,0,0,88.06003505400724,70.0,malicious
5,0.35,0,0,0,0,0,0,0,0,1,0,0,0,0,0,58.031071591691145,0.0,malicious
4,0.35,0,0,0,0,0,0,0,0,0,0,0,1,0,0,65.78329347011736,60.0,malicious
1,0.05,0,0,0,0,0,0,0,1,0,1,0,0,0,0,88.38168947206545,0.0,suspicious
1,0.1,0,0,0,0,0,0,0,1,0,0,0,0,1,0,100.0,30.0,normal
1,0.25,0,0,0,0,0,0,1,1,0,1,0,0,0,0,58.258420860170915,0.0,malicious
1,0.45,0,0,0,0,0,1,0,1,0,1,1,0,0,0,93.10488446577281,70.0,malicious
0,0.1,0,0,0,0,0,0,0,0,0,0,0,1,0,0,74.06034642352564,60.0,normal
1,1.0,0,0,0,1,0,0,0,1,1,1,0,0,0,1,96.3007048783492,15.0,malicious
0,1.0,0,0,0,1,0,0,0,0,1,1,0,0,0,1,76.54704708382967,15.0,malicious
0,0.5,0,1,0,0,0,0,0,0,0,1,0,0,1,1,68.46084022483167,45.0,malicious
0,0.05,0,0,0,0,0,0,0,0,0,0,0,0,0,0,83.41562371006553,0.0,suspicious
0,0.08,0,0,0,0,0,0,0,0,0,0,0,0,0,0,75.57557436133368,0.0,normal
0,0.55,0,0,0,0,1,0,0,1,0,1,0,0,0,0,73.11563856291436,0.0,malicious
1,0.1,0,0,0,0,0,0,0,0,0,0,0,0,0,0,81.13424425795463,0.0,normal
2,0.08,0,0,0,0,0,0,0,0,0,0,0,0,0,0,84.72479145536587,0.0,normal
0,0.08,0,0,0,0,0,0,0,0,0,0,0,0,0,0,82.21378702044386,0.0,normal
0,0.85,1,0,0,0,0,0,0,1,1,0,0,1,0,1,69.30424796753324,75.0,malicious
1,0.25,0,0,0,0,0,0,1,0,1,1,0,0,0,0,59.98157839357679,0.0,malicious
1,0.1,0,0,0,0,0,0,0,0,0,0,0,0,0,0,80.71907076788048,0.0,normal
0,0.5,0,1,0,0,0,0,0,0,0,0,0,0,0,0,62.5833634180211,0.0,normal
0,0.55,0,0,0,0,1,0,0,1,1,0,0,0,0,1,95.29038765342358,15.0,malicious
1,0.55,0,0,0,0,1,0,0,0,0,0,0,0,0,1,76.44809030560405,15.0,malicious
0,0.1,0,0,0,0,0,0,0,0,1,0,0,0,0,0,84.47745174829814,0.0,normal
0,0.08,0,0,0,0,0,0,0,0,0,0,0,0,0,0,83.93407310798621,0.0,normal
2,0.1,0,0,0,0,0,0,0,0,0,0,0,0,0,0,59.54505630671525,0.0,suspicious
0,0.1,0,0,0,0,0,0,0,0,0,0,0,0,0,0,96.0286276639005,0.0,normal
0,0.55,0,0,0,0,1,0,0,0,0,1,0,0,0,0,52.191210689004244,0.0,malicious
3,0.05,0,0,0,0,0,0,0,0,0,1,0,0,0,0,57.81719708596813,0.0,malicious
0,0.1,0,0,0,0,0,0,0,0,1,0,0,1,0,0,82.31501826019077,60.0,normal
2,0.08,0,0,0,0,0,0,0,0,0,0,0,0,0,0,98.73602509792698,0.0,normal
0,0.08,0,0,0,0,0,0,0,0,0,0,0,0,0,1,77.80180614402747,15.0,normal
2,0.1,0,0,0,0,0,0,0,0,1,0,0,0,0,0,93.00916662415725,0.0,suspicious
0,0.08,0,0,0,0,0,0,0,0,0,0,0,0,0,0,94.86107814066028,0.0,normal
3,0.08,0,0,0,0,0,0,0,0,0,1,0,0,0,0,85.14792963371325,0.0,malicious
1,0.1,0,0,0,0,0,0,0,0,0,1,0,0,0,0,80.35088874526718,0.0,normal
0,0.1,0,0,0,0,0,0,0,0,0,0,0,0,0,0,96.95479759270468,0.0,normal
0,0.25,0,0,0,0,0,0,1,1,0,1,0,1,0,0,61.41001506340538,60.0,malicious
1,0.55,0,0,0,0,1,0,0,1,0,0,0,0,0,0,57.972626933878615,0.0,malicious
0,0.1,0,0,0,0,0,0,0,0,1,0,0,0,0,1,99.63961652866945,15.0,normal
0,0.05,0,0,0,0,0,0,0,0,0,0,0,0,0,1,78.0147300242197,15.0,normal
0,0.5,0,1,0,0,0,0,0,0,1,0,0,1,0,0,64.42022056926545,60.0,malicious
0,0.05,0,0,0,0,0,0,0,0,0,0,0,0,0,0,80.2710754802424,0.0,normal
0,0.1,0,0,0,0,0,0,0,0,1,0,1,0,0,0,83.49326395249447,70.0,suspicious
0,0.08,0,0,0,0,0,0,0,0,0,1,0,0,0,0,68.07385607253072,0.0,normal
1,0.05,0,0,0,0,0,0,0,0,0,1,0,0,0,0,91.28866983364779,0.0,normal
3,0.05,0,0,0,0,0,0,0,0,0,0,0,0,0,0,74.99670298649677,0.0,suspicious
1,0.3,0,0,0,0,0,0,0,0,0,0,0,0,0,0,74.7480007660722,0.0,normal
2,0.05,0,0,0,0,0,0,0,0,0,0,0,0,0,1,99.39553123981003,15.0,normal
1,0.3,0,0,0,0,0,0,0,1,1,0,0,0,0,0,72.30436355300499,0.0,suspicious
0,0.05,0,0,0,0,0,0,0,0,1,0,0,0,0,0,92.12779846119956,0.0,normal
0,0.08,0,0,0,0,0,0,0,0,0,0,0,0,0,0,70.58858588014468,0.0,normal
0,0.08,0,0,0,0,0,0,0,0,0,0,0,0,0,0,75.03276618883386,0.0,normal
0,0.3,0,0,0,0,0,0,0,1,0,0,0,0,0,0,90.9330760309138,0.0,normal
2,0.35,0,0,0,0,0,0,0,0,0,0,0,0,0,0,68.17347844257678,0.0,malicious
1,0.08,0,0,0,0,0,0,0,0,0,0,0,1,0,1,99.03142549498742,75.0,suspicious
2,0.08,0,0,0,0,0,0,0,0,1,0,0,0,0,0,69.87204477772246,0.0,malicious
0,0.55,0,0,0,0,1,0,0,1,0,1,0,0,0,0,76.50442387478934,0.0,malicious
1,0.08,0,0,0,0,0,0,0,0,0,1,0,0,0,0,90.57835011783659,0.0,normal
0,0.1,0,0,0,0,0,0,0,0,0,0,0,0,1,0,100.0,30.0,normal
1,0.9,0,0,1,0,0,0,0,0,0,0,0,0,1,0,65.8136248813696,30.0,malicious
0,0.08,0,0,0,0,0,0,0,0,0,1,0,0,0,0,89.85490191912601,0.0,normal
0,0.1,0,0,0,0,0,0,0,0,0,0,0,0,0,0,88.45962763065839,0.0,normal
2,0.1,0,0,0,0,0,0,0,0,0,0,0,0,0,0,100.0,0.0,normal
4,0.08,0,0,0,0,0,0,0,0,0,0,0,0,0,0,78.24427066880722,0.0,malicious
1,0.08,0,0,0,0,0,0,0,0,0,0,0,0,0,0,92.59097295416755,0.0,normal
1,0.1,0,0,0,0,0,0,0,0,0,0,0,0,0,0,86.24952626033306,0.0,suspicious
0,0.1,0,0,0,0,0,0,0,0,0,0,0,0,0,0,86.0539274777362,0.0,normal
0,0.08,0,0,0,0,0,0,0,0,0,0,0,0,0,0,92.85452564315773,0.0,normal
0,0.08,0,0,0,0,0,0,0,0,0,0,0,0,0,0,96.86741512674091,0.0,normal
0,0.08,0,0,0,0,0,0,0,0,0,0,0,1,0,0,83.42936687143404,60.0,normal
1,0.1,0,0,0,0,0,0,0,1,0,0,0,0,0,0,73.04510264874267,0.0,suspicious
0,0.5,0,1,0,0,0,0,0,1,0,1,0,0,0,0,77.37050703052594,0.0,malicious
0,0.08,0,0,0,0,0,0,0,0,0,0,0,0,0,0,94.27963546811614,0.0,normal
0,0.05,0,0,0,0,0,0,0,0,0,0,0,0,0,0,67.4153032272416,0.0,normal
0,0.1,0,0,0,0,0,0,0,0,0,0,0,0,0,1,85.41675022547149,15.0,normal
1,0.25,0,0,0,0,0,0,1,0,0,1,0,0,0,1,70.87494471881148,15.0,malicious
0,0.1,0,0,0,0,0,0,0,0,0,0,0,0,0,0,100.0,0.0,normal
1,0.25,0,0,0,0,0,0,1,0,0,0,0,0,0,0,100.0,0.0,normal
0,0.85,1,0,0,0,0,0,0,1,0,0,0,0,0,1,66.64726218838527,15.0,malicious
0,0.1,0,0,0,0,0,0,0,0,1,0,0,0,0,0,87.3565388174851,0.0,normal
0,0.55,0,0,0,0,1,0,0,1,1,0,0,0,0,1,62.906308554422566,15.0,malicious
0,0.05,0,0,0,0,0,0,0,0,0,0,0,0,0,0,89.33540746101495,0.0,normal
4,0.35,0,0,0,0,0,0,0,1,0,0,0,0,0,0,69.3372063519568,0.0,malicious
0,0.05,0,0,0,0,0,0,0,0,0,0,0,0,0,0,88.52581151742747,0.0,normal
0,0.1,0,0,0,0,0,0,0,0,1,0,0,0,0,0,78.49788630748402,0.0,normal
1,0.05,0,0,0,0,0,0,0,0,0,0,0,0,0,0,60.54474617029847,0.0,normal
0,0.05,0,0,0,0,0,0,0,0,0,0,0,0,0,1,84.35048071380884,15.0,normal
2,0.05,0,0,0,0,0,0,0,0,0,0,0,1,0,0,85.86958080437331,60.0,malicious
0,0.08,0,0,0,0,0,0,0,0,0,0,0,0,0,1,80.70459082501759,15.0,normal
4,0.35,0,0,0,0,0,0,0,0,0,1,0,0,0,1,57.247799729650175,15.0,malicious
0,0.08,0,0,0,0,0,0,0,0,0,0,0,0,0,0,74.56780900500232,0.0,normal
0,0.25,0,0,0,0,0,0,1,0,1,0,0,0,0,0,84.75919548700115,0.0,normal
1,0.1,0,0,0,0,0,0,0,0,0,0,0,0,0,1,74.65400930860903,15.0,normal
0,0.1,0,0,0,0,0,0,0,0,0,0,0,0,0,0,87.63868408902312,0.0,suspicious
1,0.25,0,0,0,0,0,0,1,1,1,0,0,1,0,0,72.40245738618856,60.0,malicious
0,0.08,0,0,0,0,0,0,0,0,0,0,0,0,0,0,75.02572569288108,0.0,normal
1,0.08,0,0,0,0,0,0,0,0,0,0,0,0,0,0,97.33267902279769,0.0,normal
0,0.35,0,0,0,0,0,0,0,1,1,1,0,0,0,1,60.921320028446786,15.0,malicious
0,0.1,0,0,0,0,0,0,0,0,1,0,0,1,0,0,100.0,60.0,normal
1,0.3,0,0,0,0,0,0,0,0,1,0,0,0,0,1,85.8916320478709,15.0,suspicious
1,0.1,0,0,0,0,0,0,0,0,0,0,0,0,0,0,96.48372527337222,0.0,normal
1,0.25,0,0,0,0,0,0,1,1,0,0,0,0,0,0,68.66205882397806,0.0,suspicious
0,0.35,0,0,0,0,0,0,0,1,0,0,0,0,0,1,53.23002000897749,15.0,suspicious
1,0.05,0,0,0,0,0,0,0,0,1,0,0,0,0,0,97.39515890624271,0.0,normal
0,0.3,0,0,0,0,0,0,0,0,0,1,0,0,0,0,84.28849156581192,0.0,normal
0,0.5,0,1,0,0,0,0,0,0,1,0,0,0,0,0,56.16239493760516,0.0,malicious
0,0.45,0,0,0,0,0,1,0,1,0,0,0,0,0,0,91.55055614668048,0.0,normal
2,0.1,0,0,0,0,0,0,0,0,0,0,0,0,0,0,100.0,0.0,normal
1,0.05,0,0,0,0,0,0,0,0,0,0,0,0,0,0,82.27118558831846,0.0,normal
3,0.35,0,0,0,0,0,0,0,0,0,0,0,0,0,0,74.06829536875271,0.0,malicious
0,0.05,0,0,0,0,0,0,0,0,1,0,0,0,0,1,74.89202907611526,15.0,suspicious
1,0.08,0,0,0,0,0,0,0,0,0,0,0,0,0,0,99.98864578456374,0.0,normal
0,0.5,0,1,0,0,0,0,0,1,1,1,0,0,0,1,81.18802223849308,15.0,malicious
1,0.05,0,0,0,0,0,0,0,0,0,0,0,0,0,0,82.08784796425742,0.0,normal
0,0.05,0,0,0,0,0,0,0,0,1,1,0,0,0,0,100.0,0.0,normal
1,0.55,0,0,0,0,1,0,0,1,0,1,0,1,0,1,72.9398011434191,75.0,malicious
0,0.55,0,0,0,0,1,0,0,0,1,1,0,1,0,1,63.14304176667967,75.0,malicious
3,0.35,0,0,0,0,0,0,0,0,0,1,0,0,0,1,66.60610174950975,15.0,malicious
0,0.05,0,0,0,0,0,0,0,0,0,0,0,0,0,0,76.8003193209633,0.0,normal
1,0.08,0,0,0,0,0,0,0,0,0,0,0,0,1,0,75.98832041336158,30.0,suspicious
4,0.08,0,0,0,0,0,0,0,0,0,0,0,0,0,0,92.4098946978331,0.0,malicious
1,0.08,0,0,0,0,0,0,0,0,0,0,0,0,0,1,79.41962459998665,15.0,normal
0,0.05,0,0,0,0,0,0,0,0,0,0,0,0,0,0,71.55704293082263,0.0,normal
1,0.9,0,0,1,0,0,0,0,0,1,1,0,0,0,0,73.04880593038237,0.0,malicious
2,0.3,0,0,0,0,0,0,0,0,1,0,0,0,0,1,100.0,15.0,malicious
0,0.05,0,0,0,0,0,0,0,1,0,0,0,0,0,0,86.3359777722056,0.0,normal
1,0.05,0,0,0,0,0,0,0,0,0,0,0,0,0,1,68.37831250830654,15.0,normal
1,0.08,0,0,0,0,0,0,0,0,0,0,0,0,0,0,74.60333723221038,0.0,normal
0,0.55,0,0,0,0,1,0,0,1,1,0,0,0,0,0,61.880347695130425,0.0,malicious
0,0.05,0,0,0,0,0,0,0,0,0,0,1,0,0,0,67.94229168287141,70.0,suspicious
0,0.08,0,0,0,0,0,0,0,0,0,0,0,0,0,0,97.20069746343536,0.0,normal
0,0.25,0,0,0,0,0,0,1,1,1,0,0,0,0,0,85.1907967700154,0.0,suspicious
4,0.35,0,0,0,0,0,0,0,0,1,1,0,0,1,1,67.17454258465003,45.0,malicious
1,0.05,0,0,0,0,0,0,0,0,0,0,0,0,0,0,74.00828356372207,0.0,normal
0,0.9,0,0,1,0,0,0,0,1,1,1,0,0,0,1,53.869057360554706,15.0,malicious
1,0.08,0,0,0,0,0,0,0,0,0,0,0,0,0,0,87.15023965894858,0.0,normal
0,0.1,0,0,0,0,0,0,0,0,0,0,0,0,0,0,85.5733147044042,0.0,normal
1,0.85,1,0,0,0,0,0,0,0,0,0,0,0,0,0,67.49965752986051,0.0,malicious
0,0.08,0,0,0,0,0,0,0,0,0,0,0,0,0,1,76.33364391243629,15.0,normal
1,1.0,0,0,0,1,0,0,0,0,0,1,0,0,0,0,81.36990955391187,0.0,suspicious
0,0.05,0,0,0,0,0,0,0,0,0,0,0,0,0,0,94.84901658858104,0.0,normal
0,0.08,0,0,0,0,0,0,0,0,0,0,0,0,0,0,100.0,0.0,normal
0,0.05,0,0,0,0,0,0,0,0,0,0,0,0,0,0,93.04320333658943,0.0,normal
2,0.1,0,0,0,0,0,0,0,0,0,1,0,0,0,0,77.4389226052301,0.0,suspicious
0,0.1,0,0,0,0,0,0,0,0,1,0,0,0,0,0,85.99933951932462,0.0,normal
0,0.1,0,0,0,0,0,0,0,0,1,0,0,0,0,0,77.1249613271898,0.0,normal
0,0.05,0,0,0,0,0,0,0,0,0,0,0,1,0,1,64.45264676858864,75.0,suspicious
0,0.55,0,0,0,0,1,0,0,1,1,0,0,0,0,0,81.52548298287444,0.0,malicious
1,0.1,0,0,0,0,0,0,0,1,0,0,0,0,0,0,100.0,0.0,normal
1,0.1,0,0,0,0,0,0,0,0,0,0,0,0,0,0,84.04209759497941,0.0,normal
0,1.0,0,0,0,1,0,0,0,1,1,1,0,1,0,0,53.11369753307867,60.0,malicious
0,0.1,0,0,0,0,0,0,0,0,0,0,0,0,0,0,85.42262446544171,0.0,normal
0,0.08,0,0,0,0,0,0,0,1,0,0,0,0,0,0,96.17121081993659,0.0,normal
0,0.1,0,0,0,0,0,0,0,0,0,0,1,0,0,0,59.60998623069914,70.0,suspicious
0,0.1,0,0,0,0,0,0,0,0,1,0,0,0,0,0,87.28126591367379,0.0,normal
0,0.05,0,0,0,0,0,0,0,0,0,1,0,0,0,0,71.44737234419601,0.0,suspicious
0,0.08,0,0,0,0,0,0,0,0,0,0,0,0,0,0,66.55051408425683,0.0,normal
1,0.08,0,0,0,0,0,0,0,0,0,0,0,0,0,1,77.19515571297605,15.0,normal
0,0.08,0,0,0,0,0,0,0,0,0,0,0,1,0,0,83.49582252913234,60.0,normal
2,0.25,0,0,0,0,0,0,1,1,1,0,0,0,0,0,71.73993189093481,0.0,malicious
0,0.08,0,0,0,0,0,0,0,0,0,1,0,0,0,0,89.46880893372408,0.0,normal
0,0.85,1,0,0,0,0,0,0,1,0,1,0,1,0,0,52.804771724430424,60.0,malicious
0,0.25,0,0,0,0,0,0,1,0,0,1,0,0,0,0,100.0,0.0,normal
1,0.1,0,0,0,0,0,0,0,0,1,1,0,0,0,0,85.56112891823844,0.0,suspicious
1,0.05,0,0,0,0,0,0,0,0,0,0,0,0,0,0,100.0,0.0,normal
0,0.05,0,0,0,0,0,0,0,0,0,0,0,0,0,1,72.87591585868684,15.0,normal
1,1.0,0,0,0,1,0,0,0,1,1,0,0,0,0,0,77.32770042844463,0.0,malicious
0,0.55,0,0,0,0,1,0,0,0,1,0,0,0,0,0,66.02491315180565,0.0,malicious
1,0.05,0,0,0,0,0,0,0,0,0,0,1,0,0,0,100.0,70.0,normal
0,0.1,0,0,0,0,0,0,0,0,0,0,0,0,0,0,94.0281188905364,0.0,normal
1,0.05,0,0,0,0,0,0,0,1,1,1,0,0,0,0,97.9790793167024,0.0,malicious
0,0.25,0,0,0,0,0,0,1,0,1,0,0,0,0,0,64.36030780768503,0.0,normal
0,0.3,0,0,0,0,0,0,0,0,0,0,0,0,0,1,92.96783237840265,15.0,normal
1,0.85,1,0,0,0,0,0,0,0,0,0,0,0,1,0,57.84533495662879,30.0,malicious
0,0.08,0,0,0,0,0,0,0,0,0,0,0,0,0,0,84.95903516089895,0.0,normal
1,0.05,0,0,0,0,0,0,0,0,0,0,0,0,0,0,100.0,0.0,normal
0,0.05,0,0,0,0,0,0,0,0,0,0,0,0,0,0,98.89788185799678,0.0,normal
0,0.08,0,0,0,0,0,0,0,0,0,0,0,1,0,1,87.57249704617597,75.0,suspicious
0,0.1,0,0,0,0,0,0,0,0,0,0,0,0,0,0,100.0,0.0,normal
0,0.05,0,0,0,0,0,0,0,0,0,0,0,0,0,0,76.25966209020338,0.0,normal
1,0.3,0,0,0,0,0,0,0,0,1,0,0,1,0,0,95.59783546307506,60.0,malicious
0,0.1,0,0,0,0,0,0,0,1,0,0,0,0,1,0,96.07787436824943,30.0,normal
1,0.05,0,0,0,0,0,0,0,0,0,0,0,0,0,1,100.0,15.0,normal
0,0.08,0,0,0,0,0,0,0,0,0,0,0,0,0,0,88.52949012012533,0.0,normal
2,0.1,0,0,0,0,0,0,0,1,0,0,0,0,0,0,77.70465898374223,0.0,malicious
1,0.1,0,0,0,0,0,0,0,0,0,0,0,0,0,0,84.53495531195527,0.0,normal
0,0.05,0,0,0,0,0,0,0,0,0,0,0,0,1,0,83.8934378401175,30.0,normal
1,1.0,0,0,0,1,0,0,0,1,1,0,0,0,0,0,78.89234672111213,0.0,malicious
1,0.05,0,0,0,0,0,0,0,0,0,0,0,0,0,0,80.53107949090003,0.0,normal
1,0.85,1,0,0,0,0,0,0,1,0,0,0,0,0,0,86.56425556439606,0.0,malicious
0,0.1,0,0,0,0,0,0,0,0,1,0,0,0,0,0,82.07296957353338,0.0,normal
1,0.05,0,0,0,0,0,0,0,0,0,0,0,0,0,1,87.05725729040965,15.0,normal
0,0.05,0,0,0,0,0,0,0,0,0,0,0,0,0,0,100.0,0.0,normal
0,0.1,0,0,0,0,0,0,0,0,0,0,0,0,0,0,100.0,0.0,normal
0,0.08,0,0,0,0,0,0,0,0,1,0,0,0,0,0,85.66247533463863,0.0,normal
0,0.08,0,0,0,0,0,0,0,0,0,0,0,0,0,0,92.48616503825164,0.0,normal
0,0.05,0,0,0,0,0,0,0,0,0,0,0,1,0,0,93.39237406635046,60.0,normal
1,0.25,0,0,0,0,0,0,1,0,1,0,0,0,1,0,85.55735160563049,30.0,malicious
5,0.35,0,0,0,0,0,0,0,0,0,1,0,0,0,1,69.06982247850291,15.0,malicious
4,0.35,0,0,0,0,0,0,0,0,0,0,0,1,0,0,66.94349052600748,60.0,malicious
0,1.0,0,0,0,1,0,0,0,1,1,1,0,0,0,0,79.40367161730903,0.0,malicious
1,0.08,0,0,0,0,0,0,0,0,0,0,0,0,0,0,85.02480668969643,0.0,normal
1,0.55,0,0,0,0,1,0,0,1,0,0,0,0,0,0,87.81858727887193,0.0,malicious
1,0.08,0,0,0,0,0,0,0,0,0,0,0,1,0,0,78.42989675502604,60.0,normal
0,0.5,0,1,0,0,0,0,0,0,0,1,0,0,0,0,53.38728260578634,0.0,malicious
0,0.08,0,0,0,0,0,0,0,0,0,0,0,0,0,0,96.0469261782541,0.0,normal
1,0.3,0,0,0,0,0,0,0,1,0,0,0,0,0,0,83.67312619243455,0.0,normal
1,0.1,0,0,0,0,0,0,0,0,0,0,0,0,0,0,72.33482174704486,0.0,normal
0,0.05,0,0,0,0,0,0,0,0,0,0,0,0,0,0,88.29374990824508,0.0,normal
1,0.08,0,0,0,0,0,0,0,0,0,0,0,0,0,0,58.03602517321298,0.0,normal
0,0.05,0,0,0,0,0,0,0,0,0,0,0,1,0,0,78.75134420157315,60.0,normal
0,0.1,0,0,0,0,0,0,0,0,1,0,0,0,0,1,79.65523666264892,15.0,normal
3,0.05,0,0,0,0,0,0,0,0,0,0,0,1,0,0,76.90975890577775,60.0,malicious
2,0.05,0,0,0,0,0,0,0,0,1,0,0,0,0,0,99.0635982539087,0.0,normal
0,0.08,0,0,0,0,0,0,0,0,0,0,0,0,1,0,83.689435989796,30.0,normal
1,0.3,0,0,0,0,0,0,0,0,0,1,0,1,0,0,100.0,60.0,malicious
1,0.1,0,0,0,0,0,0,0,0,1,0,0,0,0,1,93.50181882122878,15.0,normal
1,0.55,0,0,0,0,1,0,0,0,0,0,0,0,0,0,42.05012863310756,0.0,malicious
0,0.1,0,0,0,0,0,0,0,0,1,0,0,0,1,1,87.20129816578739,45.0,suspicious
0,0.08,0,0,0,0,0,0,0,0,0,0,1,0,0,0,75.83524520617956,70.0,normal
0,0.05,0,0,0,0,0,0,0,0,0,0,0,0,0,0,78.88027062916402,0.0,normal
2,0.05,0,0,0,0,0,0,0,0,0,0,0,0,0,0,87.54313368672209,0.0,normal
0,0.25,0,0,0,0,0,0,1,0,0,0,0,0,0,0,89.91038965992523,0.0,normal
1,0.05,0,0,0,0,0,0,0,1,0,0,0,0,0,0,78.05177857940018,0.0,normal
1,0.45,0,0,0,0,0,1,0,0,1,1,0,0,0,0,91.66351268099132,0.0,malicious
1,1.0,0,0,0,1,0,0,0,0,0,1,0,0,0,0,83.65327178094341,0.0,malicious
2,0.05,0,0,0,0,0,0,0,0,0,0,0,0,0,0,94.88420551174625,0.0,normal
1,0.35,0,0,0,0,0,0,0,1,0,1,0,0,0,0,70.665311972159,0.0,malicious
0,0.05,0,0,0,0,0,0,0,0,0,0,0,0,0,0,88.86723097962366,0.0,normal
0,0.08,0,0,0,0,0,0,0,0,1,0,0,0,0,0,58.44026848598515,0.0,normal
2,0.05,0,0,0,0,0,0,0,0,1,0,0,0,0,0,89.78914994567683,0.0,suspicious
0,0.5,0,1,0,0,0,0,0,0,1,0,0,0,1,0,66.45832669073366,30.0,malicious
1,0.05,0,0,0,0,0,0,0,0,0,0,0,0,0,1,40.642449143863416,15.0,malicious
0,0.3,0,0,0,0,0,0,0,0,0,1,0,0,0,0,87.76258982981497,0.0,normal
0,0.1,0,0,0,0,0,0,0,0,0,0,0,0,0,0,76.701052967941,0.0,normal
0,0.1,0,0,0,0,0,0,0,0,0,0,0,0,0,0,81.51788596764627,0.0,normal
0,0.05,0,0,0,0,0,0,0,0,0,0,0,0,0,0,96.98210116864124,0.0,normal
1,0.05,0,0,0,0,0,0,0,0,0,0,0,0,0,0,73.70002355234219,0.0,normal
0,0.25,0,0,0,0,0,0,1,1,0,0,0,0,0,0,86.70572611840102,0.0,normal
0,0.08,0,0,0,0,0,0,0,0,0,0,0,0,0,0,81.47860395018166,0.0,normal
0,0.1,0,0,0,0,0,0,0,0,0,0,0,0,0,0,95.84443891507688,0.0,normal
0,0.1,0,0,0,0,0,0,0,0,1,0,0,0,0,1,87.87770033100495,15.0,normal
1,0.1,0,0,0,0,0,0,0,0,1,0,1,0,0,1,79.3270102882809,85.0,malicious
0,0.3,0,0,0,0,0,0,0,1,0,1,0,0,0,0,64.8076033699877,0.0,suspicious
0,0.05,0,0,0,0,0,0,0,0,0,0,0,0,0,1,73.26619616090161,15.0,normal
0,0.05,0,0,0,0,0,0,0,1,1,0,0,0,0,0,100.0,0.0,normal
1,0.55,0,0,0,0,1,0,0,0,0,0,0,0,0,0,98.61142237000433,0.0,normal
0,0.05,0,0,0,0,0,0,0,1,0,0,0,0,0,0,54.737105594679875,0.0,normal
0,0.25,0,0,0,0,0,0,1,0,1,0,0,1,0,0,100.0,60.0,normal
0,0.05,0,0,0,0,0,0,0,0,0,0,0,0,0,0,89.89394945945298,0.0,normal
1,0.1,0,0,0,0,0,0,0,0,0,0,0,0,0,1,84.86302732200319,15.0,normal
2,0.35,0,0,0,0,0,0,0,1,0,0,0,0,0,0,78.7157064334456,0.0,suspicious
1,0.1,0,0,0,0,0,0,0,0,0,0,0,1,0,0,58.32119336488823,60.0,malicious
0,0.08,0,0,0,0,0,0,0,0,0,0,0,1,0,0,94.19769931536092,60.0,normal
0,0.1,0,0,0,0,0,0,0,0,0,0,0,0,0,1,78.52297379182465,15.0,normal
0,0.08,0,0,0,0,0,0,0,0,0,1,0,1,0,0,79.69254367531671,60.0,suspicious
1,0.08,0,0,0,0,0,0,0,0,0,0,0,0,0,0,77.70381529354947,0.0,normal
4,0.35,0,0,0,0,0,0,0,0,0,1,0,0,0,0,66.25186425481729,0.0,suspicious
1,0.08,0,0,0,0,0,0,0,0,0,0,0,0,0,0,75.7864550679859,0.0,normal
0,0.08,0,0,0,0,0,0,0,0,0,0,0,0,0,0,100.0,0.0,normal
2,0.1,0,0,0,0,0,0,0,0,0,0,0,0,0,0,95.58795127656832,0.0,normal
0,0.1,0,0,0,0,0,0,0,0,1,0,0,0,0,0,64.73585600255198,0.0,suspicious
1,0.25,0,0,0,0,0,0,1,0,1,1,0,0,0,0,80.35263051081644,0.0,malicious
1,0.5,0,1,0,0,0,0,0,1,1,1,0,0,0,0,62.57227848706288,0.0,malicious
1,0.3,0,0,0,0,0,0,0,0,0,1,0,0,0,1,93.42753199639469,15.0,suspicious
1,0.35,0,0,0,0,0,0,0,0,0,1,0,0,0,1,61.8372556438628,15.0,malicious
0,0.5,0,1,0,0,0,0,0,1,0,1,0,1,0,0,72.2848731158138,60.0,malicious
0,0.08,0,0,0,0,0,0,0,0,0,0,0,1,0,0,97.10906670867024,60.0,normal
0,0.08,0,0,0,0,0,0,0,1,0,0,0,1,0,0,86.60405967586237,60.0,normal
0,0.1,0,0,0,0,0,0,0,0,1,0,0,1,0,0,84.11002542724542,60.0,malicious
0,0.85,1,0,0,0,0,0,0,1,0,0,0,0,0,0,63.352943658104564,0.0,malicious
1,0.08,0,0,0,0,0,0,0,0,0,0,0,0,0,0,63.70351984161279,0.0,suspicious
1,0.1,0,0,0,0,0,0,0,0,0,0,0,0,0,1,83.22911486664445,15.0,normal
0,0.05,0,0,0,0,0,0,0,0,0,0,0,0,0,0,74.46966990266995,0.0,normal
0,0.08,0,0,0,0,0,0,0,1,0,0,0,0,0,0,91.25657326392,0.0,normal
0,0.35,0,0,0,0,0,0,0,1,1,0,0,0,0,0,66.73922550902532,0.0,suspicious
1,0.05,0,0,0,0,0,0,0,1,0,1,0,0,0,0,100.0,0.0,normal
1,0.05,0,0,0,0,0,0,0,0,0,0,0,0,0,1,100.0,15.0,normal
0,0.1,0,0,0,0,0,0,0,0,0,0,0,1,1,1,83.07761950426838,100.0,suspicious
1,0.05,0,0,0,0,0,0,0,0,0,0,0,0,0,0,100.0,0.0,normal
0,0.05,0,0,0,0,0,0,0,0,0,0,0,0,0,1,77.1284846893244,15.0,normal
0,0.1,0,0,0,0,0,0,0,0,0,0,0,0,0,0,84.98191180652074,0.0,normal
0,0.1,0,0,0,0,0,0,0,0,1,0,0,0,0,0,80.42750310235951,0.0,normal
1,0.1,0,0,0,0,0,0,0,0,0,0,0,0,0,0,87.33315204647812,0.0,normal
0,0.08,0,0,0,0,0,0,0,0,0,0,0,0,0,0,76.34799258289931,0.0,normal
0,0.1,0,0,0,0,0,0,0,0,0,0,0,0,0,0,93.29252452774216,0.0,normal
0,0.1,0,0,0,0,0,0,0,0,0,0,0,1,0,0,82.11401701185812,60.0,normal
0,0.1,0,0,0,0,0,0,0,0,0,0,0,0,1,0,86.95947625304727,30.0,normal
0,0.08,0,0,0,0,0,0,0,0,0,0,0,0,0,0,74.98819322514393,0.0,normal
1,0.08,0,0,0,0,0,0,0,0,0,0,0,0,0,0,70.11478253617071,0.0,normal
1,0.08,0,0,0,0,0,0,0,0,1,0,0,0,0,0,82.48645744147497,0.0,normal
0,0.85,1,0,0,0,0,0,0,0,1,0,0,0,1,0,75.1346642315538,30.0,malicious
6,0.35,0,0,0,0,0,0,0,0,1,1,0,0,1,0,49.713989752599595,30.0,malicious
0,0.1,0,0,0,0,0,0,0,0,0,0,0,0,0,1,72.60540107359807,15.0,normal
0,0.08,0,0,0,0,0,0,0,0,1,0,0,0,0,0,100.0,0.0,normal
0,0.1,0,0,0,0,0,0,0,0,0,0,0,0,1,0,75.37246424112155,30.0,normal
0,0.25,0,0,0,0,0,0,1,0,0,1,0,0,0,1,100.0,15.0,normal
1,0.35,0,0,0,0,0,0,0,1,0,0,0,0,0,0,52.196536340046556,0.0,malicious
0,0.3,0,0,0,0,0,0,0,0,1,0,0,0,0,0,73.97002298988518,0.0,normal
6,0.35,0,0,0,0,0,0,0,0,0,0,0,0,0,0,91.30347568878258,0.0,malicious
0,0.05,0,0,0,0,0,0,0,0,0,0,0,0,0,0,81.94843207765044,0.0,normal
0,0.25,0,0,0,0,0,0,1,1,1,1,0,0,0,0,98.06507178307093,0.0,malicious
0,0.3,0,0,0,0,0,0,0,1,0,1,0,1,0,0,95.03598829978421,60.0,suspicious
1,0.35,0,0,0,0,0,0,0,1,0,0,0,0,0,0,80.53538281317061,0.0,suspicious
0,0.25,0,0,0,0,0,0,1,0,1,1,0,0,0,0,84.49701126703037,0.0,suspicious
0,0.1,0,0,0,0,0,0,0,0,0,0,0,0,0,0,92.77263636488689,0.0,normal
1,0.05,0,0,0,0,0,0,0,0,0,0,0,0,0,1,86.5784248131332,15.0,normal
1,0.1,0,0,0,0,0,0,0,0,0,0,0,0,0,1,73.70385786535218,15.0,normal
2,0.35,0,0,0,0,0,0,0,0,0,0,0,0,0,0,71.32574009560989,0.0,malicious
2,0.35,0,0,0,0,0,0,0,1,0,1,0,0,0,0,83.84578578671342,0.0,malicious
2,0.05,0,0,0,0,0,0,0,0,0,0,0,0,0,0,96.84796889574721,0.0,suspicious
2,0.08,0,0,0,0,0,0,0,0,0,0,0,0,0,0,100.0,0.0,suspicious
0,0.05,0,0,0,0,0,0,0,0,0,0,0,0,0,0,84.69538859973484,0.0,normal
1,0.08,0,0,0,0,0,0,0,0,0,0,0,0,1,0,83.199910372767,30.0,normal
0,0.3,0,0,0,0,0,0,0,1,1,1,0,0,0,1,76.88649979183855,15.0,malicious
0,0.1,0,0,0,0,0,0,0,0,1,0,0,0,0,0,81.5580146357488,0.0,normal
0,0.85,1,0,0,0,0,0,0,0,0,0,0,0,0,0,71.32081861430437,0.0,malicious
0,0.5,0,1,0,0,0,0,0,1,1,1,0,0,0,0,49.22383582833187,0.0,malicious
0,0.1,0,0,0,0,0,0,0,0,0,0,0,0,0,0,78.39057218878537,0.0,normal
0,0.05,0,0,0,0,0,0,0,0,0,0,0,0,0,0,90.66266286559369,0.0,normal
1,0.08,0,0,0,0,0,0,0,0,0,0,0,0,0,1,95.46306506916879,15.0,normal
0,0.05,0,0,0,0,0,0,0,0,1,0,0,0,0,1,72.55699244504297,15.0,normal
1,0.1,0,0,0,0,0,0,0,0,1,0,0,0,0,0,100.0,0.0,normal
0,0.08,0,0,0,0,0,0,0,0,0,0,0,0,1,0,86.97043962329207,30.0,normal
1,0.05,0,0,0,0,0,0,0,0,0,0,0,0,0,0,77.44638606067207,0.0,normal
0,0.55,0,0,0,0,1,0,0,0,0,0,0,0,1,0,56.039105699241425,30.0,malicious
0,0.05,0,0,0,0,0,0,0,1,0,0,0,0,0,0,87.48264304403816,0.0,normal
1,0.08,0,0,0,0,0,0,0,0,0,0,0,0,0,0,76.72578151713168,0.0,normal
0,0.9,0,0,1,0,0,0,0,0,0,0,0,0,0,0,72.66112969042767,0.0,malicious
1,0.1,0,0,0,0,0,0,0,0,0,0,0,0,0,1,91.26082489912721,15.0,normal
2,1.0,0,0,0,1,0,0,0,0,0,1,0,0,0,0,67.78081583164425,0.0,malicious
1,0.08,0,0,0,0,0,0,0,0,0,0,0,0,0,1,93.18960420796748,15.0,normal
1,0.9,0,0,1,0,0,0,0,1,1,0,0,0,0,0,69.58580233896538,0.0,malicious
0,0.1,0,0,0,0,0,0,0,0,0,0,0,0,0,0,88.05762401549997,0.0,normal
0,0.1,0,0,0,0,0,0,0,1,0,0,0,0,1,0,69.32153369259538,30.0,normal
0,0.08,0,0,0,0,0,0,0,0,0,1,0,1,0,0,65.30176530791016,60.0,suspicious
0,0.1,0,0,0,0,0,0,0,0,0,0,0,0,0,1,84.29085959095987,15.0,normal
0,0.1,0,0,0,0,0,0,0,0,0,0,0,0,0,0,89.99401911559075,0.0,normal
1,0.35,0,0,0,0,0,0,0,1,0,0,0,0,0,0,73.5959671764274,0.0,suspicious
3,0.08,0,0,0,0,0,0,0,0,0,0,0,0,0,0,89.56448602902287,0.0,suspicious
2,0.05,0,0,0,0,0,0,0,0,0,0,0,0,0,0,100.0,0.0,normal
1,0.25,0,0,0,0,0,0,1,0,0,0,0,0,0,0,90.97881797794741,0.0,normal
0,0.08,0,0,0,0,0,0,0,0,0,0,0,0,0,0,79.93815793984704,0.0,normal
0,0.05,0,0,0,0,0,0,0,0,0,0,0,0,0,0,79.6557737226964,0.0,normal
1,0.05,0,0,0,0,0,0,0,0,0,0,0,0,0,0,75.14678557218029,0.0,normal
0,0.08,0,0,0,0,0,0,0,0,0,0,0,0,0,0,84.182592922029,0.0,normal
1,0.55,0,0,0,0,1,0,0,0,0,0,0,0,0,1,72.6013226194039,15.0,malicious
0,0.45,0,0,0,0,0,1,0,0,0,1,0,0,0,0,69.47673877705154,0.0,malicious
0,0.85,1,0,0,0,0,0,0,0,0,1,1,0,0,0,64.55049643190793,70.0,malicious
1,0.9,0,0,1,0,0,0,0,1,0,1,0,0,0,0,56.22343374244742,0.0,malicious
0,0.08,0,0,0,0,0,0,0,0,0,0,0,0,0,0,75.46981019661673,0.0,normal
0,0.1,0,0,0,0,0,0,0,1,1,0,0,0,0,0,75.4184338798122,0.0,normal
1,0.35,0,0,0,0,0,0,0,1,1,1,0,0,0,0,56.46068074050406,0.0,malicious
1,0.05,0,0,0,0,0,0,0,0,0,0,0,0,0,0,99.56228309553374,0.0,normal
0,0.08,0,0,0,0,0,0,0,0,0,0,0,1,0,0,92.31343947978809,60.0,normal
1,0.1,0,0,0,0,0,0,0,0,0,0,0,0,1,0,73.04542845854726,30.0,suspicious
0,0.08,0,0,0,0,0,0,0,0,0,0,0,0,0,0,88.35451859848182,0.0,normal
2,0.35,0,0,0,0,0,0,0,0,1,0,0,0,0,1,64.01650360926507,15.0,malicious
0,0.08,0,0,0,0,0,0,0,0,0,0,0,0,0,0,80.02865685050479,0.0,normal
0,0.05,0,0,0,0,0,0,0,1,0,0,0,0,0,1,70.06036477976559,15.0,normal
0,0.1,0,0,0,0,0,0,0,0,0,0,0,0,0,0,85.36255195759989,0.0,normal
0,0.1,0,0,0,0,0,0,0,0,0,0,0,0,0,0,72.02096088136778,0.0,normal
1,0.55,0,0,0,0,1,0,0,0,0,1,0,0,0,0,59.061361829697816,0.0,malicious
1,0.08,0,0,0,0,0,0,0,0,0,0,0,0,0,0,86.37977011361777,0.0,normal
1,0.05,0,0,0,0,0,0,0,0,0,0,0,0,0,1,88.31299487264795,15.0,normal
0,0.08,0,0,0,0,0,0,0,0,0,1,0,0,0,0,95.08004372530463,0.0,normal
0,0.08,0,0,0,0,0,0,0,0,0,0,0,0,0,0,90.48294413980994,0.0,normal
0,0.05,0,0,0,0,0,0,0,1,0,0,0,1,0,0,94.38459737995281,60.0,normal
0,0.1,0,0,0,0,0,0,0,0,1,1,0,0,0,1,85.24815475055344,15.0,suspicious
0,0.08,0,0,0,0,0,0,0,1,0,0,0,1,0,0,96.20745128149318,60.0,normal
0,0.08,0,0,0,0,0,0,0,0,0,0,0,1,1,1,92.02357541934464,100.0,malicious
0,0.05,0,0,0,0,0,0,0,0,0,0,0,0,0,0,71.47956512322558,0.0,normal
0,0.08,0,0,0,0,0,0,0,0,0,0,0,0,1,0,72.22366210194195,30.0,suspicious
0,0.05,0,0,0,0,0,0,0,0,0,0,0,0,0,0,94.13660814400393,0.0,normal
1,0.1,0,0,0,0,0,0,0,1,1,0,0,0,0,0,84.95042352465295,0.0,suspicious
0,0.1,0,0,0,0,0,0,0,0,0,0,0,0,0,0,58.972786523532065,0.0,normal
0,0.05,0,0,0,0,0,0,0,1,0,0,0,0,1,1,100.0,45.0,normal
1,0.45,0,0,0,0,0,1,0,0,1,0,0,0,0,0,90.58063660675904,0.0,malicious
1,0.25,0,0,0,0,0,0,1,1,0,0,0,0,0,0,98.73500278475515,0.0,normal
1,0.1,0,0,0,0,0,0,0,0,1,0,0,0,0,0,87.8185079450117,0.0,normal
4,0.35,0,0,0,0,0,0,0,0,0,0,0,0,0,0,95.29982082676851,0.0,malicious
1,0.08,0,0,0,0,0,0,0,0,0,1,0,0,0,0,82.45478180656545,0.0,suspicious
1,0.08,0,0,0,0,0,0,0,0,0,1,0,0,0,0,81.25018130593706,0.0,suspicious
0,0.08,0,0,0,0,0,0,0,0,0,0,0,0,0,1,100.0,15.0,normal
0,0.05,0,0,0,0,0,0,0,0,0,0,0,0,0,0,63.85313242322583,0.0,normal
0,0.05,0,0,0,0,0,0,0,0,0,0,0,0,0,0,100.0,0.0,normal
0,0.08,0,0,0,0,0,0,0,0,0,0,1,0,0,0,97.9627306929576,70.0,normal
1,0.5,0,1,0,0,0,0,0,1,0,1,0,0,0,0,57.929906354273065,0.0,malicious
0,0.1,0,0,0,0,0,0,0,1,0,0,0,0,1,0,100.0,30.0,normal
3,0.05,0,0,0,0,0,0,0,0,0,0,0,0,0,0,100.0,0.0,suspicious
1,0.08,0,0,0,0,0,0,0,0,0,1,0,0,0,1,77.02068556466327,15.0,normal
1,0.05,0,0,0,0,0,0,0,0,0,0,0,0,0,0,70.6657675959451,0.0,normal
0,0.08,0,0,0,0,0,0,0,0,0,0,0,0,0,1,99.10834709592211,15.0,normal
2,0.35,0,0,0,0,0,0,0,0,1,0,0,0,0,0,80.7920629797716,0.0,malicious
1,0.08,0,0,0,0,0,0,0,0,0,0,0,0,0,0,69.7231158555909,0.0,normal
0,0.08,0,0,0,0,0,0,0,0,0,0,0,0,1,0,95.05370135441667,30.0,normal
0,0.05,0,0,0,0,0,0,0,0,0,0,0,0,0,1,79.36737661299198,15.0,normal
0,0.08,0,0,0,0,0,0,0,0,0,0,0,0,0,0,82.42977221894934,0.0,normal
0,0.08,0,0,0,0,0,0,0,0,0,0,0,0,1,0,79.13890554254846,30.0,normal
0,0.9,0,0,1,0,0,0,0,1,0,0,0,0,0,0,75.99298867180927,0.0,malicious
1,0.05,0,0,0,0,0,0,0,0,0,0,0,0,0,0,83.80118974430317,0.0,normal
0,0.1,0,0,0,0,0,0,0,0,0,1,0,0,0,1,80.61693713934906,15.0,normal
1,0.05,0,0,0,0,0,0,0,0,1,0,0,0,0,1,93.79928790278146,15.0,normal
1,0.9,0,0,1,0,0,0,0,1,0,0,0,0,0,0,54.126810567259184,0.0,malicious
0,0.45,0,0,0,0,0,1,0,0,0,1,0,0,0,0,94.6319483591569,0.0,normal
1,0.85,1,0,0,0,0,0,0,0,0,1,0,0,0,0,54.35510327078188,0.0,malicious
0,0.1,0,0,0,0,0,0,0,0,1,0,0,0,0,0,91.34490794040855,0.0,normal
0,0.05,0,0,0,0,0,0,0,0,0,0,0,0,0,0,76.86885098404915,0.0,normal
0,1.0,0,0,0,1,0,0,0,0,1,0,0,0,0,1,67.66518153862692,15.0,malicious
2,0.35,0,0,0,0,0,0,0,0,1,0,0,0,0,1,63.375776487389714,15.0,suspicious
1,0.1,0,0,0,0,0,0,0,0,0,0,0,0,0,1,96.16120802684982,15.0,normal
0,0.35,0,0,0,0,0,0,0,1,1,1,0,0,0,0,48.726201929509806,0.0,malicious
1,0.08,0,0,0,0,0,0,0,1,0,1,0,1,0,0,64.24674756359235,60.0,malicious
0,0.05,0,0,0,0,0,0,0,0,0,1,0,0,1,0,81.86792693637858,30.0,normal
0,0.25,0,0,0,0,0,0,1,0,1,1,0,0,0,0,89.46528855061017,0.0,normal
1,0.3,0,0,0,0,0,0,0,1,1,1,0,0,0,0,71.30169636707934,0.0,malicious
0,0.9,0,0,1,0,0,0,0,1,0,0,0,0,0,0,72.6128482283752,0.0,malicious
0,0.55,0,0,0,0,1,0,0,1,1,1,0,0,0,1,53.095073947043886,15.0,malicious
0,0.05,0,0,0,0,0,0,0,1,0,0,0,0,0,0,74.48948656812757,0.0,normal
1,0.08,0,0,0,0,0,0,0,0,0,0,0,0,0,0,70.32860846699592,0.0,normal
0,0.1,0,0,0,0,0,0,0,0,0,0,0,0,0,0,75.5808296845657,0.0,normal
0,0.3,0,0,0,0,0,0,0,1,0,0,0,0,0,0,78.19643072550483,0.0,normal
0,0.05,0,0,0,0,0,0,0,0,0,0,0,0,0,1,74.68374313736689,15.0,normal
1,0.55,0,0,0,0,1,0,0,0,0,0,0,0,0,0,61.52273350727877,0.0,malicious
0,0.1,0,0,0,0,0,0,0,0,1,0,0,0,0,0,90.91698632072078,0.0,normal
1,0.3,0,0,0,0,0,0,0,0,1,1,0,0,1,0,86.18492551527916,30.0,malicious
1,0.3,0,0,0,0,0,0,0,0,0,1,0,0,0,0,83.65739910525448,0.0,normal
0,0.05,0,0,0,0,0,0,0,0,0,0,0,0,0,0,90.83979969217906,0.0,normal
1,0.05,0,0,0,0,0,0,0,0,0,0,0,0,0,0,98.93647067819704,0.0,normal
0,0.85,1,0,0,0,0,0,0,0,1,0,0,0,0,1,76.35551198300135,15.0,malicious
1,0.08,0,0,0,0,0,0,0,0,0,0,0,0,0,1,100.0,15.0,normal
0,0.08,0,0,0,0,0,0,0,0,0,0,0,0,0,0,100.0,0.0,normal
0,0.85,1,0,0,0,0,0,0,0,0,1,0,0,0,0,47.76762527025677,0.0,malicious
1,0.05,0,0,0,0,0,0,0,0,0,0,0,0,0,0,67.39778635122546,0.0,normal
0,0.1,0,0,0,0,0,0,0,1,1,0,0,0,0,0,92.41612424195796,0.0,normal
0,0.3,0,0,0,0,0,0,0,0,0,1,0,0,0,0,91.217407768621,0.0,normal
0,0.08,0,0,0,0,0,0,0,0,0,0,0,0,0,0,95.79415357348755,0.0,normal
0,0.08,0,0,0,0,0,0,0,0,0,0,0,0,0,0,100.0,0.0,normal
0,0.3,0,0,0,0,0,0,0,0,0,0,0,0,0,0,80.21274824355328,0.0,normal
0,0.05,0,0,0,0,0,0,0,0,0,0,0,0,0,0,87.06494179168232,0.0,normal
0,0.08,0,0,0,0,0,0,0,0,0,0,0,0,0,1,80.09642555221754,15.0,normal
0,0.3,0,0,0,0,0,0,0,0,1,1,0,0,0,0,86.15367471310928,0.0,suspicious
0,0.08,0,0,0,0,0,0,0,0,0,0,0,0,0,0,91.45535758495402,0.0,normal
0,0.08,0,0,0,0,0,0,0,0,0,0,0,0,0,0,100.0,0.0,normal
0,0.05,0,0,0,0,0,0,0,0,0,0,0,1,0,0,77.09807492006429,60.0,normal
0,0.5,0,1,0,0,0,0,0,0,0,1,0,0,0,0,85.8107374848504,0.0,suspicious
0,0.05,0,0,0,0,0,0,0,0,0,0,0,1,0,0,76.91618849400817,60.0,normal
0,0.25,0,0,0,0,0,0,1,1,1,1,0,0,1,1,88.02610951199182,45.0,malicious
1,0.08,0,0,0,0,0,0,0,0,0,0,0,0,0,0,89.3889022632614,0.0,normal
0,0.08,0,0,0,0,0,0,0,0,0,0,1,0,0,0,78.81929672235967,70.0,suspicious
0,0.25,0,0,0,0,0,0,1,0,0,0,0,0,0,0,64.11043441143495,0.0,normal
1,0.55,0,0,0,0,1,0,0,0,0,0,0,0,0,0,52.17720462705339,0.0,malicious
0,0.08,0,0,0,0,0,0,0,0,0,0,0,0,0,0,88.90184327697278,0.0,normal
0,0.05,0,0,0,0,0,0,0,0,0,0,0,0,0,0,100.0,0.0,normal
3,0.35,0,0,0,0,0,0,0,1,0,1,0,1,0,0,89.18181419602567,60.0,malicious
0,0.08,0,0,0,0,0,0,0,0,0,0,0,0,0,0,91.9546001186766,0.0,normal
3,0.1,0,0,0,0,0,0,0,0,0,0,0,0,0,0,86.90020117590572,0.0,malicious
0,0.1,0,0,0,0,0,0,0,0,0,0,0,0,0,0,72.2433924828543,0.0,normal
0,0.05,0,0,0,0,0,0,0,0,0,0,0,0,0,1,81.82137928858525,15.0,normal
3,0.35,0,0,0,0,0,0,0,0,0,0,0,0,0,0,50.478876622626416,0.0,malicious
0,0.1,0,0,0,0,0,0,0,0,1,0,0,0,0,0,87.85467821942919,0.0,normal
0,0.08,0,0,0,0,0,0,0,0,0,1,0,0,0,0,99.49834316118682,0.0,normal
1,0.55,0,0,0,0,1,0,0,0,1,0,0,0,0,0,51.51459780300669,0.0,malicious
0,0.08,0,0,0,0,0,0,0,0,0,0,0,0,0,0,100.0,0.0,normal
0,0.05,0,0,0,0,0,0,0,0,0,0,0,0,0,0,76.1310222989061,0.0,normal
2,0.05,0,0,0,0,0,0,0,0,1,0,0,0,0,0,77.64302555719186,0.0,malicious
1,0.08,0,0,0,0,0,0,0,1,0,0,0,0,0,0,92.75468362992504,0.0,normal
0,0.1,0,0,0,0,0,0,0,0,1,0,0,0,0,1,81.24801067845233,15.0,suspicious
0,0.1,0,0,0,0,0,0,0,0,1,0,0,0,0,0,88.55978286568504,0.0,normal
0,0.1,0,0,0,0,0,0,0,0,0,0,0,0,0,0,100.0,0.0,normal
0,0.08,0,0,0,0,0,0,0,0,0,0,0,0,0,0,87.27410268576011,0.0,suspicious
0,0.05,0,0,0,0,0,0,0,0,1,0,0,0,0,0,74.47147688775618,0.0,normal
1,0.1,0,0,0,0,0,0,0,0,0,0,0,0,0,0,77.99284754032874,0.0,normal
0,0.1,0,0,0,0,0,0,0,0,1,0,0,0,0,0,71.36094664151835,0.0,suspicious
1,0.05,0,0,0,0,0,0,0,0,0,0,1,0,0,1,77.45156699673765,85.0,malicious
0,0.5,0,1,0,0,0,0,0,1,1,0,0,0,0,1,53.46907480794217,15.0,malicious
3,0.05,0,0,0,0,0,0,0,0,0,0,0,0,0,0,88.67916396385925,0.0,malicious
1,0.9,0,0,1,0,0,0,0,0,1,0,0,0,1,0,70.07887961735857,30.0,malicious
0,0.1,0,0,0,0,0,0,0,1,0,0,0,0,0,0,71.31796122409762,0.0,normal
0,0.1,0,0,0,0,0,0,0,0,0,0,0,0,0,0,81.50048732579994,0.0,normal
1,0.08,0,0,0,0,0,0,0,1,0,0,0,0,0,1,67.87046857720253,15.0,malicious
0,0.08,0,0,0,0,0,0,0,0,0,0,0,0,0,1,90.9650750768898,15.0,normal
1,0.08,0,0,0,0,0,0,0,0,1,0,0,1,0,0,99.16289094269152,60.0,suspicious
1,0.1,0,0,0,0,0,0,0,1,1,0,0,0,0,0,85.26307371418636,0.0,normal
0,0.05,0,0,0,0,0,0,0,0,1,0,0,0,0,0,78.05063823123714,0.0,normal
2,0.35,0,0,0,0,0,0,0,1,0,0,0,0,0,0,69.66303758851427,0.0,malicious
0,0.1,0,0,0,0,0,0,0,0,0,0,0,0,0,0,100.0,0.0,normal
5,0.35,0,0,0,0,0,0,0,0,0,0,0,0,0,0,39.87740032088083,0.0,malicious
1,0.55,0,0,0,0,1,0,0,1,0,0,0,0,0,0,49.37417531916649,0.0,malicious
1,0.05,0,0,0,0,0,0,0,0,0,0,0,0,0,0,81.17992277671999,0.0,normal
0,0.5,0,1,0,0,0,0,0,1,1,1,0,0,0,0,58.87684416101974,0.0,malicious
1,0.05,0,0,0,0,0,0,0,0,1,0,0,0,0,0,93.53804464940558,0.0,normal
0,0.05,0,0,0,0,0,0,0,0,0,0,0,1,0,0,94.94498001861307,60.0,normal
1,0.1,0,0,0,0,0,0,0,0,0,0,0,0,0,0,56.44847758279978,0.0,suspicious
1,0.05,0,0,0,0,0,0,0,0,0,0,0,0,0,0,96.31055617349712,0.0,normal
0,0.08,0,0,0,0,0,0,0,0,0,1,0,0,0,1,70.61284728125626,15.0,suspicious
1,0.05,0,0,0,0,0,0,0,0,0,0,0,1,0,0,83.81281221463506,60.0,normal
2,0.35,0,0,0,0,0,0,0,0,0,1,0,0,0,0,52.92988814306202,0.0,malicious
2,0.1,0,0,0,0,0,0,0,0,0,0,0,0,0,0,69.58545211703773,0.0,malicious
1,0.05,0,0,0,0,0,0,0,0,0,1,1,0,0,0,76.7800248936796,70.0,malicious
0,0.25,0,0,0,0,0,0,1,0,1,0,0,0,0,1,90.54475636057894,15.0,normal
1,0.08,0,0,0,0,0,0,0,0,0,0,0,1,0,0,83.29327901220479,60.0,suspicious
1,0.55,0,0,0,0,1,0,0,0,1,0,0,0,0,0,75.20621934076773,0.0,malicious
0,1.0,0,0,0,1,0,0,0,0,0,0,0,0,0,0,58.52383663762383,0.0,malicious
0,0.05,0,0,0,0,0,0,0,0,0,0,0,0,0,0,92.8892971609894,0.0,normal
2,0.1,0,0,0,0,0,0,0,1,0,1,0,0,0,0,68.14432007621188,0.0,malicious
1,0.5,0,1,0,0,0,0,0,0,1,1,0,0,0,0,58.641660927681684,0.0,malicious
0,0.1,0,0,0,0,0,0,0,0,0,0,0,0,0,0,80.24605066946592,0.0,normal
0,0.1,0,0,0,0,0,0,0,0,0,0,0,0,0,1,88.14341787465567,15.0,normal
0,0.55,0,0,0,0,1,0,0,0,0,0,1,0,0,0,53.30316274825891,70.0,malicious
0,0.3,0,0,0,0,0,0,0,0,1,1,1,0,0,1,100.0,85.0,malicious
2,0.08,0,0,0,0,0,0,0,0,0,0,0,0,0,0,89.63089330433094,0.0,suspicious
2,0.08,0,0,0,0,0,0,0,0,0,1,0,0,0,0,55.420165234452554,0.0,malicious
1,0.1,0,0,0,0,0,0,0,0,0,0,1,0,0,0,81.81137167085814,70.0,malicious
1,0.45,0,0,0,0,0,1,0,0,0,1,0,0,0,0,78.41576755417728,0.0,malicious
0,0.9,0,0,1,0,0,0,0,0,0,1,0,0,0,1,79.7381419904497,15.0,malicious
0,0.25,0,0,0,0,0,0,1,0,0,0,0,0,0,0,68.97334743624269,0.0,normal
0,0.05,0,0,0,0,0,0,0,0,0,1,0,0,0,1,93.65079232782224,15.0,normal
0,0.08,0,0,0,0,0,0,0,0,0,0,0,0,0,0,72.73523697449883,0.0,normal
1,0.1,0,0,0,0,0,0,0,0,1,0,0,0,0,0,92.62715648697262,0.0,normal
4,0.35,0,0,0,0,0,0,0,0,1,1,0,0,0,0,74.41350376872559,0.0,malicious
1,0.55,0,0,0,0,1,0,0,1,0,1,0,0,0,0,57.58960517724144,0.0,malicious
1,0.05,0,0,0,0,0,0,0,0,0,0,0,0,0,0,87.26663485161008,0.0,normal
0,0.08,0,0,0,0,0,0,0,0,0,0,0,0,0,0,67.33509785051356,0.0,normal
0,0.05,0,0,0,0,0,0,0,0,1,1,0,0,0,0,69.46977834178325,0.0,normal
0,0.08,0,0,0,0,0,0,0,0,0,0,0,0,0,0,69.49875783779898,0.0,normal
1,0.55,0,0,0,0,1,0,0,0,0,0,0,0,0,0,67.8474528933227,0.0,suspicious
3,0.35,0,0,0,0,0,0,0,1,0,0,0,0,0,0,81.50925702282885,0.0,malicious
2,0.1,0,0,0,0,0,0,0,0,0,0,0,0,0,0,77.9604574750502,0.0,suspicious
0,0.1,0,0,0,0,0,0,0,0,0,0,0,0,0,0,77.112806692162,0.0,suspicious
0,0.1,0,0,0,0,0,0,0,0,1,0,0,0,0,1,82.01011784475769,15.0,normal
0,0.05,0,0,0,0,0,0,0,0,0,0,0,0,0,0,94.85550515522262,0.0,normal
0,0.05,0,0,0,0,0,0,0,0,0,0,0,0,0,0,73.99660017886016,0.0,normal
0,0.1,0,0,0,0,0,0,0,0,0,0,0,0,0,0,91.42576327740062,0.0,normal
3,0.05,0,0,0,0,0,0,0,0,0,0,0,1,0,1,88.3445389552974,75.0,malicious
1,0.05,0,0,0,0,0,0,0,0,0,0,0,1,1,0,87.62046586195068,90.0,suspicious
2,0.1,0,0,0,0,0,0,0,0,0,0,0,0,0,0,87.00251380749962,0.0,normal
0,0.05,0,0,0,0,0,0,0,0,0,1,0,0,0,0,82.3197753941744,0.0,normal
0,0.1,0,0,0,0,0,0,0,0,1,0,0,0,0,0,91.57764657664289,0.0,normal
2,0.05,0,0,0,0,0,0,0,1,0,0,0,0,0,1,96.05414948457639,15.0,suspicious
1,0.5,0,1,0,0,0,0,0,1,0,1,0,0,0,0,75.02667565968515,0.0,malicious
0,0.08,0,0,0,0,0,0,0,0,0,0,0,0,0,1,79.5490329660541,15.0,normal
0,0.25,0,0,0,0,0,0,1,0,1,1,0,0,0,0,82.14134139578961,0.0,suspicious
0,0.08,0,0,0,0,0,0,0,0,0,0,0,0,0,0,67.27010620753099,0.0,normal
1,0.1,0,0,0,0,0,0,0,0,1,0,0,1,0,0,100.0,60.0,suspicious
1,0.55,0,0,0,0,1,0,0,1,0,0,0,0,0,0,90.63103780267207,0.0,suspicious
1,0.85,1,0,0,0,0,0,0,0,0,1,0,0,0,0,78.16102261814629,0.0,malicious
1,0.1,0,0,0,0,0,0,0,0,0,0,0,0,1,0,75.51640949584593,30.0,suspicious
0,0.05,0,0,0,0,0,0,0,0,0,0,0,0,0,0,78.49542448972137,0.0,normal
2,1.0,0,0,0,1,0,0,0,0,1,0,0,0,0,0,58.101044249146895,0.0,malicious
0,0.1,0,0,0,0,0,0,0,0,0,1,0,0,0,0,77.46188618442847,0.0,normal
3,0.1,0,0,0,0,0,0,0,1,0,0,0,0,0,0,100.0,0.0,suspicious
1,0.9,0,0,1,0,0,0,0,0,1,1,0,1,0,0,81.24475401378243,60.0,malicious
0,0.1,0,0,0,0,0,0,0,0,1,0,0,0,0,1,86.12741033179991,15.0,normal
0,0.1,0,0,0,0,0,0,0,0,0,0,0,0,0,0,84.4708628072614,0.0,normal
1,0.35,0,0,0,0,0,0,0,0,0,1,0,0,0,0,88.69915476785269,0.0,suspicious
1,0.05,0,0,0,0,0,0,0,0,0,0,0,0,0,0,84.22508865246049,0.0,normal
0,0.05,0,0,0,0,0,0,0,0,0,0,0,0,0,0,74.45598396301803,0.0,normal
0,0.05,0,0,0,0,0,0,0,1,0,0,0,0,0,1,92.69592651877532,15.0,normal
2,0.35,0,0,0,0,0,0,0,0,1,1,0,0,1,0,73.17172743727305,30.0,malicious
0,0.08,0,0,0,0,0,0,0,1,0,0,0,0,0,0,71.50121105762346,0.0,normal
0,0.05,0,0,0,0,0,0,0,0,0,0,0,0,0,0,76.17811721115318,0.0,normal
0,0.08,0,0,0,0,0,0,0,0,0,0,0,0,0,0,82.01767063135446,0.0,normal
1,0.3,0,0,0,0,0,0,0,0,0,1,0,0,0,0,71.17632173262993,0.0,malicious
0,0.08,0,0,0,0,0,0,0,1,0,0,0,0,0,1,81.25214533052235,15.0,normal
0,1.0,0,0,0,1,0,0,0,0,1,0,0,0,0,1,74.37825018271539,15.0,malicious
0,0.05,0,0,0,0,0,0,0,0,0,0,0,0,0,0,73.18780162908149,0.0,normal
2,0.85,1,0,0,0,0,0,0,1,1,0,0,0,0,1,64.71836540772398,15.0,malicious
1,0.1,0,0,0,0,0,0,0,1,0,0,0,0,0,1,86.85071793760608,15.0,normal
0,0.05,0,0,0,0,0,0,0,0,0,0,0,0,0,1,97.46939965708592,15.0,normal
0,0.85,1,0,0,0,0,0,0,0,1,0,0,0,0,0,54.83669809396656,0.0,malicious
1,0.3,0,0,0,0,0,0,0,0,0,1,0,0,0,0,100.0,0.0,normal
0,0.08,0,0,0,0,0,0,0,0,0,1,0,0,0,0,83.57609278636046,0.0,normal
2,0.35,0,0,0,0,0,0,0,0,0,0,0,0,0,0,71.6297939410165,0.0,malicious
1,0.05,0,0,0,0,0,0,0,0,1,0,0,0,0,0,75.02361234226221,0.0,normal
0,0.85,1,0,0,0,0,0,0,1,0,0,0,0,0,0,65.93976029937046,0.0,malicious
0,0.1,0,0,0,0,0,0,0,0,0,0,0,0,0,0,51.83541456629074,0.0,malicious
0,0.25,0,0,0,0,0,0,1,0,1,0,0,0,0,1,91.47247421872328,15.0,normal
1,0.05,0,0,0,0,0,0,0,0,0,0,0,0,0,0,73.89283851407393,0.0,normal
0,0.08,0,0,0,0,0,0,0,0,0,0,1,0,0,0,100.0,70.0,normal
1,0.1,0,0,0,0,0,0,0,0,0,0,0,0,0,0,85.01771147246676,0.0,normal
0,0.08,0,0,0,0,0,0,0,0,0,0,0,0,0,0,83.42622947507705,0.0,normal
0,0.1,0,0,0,0,0,0,0,0,1,0,0,0,1,0,75.6333016353172,30.0,suspicious
0,0.05,0,0,0,0,0,0,0,0,1,0,0,0,0,0,75.12946979094394,0.0,normal
1,0.25,0,0,0,0,0,0,1,0,0,0,0,0,0,0,97.40199154361622,0.0,normal
1,0.05,0,0,0,0,0,0,0,0,0,0,0,0,0,0,71.84556666091126,0.0,normal
1,0.85,1,0,0,0,0,0,0,1,1,1,0,1,1,0,49.72555910127802,90.0,malicious
0,0.08,0,0,0,0,0,0,0,0,0,0,0,0,0,0,98.76621540998372,0.0,normal
0,0.05,0,0,0,0,0,0,0,0,0,0,0,0,0,0,84.95514706710479,0.0,normal
0,0.08,0,0,0,0,0,0,0,0,0,1,0,0,0,0,86.15656003143994,0.0,normal
0,0.05,0,0,0,0,0,0,0,0,0,0,0,1,0,0,73.42204685921574,60.0,normal
1,0.1,0,0,0,0,0,0,0,0,1,0,0,0,0,0,98.22766051036407,0.0,normal
0,0.55,0,0,0,0,1,0,0,0,1,0,0,0,0,0,62.74407396711506,0.0,suspicious
1,0.08,0,0,0,0,0,0,0,0,0,0,0,0,0,0,83.08825083254217,0.0,normal
0,0.1,0,0,0,0,0,0,0,1,0,0,0,0,0,0,83.13302508920385,0.0,normal
0,0.1,0,0,0,0,0,0,0,0,0,0,0,0,0,0,94.81061483744689,0.0,normal
0,0.1,0,0,0,0,0,0,0,0,0,0,0,0,0,0,100.0,0.0,normal
0,0.05,0,0,0,0,0,0,0,0,0,0,0,0,0,0,100.0,0.0,normal
0,0.5,0,1,0,0,0,0,0,0,1,1,0,0,0,0,51.64276944431147,0.0,malicious
1,0.05,0,0,0,0,0,0,0,0,0,0,0,0,0,0,83.97673914790215,0.0,normal
0,0.1,0,0,0,0,0,0,0,0,1,0,0,0,0,0,69.97891235132305,0.0,normal
0,0.08,0,0,0,0,0,0,0,0,0,0,0,0,0,1,72.4674624195372,15.0,normal
0,0.05,0,0,0,0,0,0,0,1,1,0,0,0,0,0,88.53830110879947,0.0,normal
0,0.1,0,0,0,0,0,0,0,0,1,1,0,0,0,0,71.81823481075995,0.0,normal
0,0.08,0,0,0,0,0,0,0,0,0,0,0,0,0,0,71.0790927925693,0.0,normal
0,0.1,0,0,0,0,0,0,0,0,1,0,0,0,0,1,100.0,15.0,normal
0,0.25,0,0,0,0,0,0,1,1,1,0,0,0,0,0,82.22173351864052,0.0,suspicious
2,0.05,0,0,0,0,0,0,0,0,0,0,0,0,0,0,82.50855132571424,0.0,suspicious
0,0.05,0,0,0,0,0,0,0,0,0,0,0,0,0,0,86.73799007186129,0.0,normal
0,0.05,0,0,0,0,0,0,0,0,0,0,0,0,0,0,87.58814694363494,0.0,normal
0,0.08,0,0,0,0,0,0,0,0,0,0,0,0,0,0,83.22578206843673,0.0,normal
0,0.1,0,0,0,0,0,0,0,0,0,0,0,0,0,0,91.97988713794028,0.0,normal
5,0.35,0,0,0,0,0,0,0,1,1,0,0,0,0,1,65.73237423763838,15.0,malicious
1,0.08,0,0,0,0,0,0,0,0,0,0,0,0,0,0,86.53912401296915,0.0,normal
0,0.25,0,0,0,0,0,0,1,1,0,1,0,0,0,0,87.47929839206131,0.0,normal
0,0.1,0,0,0,0,0,0,0,0,0,0,0,0,0,0,71.17899703746886,0.0,normal
1,0.1,0,0,0,0,0,0,0,0,1,0,0,0,0,0,100.0,0.0,normal
0,0.45,0,0,0,0,0,1,0,0,0,0,0,0,0,0,89.8298472980101,0.0,normal
0,0.1,0,0,0,0,0,0,0,0,1,0,0,0,0,0,100.0,0.0,normal
0,0.1,0,0,0,0,0,0,0,0,0,0,0,0,0,0,83.49698999206703,0.0,normal
0,0.05,0,0,0,0,0,0,0,1,0,0,0,0,0,1,75.68262990310961,15.0,normal
0,0.08,0,0,0,0,0,0,0,0,0,0,0,0,0,0,90.55759703415059,0.0,normal
0,0.45,0,0,0,0,0,1,0,0,1,0,0,0,0,0,72.37911065902848,0.0,suspicious
0,0.1,0,0,0,0,0,0,0,0,0,0,0,0,0,0,97.6937669793508,0.0,normal
0,0.1,0,0,0,0,0,0,0,1,0,0,0,1,0,0,91.24136365614027,60.0,normal
1,0.45,0,0,0,0,0,1,0,0,0,0,0,0,0,0,86.85324276958403,0.0,normal
0,0.08,0,0,0,0,0,0,0,0,0,0,0,0,0,0,82.80953718698098,0.0,normal
1,0.05,0,0,0,0,0,0,0,0,0,0,0,0,1,0,94.7585036823596,30.0,normal
3,0.35,0,0,0,0,0,0,0,0,0,0,0,0,1,0,62.031493347901474,30.0,malicious
3,0.1,0,0,0,0,0,0,0,0,0,0,0,0,0,1,74.34022867997619,15.0,malicious
2,0.25,0,0,0,0,0,0,1,0,0,1,0,0,0,0,80.00402810304894,0.0,malicious
1,0.05,0,0,0,0,0,0,0,0,0,0,0,0,0,0,88.02679310905854,0.0,normal
1,0.1,0,0,0,0,0,0,0,0,0,0,0,0,0,0,75.5601075614637,0.0,normal
7,0.35,0,0,0,0,0,0,0,1,0,0,0,0,0,0,57.13233836714063,0.0,malicious
0,0.9,0,0,1,0,0,0,0,0,1,0,0,0,0,0,64.0648614142675,0.0,malicious
0,0.05,0,0,0,0,0,0,0,0,0,0,0,0,0,0,78.42689912207284,0.0,normal
0,0.3,0,0,0,0,0,0,0,0,1,0,0,0,0,0,73.03652608359127,0.0,normal
1,0.08,0,0,0,0,0,0,0,0,0,0,0,0,0,0,85.40218788124973,0.0,normal
2,0.1,0,0,0,0,0,0,0,0,0,0,1,0,0,0,64.17926084915072,70.0,malicious
0,0.5,0,1,0,0,0,0,0,0,0,1,0,0,0,0,63.24101952534344,0.0,malicious
1,0.1,0,0,0,0,0,0,0,0,0,0,0,0,0,1,77.74651646619257,15.0,suspicious
0,1.0,0,0,0,1,0,0,0,1,1,1,0,0,0,0,68.83163125870466,0.0,malicious
0,0.05,0,0,0,0,0,0,0,0,1,0,0,0,0,0,77.76718928120087,0.0,normal
0,0.08,0,0,0,0,0,0,0,0,0,0,0,0,0,1,72.97555881064004,15.0,normal
0,1.0,0,0,0,1,0,0,0,0,1,0,0,0,0,0,53.672971696806115,0.0,malicious
0,0.05,0,0,0,0,0,0,0,0,0,1,0,0,0,0,74.99902165064239,0.0,normal
3,0.35,0,0,0,0,0,0,0,0,0,1,0,0,1,0,59.78029015175312,30.0,malicious
0,0.08,0,0,0,0,0,0,0,0,0,0,0,0,0,0,70.92194456932666,0.0,normal
2,0.08,0,0,0,0,0,0,0,1,0,0,0,0,0,0,62.96026680445571,0.0,suspicious
4,0.35,0,0,0,0,0,0,0,1,0,0,0,0,0,1,68.34365561139063,15.0,malicious
1,0.85,1,0,0,0,0,0,0,0,0,1,0,0,0,0,78.97189441048778,0.0,malicious
0,0.08,0,0,0,0,0,0,0,1,0,0,0,0,0,0,84.22780211798658,0.0,normal
0,0.05,0,0,0,0,0,0,0,0,0,0,0,0,0,0,52.382663647090496,0.0,normal
0,0.1,0,0,0,0,0,0,0,0,0,0,0,0,0,0,66.74893769633,0.0,normal
1,0.35,0,0,0,0,0,0,0,1,0,1,0,0,0,0,56.08976852123972,0.0,malicious
0,0.08,0,0,0,0,0,0,0,0,0,0,0,0,0,0,89.39425140379679,0.0,normal
0,0.1,0,0,0,0,0,0,0,0,0,0,0,0,1,0,84.43908428247337,30.0,normal
0,0.3,0,0,0,0,0,0,0,0,0,1,0,0,0,0,79.48216845329456,0.0,normal
1,0.08,0,0,0,0,0,0,0,0,0,0,0,0,0,0,85.69415416640416,0.0,normal
0,1.0,0,0,0,1,0,0,0,1,1,0,0,0,0,0,39.45905027697238,0.0,malicious
0,0.55,0,0,0,0,1,0,0,1,0,0,0,0,0,1,64.34844237051976,15.0,malicious
0,0.08,0,0,0,0,0,0,0,0,0,0,0,0,0,0,100.0,0.0,normal
2,0.3,0,0,0,0,0,0,0,1,0,0,0,0,0,0,88.69958074418787,0.0,malicious
1,0.08,0,0,0,0,0,0,0,0,1,1,0,0,0,0,80.37043624237255,0.0,malicious
0,0.1,0,0,0,0,0,0,0,0,1,0,0,0,0,0,81.10162934270417,0.0,normal
1,0.35,0,0,0,0,0,0,0,1,0,0,0,0,0,0,64.9753627713169,0.0,suspicious
2,0.9,0,0,1,0,0,0,0,0,0,1,1,0,0,0,69.50131603580026,70.0,malicious
0,0.08,0,0,0,0,0,0,0,0,0,0,0,0,0,0,91.07385791498625,0.0,normal
0,0.05,0,0,0,0,0,0,0,0,0,0,0,0,0,0,82.82412032057755,0.0,normal
1,0.05,0,0,0,0,0,0,0,0,1,0,0,0,0,0,90.74764273221403,0.0,suspicious
0,0.05,0,0,0,0,0,0,0,0,0,0,0,0,0,0,86.20384029459579,0.0,normal
3,0.45,0,0,0,0,0,1,0,1,0,0,0,0,0,1,67.25463397355375,15.0,malicious
0,0.1,0,0,0,0,0,0,0,0,1,0,0,0,0,0,78.2660023903932,0.0,normal
1,0.08,0,0,0,0,0,0,0,0,0,0,0,0,0,0,84.63766564202884,0.0,normal
0,0.08,0,0,0,0,0,0,0,1,0,0,0,1,1,0,75.04768935520728,90.0,malicious
0,0.1,0,0,0,0,0,0,0,0,0,0,0,0,0,0,92.71724777596239,0.0,normal
0,0.08,0,0,0,0,0,0,0,0,0,0,0,0,0,0,91.4537610055703,0.0,normal
0,0.85,1,0,0,0,0,0,0,0,0,0,0,0,0,0,64.59486923933221,0.0,malicious
0,0.1,0,0,0,0,0,0,0,0,1,0,0,0,0,0,96.33656373317702,0.0,normal
1,0.5,0,1,0,0,0,0,0,0,0,0,0,0,0,0,61.42482389717907,0.0,malicious
0,0.05,0,0,0,0,0,0,0,0,0,0,0,0,0,0,65.72620718753785,0.0,normal
4,0.35,0,0,0,0,0,0,0,0,1,1,0,0,0,1,81.17240857625407,15.0,malicious
0,0.55,0,0,0,0,1,0,0,0,1,1,0,0,1,0,64.37082763833067,30.0,malicious
0,0.08,0,0,0,0,0,0,0,0,0,0,0,0,0,0,58.87429494831939,0.0,normal
1,0.1,0,0,0,0,0,0,0,0,1,0,0,0,0,0,93.5588144660564,0.0,normal
0,0.1,0,0,0,0,0,0,0,1,1,0,0,0,0,0,74.56514530301706,0.0,normal
2,0.35,0,0,0,0,0,0,0,1,0,1,0,0,0,0,57.86632717999554,0.0,malicious
0,0.1,0,0,0,0,0,0,0,0,0,0,0,0,0,0,83.28552724593037,0.0,normal
1,0.1,0,0,0,0,0,0,0,0,0,0,0,0,0,0,67.28325017620179,0.0,suspicious
0,0.05,0,0,0,0,0,0,0,1,0,0,0,0,0,0,75.18142705230484,0.0,normal
1,0.3,0,0,0,0,0,0,0,1,0,0,0,0,0,0,82.09627103787025,0.0,normal
2,0.1,0,0,0,0,0,0,0,0,0,0,0,0,0,0,83.00605837334534,0.0,suspicious
0,0.08,0,0,0,0,0,0,0,1,0,0,0,0,0,0,80.36826826248638,0.0,normal
1,0.5,0,1,0,0,0,0,0,0,1,1,0,1,0,1,62.85159409532096,75.0,suspicious
0,0.5,0,1,0,0,0,0,0,0,1,0,0,0,0,0,67.12933490949713,0.0,malicious
0,0.25,0,0,0,0,0,0,1,1,0,1,0,0,0,0,100.0,0.0,suspicious
0,0.08,0,0,0,0,0,0,0,0,0,0,1,0,0,0,94.81958759954166,70.0,normal
1,0.9,0,0,1,0,0,0,0,0,1,1,0,0,0,0,67.73416499193692,0.0,malicious
0,0.1,0,0,0,0,0,0,0,0,0,0,0,0,0,0,74.31157688373138,0.0,normal
0,0.08,0,0,0,0,0,0,0,0,0,0,0,0,0,1,63.12036528890834,15.0,normal
0,0.1,0,0,0,0,0,0,0,0,0,0,0,0,0,1,75.42083917307725,15.0,normal
2,0.9,0,0,1,0,0,0,0,1,0,0,0,1,0,0,88.07726759571693,60.0,malicious
0,0.08,0,0,0,0,0,0,0,0,0,0,0,0,0,1,87.48448946533328,15.0,normal
1,0.5,0,1,0,0,0,0,0,0,0,1,0,0,0,0,68.56987993589748,0.0,malicious
1,0.05,0,0,0,0,0,0,0,1,0,0,0,0,0,0,84.06819949367859,0.0,normal
0,0.05,0,0,0,0,0,0,0,0,0,0,0,0,0,0,75.93666141991966,0.0,normal
1,0.08,0,0,0,0,0,0,0,0,0,0,0,0,0,0,82.17582694701832,0.0,normal
0,0.1,0,0,0,0,0,0,0,0,0,0,0,0,0,0,76.64821701780338,0.0,normal
0,0.25,0,0,0,0,0,0,1,1,1,0,0,0,1,0,93.24743589018834,30.0,suspicious
1,0.9,0,0,1,0,0,0,0,0,0,1,0,0,0,0,65.80566053608311,0.0,malicious
0,0.1,0,0,0,0,0,0,0,0,0,0,0,0,0,0,77.67267601479195,0.0,normal
0,0.05,0,0,0,0,0,0,0,0,0,0,0,0,0,0,82.61953499488136,0.0,normal
2,0.35,0,0,0,0,0,0,0,0,0,1,0,0,0,0,92.34014371604064,0.0,malicious
0,0.05,0,0,0,0,0,0,0,1,1,0,0,0,0,0,59.21869583741235,0.0,suspicious
0,0.05,0,0,0,0,0,0,0,0,0,0,0,0,1,0,84.92418897148161,30.0,normal
0,0.25,0,0,0,0,0,0,1,0,0,1,0,0,0,0,100.0,0.0,normal
0,0.05,0,0,0,0,0,0,0,0,0,0,0,0,0,0,88.61357640051469,0.0,normal
0,0.08,0,0,0,0,0,0,0,1,0,0,0,0,0,0,76.35088809495308,0.0,suspicious
0,0.1,0,0,0,0,0,0,0,0,1,0,0,0,0,0,88.60731690081057,0.0,normal
0,0.35,0,0,0,0,0,0,0,0,0,1,0,0,0,0,56.14130154934591,0.0,suspicious
0,0.08,0,0,0,0,0,0,0,0,0,1,0,0,0,0,100.0,0.0,normal
0,0.55,0,0,0,0,1,0,0,1,0,0,0,0,0,1,67.22717790513342,15.0,malicious
0,1.0,0,0,0,1,0,0,0,1,1,0,0,0,0,0,69.4730432572564,0.0,malicious
0,0.3,0,0,0,0,0,0,0,0,0,0,0,1,0,0,100.0,60.0,normal
3,0.05,0,0,0,0,0,0,0,0,0,0,0,0,0,0,77.77516918632504,0.0,malicious
0,0.1,0,0,0,0,0,0,0,0,0,0,0,0,0,0,80.23386596720087,0.0,normal
0,0.08,0,0,0,0,0,0,0,0,0,0,0,0,0,0,74.9093290395053,0.0,normal
3,0.05,0,0,0,0,0,0,0,0,0,0,0,0,0,0,93.84297903008266,0.0,malicious
1,0.55,0,0,0,0,1,0,0,0,1,1,0,0,0,0,86.18400480047053,0.0,malicious
0,0.9,0,0,1,0,0,0,0,0,0,1,0,1,0,0,62.35728659485043,60.0,malicious
1,0.1,0,0,0,0,0,0,0,0,1,0,0,0,0,0,65.02478746125207,0.0,suspicious
0,0.55,0,0,0,0,1,0,0,0,1,0,0,0,0,1,65.28292557920582,15.0,malicious
0,0.05,0,0,0,0,0,0,0,0,0,0,0,1,0,0,82.13389923620085,60.0,normal
0,0.1,0,0,0,0,0,0,0,0,1,0,0,0,0,0,85.65520130124618,0.0,normal
0,0.55,0,0,0,0,1,0,0,0,0,0,0,0,0,1,86.01319848947867,15.0,suspicious
1,0.05,0,0,0,0,0,0,0,0,0,0,0,1,0,0,77.97900128772152,60.0,suspicious
0,0.08,0,0,0,0,0,0,0,0,0,0,0,0,0,0,70.92879228671278,0.0,normal
1,0.1,0,0,0,0,0,0,0,0,1,0,0,0,0,0,79.05915111152858,0.0,suspicious
0,0.1,0,0,0,0,0,0,0,0,0,0,0,0,0,0,89.34802990937881,0.0,normal
2,0.1,0,0,0,0,0,0,0,0,0,1,1,0,0,0,79.26552985840006,70.0,malicious
0,0.08,0,0,0,0,0,0,0,0,0,0,1,0,0,1,84.40573375572932,85.0,normal
0,0.55,0,0,0,0,1,0,0,0,0,0,0,0,0,0,96.01810240039,0.0,normal
0,0.05,0,0,0,0,0,0,0,0,0,0,0,0,0,0,100.0,0.0,normal
0,0.1,0,0,0,0,0,0,0,0,0,0,0,0,0,0,94.82358225758652,0.0,normal
0,0.1,0,0,0,0,0,0,0,0,0,0,0,0,0,0,90.26859111522768,0.0,normal
1,0.08,0,0,0,0,0,0,0,0,0,0,0,0,0,1,100.0,15.0,normal
3,0.08,0,0,0,0,0,0,0,0,0,0,0,0,0,0,98.28898543751629,0.0,suspicious
0,0.45,0,0,0,0,0,1,0,0,1,0,1,0,0,0,83.25431269192134,70.0,malicious
1,0.08,0,0,0,0,0,0,0,0,0,0,0,0,0,0,85.32859891037938,0.0,normal
1,0.08,0,0,0,0,0,0,0,0,0,0,0,0,0,0,97.60214221984606,0.0,normal
3,0.25,0,0,0,0,0,0,1,0,0,0,0,0,0,0,100.0,0.0,malicious
0,0.08,0,0,0,0,0,0,0,0,0,0,0,0,0,1,83.97623521811927,15.0,normal
0,0.1,0,0,0,0,0,0,0,0,1,0,0,0,1,0,86.93912852748413,30.0,suspicious
2,0.05,0,0,0,0,0,0,0,0,0,0,0,0,0,0,80.33636450830105,0.0,normal
1,0.05,0,0,0,0,0,0,0,1,0,0,0,0,1,0,89.61101594725696,30.0,suspicious
1,0.08,0,0,0,0,0,0,0,0,0,0,0,0,0,0,88.44375957630005,0.0,normal
2,0.45,0,0,0,0,0,1,0,1,0,0,0,0,0,0,74.90103733538628,0.0,malicious
1,0.08,0,0,0,0,0,0,0,0,0,0,0,0,0,0,84.02076058747554,0.0,normal
0,0.05,0,0,0,0,0,0,0,0,0,0,0,0,0,0,83.81418039787086,0.0,normal
0,0.1,0,0,0,0,0,0,0,0,1,0,0,1,0,0,96.3124609001601,60.0,normal
1,0.5,0,1,0,0,0,0,0,0,0,0,0,0,0,0,53.72303410163225,0.0,malicious
0,0.05,0,0,0,0,0,0,0,0,0,0,0,0,0,1,56.79463976731966,15.0,normal
1,0.1,0,0,0,0,0,0,0,0,0,0,0,0,0,1,83.88203523930835,15.0,suspicious
2,0.35,0,0,0,0,0,0,0,0,1,1,0,0,0,0,69.16738159224539,0.0,malicious
1,0.05,0,0,0,0,0,0,0,1,0,1,0,0,0,0,79.96474138352758,0.0,suspicious
3,0.35,0,0,0,0,0,0,0,0,0,1,0,1,0,0,60.97904870870424,60.0,malicious
1,0.08,0,0,0,0,0,0,0,0,0,0,0,0,0,0,100.0,0.0,normal
1,0.05,0,0,0,0,0,0,0,0,0,0,0,0,0,0,74.49197510539815,0.0,normal
1,0.1,0,0,0,0,0,0,0,0,1,0,0,0,0,1,87.48350646906226,15.0,suspicious
1,0.25,0,0,0,0,0,0,1,0,1,1,0,0,0,0,57.33079473757416,0.0,malicious
0,0.05,0,0,0,0,0,0,0,0,0,0,0,0,0,0,100.0,0.0,normal
3,0.25,0,0,0,0,0,0,1,0,0,0,0,0,0,0,83.41944430026989,0.0,malicious
1,0.05,0,0,0,0,0,0,0,0,0,0,0,0,0,0,100.0,0.0,normal
1,0.08,0,0,0,0,0,0,0,0,0,0,0,0,1,0,84.89819032167603,30.0,suspicious
0,0.45,0,0,0,0,0,1,0,0,0,0,0,0,0,0,88.73272314769656,0.0,normal
2,0.1,0,0,0,0,0,0,0,0,1,1,0,0,0,1,81.56242564954695,15.0,malicious
0,0.1,0,0,0,0,0,0,0,0,0,0,0,0,0,1,82.60796081020186,15.0,normal
1,0.35,0,0,0,0,0,0,0,0,1,1,0,0,0,0,70.31006603865632,0.0,malicious
1,0.25,0,0,0,0,0,0,1,0,0,0,0,0,0,0,70.65576138904365,0.0,suspicious
1,0.1,0,0,0,0,0,0,0,0,0,0,0,0,0,0,93.5016060814289,0.0,normal
0,0.1,0,0,0,0,0,0,0,1,1,0,0,0,0,0,82.96020219600896,0.0,normal
1,0.08,0,0,0,0,0,0,0,0,0,0,0,0,0,0,75.99679782465068,0.0,normal
1,0.3,0,0,0,0,0,0,0,0,0,1,0,0,0,0,95.91529213091157,0.0,normal
2,0.08,0,0,0,0,0,0,0,0,0,0,0,0,0,0,57.20903460754598,0.0,suspicious
3,0.05,0,0,0,0,0,0,0,0,0,0,0,0,0,0,84.37108830716633,0.0,malicious
0,0.25,0,0,0,0,0,0,1,0,1,0,0,0,0,0,65.53151509529063,0.0,normal
0,0.1,0,0,0,0,0,0,0,1,0,0,0,0,0,1,84.87233026402554,15.0,normal
0,0.05,0,0,0,0,0,0,0,0,0,0,0,0,0,0,58.55554862884097,0.0,normal
2,0.1,0,0,0,0,0,0,0,0,0,0,0,0,0,0,80.90154128872256,0.0,normal
1,0.08,0,0,0,0,0,0,0,0,0,0,1,0,0,0,93.63244798042858,70.0,suspicious
1,0.25,0,0,0,0,0,0,1,1,1,1,0,0,0,0,85.22192013906897,0.0,malicious
0,0.08,0,0,0,0,0,0,0,0,0,0,1,0,1,0,83.46058362482302,100.0,suspicious
0,0.25,0,0,0,0,0,0,1,0,0,0,0,0,0,0,80.75663780077102,0.0,normal
0,0.9,0,0,1,0,0,0,0,0,1,0,0,0,0,0,71.98124612618099,0.0,suspicious
0,0.25,0,0,0,0,0,0,1,0,0,1,0,0,0,0,87.97433987679871,0.0,normal
1,0.1,0,0,0,0,0,0,0,0,0,0,0,0,0,0,72.85764941656704,0.0,normal
2,0.05,0,0,0,0,0,0,0,0,0,0,0,0,0,0,86.5692473823772,0.0,suspicious
0,0.05,0,0,0,0,0,0,0,1,0,0,0,0,0,0,69.10768136545984,0.0,normal
0,0.55,0,0,0,0,1,0,0,0,1,0,0,0,0,0,67.53057062373223,0.0,malicious
0,0.45,0,0,0,0,0,1,0,1,0,0,0,0,0,0,78.79314335247047,0.0,normal
0,0.08,0,0,0,0,0,0,0,1,0,1,0,0,0,0,85.73987783485484,0.0,normal
3,0.35,0,0,0,0,0,0,0,0,0,0,0,0,0,0,61.824915497245144,0.0,malicious
0,0.05,0,0,0,0,0,0,0,0,0,0,0,0,0,0,100.0,0.0,normal
0,0.3,0,0,0,0,0,0,0,0,0,0,0,0,0,0,80.83014911536323,0.0,normal
1,0.1,0,0,0,0,0,0,0,0,0,0,0,0,0,0,87.18236582846464,0.0,normal
0,0.85,1,0,0,0,0,0,0,0,0,0,0,0,0,0,65.90659966005595,0.0,suspicious
0,0.55,0,0,0,0,1,0,0,0,0,0,0,0,0,0,71.50311881276754,0.0,normal
0,0.1,0,0,0,0,0,0,0,0,0,0,0,0,0,0,90.99761648633861,0.0,normal
0,0.1,0,0,0,0,0,0,0,0,0,0,0,0,0,0,88.58999568100604,0.0,normal
0,0.08,0,0,0,0,0,0,0,0,0,0,0,0,0,0,100.0,0.0,normal
0,0.08,0,0,0,0,0,0,0,1,0,0,0,0,0,0,87.68813926066447,0.0,normal
0,0.1,0,0,0,0,0,0,0,0,1,0,0,0,1,0,77.67995901539418,30.0,normal
0,0.25,0,0,0,0,0,0,1,0,0,0,0,0,1,0,79.57609740720994,30.0,normal
1,0.08,0,0,0,0,0,0,0,0,0,0,0,0,0,0,92.75443595887828,0.0,normal
1,0.25,0,0,0,0,0,0,1,0,0,0,0,0,0,0,74.24988735895468,0.0,normal
1,0.05,0,0,0,0,0,0,0,0,0,0,0,0,0,0,77.22578837611582,0.0,normal
1,0.55,0,0,0,0,1,0,0,1,0,0,0,0,0,0,73.24541971442294,0.0,malicious
0,0.05,0,0,0,0,0,0,0,0,1,0,0,0,0,1,77.41504719866302,15.0,normal
1,0.08,0,0,0,0,0,0,0,0,0,1,0,0,0,0,70.08728996020888,0.0,normal
1,0.25,0,0,0,0,0,0,1,0,0,0,0,0,0,1,83.71412032613367,15.0,normal
0,0.1,0,0,0,0,0,0,0,0,0,1,0,1,0,0,73.51658426416941,60.0,malicious
0,0.1,0,0,0,0,0,0,0,0,1,1,0,0,0,1,92.96758694217019,15.0,suspicious
0,0.05,0,0,0,0,0,0,0,1,0,0,0,1,0,1,84.00533633004326,75.0,malicious
0,0.45,0,0,0,0,0,1,0,0,0,0,0,0,0,0,100.0,0.0,normal
1,0.1,0,0,0,0,0,0,0,1,0,0,0,0,0,0,84.1346949571438,0.0,normal
0,0.1,0,0,0,0,0,0,0,0,0,0,0,0,0,0,78.7660514977984,0.0,normal
0,0.1,0,0,0,0,0,0,0,0,0,0,0,0,1,0,91.45279631008317,30.0,normal
1,0.05,0,0,0,0,0,0,0,0,0,0,0,1,0,0,84.82372595821084,60.0,normal
0,0.08,0,0,0,0,0,0,0,0,0,0,0,0,1,0,75.72314116323915,30.0,normal
1,0.08,0,0,0,0,0,0,0,0,0,0,0,0,1,0,90.81186430826489,30.0,normal
0,0.08,0,0,0,0,0,0,0,0,0,0,0,0,0,0,86.26717698756255,0.0,normal
1,0.25,0,0,0,0,0,0,1,1,0,1,0,0,1,1,70.48814836231585,45.0,malicious
0,0.55,0,0,0,0,1,0,0,1,1,0,0,0,0,0,66.65069016970446,0.0,malicious
0,0.25,0,0,0,0,0,0,1,0,0,1,0,0,0,0,76.61651295256668,0.0,normal
1,0.1,0,0,0,0,0,0,0,0,0,0,0,0,0,1,88.40084295416959,15.0,normal
0,0.05,0,0,0,0,0,0,0,0,0,1,0,0,0,0,91.72389109032576,0.0,normal
1,0.08,0,0,0,0,0,0,0,0,0,0,0,0,0,0,76.41637974494698,0.0,normal
1,0.1,0,0,0,0,0,0,0,0,1,0,0,0,0,0,100.0,0.0,normal
0,0.08,0,0,0,0,0,0,0,0,0,0,0,0,0,0,84.64090186738923,0.0,normal
1,0.1,0,0,0,0,0,0,0,1,0,0,0,0,0,0,100.0,0.0,normal
1,0.1,0,0,0,0,0,0,0,1,0,0,0,1,0,0,100.0,60.0,suspicious
1,0.08,0,0,0,0,0,0,0,0,1,0,0,0,0,0,73.67947743320917,0.0,suspicious
0,0.08,0,0,0,0,0,0,0,0,0,0,0,0,0,1,100.0,15.0,normal
1,0.05,0,0,0,0,0,0,0,0,0,0,1,0,0,0,68.20261792416889,70.0,malicious
5,0.35,0,0,0,0,0,0,0,0,0,0,0,0,0,0,63.8417749582265,0.0,malicious
0,0.05,0,0,0,0,0,0,0,0,0,0,0,0,0,0,80.62770401772981,0.0,normal
0,0.1,0,0,0,0,0,0,0,0,0,0,0,0,0,0,75.69097074931233,0.0,normal
0,0.85,1,0,0,0,0,0,0,1,1,1,0,0,0,1,74.98820767373016,15.0,malicious
0,0.3,0,0,0,0,0,0,0,0,1,1,0,0,0,0,72.69435854856674,0.0,suspicious
0,0.08,0,0,0,0,0,0,0,0,0,0,0,0,1,1,70.49396354142716,45.0,normal
1,0.08,0,0,0,0,0,0,0,0,0,0,0,0,0,0,100.0,0.0,normal
0,0.1,0,0,0,0,0,0,0,0,0,0,0,0,0,0,90.67404606787701,0.0,normal
0,0.08,0,0,0,0,0,0,0,0,0,0,0,0,0,0,86.26687070799657,0.0,normal
1,0.1,0,0,0,0,0,0,0,0,0,1,0,0,0,0,85.96055525033746,0.0,normal
0,0.08,0,0,0,0,0,0,0,0,0,0,0,0,0,0,82.61530767364587,0.0,normal
1,0.08,0,0,0,0,0,0,0,0,0,0,0,0,0,0,100.0,0.0,normal
1,0.05,0,0,0,0,0,0,0,0,0,0,0,0,1,1,100.0,45.0,normal
0,0.08,0,0,0,0,0,0,0,0,0,0,0,0,0,0,69.55311182697581,0.0,normal
0,0.08,0,0,0,0,0,0,0,0,0,0,0,0,0,0,89.9402324955946,0.0,normal
0,0.05,0,0,0,0,0,0,0,0,0,0,0,0,0,0,77.06268508196251,0.0,normal
2,0.05,0,0,0,0,0,0,0,0,0,0,0,0,0,1,92.52837827920463,15.0,normal
0,0.05,0,0,0,0,0,0,0,1,0,0,0,0,0,0,76.29454242878275,0.0,normal
1,0.1,0,0,0,0,0,0,0,0,0,0,0,0,0,0,90.77429555310414,0.0,normal
0,0.1,0,0,0,0,0,0,0,0,1,0,0,0,0,0,83.74031111306782,0.0,normal
0,0.5,0,1,0,0,0,0,0,1,0,1,0,0,0,0,72.4111343104631,0.0,malicious
1,0.08,0,0,0,0,0,0,0,0,0,0,0,0,0,0,88.61966830144908,0.0,normal
0,0.08,0,0,0,0,0,0,0,1,0,0,0,0,0,0,86.52536889682291,0.0,suspicious
0,0.05,0,0,0,0,0,0,0,0,1,0,0,0,1,0,86.27221595608181,30.0,normal
1,0.1,0,0,0,0,0,0,0,0,0,0,0,0,0,0,70.72290543229525,0.0,normal
0,0.08,0,0,0,0,0,0,0,0,0,0,0,0,0,0,85.13080573297398,0.0,normal
0,0.08,0,0,0,0,0,0,0,0,0,0,0,0,0,0,100.0,0.0,normal
0,0.1,0,0,0,0,0,0,0,0,1,0,0,0,0,0,87.81330240044463,0.0,normal
0,0.1,0,0,0,0,0,0,0,0,1,0,0,1,1,0,70.50400575766942,90.0,malicious
0,0.05,0,0,0,0,0,0,0,0,0,0,0,0,0,0,100.0,0.0,normal
0,0.1,0,0,0,0,0,0,0,0,0,0,1,0,0,0,72.91114345006719,70.0,suspicious
2,0.35,0,0,0,0,0,0,0,1,0,1,0,0,0,0,73.4303747951637,0.0,malicious
0,0.08,0,0,0,0,0,0,0,0,1,0,0,0,0,0,86.29442775174667,0.0,normal
0,0.05,0,0,0,0,0,0,0,0,0,0,0,0,1,0,84.00509857012776,30.0,normal
0,0.05,0,0,0,0,0,0,0,0,0,0,0,0,0,0,85.34029722853053,0.0,suspicious
2,0.85,1,0,0,0,0,0,0,1,0,1,0,0,0,0,58.98928590766578,0.0,malicious
0,0.05,0,0,0,0,0,0,0,0,0,0,0,0,0,0,73.791055626383,0.0,normal
1,0.05,0,0,0,0,0,0,0,1,0,0,0,0,0,1,90.19274301527633,15.0,normal
0,0.05,0,0,0,0,0,0,0,0,0,0,0,0,0,0,76.76742243026847,0.0,normal
0,0.3,0,0,0,0,0,0,0,0,0,0,0,0,0,0,89.2951571215223,0.0,normal
1,0.55,0,0,0,0,1,0,0,1,0,1,0,0,0,0,67.38476740687702,0.0,malicious
1,0.1,0,0,0,0,0,0,0,0,0,0,0,0,0,0,81.18512256229889,0.0,normal
1,0.05,0,0,0,0,0,0,0,0,0,0,0,0,0,0,89.89935973545086,0.0,normal
1,0.9,0,0,1,0,0,0,0,0,0,0,0,0,0,0,53.08794170382105,0.0,malicious
1,0.9,0,0,1,0,0,0,0,0,1,0,0,0,0,0,71.28841170877112,0.0,malicious
0,0.05,0,0,0,0,0,0,0,0,0,0,1,0,0,0,90.03464113534348,70.0,normal
1,0.3,0,0,0,0,0,0,0,0,1,0,0,0,0,0,87.37671295380012,0.0,suspicious
0,0.1,0,0,0,0,0,0,0,0,1,0,0,0,1,0,80.7462630099665,30.0,normal
0,0.08,0,0,0,0,0,0,0,1,0,0,0,0,0,0,82.53418445665085,0.0,normal
1,0.08,0,0,0,0,0,0,0,0,0,0,0,0,0,0,100.0,0.0,normal
0,0.1,0,0,0,0,0,0,0,0,0,0,0,0,0,1,76.76802143728507,15.0,normal
1,0.1,0,0,0,0,0,0,0,0,0,0,0,0,0,0,97.16455531718539,0.0,normal
0,0.1,0,0,0,0,0,0,0,0,1,0,0,0,0,1,86.73000370939938,15.0,normal
0,0.08,0,0,0,0,0,0,0,0,0,0,0,0,0,0,83.02589657984785,0.0,normal
0,0.1,0,0,0,0,0,0,0,0,0,0,0,0,1,1,66.67749145679674,45.0,normal
0,0.1,0,0,0,0,0,0,0,0,1,0,1,0,0,0,72.1750794820271,70.0,malicious
1,0.3,0,0,0,0,0,0,0,1,0,0,0,0,0,0,75.13606412358708,0.0,suspicious
1,0.08,0,0,0,0,0,0,0,0,0,0,0,0,0,1,83.35792280661497,15.0,normal
0,0.1,0,0,0,0,0,0,0,0,0,0,1,0,0,1,100.0,85.0,normal
8,0.35,0,0,0,0,0,0,0,0,1,0,0,0,0,0,63.381114693091185,0.0,malicious
0,0.08,0,0,0,0,0,0,0,0,0,0,0,0,0,0,100.0,0.0,normal
0,0.1,0,0,0,0,0,0,0,0,0,0,0,0,0,1,87.6888546476332,15.0,normal
0,0.05,0,0,0,0,0,0,0,0,0,0,0,0,0,0,83.76940954642654,0.0,normal
0,0.1,0,0,0,0,0,0,0,0,1,1,0,0,0,0,66.9466060258823,0.0,suspicious
3,0.35,0,0,0,0,0,0,0,0,1,1,0,0,0,0,82.69202122419054,0.0,malicious
0,0.08,0,0,0,0,0,0,0,0,1,0,0,0,0,0,81.84336007515806,0.0,normal
4,0.35,0,0,0,0,0,0,0,1,1,1,0,1,0,0,76.82308428791153,60.0,malicious
0,0.3,0,0,0,0,0,0,0,1,0,1,0,0,0,1,89.33946703738793,15.0,normal
3,0.35,0,0,0,0,0,0,0,1,0,1,0,0,0,0,75.59936761074408,0.0,malicious
2,0.1,0,0,0,0,0,0,0,0,0,0,0,1,0,1,87.61272802755624,75.0,malicious
0,0.08,0,0,0,0,0,0,0,0,1,0,0,0,0,0,89.6074200361075,0.0,normal
0,0.05,0,0,0,0,0,0,0,0,0,0,0,0,0,0,90.56881974216785,0.0,normal
0,0.05,0,0,0,0,0,0,0,0,0,0,0,0,0,0,100.0,0.0,normal
1,0.05,0,0,0,0,0,0,0,0,0,0,0,0,0,1,85.79754424524963,15.0,normal
1,0.08,0,0,0,0,0,0,0,0,0,0,0,0,0,0,76.33744676851026,0.0,normal
2,0.5,0,1,0,0,0,0,0,1,0,0,0,0,0,0,82.79328124176091,0.0,malicious
0,0.05,0,0,0,0,0,0,0,0,0,0,0,1,0,0,87.73902396841888,60.0,normal
0,0.08,0,0,0,0,0,0,0,0,0,0,0,0,0,0,100.0,0.0,normal
0,0.05,0,0,0,0,0,0,0,0,0,0,0,0,0,1,90.01152010573327,15.0,normal
0,1.0,0,0,0,1,0,0,0,1,0,0,0,0,0,1,61.40131218192354,15.0,malicious
0,0.1,0,0,0,0,0,0,0,0,0,0,0,0,0,1,88.80289559578134,15.0,normal
0,0.55,0,0,0,0,1,0,0,1,0,0,0,1,0,0,78.01111202442945,60.0,malicious
0,0.1,0,0,0,0,0,0,0,0,0,0,1,0,0,0,67.07912704199794,70.0,suspicious
0,0.08,0,0,0,0,0,0,0,0,0,0,0,0,0,0,75.78671026446582,0.0,normal
1,0.25,0,0,0,0,0,0,1,1,1,1,0,0,0,0,90.67190824219358,0.0,malicious
0,0.9,0,0,1,0,0,0,0,1,1,1,0,0,0,0,71.78451311851074,0.0,malicious
1,0.1,0,0,0,0,0,0,0,0,1,0,0,0,0,0,77.21552232668151,0.0,suspicious
1,0.08,0,0,0,0,0,0,0,0,0,0,0,0,0,0,100.0,0.0,normal
0,0.5,0,1,0,0,0,0,0,1,1,0,0,0,0,1,74.8021794343375,15.0,malicious
0,0.08,0,0,0,0,0,0,0,0,0,0,0,0,0,0,78.76305620857858,0.0,normal
0,0.9,0,0,1,0,0,0,0,0,1,0,0,0,0,0,55.205855699699654,0.0,malicious
1,0.05,0,0,0,0,0,0,0,0,0,0,0,0,0,0,96.48708707530626,0.0,normal
0,0.1,0,0,0,0,0,0,0,0,1,0,0,0,0,0,77.8032009748728,0.0,normal
1,0.1,0,0,0,0,0,0,0,0,0,0,0,0,0,0,79.68363821327166,0.0,normal
2,0.05,0,0,0,0,0,0,0,0,0,0,0,0,0,0,71.52747068991084,0.0,suspicious
1,0.1,0,0,0,0,0,0,0,0,0,0,0,0,0,0,78.91262538491478,0.0,normal
3,0.35,0,0,0,0,0,0,0,1,1,1,0,0,0,0,68.82314015140084,0.0,malicious
1,0.1,0,0,0,0,0,0,0,0,0,0,0,0,0,1,77.9911670296057,15.0,suspicious
0,0.1,0,0,0,0,0,0,0,0,0,0,0,0,0,0,84.67881855233807,0.0,normal
0,0.08,0,0,0,0,0,0,0,0,0,0,0,0,0,1,81.76698300825603,15.0,normal
0,0.25,0,0,0,0,0,0,1,0,1,0,0,0,1,0,76.33537403736847,30.0,suspicious
0,0.08,0,0,0,0,0,0,0,0,0,0,0,1,0,0,82.22420921723426,60.0,normal
0,0.5,0,1,0,0,0,0,0,1,1,0,0,0,0,0,66.64893109893158,0.0,malicious
0,0.1,0,0,0,0,0,0,0,0,1,0,0,0,0,1,79.17682864556828,15.0,normal
2,0.35,0,0,0,0,0,0,0,0,0,0,0,0,0,0,62.2974822075874,0.0,malicious
0,0.08,0,0,0,0,0,0,0,0,0,0,1,0,1,0,72.06016775559323,100.0,normal
1,0.05,0,0,0,0,0,0,0,0,0,0,0,0,0,0,75.13418788946328,0.0,normal
1,0.08,0,0,0,0,0,0,0,1,0,1,0,0,0,0,100.0,0.0,suspicious
1,0.05,0,0,0,0,0,0,0,0,0,0,0,0,0,0,86.75350877323969,0.0,normal
2,0.55,0,0,0,0,1,0,0,0,1,1,0,0,0,0,59.20437909987599,0.0,malicious
2,0.9,0,0,1,0,0,0,0,1,0,1,0,0,0,0,40.93568461122029,0.0,malicious
1,0.08,0,0,0,0,0,0,0,0,0,0,0,0,0,0,81.18615071394045,0.0,normal
1,0.08,0,0,0,0,0,0,0,0,0,0,0,0,0,0,84.33470331280692,0.0,normal
0,0.1,0,0,0,0,0,0,0,0,0,0,0,0,0,0,76.93343859029174,0.0,normal
3,0.35,0,0,0,0,0,0,0,0,0,1,1,1,0,0,86.5705554970658,100.0,malicious
0,0.25,0,0,0,0,0,0,1,0,0,0,0,0,0,0,80.58520089205359,0.0,normal
0,0.85,1,0,0,0,0,0,0,1,0,0,0,0,0,1,62.6156985489355,15.0,malicious
1,0.08,0,0,0,0,0,0,0,0,0,0,0,0,0,0,89.71803743279264,0.0,normal
0,0.08,0,0,0,0,0,0,0,0,0,0,0,0,0,0,79.22932832243391,0.0,normal
1,0.1,0,0,0,0,0,0,0,1,1,0,0,0,0,0,93.50000416585978,0.0,normal
1,0.35,0,0,0,0,0,0,0,0,0,0,0,0,0,0,52.093723200832514,0.0,malicious
0,0.55,0,0,0,0,1,0,0,0,0,0,0,0,0,0,69.0692951471119,0.0,suspicious
2,0.35,0,0,0,0,0,0,0,0,1,0,0,0,0,0,66.38933186407085,0.0,malicious
0,0.25,0,0,0,0,0,0,1,0,1,1,1,0,0,0,64.41338697037253,70.0,malicious
6,0.35,0,0,0,0,0,0,0,0,0,0,0,0,0,0,79.72554363599927,0.0,malicious
1,0.3,0,0,0,0,0,0,0,0,0,0,0,0,0,0,62.52633873921948,0.0,suspicious
0,0.05,0,0,0,0,0,0,0,0,0,0,0,0,0,0,98.21976766029294,0.0,normal
0,0.1,0,0,0,0,0,0,0,0,0,0,1,0,0,0,81.58337687124684,70.0,normal
2,0.05,0,0,0,0,0,0,0,0,0,0,0,0,0,0,80.06205326955573,0.0,normal
0,0.55,0,0,0,0,1,0,0,0,0,0,0,1,0,0,56.16378152112026,60.0,malicious
1,0.08,0,0,0,0,0,0,0,0,0,0,0,0,0,0,83.59493693483758,0.0,normal
0,0.08,0,0,0,0,0,0,0,0,0,0,0,0,0,1,83.35949835346531,15.0,normal
0,0.05,0,0,0,0,0,0,0,0,0,0,0,0,0,1,82.93863769794142,15.0,normal
1,0.5,0,1,0,0,0,0,0,1,0,0,0,0,0,0,58.260063264993676,0.0,malicious
0,0.25,0,0,0,0,0,0,1,1,0,0,0,1,0,0,72.17924742946221,60.0,malicious
0,0.08,0,0,0,0,0,0,0,0,0,0,0,0,0,1,84.52546896802033,15.0,normal
0,0.5,0,1,0,0,0,0,0,1,1,0,1,0,0,0,80.48542452900975,70.0,malicious
0,0.08,0,0,0,0,0,0,0,0,0,0,0,0,0,0,98.65589518177747,0.0,normal
0,0.08,0,0,0,0,0,0,0,0,0,0,0,0,0,0,93.60884391013136,0.0,normal
0,0.1,0,0,0,0,0,0,0,0,1,0,0,0,0,0,100.0,0.0,normal
0,0.1,0,0,0,0,0,0,0,0,1,0,0,0,0,0,68.68907061621533,0.0,normal
0,0.08,0,0,0,0,0,0,0,0,0,0,0,0,0,0,90.55660964816022,0.0,normal
0,0.08,0,0,0,0,0,0,0,0,0,0,0,0,0,0,91.24459913028493,0.0,normal
3,0.05,0,0,0,0,0,0,0,0,0,0,0,0,0,0,77.3942864668496,0.0,malicious
2,0.1,0,0,0,0,0,0,0,0,0,0,0,0,0,1,65.54529948618688,15.0,suspicious
1,0.1,0,0,0,0,0,0,0,0,1,0,0,0,0,0,81.35986361940174,0.0,normal
1,0.08,0,0,0,0,0,0,0,0,0,0,0,0,0,0,83.65656279920005,0.0,normal
0,0.1,0,0,0,0,0,0,0,0,1,1,0,0,0,0,63.74112815480505,0.0,suspicious
1,0.1,0,0,0,0,0,0,0,0,0,0,0,0,0,0,82.94530941441457,0.0,normal
0,0.1,0,0,0,0,0,0,0,0,0,0,0,0,0,1,76.82019672142603,15.0,normal
0,0.08,0,0,0,0,0,0,0,0,0,0,0,0,0,0,97.62186176150023,0.0,normal
1,0.05,0,0,0,0,0,0,0,0,0,1,0,0,0,1,95.47813588626451,15.0,normal
1,0.05,0,0,0,0,0,0,0,0,0,0,0,0,0,0,60.579231032308726,0.0,normal
0,0.3,0,0,0,0,0,0,0,0,1,1,0,0,0,0,96.46457071548154,0.0,normal
0,0.05,0,0,0,0,0,0,0,1,1,0,0,1,0,1,84.51439711332753,75.0,malicious
0,0.5,0,1,0,0,0,0,0,0,1,1,0,0,0,0,84.98142842554688,0.0,malicious
0,0.08,0,0,0,0,0,0,0,0,1,0,0,0,0,1,86.63745488406303,15.0,normal
0,0.1,0,0,0,0,0,0,0,0,1,0,0,0,0,0,91.7867584186579,0.0,normal
0,0.08,0,0,0,0,0,0,0,0,0,0,0,0,0,1,62.55809896704113,15.0,normal
0,0.05,0,0,0,0,0,0,0,0,0,0,0,0,0,1,100.0,15.0,normal
1,0.1,0,0,0,0,0,0,0,0,1,1,0,0,0,0,79.26552887639812,0.0,malicious
1,0.3,0,0,0,0,0,0,0,1,1,0,0,0,0,1,55.950512566025125,15.0,malicious
1,0.45,0,0,0,0,0,1,0,0,0,0,0,0,0,0,90.69458820962258,0.0,suspicious
0,0.3,0,0,0,0,0,0,0,0,0,0,0,0,0,0,94.9174695303793,0.0,normal
0,0.1,0,0,0,0,0,0,0,0,0,1,0,0,0,0,81.23498079243296,0.0,normal
1,0.08,0,0,0,0,0,0,0,0,0,0,0,0,0,0,100.0,0.0,normal
1,0.3,0,0,0,0,0,0,0,0,1,0,0,0,0,0,77.34995561780231,0.0,suspicious
0,0.08,0,0,0,0,0,0,0,0,1,0,0,0,0,0,78.5993046731945,0.0,normal
0,0.05,0,0,0,0,0,0,0,0,0,0,0,0,0,0,84.53073266482252,0.0,normal
